This is LuaHBTeX, Version 1.25.7 (MiKTeX 26.5) (format=lualatex 2026.5.26)  12 JUL 2026 16:36
 restricted system commands enabled.
 file:line:error style messages enabled.
**<LOCAL_USER_ROOT>/Documents/interlanguage/03_projects/language_management/arabi
c_persianate_rtl/03_working_translations/openlogic/fa-IR/locale/fa-IR/open-logi
c-through-olp0010-fa-IR.tex

(<LOCAL_USER_ROOT>/Documents/interlanguage/03_projects/language_management/arabic
_persianate_rtl/03_working_translations/openlogic/fa-IR/locale/fa-IR/open-logic
-through-olp0010-fa-IR.tex
LaTeX2e <2025-11-01>
L3 programming layer <2026-03-20>
Lua module: luaotfload 2024-12-03 v3.29 Lua based OpenType font support
Lua module: lualibs 2023-07-13 v2.76 ConTeXt Lua standard libraries.
Lua module: lualibs-extended 2023-07-13 v2.76 ConTeXt Lua libraries -- extended 
collection.
luaotfload | conf : Root cache directory is "<LOCAL_USER_ROOT>/AppData/Local/MiKTe
X/luatex-cache/generic/names".
luaotfload | init : Loading fontloader "fontloader-2023-12-28.lua" from kpse-res
olved path "<LOCAL_USER_ROOT>/AppData/Local/Programs/MiKTeX/tex/luatex/luaotfload/
fontloader-2023-12-28.lua".
Lua-only attribute luaotfload@noligature = 1
luaotfload | init : Context OpenType loader version 3.134
Inserting `luaotfload.node_processor' in `pre_linebreak_filter'.
Inserting `luaotfload.node_processor' in `hpack_filter'.
Inserting `luaotfload.glyph_stream' in `glyph_stream_provider'.
Inserting `luaotfload.define_font' in `define_font'.
Lua-only attribute luaotfload_color_attribute = 2
luaotfload | conf : Root cache directory is "<LOCAL_USER_ROOT>/AppData/Local/MiKTe
X/luatex-cache/generic/names".
Inserting `luaotfload.harf.strip_prefix' in `find_opentype_file'.
Inserting `luaotfload.harf.strip_prefix' in `find_truetype_file'.
Removing  `luaotfload.glyph_stream' from `glyph_stream_provider'.
Inserting `luaotfload.harf.glyphstream' in `glyph_stream_provider'.
Inserting `luaotfload.harf.finalize_vlist' in `post_linebreak_filter'.
Inserting `luaotfload.harf.finalize_hlist' in `hpack_filter'.
Inserting `luaotfload.cleanup_files' in `wrapup_run'.
Inserting `luaotfload.harf.finalize_unicode' in `finish_pdffile'.
Inserting `luaotfload.glyphinfo' in `glyph_info'.
Lua-only attribute luaotfload.letterspace_done = 3
Inserting `luaotfload.aux.set_sscale_dimens' in `luaotfload.patch_font'.
Inserting `luaotfload.aux.set_font_index' in `luaotfload.patch_font'.
Inserting `luaotfload.aux.patch_cambria_domh' in `luaotfload.patch_font'.
Inserting `luaotfload.aux.fixup_fontdata' in `luaotfload.patch_font_unsafe'.
Inserting `luaotfload.aux.set_capheight' in `luaotfload.patch_font'.
Inserting `luaotfload.aux.set_xheight' in `luaotfload.patch_font'.
Inserting `luaotfload.rewrite_fontname' in `luaotfload.patch_font'.
Inserting `tracingstacklevels' in `input_level_string'. (<LOCAL_USER_ROOT>/AppDat
a/Local/Programs/MiKTeX/tex/latex/memoir/memoir.cls
Document Class: memoir 2025/11/04 v3.8.4b configurable book, report, article do
cument class
(<LOCAL_USER_ROOT>/AppData/Local/Programs/MiKTeX/tex/latex/xpatch/xpatch.sty
(<LOCAL_USER_ROOT>/AppData/Local/Programs/MiKTeX/tex/latex/l3kernel/expl3.sty
Package: expl3 2026-03-20 L3 programming layer (loader) 

(<LOCAL_USER_ROOT>/AppData/Local/Programs/MiKTeX/tex/latex/l3backend/l3backend-lu
atex.def
File: l3backend-luatex.def 2026-02-18 L3 backend support: PDF output (LuaTeX)
\l__color_backend_stack_int=\count273
Inserting `l3color' in `luaotfload.parse_color'.))
Package: xpatch 2020/03/25 v0.3a Extending etoolbox patching commands

(<LOCAL_USER_ROOT>/AppData/Local/Programs/MiKTeX/tex/latex/l3packages/xparse/xpar
se.sty
Package: xparse 2025-10-09 L3 Experimental document command parser
)
(<LOCAL_USER_ROOT>/AppData/Local/Programs/MiKTeX/tex/latex/etoolbox/etoolbox.sty
Package: etoolbox 2025/10/02 v2.5m e-TeX tools for LaTeX (JAW)
\etb@tempcnta=\count274
))
\onelineskip=\skip49
\lxvchars=\skip50
\xlvchars=\skip51
\@memcnta=\count275
\c@@memmarkcntra=\count276
 (<LOCAL_USER_ROOT>/AppData/Local/Programs/MiKTeX/tex/generic/iftex/iftex.sty
Package: iftex 2024/12/12 v1.0g TeX engine tests
)
\trimtop=\skip52
\trimedge=\skip53

(<LOCAL_USER_ROOT>/AppData/Local/Programs/MiKTeX/tex/latex/memoir/mem10.clo
File: mem10.clo 2022/07/29 v0.5 memoir class 10pt size option
luaotfload | db : Font names database loaded from <LOCAL_USER_ROOT>/AppData/Local/
MiKTeX/luatex-cache/generic/names/luaotfload-names.luc.gz)
\binding=\skip54
\spinemargin=\skip55
\foremargin=\skip56
\uppermargin=\skip57
\lowermargin=\skip58
\headdrop=\skip59
\normalrulethickness=\skip60
\mem@maxheadheight=\skip61
\mem@maxfootheight=\skip62
\headwidth=\skip63
\c@storedpagenumber=\count277
\memPD=\dimen149
\m@mabparskip=\skip64
\thanksmarkwidth=\skip65
\thanksmarksep=\skip66
\droptitle=\skip67
\c@book=\count278
\c@part=\count279
\c@chapter=\count280
\c@section=\count281
\c@subsection=\count282
\c@subsubsection=\count283
\c@paragraph=\count284
\c@subparagraph=\count285
\beforechapskip=\skip68
\midchapskip=\skip69
\afterchapskip=\skip70
\chapindent=\skip71
\bottomsectionskip=\skip72
\secindent=\skip73
\beforesecskip=\skip74
\aftersecskip=\skip75
\subsecindent=\skip76
\beforesubsecskip=\skip77
\aftersubsecskip=\skip78
\subsubsecindent=\skip79
\beforesubsubsecskip=\skip80
\aftersubsubsecskip=\skip81
\paraindent=\skip82
\beforeparaskip=\skip83
\afterparaskip=\skip84
\subparaindent=\skip85
\beforesubparaskip=\skip86
\aftersubparaskip=\skip87
\pfbreakskip=\skip88
\c@@ppsavesec=\count286
\c@@ppsaveapp=\count287
\ragrparindent=\dimen150
\everylistparindent=\dimen151
\parsepi=\skip89
\topsepi=\skip90
\itemsepi=\skip91
\parsepii=\skip92
\topsepii=\skip93
\topsepiii=\skip94
\itemsepii=\skip95
\itemsepiii=\skip96
\partopsepii=\skip97
\partopsepiii=\skip98
\m@msavetopsep=\skip99
\m@msavepartopsep=\skip100
\@enLab=\toks17
\abstitleskip=\skip101
\absleftindent=\skip102
\abs@leftindent=\dimen152
\absrightindent=\skip103
\absparindent=\skip104
\absparsep=\skip105
\c@vslineno=\count288
\c@poemline=\count289
\c@modulo@vs=\count290
\c@memfvsline=\count291
\vleftskip=\skip106
\vrightskip=\skip107
\stanzaskip=\skip108
\versewidth=\skip109
\vgap=\skip110
\vindent=\skip111
\vleftmargin=\dimen153
\c@verse=\count292
\c@chrsinstr=\count293
\beforepoemtitleskip=\skip112
\afterpoemtitleskip=\skip113
\c@poem=\count294
\beforePoemTitleskip=\skip114
\midPoemTitleskip=\skip115
\afterPoemTitleskip=\skip116

(<LOCAL_USER_ROOT>/AppData/Local/Programs/MiKTeX/tex/latex/tools/array.sty
Package: array 2025/09/25 v2.6n Tabular extension package (FMi)
\col@sep=\dimen154
\ar@mcellbox=\box53
\extrarowheight=\dimen155
\NC@list=\toks18
\extratabsurround=\skip117
\backup@length=\skip118
\ar@cellbox=\box54
)
(<LOCAL_USER_ROOT>/AppData/Local/Programs/MiKTeX/tex/latex/tools/dcolumn.sty
Package: dcolumn 2025/10/21 v1.06 decimal alignment package (DPC)
)
(<LOCAL_USER_ROOT>/AppData/Local/Programs/MiKTeX/tex/latex/tools/delarray.sty
Package: delarray 2014/10/28 v1.01 array delimiter package (DPC)
)
(<LOCAL_USER_ROOT>/AppData/Local/Programs/MiKTeX/tex/latex/tools/tabularx.sty
Package: tabularx 2023/12/11 v2.12a `tabularx' package (DPC)
\TX@col@width=\dimen156
\TX@old@table=\dimen157
\TX@old@col=\dimen158
\TX@target=\dimen159
\TX@delta=\dimen160
\TX@cols=\count295
\TX@ftn=\toks19
)
(<LOCAL_USER_ROOT>/AppData/Local/Programs/MiKTeX/tex/latex/booktabs/booktabs.sty
Package: booktabs 2020/01/12 v1.61803398 Publication quality tables
\heavyrulewidth=\dimen161
\lightrulewidth=\dimen162
\cmidrulewidth=\dimen163
\belowrulesep=\dimen164
\belowbottomsep=\dimen165
\aboverulesep=\dimen166
\abovetopsep=\dimen167
\cmidrulesep=\dimen168
\cmidrulekern=\dimen169
\defaultaddspace=\dimen170
\@cmidla=\count296
\@cmidlb=\count297
\@aboverulesep=\dimen171
\@belowrulesep=\dimen172
\@thisruleclass=\count298
\@lastruleclass=\count299
\@thisrulewidth=\dimen173
)
\ctableftskip=\skip119
\ctabrightskip=\skip120
\abovecolumnspenalty=\count300
\@linestogo=\count301
\@cellstogo=\count302
\@cellsincolumn=\count303
\crtok=\toks20
\@mincolumnwidth=\dimen174
\c@newflo@tctr=\count304
\mem@margin@floatbox=\box55
\@contcwidth=\skip121
\@contindw=\skip122
\abovecaptionskip=\skip123
\belowcaptionskip=\skip124
\subfloattopskip=\skip125
\subfloatcapskip=\skip126
\subfloatcaptopadj=\skip127
\subfloatbottomskip=\skip128
\subfloatlabelskip=\skip129
\subfloatcapmargin=\dimen175
\c@@contsubnum=\count305
\m@mscap@capbox=\box56
\m@mscap@fbox=\box57
\sidecapsep=\dimen176
\sidecapwidth=\dimen177
\m@m@tempdima=\dimen178
\m@mscapraise=\dimen179
\sidecapraise=\dimen180
\m@mscapmainwidth=\dimen181
\m@mscaplkern=\dimen182
\beforeepigraphskip=\skip130
\afterepigraphskip=\skip131
\epigraphwidth=\skip132
\epigraphrule=\skip133
(<LOCAL_USER_ROOT>/AppData/Local/Programs/MiKTeX/tex/latex/hyperref/nameref.sty
Package: nameref 2026-01-29 v2.58 Cross-referencing by name of section

(<LOCAL_USER_ROOT>/AppData/Local/Programs/MiKTeX/tex/latex/refcount/refcount.sty
Package: refcount 2019/12/15 v3.6 Data extraction from label references (HO)

(<LOCAL_USER_ROOT>/AppData/Local/Programs/MiKTeX/tex/generic/ltxcmds/ltxcmds.sty
Package: ltxcmds 2023-12-04 v1.26 LaTeX kernel commands for general use (HO)
)
(<LOCAL_USER_ROOT>/AppData/Local/Programs/MiKTeX/tex/generic/infwarerr/infwarerr.
sty
Package: infwarerr 2019/12/03 v1.5 Providing info/warning/error messages (HO)
))
(<LOCAL_USER_ROOT>/AppData/Local/Programs/MiKTeX/tex/generic/gettitlestring/getti
tlestring.sty
Package: gettitlestring 2019/12/15 v1.6 Cleanup title references (HO)

(<LOCAL_USER_ROOT>/AppData/Local/Programs/MiKTeX/tex/latex/kvoptions/kvoptions.st
y
Package: kvoptions 2022-06-15 v3.15 Key value format for package options (HO)
 (<LOCAL_USER_ROOT>/AppData/Local/Programs/MiKTeX/tex/latex/graphics/keyval.sty
Package: keyval 2022/05/29 v1.15 key=value parser (DPC)
\KV@toks@=\toks21
)
(<LOCAL_USER_ROOT>/AppData/Local/Programs/MiKTeX/tex/latex/kvsetkeys/kvsetkeys.st
y
Package: kvsetkeys 2022-10-05 v1.19 Key value parser (HO)
)))
\c@section@level=\count306
)
\tocentryskip=\skip134
\tocbaseline=\skip135
\cftparskip=\skip136
\cftbeforebookskip=\skip137
\cftbookindent=\dimen183
\cftbooknumwidth=\dimen184
\cftbeforepartskip=\skip138
\cftpartindent=\skip139
\cftpartnumwidth=\skip140
\cftbeforechapterskip=\skip141
\cftchapterindent=\skip142
\cftchapternumwidth=\skip143
\cftbeforesectionskip=\skip144
\cftsectionindent=\skip145
\cftsectionnumwidth=\skip146
\cftbeforesubsectionskip=\skip147
\cftsubsectionindent=\skip148
\cftsubsectionnumwidth=\skip149
\cftbeforesubsubsectionskip=\skip150
\cftsubsubsectionindent=\skip151
\cftsubsubsectionnumwidth=\skip152
\cftbeforeparagraphskip=\skip153
\cftparagraphindent=\skip154
\cftparagraphnumwidth=\skip155
\cftbeforesubparagraphskip=\skip156
\cftsubparagraphindent=\skip157
\cftsubparagraphnumwidth=\skip158
\prechapterprecisshift=\dimen185
\c@maxsecnumdepth=\count307
\bibindent=\dimen186
\bibitemsep=\skip159
\indexcolsep=\skip160
\indexrule=\skip161
\indexmarkstyle=\toks22
\@indexbox=\insert252
LaTeX Info: Redefining \raggedbottom on input line 8095.
LaTeX Info: Redefining \flushbottom on input line 8099.
\glossarycolsep=\dimen187
\glossaryrule=\dimen188
\sideparvshift=\skip162
\sideins=\insert251
\sidebartopsep=\skip163
\sidebarhsep=\skip164
\sidebarvsep=\skip165
\sidebarwidth=\skip166
\footmarkwidth=\skip167
\footmarksep=\skip168
\footparindent=\skip169
\footinsdim=\skip170
\footinsv@r=\insert250
\@mpfootinsv@r=\insert249
\m@m@k=\count308
\m@m@h=\dimen189
\m@mipn@skip=\skip171
\sidefootins=\insert248
\sidefootadjust=\skip172
\sidefootheight=\skip173
\sidefoothsep=\skip174
\sidefootvsep=\skip175
\sidefootwidth=\skip176
\m@mdownsf=\skip177
\c@sidefootnote=\count309
\sidefootmarkwidth=\skip178
\sidefootmarksep=\skip179
\sidefootparindent=\skip180
\c@pagenote=\count310
\c@pagenoteshadow=\count311
\mem@pn@lastkern=\skip181

(<LOCAL_USER_ROOT>/AppData/Local/Programs/MiKTeX/tex/latex/tools/verbatim.sty
Package: verbatim 2024-01-22 v1.5x LaTeX2e package for verbatim enhancements
\every@verbatim=\toks23
\verbatim@line=\toks24
\verbatim@in@stream=\read2
)
\verbatimindent=\skip182
\verbatim@out=\write3

(<LOCAL_USER_ROOT>/AppData/Local/Programs/MiKTeX/tex/latex/base/shortvrb.sty
Package: shortvrb 2024/12/25 v3.0q Standard LaTeX documentation package V3 (FMi
)
)
\bvboxsep=\skip183
\c@memfbvline=\count312
\c@bvlinectr=\count313
\bvnumlength=\skip184
\fb@frw=\dimen190
\fb@frh=\dimen191
\FrameRule=\dimen192
\FrameSep=\dimen193
\c@cp@cntr=\count314
\c@ism@mctr=\count315
\c@xsm@mctr=\count316
\c@csm@mctr=\count317
\c@ksm@mctr=\count318
\c@xksm@mctr=\count319
\c@cksm@mctr=\count320
\c@msm@mctr=\count321
\c@xmsm@mctr=\count322
\c@cmsm@mctr=\count323
\c@bsm@mctr=\count324
\c@workm@mctr=\count325
\c@sheetsequence=\count326
\c@lastsheet=\count327
\c@lastpage=\count328
\c@figure=\count329
\c@lofdepth=\count330
\cftbeforefigureskip=\skip185
\cftfigureindent=\skip186
\cftfigurenumwidth=\skip187
\c@table=\count331
\c@lotdepth=\count332
\cftbeforetableskip=\skip188
\cfttableindent=\skip189
\cfttablenumwidth=\skip190
Package abstract [2008/07/23] emulated by memoir.
Package appendix [2008/07/23] emulated by memoir.
Package ccaption [2008/07/23] emulated by memoir.
Package changepage [2008/07/23] emulated by memoir.
Package chngcntr [2008/07/23] emulated by memoir.
Package chngpage [2008/07/23] emulated by memoir.
Package crop emulated by memoir.
Package enumerate [2008/07/23] emulated by memoir.
Package epigraph [2008/07/23] emulated by memoir.
Package ifmtarg [2008/07/23] emulated by memoir.
Package index [2008/07/23] emulated by memoir.
Package makeidx [2008/07/23] emulated by memoir.
Package moreverb [2008/07/23] emulated by memoir.
Package needspace [2008/07/23] emulated by memoir.
Package newfile [2008/07/23] emulated by memoir.
Package nextpage [2008/07/23] emulated by memoir.
Package pagenote [2008/07/23] emulated by memoir.
Package parskip [2008/07/23] emulated by memoir.
Package patchcmd [2008/07/23] emulated by memoir.
Package setspace [2008/07/23] emulated by memoir.
Package showidx [2008/07/23] emulated by memoir.
Package titleref [2008/07/23] emulated by memoir.
Package titling [2008/07/23] emulated by memoir.
Package tocbibind [2008/07/23] emulated by memoir.
Package tocloft [2008/07/23] emulated by memoir.
Package tocvsec2 [2008/07/23] emulated by memoir.
Package verse [2008/07/23] emulated by memoir.
)
(<LOCAL_USER_ROOT>/AppData/Local/Programs/MiKTeX/tex/latex/fontspec/fontspec.sty
Package: fontspec 2025/09/29 v2.9g Font selection for XeLaTeX and LuaLaTeX
Lua module: fontspec 2025/09/29 v2.9g Font selection for XeLaTeX and LuaLaTeX
(<LOCAL_USER_ROOT>/AppData/Local/Programs/MiKTeX/tex/latex/fontspec/fontspec-luat
ex.sty
Package: fontspec-luatex 2025/09/29 v2.9g Font selection for XeLaTeX and LuaLaT
eX
\l__fontspec_script_int=\count333
\l__fontspec_language_int=\count334
\l__fontspec_strnum_int=\count335
\l__fontspec_tmp_int=\count336
\l__fontspec_tmpa_int=\count337
\l__fontspec_tmpb_int=\count338
\l__fontspec_tmpc_int=\count339
\l__fontspec_em_int=\count340
\l__fontspec_emdef_int=\count341
\l__fontspec_strong_int=\count342
\l__fontspec_strongdef_int=\count343
\l__fontspec_tmpa_dim=\dimen194
\l__fontspec_tmpb_dim=\dimen195
\l__fontspec_tmpc_dim=\dimen196

(<LOCAL_USER_ROOT>/AppData/Local/Programs/MiKTeX/tex/latex/base/fontenc.sty
Package: fontenc 2025/07/18 v2.1d Standard LaTeX package
)
(<LOCAL_USER_ROOT>/AppData/Local/Programs/MiKTeX/tex/latex/fontspec/fontspec.cfg))
) (<LOCAL_USER_ROOT>/AppData/Local/Programs/MiKTeX/tex/generic/babel/babel.sty
Package: babel 2026/04/15 v26.6 The multilingual framework for LuaLaTeX, pdfLaT
eX and XeLaTeX

(<LOCAL_USER_ROOT>/AppData/Local/Programs/MiKTeX/tex/generic/babel/luababel.def
\bbl@readstream=\read3
\l@afrikaans=\language2
Package babel Info: Non-standard hyphenation setup on input line 118.
\l@ancientgreek=\language3
\l@armenian=\language4
\l@assamese=\language5
\l@basque=\language6
\l@belarusian=\language7
\l@bengali=\language8
\l@bokmal=\language9
\l@bulgarian=\language10
\l@catalan=\language11
\l@churchslavonic=\language12
\l@classiclatin=\language13
\l@coptic=\language14
\l@croatian=\language15
\l@czech=\language16
\l@danish=\language17
\l@dutch=\language18
\l@esperanto=\language19
\l@estonian=\language20
\l@ethiopic=\language21
\l@finnish=\language22
\l@french=\language23
\l@friulan=\language24
\l@galician=\language25
\l@georgian=\language26
\l@german=\language27
\l@greek=\language28
\l@gujarati=\language29
\l@hindi=\language30
\l@hungarian=\language31
\l@icelandic=\language32
\l@indonesian=\language33
\l@interlingua=\language34
\l@irish=\language35
\l@italian=\language36
\l@kannada=\language37
\l@kurmanji=\language38
\l@latin=\language39
\l@latvian=\language40
\l@lithuanian=\language41
\l@liturgicallatin=\language42
\l@macedonian=\language43
\l@malayalam=\language44
\l@marathi=\language45
\l@mongolian=\language46
\l@mongolianlmc=\language47
\l@monogreek=\language48
\l@ngerman=\language49
\l@nynorsk=\language50
\l@occitan=\language51
\l@oriya=\language52
\l@pali=\language53
\l@panjabi=\language54
\l@piedmontese=\language55
\l@polish=\language56
\l@portuguese=\language57
\l@romanian=\language58
\l@romansh=\language59
\l@russian=\language60
\l@sanskrit=\language61
\l@serbian=\language62
\l@serbianc=\language63
\l@slovak=\language64
\l@slovenian=\language65
\l@spanish=\language66
\l@swedish=\language67
\l@swissgerman=\language68
\l@tamil=\language69
\l@telugu=\language70
\l@thai=\language71
\l@turkish=\language72
\l@turkmen=\language73
\l@ukenglish=\language74
\l@ukrainian=\language75
\l@uppersorbian=\language76
\l@usenglishmax=\language77
\l@welsh=\language78
\babelcatcodetablenum=\catcodetable14
\bbl@pattcodes=\catcodetable15
)
\babel@savecnt=\count344
LaTeX Encoding Info:    Redeclaring text command \ij (encoding OT1) on input li
ne 2078.
LaTeX Encoding Info:    Redeclaring text command \IJ (encoding OT1) on input li
ne 2080.
LaTeX Encoding Info:    Redeclaring text command \ij (encoding T1) on input lin
e 2082.
LaTeX Encoding Info:    Redeclaring text command \IJ (encoding T1) on input lin
e 2083.
LaTeX Encoding Info:    Ignoring declaration for text command \ij (encoding ?) 
on input line 2084.
LaTeX Encoding Info:    Ignoring declaration for text command \IJ (encoding ?) 
on input line 2086.
LaTeX Encoding Info:    Ignoring declaration for text command \SS (encoding ?) 
on input line 2111.
\U@D=\dimen197
\l@unhyphenated=\language79

(<LOCAL_USER_ROOT>/AppData/Local/Programs/MiKTeX/tex/generic/babel/luababel.def
\bbl@attr@locale=\attribute4

(<LOCAL_USER_ROOT>/AppData/Local/Programs/MiKTeX/tex/luatex/luatexbase/luatexbase
.sty
Package: luatexbase 2015/10/04 v1.3 luatexbase interface to LuaTeX 

(<LOCAL_USER_ROOT>/AppData/Local/Programs/MiKTeX/tex/luatex/ctablestack/ctablesta
ck.sty
Package: ctablestack 2015/10/01 v1.0 Catcode table stable support
\@catcodetablestackcnt=\count345
)
\CatcodeTableOther=\catcodetable16
\CatcodeTableExpl=\catcodetable17
)
Removing  `luaotfload.node_processor' from `pre_linebreak_filter'.
Inserting `Babel.pre_otfload_v' in `pre_linebreak_filter'.
Inserting `luaotfload.node_processor' in `pre_linebreak_filter'.
Removing  `luaotfload.node_processor' from `hpack_filter'.
Removing  `luaotfload.harf.finalize_hlist' from `hpack_filter'.
Inserting `Babel.pre_otfload_h' in `hpack_filter'.
Inserting `luaotfload.node_processor' in `hpack_filter'.
Inserting `luaotfload.harf.finalize_hlist' in `hpack_filter'.
\bbl@attr@dir=\attribute5
\everyvbox=\toks25
)
Package babel Info: Configuration files are deprecated, as
(babel)             they can break document portability.
(babel)             Reported on input line 4206.

*************************************
* Local config file bblopts.cfg used
*
(<LOCAL_USER_ROOT>/AppData/Local/Programs/MiKTeX/tex/latex/arabi/bblopts.cfg
File: bblopts.cfg 2005/09/08 v0.1 add Arabic and Farsi to "declared" options of
 babel
)
(<LOCAL_USER_ROOT>/AppData/Local/Programs/MiKTeX/tex/generic/babel/locale/en/babe
l-english.tex)
Package babel Info: Importing font and identification data for english
(babel)             from babel-en.ini. Reported on input line 4330.

(<LOCAL_USER_ROOT>/AppData/Local/Programs/MiKTeX/tex/latex/babel-english/english.
ldf
Language: english 2017/06/06 v3.3r English support from the babel system
Package babel Info: Hyphen rules for 'canadian' set to \l@english
(babel)             (\language0). Reported on input line 102.
Package babel Info: Hyphen rules for 'australian' set to \l@ukenglish
(babel)             (\language74). Reported on input line 105.
Package babel Info: Hyphen rules for 'newzealand' set to \l@ukenglish
(babel)             (\language74). Reported on input line 108.
))
Package babel Info: Importing data for persian
(babel)             from babel-fa.ini. Reported on input line 18.
Package babel Info: Hyphen rules for 'persian' set to \l@english
(babel)             (\language0). Reported on input line 18.
Inserting `Babel.hyphenate' in `hyphenate'.
(<LOCAL_USER_ROOT>/AppData/Local/Programs/MiKTeX/tex/generic/babel/babel-ca-persi
an.tex)
(<LOCAL_USER_ROOT>/AppData/Local/Programs/MiKTeX/tex/generic/babel/babel-ca-islam
ic.tex)
luaotfload | cache : Lookup cache loaded from <LOCAL_USER_ROOT>/AppData/Local/MiKT
eX/luatex-cache/generic/names/luaotfload-lookup-cache.luc.

Package fontspec Info: 
(fontspec)             Script 'Arabic' not explicitly supported within font
(fontspec)             'TeX Gyre Pagella'. Check the typeset output, and if it
(fontspec)             is okay then ignore this warning. Otherwise a different
(fontspec)             font should be chosen.


Package fontspec Info: 
(fontspec)             Language 'Persian' not explicitly supported within font
(fontspec)             'TeX Gyre Pagella' with script 'Arabic'. Check the
(fontspec)             typeset output, and if it is okay then ignore this
(fontspec)             warning. Otherwise a different font should be chosen.


Package fontspec Info: 
(fontspec)             Font family 'TeXGyrePagella(0)' created for font 'TeX
(fontspec)             Gyre Pagella' with options
(fontspec)             [Renderer=Harfbuzz,Ligatures=TeX,Script=Arabic,Language=
Persian,RawFeature={family=rm},Ligatures=TeX].
(fontspec)              
(fontspec)              This font family consists of the following NFSS
(fontspec)             series/shapes:
(fontspec)              
(fontspec)             - 'normal' (m/n) with NFSS spec.: <->"name:TeX Gyre
(fontspec)             Pagella:mode=harf;script=arab;language=FAR;family=rm;+tl
ig;"
(fontspec)             - 'small caps'  (m/sc) with NFSS spec.: <->"name:TeX
(fontspec)             Gyre
(fontspec)             Pagella:mode=harf;script=arab;language=FAR;family=rm;+tl
ig;+smcp;"
(fontspec)             - 'bold' (b/n) with NFSS spec.: <->"name:TeX Gyre
(fontspec)             Pagella/B:mode=harf;script=arab;language=FAR;family=rm;+
tlig;"
(fontspec)             - 'bold small caps'  (b/sc) with NFSS spec.:
(fontspec)             <->"name:TeX Gyre
(fontspec)             Pagella/B:mode=harf;script=arab;language=FAR;family=rm;+
tlig;+smcp;"
(fontspec)             - 'italic' (m/it) with NFSS spec.: <->"name:TeX Gyre
(fontspec)             Pagella/I:mode=harf;script=arab;language=FAR;family=rm;+
tlig;"
(fontspec)             - 'italic small caps'  (m/scit) with NFSS spec.:
(fontspec)             <->"name:TeX Gyre
(fontspec)             Pagella/I:mode=harf;script=arab;language=FAR;family=rm;+
tlig;+smcp;"
(fontspec)             - 'bold italic' (b/it) with NFSS spec.: <->"name:TeX
(fontspec)             Gyre
(fontspec)             Pagella/BI:mode=harf;script=arab;language=FAR;family=rm;
+tlig;"
(fontspec)             - 'bold italic small caps'  (b/scit) with NFSS spec.:
(fontspec)             <->"name:TeX Gyre
(fontspec)             Pagella/BI:mode=harf;script=arab;language=FAR;family=rm;
+tlig;+smcp;"


Package fontspec Info: 
(fontspec)             Script 'Arabic' not explicitly supported within font
(fontspec)             'TeX Gyre Heros'. Check the typeset output, and if it
(fontspec)             is okay then ignore this warning. Otherwise a different
(fontspec)             font should be chosen.


Package fontspec Info: 
(fontspec)             Language 'Persian' not explicitly supported within font
(fontspec)             'TeX Gyre Heros' with script 'Arabic'. Check the
(fontspec)             typeset output, and if it is okay then ignore this
(fontspec)             warning. Otherwise a different font should be chosen.


Package fontspec Info: 
(fontspec)             Font family 'TeXGyreHeros(0)' created for font 'TeX
(fontspec)             Gyre Heros' with options
(fontspec)             [Renderer=Harfbuzz,Ligatures=TeX,Script=Arabic,Language=
Persian,RawFeature={family=sf},Ligatures=TeX].
(fontspec)              
(fontspec)              This font family consists of the following NFSS
(fontspec)             series/shapes:
(fontspec)              
(fontspec)             - 'normal' (m/n) with NFSS spec.: <->"name:TeX Gyre
(fontspec)             Heros:mode=harf;script=arab;language=FAR;family=sf;+tlig
;"
(fontspec)             - 'small caps'  (m/sc) with NFSS spec.: <->"name:TeX
(fontspec)             Gyre
(fontspec)             Heros:mode=harf;script=arab;language=FAR;family=sf;+tlig
;+smcp;"
(fontspec)             - 'bold' (b/n) with NFSS spec.: <->"name:TeX Gyre
(fontspec)             Heros/B:mode=harf;script=arab;language=FAR;family=sf;+tl
ig;"
(fontspec)             - 'bold small caps'  (b/sc) with NFSS spec.:
(fontspec)             <->"name:TeX Gyre
(fontspec)             Heros/B:mode=harf;script=arab;language=FAR;family=sf;+tl
ig;+smcp;"
(fontspec)             - 'italic' (m/it) with NFSS spec.: <->"name:TeX Gyre
(fontspec)             Heros/I:mode=harf;script=arab;language=FAR;family=sf;+tl
ig;"
(fontspec)             - 'italic small caps'  (m/scit) with NFSS spec.:
(fontspec)             <->"name:TeX Gyre
(fontspec)             Heros/I:mode=harf;script=arab;language=FAR;family=sf;+tl
ig;+smcp;"
(fontspec)             - 'bold italic' (b/it) with NFSS spec.: <->"name:TeX
(fontspec)             Gyre
(fontspec)             Heros/BI:mode=harf;script=arab;language=FAR;family=sf;+t
lig;"
(fontspec)             - 'bold italic small caps'  (b/scit) with NFSS spec.:
(fontspec)             <->"name:TeX Gyre
(fontspec)             Heros/BI:mode=harf;script=arab;language=FAR;family=sf;+t
lig;+smcp;"


Package fontspec Info: 
(fontspec)             Script 'Arabic' not explicitly supported within font
(fontspec)             'Latin Modern Mono'. Check the typeset output, and if
(fontspec)             it is okay then ignore this warning. Otherwise a
(fontspec)             different font should be chosen.


Package fontspec Info: 
(fontspec)             Language 'Persian' not explicitly supported within font
(fontspec)             'Latin Modern Mono' with script 'Arabic'. Check the
(fontspec)             typeset output, and if it is okay then ignore this
(fontspec)             warning. Otherwise a different font should be chosen.


Package fontspec Info: 
(fontspec)             Could not resolve font "Latin Modern Mono/BI" (it
(fontspec)             probably doesn't exist).


Package fontspec Info: 
(fontspec)             Could not resolve font "Latin Modern Mono/B" (it
(fontspec)             probably doesn't exist).


Package fontspec Info: 
(fontspec)             Font family 'LatinModernMono(0)' created for font
(fontspec)             'Latin Modern Mono' with options
(fontspec)             [Renderer=Harfbuzz,WordSpace={1,0,0},HyphenChar=None,Pun
ctuationSpace=WordSpace,Script=Arabic,Language=Persian,RawFeature={family=tt}].

(fontspec)              
(fontspec)              This font family consists of the following NFSS
(fontspec)             series/shapes:
(fontspec)              
(fontspec)             - 'normal' (m/n) with NFSS spec.: <->"name:Latin Modern
(fontspec)             Mono:mode=harf;script=arab;language=FAR;family=tt;"
(fontspec)             - 'italic' (m/it) with NFSS spec.: <->"name:Latin
(fontspec)             Modern
(fontspec)             Mono/I:mode=harf;script=arab;language=FAR;family=tt;"

 (../../sty/open-logic.sty
(<LOCAL_USER_ROOT>/AppData/Local/Programs/MiKTeX/tex/latex/amsmath/amsmath.sty
Package: amsmath 2025/07/09 v2.17z AMS math features
\@mathmargin=\skip191

For additional information on amsmath, use the `?' option.
(<LOCAL_USER_ROOT>/AppData/Local/Programs/MiKTeX/tex/latex/amsmath/amstext.sty
Package: amstext 2024/11/17 v2.01 AMS text

(<LOCAL_USER_ROOT>/AppData/Local/Programs/MiKTeX/tex/latex/amsmath/amsgen.sty
File: amsgen.sty 1999/11/30 v2.0 generic functions
\@emptytoks=\toks26
\ex@=\dimen198
))
(<LOCAL_USER_ROOT>/AppData/Local/Programs/MiKTeX/tex/latex/amsmath/amsbsy.sty
Package: amsbsy 1999/11/29 v1.2d Bold Symbols
\pmbraise@=\dimen199
)
(<LOCAL_USER_ROOT>/AppData/Local/Programs/MiKTeX/tex/latex/amsmath/amsopn.sty
Package: amsopn 2022/04/08 v2.04 operator names
)
\inf@bad=\count346
LaTeX Info: Redefining \frac on input line 235.
\uproot@=\count347
\leftroot@=\count348
LaTeX Info: Redefining \overline on input line 398.
LaTeX Info: Redefining \colon on input line 409.
\classnum@=\count349
\DOTSCASE@=\count350
LaTeX Info: Redefining \ldots on input line 495.
LaTeX Info: Redefining \dots on input line 498.
LaTeX Info: Redefining \cdots on input line 619.
\Mathstrutbox@=\box58
\strutbox@=\box59
LaTeX Info: Redefining \big on input line 721.
LaTeX Info: Redefining \Big on input line 722.
LaTeX Info: Redefining \bigg on input line 723.
LaTeX Info: Redefining \Bigg on input line 724.
\big@size=\dimen256
LaTeX Font Info:    Redeclaring font encoding OML on input line 742.
LaTeX Font Info:    Redeclaring font encoding OMS on input line 743.
\macc@depth=\count351
LaTeX Info: Redefining \bmod on input line 904.
LaTeX Info: Redefining \pmod on input line 909.
LaTeX Info: Redefining \smash on input line 939.
LaTeX Info: Redefining \relbar on input line 969.
LaTeX Info: Redefining \Relbar on input line 970.
\c@MaxMatrixCols=\count352
\dotsspace@=\muskip17
\c@parentequation=\count353
\dspbrk@lvl=\count354
\tag@help=\toks27
\row@=\count355
\column@=\count356
\maxfields@=\count357
\andhelp@=\toks28
\eqnshift@=\dimen257
\alignsep@=\dimen258
\tagshift@=\dimen259
\tagwidth@=\dimen260
\totwidth@=\dimen261
\lineht@=\dimen262
\@envbody=\toks29
\multlinegap=\skip192
\multlinetaggap=\skip193
\mathdisplay@stack=\toks30
LaTeX Info: Redefining \[ on input line 2950.
LaTeX Info: Redefining \] on input line 2951.
)
(<LOCAL_USER_ROOT>/AppData/Local/Programs/MiKTeX/tex/latex/amsfonts/amssymb.sty
Package: amssymb 2013/01/14 v3.01 AMS font symbols

(<LOCAL_USER_ROOT>/AppData/Local/Programs/MiKTeX/tex/latex/amsfonts/amsfonts.sty
Package: amsfonts 2013/01/14 v3.01 Basic AMSFonts support
\symAMSa=\mathgroup4
\symAMSb=\mathgroup5
LaTeX Font Info:    Redeclaring math symbol \hbar on input line 98.
LaTeX Font Info:    Overwriting math alphabet `\mathfrak' in version `bold'
(Font)                  U/euf/m/n --> U/euf/b/n on input line 106.
))
(<LOCAL_USER_ROOT>/AppData/Local/Programs/MiKTeX/tex/latex/extarrows/extarrows.st
y
Package: extarrows 2020/03/12 v1.2.0 Some extensible arrows
)
(<LOCAL_USER_ROOT>/AppData/Local/Programs/MiKTeX/tex/generic/mathdots/mathdots.st
y
Package: mathdots 2014/06/11 v0.9 Improve and add various macros for dots in ma
th.
\MDo@unit=\dimen263
\MDo@dotsbox=\box60
\MDoprekern=\muskip18
\MDopostkern=\muskip19
\MDodotkern=\muskip20
) (<LOCAL_USER_ROOT>/AppData/Local/Programs/MiKTeX/tex/latex/isomath/isomath.sty
Package: isomath 2012/09/04 v0.6.1 ISO math style
(<LOCAL_USER_ROOT>/AppData/Local/Programs/MiKTeX/tex/latex/fixmath/fixmath.sty
Package: fixmath 2022/10/06 v0.9.1 (WaS)
LaTeX Font Info:    Redeclaring math symbol \Gamma on input line 27.
LaTeX Font Info:    Redeclaring math symbol \Delta on input line 28.
LaTeX Font Info:    Redeclaring math symbol \Theta on input line 29.
LaTeX Font Info:    Redeclaring math symbol \Lambda on input line 30.
LaTeX Font Info:    Redeclaring math symbol \Xi on input line 31.
LaTeX Font Info:    Redeclaring math symbol \Pi on input line 32.
LaTeX Font Info:    Redeclaring math symbol \Sigma on input line 33.
LaTeX Font Info:    Redeclaring math symbol \Upsilon on input line 34.
LaTeX Font Info:    Redeclaring math symbol \Phi on input line 35.
LaTeX Font Info:    Redeclaring math symbol \Psi on input line 36.
LaTeX Font Info:    Redeclaring math symbol \Omega on input line 37.
LaTeX Font Info:    Redeclaring math symbol \alpha on input line 38.
LaTeX Font Info:    Redeclaring math symbol \beta on input line 39.
LaTeX Font Info:    Redeclaring math symbol \gamma on input line 40.
LaTeX Font Info:    Redeclaring math symbol \delta on input line 41.
LaTeX Font Info:    Redeclaring math symbol \epsilon on input line 42.
LaTeX Font Info:    Redeclaring math symbol \zeta on input line 43.
LaTeX Font Info:    Redeclaring math symbol \eta on input line 44.
LaTeX Font Info:    Redeclaring math symbol \theta on input line 45.
LaTeX Font Info:    Redeclaring math symbol \iota on input line 46.
LaTeX Font Info:    Redeclaring math symbol \kappa on input line 47.
LaTeX Font Info:    Redeclaring math symbol \lambda on input line 48.
LaTeX Font Info:    Redeclaring math symbol \mu on input line 49.
LaTeX Font Info:    Redeclaring math symbol \nu on input line 50.
LaTeX Font Info:    Redeclaring math symbol \xi on input line 51.
LaTeX Font Info:    Redeclaring math symbol \pi on input line 52.
LaTeX Font Info:    Redeclaring math symbol \rho on input line 53.
LaTeX Font Info:    Redeclaring math symbol \sigma on input line 54.
LaTeX Font Info:    Redeclaring math symbol \tau on input line 55.
LaTeX Font Info:    Redeclaring math symbol \upsilon on input line 56.
LaTeX Font Info:    Redeclaring math symbol \phi on input line 57.
LaTeX Font Info:    Redeclaring math symbol \chi on input line 58.
LaTeX Font Info:    Redeclaring math symbol \psi on input line 59.
LaTeX Font Info:    Redeclaring math symbol \omega on input line 60.
LaTeX Font Info:    Redeclaring math symbol \varepsilon on input line 61.
LaTeX Font Info:    Redeclaring math symbol \vartheta on input line 62.
LaTeX Font Info:    Redeclaring math symbol \varpi on input line 63.
LaTeX Font Info:    Redeclaring math symbol \varphi on input line 64.
LaTeX Font Info:    Redeclaring math symbol \varrho on input line 65.
LaTeX Font Info:    Redeclaring math symbol \varsigma on input line 66.
)
LaTeX Font Info:    Overwriting math alphabet `\mathsfit' in version `bold'
(Font)                  OML/cmbr/m/it --> OML/cmbr/bx/it on input line 201.
)
(<LOCAL_USER_ROOT>/AppData/Local/Programs/MiKTeX/tex/latex/mfirstuc/mfirstuc.sty
Package: mfirstuc 2025/04/03 v2.09 (NLCT)
\@glsmfirst=\toks31
\@glsmrest=\toks32
) (<LOCAL_USER_ROOT>/AppData/Local/Programs/MiKTeX/tex/latex/subfiles/subfiles.st
y
Package: subfiles 2020/11/14 v2.2 Multi-file projects (package)
(<LOCAL_USER_ROOT>/AppData/Local/Programs/MiKTeX/tex/latex/import/import.sty
Package: import 2020/04/01  v 6.2
))
(<LOCAL_USER_ROOT>/AppData/Local/Programs/MiKTeX/tex/latex/framed/framed.sty
Package: framed 2011/10/22 v 0.96: framed or shaded text with page breaks
\OuterFrameSep=\skip194
\fb@frw=\dimen264
\fb@frh=\dimen265
)
(<LOCAL_USER_ROOT>/AppData/Local/Programs/MiKTeX/tex/latex/graphics/graphicx.sty
Package: graphicx 2024/12/31 v1.2e Enhanced LaTeX Graphics (DPC,SPQR)

(<LOCAL_USER_ROOT>/AppData/Local/Programs/MiKTeX/tex/latex/graphics/graphics.sty
Package: graphics 2024/08/06 v1.4g Standard LaTeX Graphics (DPC,SPQR)

(<LOCAL_USER_ROOT>/AppData/Local/Programs/MiKTeX/tex/latex/graphics/trig.sty
Package: trig 2023/12/02 v1.11 sin cos tan (DPC)
)
(<LOCAL_USER_ROOT>/AppData/Local/Programs/MiKTeX/tex/latex/graphics-cfg/graphics.
cfg
File: graphics.cfg 2016/06/04 v1.11 sample graphics configuration
)
Package graphics Info: Driver file: luatex.def on input line 106.

(<LOCAL_USER_ROOT>/AppData/Local/Programs/MiKTeX/tex/latex/graphics-def/luatex.de
f
File: luatex.def 2025/09/29 v1.2f Graphics/color driver for luatex
))
\Gin@req@height=\dimen266
\Gin@req@width=\dimen267
)
(<LOCAL_USER_ROOT>/AppData/Local/Programs/MiKTeX/tex/latex/multirow/multirow.sty
Package: multirow 2024/11/12 v2.9 Span multiple rows of a table
\multirow@colwidth=\skip195
\multirow@cntb=\count358
\multirow@dima=\skip196
\bigstrutjot=\dimen268
) (<LOCAL_USER_ROOT>/AppData/Local/Programs/MiKTeX/tex/latex/tools/longtable.sty
Package: longtable 2025-10-13 v4.24 Multi-page Table package (DPC)
\LTleft=\skip197
\LTright=\skip198
\LTpre=\skip199
\LTpost=\skip256
\LTchunksize=\count359
\LTcapwidth=\dimen269
\LT@head=\box61
\LT@firsthead=\box62
\LT@foot=\box63
\LT@lastfoot=\box64
\LT@gbox=\box65
\LT@cols=\count360
\LT@rows=\count361
\c@LT@tables=\count362
\c@LT@chunks=\count363
\LT@p@ftn=\toks33
)
(<LOCAL_USER_ROOT>/AppData/Local/Programs/MiKTeX/tex/latex/units/nicefrac.sty
Package: nicefrac 1998/08/04 v0.9b Nice fractions
\L@UnitsRaiseDisplaystyle=\skip257
\L@UnitsRaiseTextstyle=\skip258
\L@UnitsRaiseScriptstyle=\skip259

(<LOCAL_USER_ROOT>/AppData/Local/Programs/MiKTeX/tex/latex/base/ifthen.sty
Package: ifthen 2024/03/16 v1.1e Standard LaTeX ifthen package (DPC)
))
(<LOCAL_USER_ROOT>/AppData/Local/Programs/MiKTeX/tex/latex/graphics/rotating.sty
Package: rotating 2025/01/14 v2.16e rotated objects in LaTeX
\c@r@tfl@t=\count364
\rotFPtop=\skip260
\rotFPbot=\skip261
\rot@float@box=\box66
\rot@mess@toks=\toks34
) (<LOCAL_USER_ROOT>/AppData/Local/Programs/MiKTeX/tex/latex/natbib/natbib.sty
Package: natbib 2010/09/13 8.31b (PWD, AO)
\bibhang=\skip262
\bibsep=\skip263
LaTeX Info: Redefining \cite on input line 694.
\c@NAT@ctr=\count365
)
(<LOCAL_USER_ROOT>/AppData/Local/Programs/MiKTeX/tex/latex/pgf/frontendlayer/tikz
.sty
(<LOCAL_USER_ROOT>/AppData/Local/Programs/MiKTeX/tex/latex/pgf/basiclayer/pgf.sty

(<LOCAL_USER_ROOT>/AppData/Local/Programs/MiKTeX/tex/latex/pgf/utilities/pgfrcs.s
ty
(<LOCAL_USER_ROOT>/AppData/Local/Programs/MiKTeX/tex/generic/pgf/utilities/pgfuti
l-common.tex
\pgfutil@everybye=\toks35
\pgfutil@tempdima=\dimen270
\pgfutil@tempdimb=\dimen271
)
(<LOCAL_USER_ROOT>/AppData/Local/Programs/MiKTeX/tex/generic/pgf/utilities/pgfuti
l-latex.def
\pgfutil@abb=\box67
)
(<LOCAL_USER_ROOT>/AppData/Local/Programs/MiKTeX/tex/generic/pgf/utilities/pgfrcs
.code.tex
(<LOCAL_USER_ROOT>/AppData/Local/Programs/MiKTeX/tex/generic/pgf/pgf.revision.tex
)
Package: pgfrcs 2025-08-29 v3.1.11a (3.1.11a)
))
Package: pgf 2025-08-29 v3.1.11a (3.1.11a)

(<LOCAL_USER_ROOT>/AppData/Local/Programs/MiKTeX/tex/latex/pgf/basiclayer/pgfcore
.sty
(<LOCAL_USER_ROOT>/AppData/Local/Programs/MiKTeX/tex/latex/pgf/systemlayer/pgfsys
.sty
(<LOCAL_USER_ROOT>/AppData/Local/Programs/MiKTeX/tex/generic/pgf/systemlayer/pgfs
ys.code.tex
Package: pgfsys 2025-08-29 v3.1.11a (3.1.11a)

(<LOCAL_USER_ROOT>/AppData/Local/Programs/MiKTeX/tex/generic/pgf/utilities/pgfkey
s.code.tex
\pgfkeys@pathtoks=\toks36
\pgfkeys@temptoks=\toks37

(<LOCAL_USER_ROOT>/AppData/Local/Programs/MiKTeX/tex/generic/pgf/utilities/pgfkey
slibraryfiltered.code.tex
\pgfkeys@tmptoks=\toks38
))
\pgf@x=\dimen272
\pgf@y=\dimen273
\pgf@xa=\dimen274
\pgf@ya=\dimen275
\pgf@xb=\dimen276
\pgf@yb=\dimen277
\pgf@xc=\dimen278
\pgf@yc=\dimen279
\pgf@xd=\dimen280
\pgf@yd=\dimen281
\w@pgf@writea=\write4
\r@pgf@reada=\read4
\c@pgf@counta=\count366
\c@pgf@countb=\count367
\c@pgf@countc=\count368
\c@pgf@countd=\count369
\t@pgf@toka=\toks39
\t@pgf@tokb=\toks40
\t@pgf@tokc=\toks41
\pgf@sys@id@count=\count370

(<LOCAL_USER_ROOT>/AppData/Local/Programs/MiKTeX/tex/generic/pgf/systemlayer/pgf.
cfg
File: pgf.cfg 2025-08-29 v3.1.11a (3.1.11a)
)
Driver file for pgf: pgfsys-luatex.def

(<LOCAL_USER_ROOT>/AppData/Local/Programs/MiKTeX/tex/generic/pgf/systemlayer/pgfs
ys-luatex.def
File: pgfsys-luatex.def 2025-08-29 v3.1.11a (3.1.11a)

(<LOCAL_USER_ROOT>/AppData/Local/Programs/MiKTeX/tex/generic/pgf/systemlayer/pgfs
ys-common-pdf.def
File: pgfsys-common-pdf.def 2025-08-29 v3.1.11a (3.1.11a)
)))
(<LOCAL_USER_ROOT>/AppData/Local/Programs/MiKTeX/tex/generic/pgf/systemlayer/pgfs
yssoftpath.code.tex
File: pgfsyssoftpath.code.tex 2025-08-29 v3.1.11a (3.1.11a)
\pgfsyssoftpath@smallbuffer@items=\count371
\pgfsyssoftpath@bigbuffer@items=\count372
)
(<LOCAL_USER_ROOT>/AppData/Local/Programs/MiKTeX/tex/generic/pgf/systemlayer/pgfs
ysprotocol.code.tex
File: pgfsysprotocol.code.tex 2025-08-29 v3.1.11a (3.1.11a)
))
(<LOCAL_USER_ROOT>/AppData/Local/Programs/MiKTeX/tex/latex/xcolor/xcolor.sty
Package: xcolor 2024/09/29 v3.02 LaTeX color extensions (UK)

(<LOCAL_USER_ROOT>/AppData/Local/Programs/MiKTeX/tex/latex/graphics-cfg/color.cfg
File: color.cfg 2016/01/02 v1.6 sample color configuration
)
Package xcolor Info: Driver file: luatex.def on input line 274.

(<LOCAL_USER_ROOT>/AppData/Local/Programs/MiKTeX/tex/latex/graphics/mathcolor.ltx
)
Package xcolor Info: Model `cmy' substituted by `cmy0' on input line 1349.
Package xcolor Info: Model `hsb' substituted by `rgb' on input line 1353.
Package xcolor Info: Model `RGB' extended on input line 1365.
Package xcolor Info: Model `HTML' substituted by `rgb' on input line 1367.
Package xcolor Info: Model `Hsb' substituted by `hsb' on input line 1368.
Package xcolor Info: Model `tHsb' substituted by `hsb' on input line 1369.
Package xcolor Info: Model `HSB' substituted by `hsb' on input line 1370.
Package xcolor Info: Model `Gray' substituted by `gray' on input line 1371.
Package xcolor Info: Model `wave' substituted by `hsb' on input line 1372.
)
(<LOCAL_USER_ROOT>/AppData/Local/Programs/MiKTeX/tex/generic/pgf/basiclayer/pgfco
re.code.tex
Package: pgfcore 2025-08-29 v3.1.11a (3.1.11a)

(<LOCAL_USER_ROOT>/AppData/Local/Programs/MiKTeX/tex/generic/pgf/math/pgfmath.cod
e.tex
(<LOCAL_USER_ROOT>/AppData/Local/Programs/MiKTeX/tex/generic/pgf/math/pgfmathutil
.code.tex)
(<LOCAL_USER_ROOT>/AppData/Local/Programs/MiKTeX/tex/generic/pgf/math/pgfmathpars
er.code.tex
\pgfmath@dimen=\dimen282
\pgfmath@count=\count373
\pgfmath@box=\box68
\pgfmath@toks=\toks42
\pgfmath@stack@operand=\toks43
\pgfmath@stack@operation=\toks44
)
(<LOCAL_USER_ROOT>/AppData/Local/Programs/MiKTeX/tex/generic/pgf/math/pgfmathfunc
tions.code.tex)
(<LOCAL_USER_ROOT>/AppData/Local/Programs/MiKTeX/tex/generic/pgf/math/pgfmathfunc
tions.basic.code.tex)
(<LOCAL_USER_ROOT>/AppData/Local/Programs/MiKTeX/tex/generic/pgf/math/pgfmathfunc
tions.trigonometric.code.tex)
(<LOCAL_USER_ROOT>/AppData/Local/Programs/MiKTeX/tex/generic/pgf/math/pgfmathfunc
tions.random.code.tex)
(<LOCAL_USER_ROOT>/AppData/Local/Programs/MiKTeX/tex/generic/pgf/math/pgfmathfunc
tions.comparison.code.tex)
(<LOCAL_USER_ROOT>/AppData/Local/Programs/MiKTeX/tex/generic/pgf/math/pgfmathfunc
tions.base.code.tex)
(<LOCAL_USER_ROOT>/AppData/Local/Programs/MiKTeX/tex/generic/pgf/math/pgfmathfunc
tions.round.code.tex)
(<LOCAL_USER_ROOT>/AppData/Local/Programs/MiKTeX/tex/generic/pgf/math/pgfmathfunc
tions.misc.code.tex)
(<LOCAL_USER_ROOT>/AppData/Local/Programs/MiKTeX/tex/generic/pgf/math/pgfmathfunc
tions.integerarithmetics.code.tex)
(<LOCAL_USER_ROOT>/AppData/Local/Programs/MiKTeX/tex/generic/pgf/math/pgfmathcalc
.code.tex)
(<LOCAL_USER_ROOT>/AppData/Local/Programs/MiKTeX/tex/generic/pgf/math/pgfmathfloa
t.code.tex
\c@pgfmathroundto@lastzeros=\count374
))
(<LOCAL_USER_ROOT>/AppData/Local/Programs/MiKTeX/tex/generic/pgf/math/pgfint.code
.tex)
(<LOCAL_USER_ROOT>/AppData/Local/Programs/MiKTeX/tex/generic/pgf/basiclayer/pgfco
repoints.code.tex
File: pgfcorepoints.code.tex 2025-08-29 v3.1.11a (3.1.11a)
\pgf@picminx=\dimen283
\pgf@picmaxx=\dimen284
\pgf@picminy=\dimen285
\pgf@picmaxy=\dimen286
\pgf@pathminx=\dimen287
\pgf@pathmaxx=\dimen288
\pgf@pathminy=\dimen289
\pgf@pathmaxy=\dimen290
\pgf@xx=\dimen291
\pgf@xy=\dimen292
\pgf@yx=\dimen293
\pgf@yy=\dimen294
\pgf@zx=\dimen295
\pgf@zy=\dimen296
)
(<LOCAL_USER_ROOT>/AppData/Local/Programs/MiKTeX/tex/generic/pgf/basiclayer/pgfco
repathconstruct.code.tex
File: pgfcorepathconstruct.code.tex 2025-08-29 v3.1.11a (3.1.11a)
\pgf@path@lastx=\dimen297
\pgf@path@lasty=\dimen298
)
(<LOCAL_USER_ROOT>/AppData/Local/Programs/MiKTeX/tex/generic/pgf/basiclayer/pgfco
repathusage.code.tex
File: pgfcorepathusage.code.tex 2025-08-29 v3.1.11a (3.1.11a)
\pgf@shorten@end@additional=\dimen299
\pgf@shorten@start@additional=\dimen300
)
(<LOCAL_USER_ROOT>/AppData/Local/Programs/MiKTeX/tex/generic/pgf/basiclayer/pgfco
rescopes.code.tex
File: pgfcorescopes.code.tex 2025-08-29 v3.1.11a (3.1.11a)
\pgfpic=\box69
\pgf@hbox=\box70
\pgf@layerbox@main=\box71
\pgf@picture@serial@count=\count375
)
(<LOCAL_USER_ROOT>/AppData/Local/Programs/MiKTeX/tex/generic/pgf/basiclayer/pgfco
regraphicstate.code.tex
File: pgfcoregraphicstate.code.tex 2025-08-29 v3.1.11a (3.1.11a)
\pgflinewidth=\dimen301
)
(<LOCAL_USER_ROOT>/AppData/Local/Programs/MiKTeX/tex/generic/pgf/basiclayer/pgfco
retransformations.code.tex
File: pgfcoretransformations.code.tex 2025-08-29 v3.1.11a (3.1.11a)
\pgf@pt@x=\dimen302
\pgf@pt@y=\dimen303
\pgf@pt@temp=\dimen304
)
(<LOCAL_USER_ROOT>/AppData/Local/Programs/MiKTeX/tex/generic/pgf/basiclayer/pgfco
requick.code.tex
File: pgfcorequick.code.tex 2025-08-29 v3.1.11a (3.1.11a)
)
(<LOCAL_USER_ROOT>/AppData/Local/Programs/MiKTeX/tex/generic/pgf/basiclayer/pgfco
reobjects.code.tex
File: pgfcoreobjects.code.tex 2025-08-29 v3.1.11a (3.1.11a)
)
(<LOCAL_USER_ROOT>/AppData/Local/Programs/MiKTeX/tex/generic/pgf/basiclayer/pgfco
repathprocessing.code.tex
File: pgfcorepathprocessing.code.tex 2025-08-29 v3.1.11a (3.1.11a)
)
(<LOCAL_USER_ROOT>/AppData/Local/Programs/MiKTeX/tex/generic/pgf/basiclayer/pgfco
rearrows.code.tex
File: pgfcorearrows.code.tex 2025-08-29 v3.1.11a (3.1.11a)
\pgfarrowsep=\dimen305
)
(<LOCAL_USER_ROOT>/AppData/Local/Programs/MiKTeX/tex/generic/pgf/basiclayer/pgfco
reshade.code.tex
File: pgfcoreshade.code.tex 2025-08-29 v3.1.11a (3.1.11a)
\pgf@max=\dimen306
\pgf@sys@shading@range@num=\count376
\pgf@shadingcount=\count377
)
(<LOCAL_USER_ROOT>/AppData/Local/Programs/MiKTeX/tex/generic/pgf/basiclayer/pgfco
reimage.code.tex
File: pgfcoreimage.code.tex 2025-08-29 v3.1.11a (3.1.11a)
)
(<LOCAL_USER_ROOT>/AppData/Local/Programs/MiKTeX/tex/generic/pgf/basiclayer/pgfco
reexternal.code.tex
File: pgfcoreexternal.code.tex 2025-08-29 v3.1.11a (3.1.11a)
\pgfexternal@startupbox=\box72
)
(<LOCAL_USER_ROOT>/AppData/Local/Programs/MiKTeX/tex/generic/pgf/basiclayer/pgfco
relayers.code.tex
File: pgfcorelayers.code.tex 2025-08-29 v3.1.11a (3.1.11a)
)
(<LOCAL_USER_ROOT>/AppData/Local/Programs/MiKTeX/tex/generic/pgf/basiclayer/pgfco
retransparency.code.tex
File: pgfcoretransparency.code.tex 2025-08-29 v3.1.11a (3.1.11a)
)
(<LOCAL_USER_ROOT>/AppData/Local/Programs/MiKTeX/tex/generic/pgf/basiclayer/pgfco
repatterns.code.tex
File: pgfcorepatterns.code.tex 2025-08-29 v3.1.11a (3.1.11a)
)
(<LOCAL_USER_ROOT>/AppData/Local/Programs/MiKTeX/tex/generic/pgf/basiclayer/pgfco
rerdf.code.tex
File: pgfcorerdf.code.tex 2025-08-29 v3.1.11a (3.1.11a)
)))
(<LOCAL_USER_ROOT>/AppData/Local/Programs/MiKTeX/tex/generic/pgf/modules/pgfmodul
eshapes.code.tex
File: pgfmoduleshapes.code.tex 2025-08-29 v3.1.11a (3.1.11a)
\pgfnodeparttextbox=\box73
)
(<LOCAL_USER_ROOT>/AppData/Local/Programs/MiKTeX/tex/generic/pgf/modules/pgfmodul
eplot.code.tex
File: pgfmoduleplot.code.tex 2025-08-29 v3.1.11a (3.1.11a)
)
(<LOCAL_USER_ROOT>/AppData/Local/Programs/MiKTeX/tex/latex/pgf/compatibility/pgfc
omp-version-0-65.sty
Package: pgfcomp-version-0-65 2025-08-29 v3.1.11a (3.1.11a)
\pgf@nodesepstart=\dimen307
\pgf@nodesepend=\dimen308
)
(<LOCAL_USER_ROOT>/AppData/Local/Programs/MiKTeX/tex/latex/pgf/compatibility/pgfc
omp-version-1-18.sty
Package: pgfcomp-version-1-18 2025-08-29 v3.1.11a (3.1.11a)
))
(<LOCAL_USER_ROOT>/AppData/Local/Programs/MiKTeX/tex/latex/pgf/utilities/pgffor.s
ty
(<LOCAL_USER_ROOT>/AppData/Local/Programs/MiKTeX/tex/latex/pgf/utilities/pgfkeys.
sty
(<LOCAL_USER_ROOT>/AppData/Local/Programs/MiKTeX/tex/generic/pgf/utilities/pgfkey
s.code.tex))
(<LOCAL_USER_ROOT>/AppData/Local/Programs/MiKTeX/tex/latex/pgf/math/pgfmath.sty
(<LOCAL_USER_ROOT>/AppData/Local/Programs/MiKTeX/tex/generic/pgf/math/pgfmath.cod
e.tex))
(<LOCAL_USER_ROOT>/AppData/Local/Programs/MiKTeX/tex/generic/pgf/utilities/pgffor
.code.tex
Package: pgffor 2025-08-29 v3.1.11a (3.1.11a)
\pgffor@iter=\dimen309
\pgffor@skip=\dimen310
\pgffor@stack=\toks45
\pgffor@toks=\toks46
))
(<LOCAL_USER_ROOT>/AppData/Local/Programs/MiKTeX/tex/generic/pgf/frontendlayer/ti
kz/tikz.code.tex
Package: tikz 2025-08-29 v3.1.11a (3.1.11a)

(<LOCAL_USER_ROOT>/AppData/Local/Programs/MiKTeX/tex/generic/pgf/libraries/pgflib
raryplothandlers.code.tex
File: pgflibraryplothandlers.code.tex 2025-08-29 v3.1.11a (3.1.11a)
\pgf@plot@mark@count=\count378
\pgfplotmarksize=\dimen311
)
\tikz@lastx=\dimen312
\tikz@lasty=\dimen313
\tikz@lastxsaved=\dimen314
\tikz@lastysaved=\dimen315
\tikz@lastmovetox=\dimen316
\tikz@lastmovetoy=\dimen317
\tikzleveldistance=\dimen318
\tikzsiblingdistance=\dimen319
\tikz@figbox=\box74
\tikz@figbox@bg=\box75
\tikz@tempbox=\box76
\tikz@tempbox@bg=\box77
\tikztreelevel=\count379
\tikznumberofchildren=\count380
\tikznumberofcurrentchild=\count381
\tikz@fig@count=\count382

(<LOCAL_USER_ROOT>/AppData/Local/Programs/MiKTeX/tex/generic/pgf/modules/pgfmodul
ematrix.code.tex
File: pgfmodulematrix.code.tex 2025-08-29 v3.1.11a (3.1.11a)
\pgfmatrixcurrentrow=\count383
\pgfmatrixcurrentcolumn=\count384
\pgf@matrix@numberofcolumns=\count385
)
\tikz@expandcount=\count386

(<LOCAL_USER_ROOT>/AppData/Local/Programs/MiKTeX/tex/generic/pgf/frontendlayer/ti
kz/libraries/tikzlibrarytopaths.code.tex
File: tikzlibrarytopaths.code.tex 2025-08-29 v3.1.11a (3.1.11a)
)))
(<LOCAL_USER_ROOT>/AppData/Local/Programs/MiKTeX/tex/latex/tikzscale/tikzscale.st
y
Package: tikzscale 2013/05/22 v0.2.6 tikzscale LaTeX package

(<LOCAL_USER_ROOT>/AppData/Local/Programs/MiKTeX/tex/latex/letltxmacro/letltxmacr
o.sty
Package: letltxmacro 2019/12/03 v1.6 Let assignment for LaTeX macros (HO)
)
(<LOCAL_USER_ROOT>/AppData/Local/Programs/MiKTeX/tex/latex/xstring/xstring.sty
(<LOCAL_USER_ROOT>/AppData/Local/Programs/MiKTeX/tex/generic/xstring/xstring.tex
\xs_counta=\count387
\xs_countb=\count388
)
Package: xstring 2023/08/22 v1.86 String manipulations (CT)
)
\tikzscale@measuredSize=\box78
)
(<LOCAL_USER_ROOT>/AppData/Local/Programs/MiKTeX/tex/generic/pgf/frontendlayer/ti
kz/libraries/tikzlibraryarrows.code.tex
File: tikzlibraryarrows.code.tex 2025-08-29 v3.1.11a (3.1.11a)

(<LOCAL_USER_ROOT>/AppData/Local/Programs/MiKTeX/tex/generic/pgf/libraries/pgflib
raryarrows.code.tex
File: pgflibraryarrows.code.tex 2025-08-29 v3.1.11a (3.1.11a)
\arrowsize=\dimen320
))
(<LOCAL_USER_ROOT>/AppData/Local/Programs/MiKTeX/tex/generic/pgf/frontendlayer/ti
kz/libraries/tikzlibraryautomata.code.tex
File: tikzlibraryautomata.code.tex 2025-08-29 v3.1.11a (3.1.11a)

(<LOCAL_USER_ROOT>/AppData/Local/Programs/MiKTeX/tex/generic/pgf/frontendlayer/ti
kz/libraries/tikzlibraryshapes.multipart.code.tex
File: tikzlibraryshapes.multipart.code.tex 2025-08-29 v3.1.11a (3.1.11a)

(<LOCAL_USER_ROOT>/AppData/Local/Programs/MiKTeX/tex/generic/pgf/libraries/shapes
/pgflibraryshapes.multipart.code.tex
File: pgflibraryshapes.multipart.code.tex 2025-08-29 v3.1.11a (3.1.11a)
\pgfnodepartlowerbox=\box79
\pgfnodeparttwobox=\box80
\pgfnodepartthreebox=\box81
\pgfnodepartfourbox=\box82
\pgfnodeparttwentybox=\box83
\pgfnodepartnineteenbox=\box84
\pgfnodeparteighteenbox=\box85
\pgfnodepartseventeenbox=\box86
\pgfnodepartsixteenbox=\box87
\pgfnodepartfifteenbox=\box88
\pgfnodepartfourteenbox=\box89
\pgfnodepartthirteenbox=\box90
\pgfnodeparttwelvebox=\box91
\pgfnodepartelevenbox=\box92
\pgfnodeparttenbox=\box93
\pgfnodepartninebox=\box94
\pgfnodeparteightbox=\box95
\pgfnodepartsevenbox=\box96
\pgfnodepartsixbox=\box97
\pgfnodepartfivebox=\box98
)))
(<LOCAL_USER_ROOT>/AppData/Local/Programs/MiKTeX/tex/generic/pgf/frontendlayer/ti
kz/libraries/tikzlibraryintersections.code.tex
(<LOCAL_USER_ROOT>/AppData/Local/Programs/MiKTeX/tex/generic/pgf/libraries/pgflib
raryintersections.code.tex
(<LOCAL_USER_ROOT>/AppData/Local/Programs/MiKTeX/tex/generic/pgf/libraries/pgflib
raryfpu.code.tex)
\pgf@intersect@solutions=\count389
))
(<LOCAL_USER_ROOT>/AppData/Local/Programs/MiKTeX/tex/generic/pgf/frontendlayer/ti
kz/libraries/tikzlibrarypositioning.code.tex
File: tikzlibrarypositioning.code.tex 2025-08-29 v3.1.11a (3.1.11a)
)
(<LOCAL_USER_ROOT>/AppData/Local/Programs/MiKTeX/tex/latex/bussproofs/bussproofs.
sty
Proof Tree (bussproofs) style macros. Version 1.1.
\theLevel=\count390
\myMaxLevel=\count391
\myBoxA=\box99
\myBoxB=\box100
\myBoxC=\box101
\myBoxD=\box102
\myBoxLL=\box103
\myBoxRL=\box104
\thisAboveSkip=\dimen321
\thisBelowSkip=\dimen322
\newScoreStart=\dimen323
\newScoreEnd=\dimen324
\newCenter=\dimen325
\displace=\dimen326
\leftLowerAmt=\dimen327
\rightLowerAmt=\dimen328
\scoreHeight=\dimen329
\scoreDepth=\dimen330
\htLbox=\dimen331
\htRbox=\dimen332
\htRRbox=\dimen333
\htRRRbox=\dimen334
\htAbox=\dimen335
\htCbox=\dimen336
)
(<LOCAL_USER_ROOT>/AppData/Local/Programs/MiKTeX/tex/latex/prooftrees/prooftrees.
sty
(<LOCAL_USER_ROOT>/AppData/Local/Programs/MiKTeX/tex/latex/svn-prov/svn-prov.sty
Package: svn-prov 2010/04/24 v3.1862 Package Date/Version from SVN Keywords
)
Package: prooftrees 2026/02/21 v0.9.3 (SVN Rev: 11666)
(<LOCAL_USER_ROOT>/AppData/Local/Programs/MiKTeX/tex/latex/forest/forest.sty
Package: forest 2017/07/14 v2.1.5 Drawing (linguistic) trees

(<LOCAL_USER_ROOT>/AppData/Local/Programs/MiKTeX/tex/generic/pgf/frontendlayer/ti
kz/libraries/tikzlibraryshapes.code.tex
File: tikzlibraryshapes.code.tex 2025-08-29 v3.1.11a (3.1.11a)

(<LOCAL_USER_ROOT>/AppData/Local/Programs/MiKTeX/tex/generic/pgf/frontendlayer/ti
kz/libraries/tikzlibraryshapes.geometric.code.tex
File: tikzlibraryshapes.geometric.code.tex 2025-08-29 v3.1.11a (3.1.11a)

(<LOCAL_USER_ROOT>/AppData/Local/Programs/MiKTeX/tex/generic/pgf/libraries/shapes
/pgflibraryshapes.geometric.code.tex
File: pgflibraryshapes.geometric.code.tex 2025-08-29 v3.1.11a (3.1.11a)
))
(<LOCAL_USER_ROOT>/AppData/Local/Programs/MiKTeX/tex/generic/pgf/frontendlayer/ti
kz/libraries/tikzlibraryshapes.misc.code.tex
File: tikzlibraryshapes.misc.code.tex 2025-08-29 v3.1.11a (3.1.11a)

(<LOCAL_USER_ROOT>/AppData/Local/Programs/MiKTeX/tex/generic/pgf/libraries/shapes
/pgflibraryshapes.misc.code.tex
File: pgflibraryshapes.misc.code.tex 2025-08-29 v3.1.11a (3.1.11a)
))
(<LOCAL_USER_ROOT>/AppData/Local/Programs/MiKTeX/tex/generic/pgf/frontendlayer/ti
kz/libraries/tikzlibraryshapes.symbols.code.tex
File: tikzlibraryshapes.symbols.code.tex 2025-08-29 v3.1.11a (3.1.11a)

(<LOCAL_USER_ROOT>/AppData/Local/Programs/MiKTeX/tex/generic/pgf/libraries/shapes
/pgflibraryshapes.symbols.code.tex
File: pgflibraryshapes.symbols.code.tex 2025-08-29 v3.1.11a (3.1.11a)
))
(<LOCAL_USER_ROOT>/AppData/Local/Programs/MiKTeX/tex/generic/pgf/frontendlayer/ti
kz/libraries/tikzlibraryshapes.arrows.code.tex
File: tikzlibraryshapes.arrows.code.tex 2025-08-29 v3.1.11a (3.1.11a)

(<LOCAL_USER_ROOT>/AppData/Local/Programs/MiKTeX/tex/generic/pgf/libraries/shapes
/pgflibraryshapes.arrows.code.tex
File: pgflibraryshapes.arrows.code.tex 2025-08-29 v3.1.11a (3.1.11a)
))
(<LOCAL_USER_ROOT>/AppData/Local/Programs/MiKTeX/tex/generic/pgf/frontendlayer/ti
kz/libraries/tikzlibraryshapes.callouts.code.tex
(<LOCAL_USER_ROOT>/AppData/Local/Programs/MiKTeX/tex/generic/pgf/libraries/shapes
/pgflibraryshapes.callouts.code.tex)))
(<LOCAL_USER_ROOT>/AppData/Local/Programs/MiKTeX/tex/generic/pgf/frontendlayer/ti
kz/libraries/tikzlibraryfit.code.tex
File: tikzlibraryfit.code.tex 2025-08-29 v3.1.11a (3.1.11a)
)
(<LOCAL_USER_ROOT>/AppData/Local/Programs/MiKTeX/tex/generic/pgf/frontendlayer/ti
kz/libraries/tikzlibrarycalc.code.tex
File: tikzlibrarycalc.code.tex 2025-08-29 v3.1.11a (3.1.11a)
)
(<LOCAL_USER_ROOT>/AppData/Local/Programs/MiKTeX/tex/latex/pgfopts/pgfopts.sty
Package: pgfopts 2014/07/10 v2.1a LaTeX package options with pgfkeys
\pgfopts@list@add@a@toks=\toks47
\pgfopts@list@add@b@toks=\toks48
)
(<LOCAL_USER_ROOT>/AppData/Local/Programs/MiKTeX/tex/latex/elocalloc/elocalloc.st
y
Package: elocalloc 2016/12/15 v0.03 local allocation for LaTeX 2015+ (DPC)
) (<LOCAL_USER_ROOT>/AppData/Local/Programs/MiKTeX/tex/latex/environ/environ.sty
Package: environ 2014/05/04 v0.3 A new way to define environments

(<LOCAL_USER_ROOT>/AppData/Local/Programs/MiKTeX/tex/latex/trimspaces/trimspaces.
sty
Package: trimspaces 2009/09/17 v1.1 Trim spaces around a token list
))
(<LOCAL_USER_ROOT>/AppData/Local/Programs/MiKTeX/tex/latex/inlinedef/inlinedef.st
y
Package: inlinedef 2008/07/10 v1.0 Inlined expansions within definitions
\ID@toks=\toks49
\ID@count=\count392
)
\ID@usercommands=\toks50
\safeloop@depth=\count393
\safeRKloop@depth=\count394
\forest@temp@dimen=\dimen337
\forest@temp@count=\count395
\forest@n=\count396
\forest@temp@global@count=\count397
\forest@temp@toks=\toks51
\forest@temparray@M=\count398
\forest@temparray@N=\count399
\forest@global@temparray@M=\count400
\forest@global@temparray@N=\count401
\forest@isnum@count=\count402
\forest@isdim@nonintpart=\count403
\forest@isdim@dimen=\dimen338
\forest@sort@m=\count404
\forest@sort@k=\count405
\forest@sort@p=\count406
\bracket@content=\toks52
\bracket@afterthought=\toks53
\forest@node@maxid=\count407
\forest@process@left@M=\count408
\forest@process@left@N=\count409
\forest@process@right@M=\count410
\forest@process@right@N=\count411
\forest@process@saved@M=\count412
\forest@process@saved@N=\count413
\forest@process@result@M=\count414
\forest@process@result@N=\count415
\forest@process@n=\count416
\forest@nodewalk@branch@toks=\toks54
\forest@nodewalk@shortsteps@resolution=\toks55
\forest@do@dynamics=\toks56
\forest@box=\box105
\forest@xg=\dimen339
\forest@yg=\dimen340
\forest@xs=\dimen341
\forest@ys=\dimen342
\forest@pi@toks=\toks57
\forest@segment@toks=\toks58
\forest@PIi@toks=\toks59
\forest@PIii@toks=\toks60
\forest@copy@in=\read5
\forest@copy@out=\write5
\forest@externalize@max@outer@n=\count417
\forest@externalize@inner@n=\count418
)
(<LOCAL_USER_ROOT>/AppData/Local/Programs/MiKTeX/tex/latex/forest-ext/forest-lib-
ext.tagging.sty
Package: forest-lib-ext.tagging v0.1

(<LOCAL_USER_ROOT>/AppData/Local/Programs/MiKTeX/tex/latex/forest-ext/forest-lib-
ext.utils.sty
Package: forest-lib-ext.utils 2025-12-05 v0.1
\forestext@toksa=\toks61
)
\tagforest@toks=\toks62
\tagforest@id=\count419

[Forest ext.utils debug]:: Setting processing order for tag nodes to unique=tre
e.
[Forest ext.utils debug]:: Setting processing order for collate tags to unique=
tree.
)
[Forest ext.utils debug]:: Setting processing order for proof tree copy content
 to unique=tree.
) (<LOCAL_USER_ROOT>/AppData/Local/Programs/MiKTeX/tex/latex/wrapfig/wrapfig.sty
\wrapoverhang=\dimen343
\WF@size=\dimen344
\c@WF@wrappedlines=\count420
\WF@box=\box106
\WF@everypar=\toks63
Package: wrapfig 2003/01/31  v 3.6
)
(<LOCAL_USER_ROOT>/AppData/Local/Programs/MiKTeX/tex/generic/catchfile/catchfile.
sty
Package: catchfile 2019/12/09 v1.8 Catch the contents of a file (HO)

(<LOCAL_USER_ROOT>/AppData/Local/Programs/MiKTeX/tex/generic/etexcmds/etexcmds.st
y
Package: etexcmds 2019/12/15 v1.7 Avoid name clashes with e-TeX commands (HO)
))
(<LOCAL_USER_ROOT>/AppData/Local/Programs/MiKTeX/tex/latex/hyperref/hyperref.sty
Package: hyperref 2026-04-24 v7.01q Hypertext links for LaTeX

(<LOCAL_USER_ROOT>/AppData/Local/Programs/MiKTeX/tex/generic/kvdefinekeys/kvdefin
ekeys.sty
Package: kvdefinekeys 2019-12-19 v1.6 Define keys (HO)
)
(<LOCAL_USER_ROOT>/AppData/Local/Programs/MiKTeX/tex/generic/pdfescape/pdfescape.
sty
Package: pdfescape 2019/12/09 v1.15 Implements pdfTeX's escape features (HO)

(<LOCAL_USER_ROOT>/AppData/Local/Programs/MiKTeX/tex/generic/pdftexcmds/pdftexcmd
s.sty
Package: pdftexcmds 2020-06-27 v0.33 Utility functions of pdfTeX for LuaTeX (HO
)
Package pdftexcmds Info: \pdf@primitive is available.
Package pdftexcmds Info: \pdf@ifprimitive is available.
Package pdftexcmds Info: \pdfdraftmode found.
\pdftexcmds@toks=\toks64
))
(<LOCAL_USER_ROOT>/AppData/Local/Programs/MiKTeX/tex/latex/hycolor/hycolor.sty
Package: hycolor 2020-01-27 v1.10 Color options for hyperref/bookmark (HO)
)
(<LOCAL_USER_ROOT>/AppData/Local/Programs/MiKTeX/tex/generic/stringenc/stringenc.
sty
Package: stringenc 2019/11/29 v1.12 Convert strings between diff. encodings (HO
)
)
\@linkdim=\dimen345
\Hy@linkcounter=\count421
\Hy@pagecounter=\count422

(<LOCAL_USER_ROOT>/AppData/Local/Programs/MiKTeX/tex/latex/hyperref/pd1enc.def
File: pd1enc.def 2026-04-24 v7.01q Hyperref: PDFDocEncoding definition (HO)
)
(<LOCAL_USER_ROOT>/AppData/Local/Programs/MiKTeX/tex/generic/intcalc/intcalc.sty
Package: intcalc 2019/12/15 v1.3 Expandable calculations with integers (HO)
)
\Hy@SavedSpaceFactor=\count423
(<LOCAL_USER_ROOT>/AppData/Local/Programs/MiKTeX/tex/latex/hyperref/puenc.def
File: puenc.def 2026-04-24 v7.01q Hyperref: PDF Unicode definition (HO)
)
Package hyperref Info: Hyper figures OFF on input line 4199.
Package hyperref Info: Link nesting OFF on input line 4204.
Package hyperref Info: Hyper index ON on input line 4207.
Package hyperref Info: Plain pages OFF on input line 4214.
Package hyperref Info: Backreferencing OFF on input line 4219.
Package hyperref Info: Implicit mode ON; LaTeX internals redefined.
Package hyperref Info: Bookmarks ON on input line 4466.
\c@Hy@tempcnt=\count424

(<LOCAL_USER_ROOT>/AppData/Local/Programs/MiKTeX/tex/latex/url/url.sty
\Urlmuskip=\muskip21
Package: url 2013/09/16  ver 3.4  Verb mode for urls, etc.
)
LaTeX Info: Redefining \url on input line 4805.
\XeTeXLinkMargin=\dimen346

(<LOCAL_USER_ROOT>/AppData/Local/Programs/MiKTeX/tex/generic/bitset/bitset.sty
Package: bitset 2019/12/09 v1.3 Handle bit-vector datatype (HO)

(<LOCAL_USER_ROOT>/AppData/Local/Programs/MiKTeX/tex/generic/bigintcalc/bigintcal
c.sty
Package: bigintcalc 2019/12/15 v1.5 Expandable calculations on big integers (HO
)
))
\Fld@menulength=\count425
\Field@Width=\dimen347
\Fld@charsize=\dimen348
Package hyperref Info: Hyper figures OFF on input line 6091.
Package hyperref Info: Link nesting OFF on input line 6096.
Package hyperref Info: Hyper index ON on input line 6099.
Package hyperref Info: backreferencing OFF on input line 6106.
Package hyperref Info: Link coloring OFF on input line 6111.
Package hyperref Info: Link coloring with OCG OFF on input line 6116.
Package hyperref Info: PDF/A mode OFF on input line 6121.
\Hy@abspage=\count426
\c@Item=\count427
\c@Hfootnote=\count428
)
Package hyperref Info: Driver (autodetected): hluatex.

(<LOCAL_USER_ROOT>/AppData/Local/Programs/MiKTeX/tex/latex/hyperref/hluatex.def
File: hluatex.def 2026-04-24 v7.01q Hyperref driver for luaTeX
\Fld@listcount=\count429
\c@bookmark@seq@number=\count430

(<LOCAL_USER_ROOT>/AppData/Local/Programs/MiKTeX/tex/latex/rerunfilecheck/rerunfi
lecheck.sty
Package: rerunfilecheck 2025-06-21 v1.11 Rerun checks for auxiliary files (HO)

(<LOCAL_USER_ROOT>/AppData/Local/Programs/MiKTeX/tex/generic/uniquecounter/unique
counter.sty
Package: uniquecounter 2019/12/15 v1.4 Provide unlimited unique counter (HO)
)
Package uniquecounter Info: New unique counter `rerunfilecheck' on input line 2
84.
)
\Hy@SectionHShift=\skip264
)
(<LOCAL_USER_ROOT>/AppData/Local/Programs/MiKTeX/tex/latex/memoir/memhfixc.sty
Package: memhfixc 2025/09/16 v1.24 hyperref package fixes for memoir class
\c@memhycontfloat=\count431
\c@mem@Hpagenote=\count432
)
Package hyperref Info: Option `hypertexnames' set `false' on input line 70.
Package hyperref Info: Option `breaklinks' set `true' on input line 70.


Package hyperref Warning: Option `bookmarks' has already been used,
(hyperref)                setting the option has no effect on input line 70.

Package hyperref Info: Option `bookmarksopen' set `true' on input line 70.
Package hyperref Info: Option `colorlinks' set `true' on input line 70.
(<LOCAL_USER_ROOT>/AppData/Local/Programs/MiKTeX/tex/latex/ntheorem/ntheorem.sty
Style `ntheorem', Version 1.33 <2011/08/15>
Package: ntheorem 2011/08/15 1.33
\theorem@style=\toks65
\theorem@@style=\toks66
\theorembodyfont=\toks67
\theoremnumbering=\toks68
\theorempreskipamount=\skip265
\theorempostskipamount=\skip266
\theoremframepreskipamount=\skip267
\theoremframepostskipamount=\skip268
\theoreminframepreskipamount=\skip269
\theoreminframepostskipamount=\skip270
\theorem@preskip=\toks69
\theorem@postskip=\toks70
\theorem@framepreskip=\toks71
\theorem@framepostskip=\toks72
\theorem@inframepreskip=\toks73
\theorem@inframepostskip=\toks74
\theoremindent=\dimen349
\theorem@indent=\dimen350
\theoremrightindent=\dimen351
\theorem@rightindent=\dimen352
\theoremheaderfont=\toks75
\theoremseparator=\toks76
\theoremprework=\toks77
\theorempostwork=\toks78
\theoremsymbol=\toks79
\qedsymbol=\toks80
\theoremkeyword=\toks81
\qedsymbol=\toks82
\thm@topsep=\skip271
\thm@topsepadd=\skip272
Package ntheorem Info: Option `thmmarks' loaded on input line 1175.
\c@endNonectr=\count433
\c@currNonectr=\count434
\mysavskip=\skip273
Package ntheorem Info: option `amsmath' handling for `thmmarks' loaded on input
 line 1175.
\thm@amstmpdepth=\dimen353
\tagwidth=\dimen354
Package ntheorem Info: Option `amsthm' loaded on input line 1175.
\c@proof=\count435
\c@currproofctr=\count436
\c@endproofctr=\count437
)
(<LOCAL_USER_ROOT>/AppData/Local/Programs/MiKTeX/tex/latex/thmtools/thmtools.sty
Package: thmtools 2023/05/04 v0.76
\thmt@toks=\toks83
\c@thmt@dummyctr=\count438

(<LOCAL_USER_ROOT>/AppData/Local/Programs/MiKTeX/tex/latex/thmtools/thm-patch.sty
Package: thm-patch 2023/05/04 v0.76

(<LOCAL_USER_ROOT>/AppData/Local/Programs/MiKTeX/tex/latex/thmtools/parseargs.sty
Package: parseargs 2023/05/04 v0.76
\@parsespec=\toks84
)) (<LOCAL_USER_ROOT>/AppData/Local/Programs/MiKTeX/tex/latex/thmtools/thm-kv.sty
Package: thm-kv 2023/05/04 v0.76
Package thm-kv Info: Theorem names will be uppercased on input line 42.
Package thm-kv Info: kvsetkeys patch (v1.16 or later) on input line 158.
)
(<LOCAL_USER_ROOT>/AppData/Local/Programs/MiKTeX/tex/latex/thmtools/thm-autoref.s
ty
Package: thm-autoref 2023/05/04 v0.76

(<LOCAL_USER_ROOT>/AppData/Local/Programs/MiKTeX/tex/latex/thmtools/aliasctr.sty
Package: aliasctr 2023/05/04 v0.76
))
(<LOCAL_USER_ROOT>/AppData/Local/Programs/MiKTeX/tex/latex/thmtools/thm-listof.st
y
Package: thm-listof 2023/05/04 v0.76
)
(<LOCAL_USER_ROOT>/AppData/Local/Programs/MiKTeX/tex/latex/thmtools/thm-restate.s
ty
Package: thm-restate 2023/05/04 v0.76
)
(<LOCAL_USER_ROOT>/AppData/Local/Programs/MiKTeX/tex/latex/thmtools/thm-ntheorem.
sty
Package: thm-ntheorem 2023/05/04 v0.76
))
(<LOCAL_USER_ROOT>/AppData/Local/Programs/MiKTeX/tex/latex/cleveref/cleveref.sty
Package: cleveref 2018/03/27 v0.21.4 Intelligent cross-referencing
Package cleveref Info: `hyperref' support loaded on input line 2370.
LaTeX Info: Redefining \cref on input line 2370.
LaTeX Info: Redefining \Cref on input line 2370.
LaTeX Info: Redefining \crefrange on input line 2370.
LaTeX Info: Redefining \Crefrange on input line 2370.
LaTeX Info: Redefining \cpageref on input line 2370.
LaTeX Info: Redefining \Cpageref on input line 2370.
LaTeX Info: Redefining \cpagerefrange on input line 2370.
LaTeX Info: Redefining \Cpagerefrange on input line 2370.
LaTeX Info: Redefining \labelcref on input line 2370.
LaTeX Info: Redefining \labelcpageref on input line 2370.
Package cleveref Info: `ntheorem' support loaded on input line 3055.
Package cleveref Info: always capitalise cross-reference names on input line 78
30.
Package cleveref Info: include cross-reference names in hyperlinks on input lin
e 7836.
Package cleveref Info: always capitalise cross-reference names on input line 78
52.
Package cleveref Info: include cross-reference names in hyperlinks on input lin
e 7852.
)
==> First Aid for cleveref.sty applied!
(../../open-logic-locale.sty) (../../sty/open-logic-referencing.sty
File: open-logic-referencing.sty 
)
(../../sty/open-logic-formulas.sty
File: open-logic-formulas 
) (../../sty/open-logic-tokenize.sty
File: open-logic-tokenize 
Package babel Info: Making ! an active character on input line 116.
)
(../../sty/open-logic-selective.sty
File: open-logic-selective.sty 

(<LOCAL_USER_ROOT>/AppData/Local/Programs/MiKTeX/tex/latex/xpunctuate/xpunctuate.
sty
Package: xpunctuate 2023/08/13 v2.0 punctuation after command names (PGR)
 (<LOCAL_USER_ROOT>/AppData/Local/Programs/MiKTeX/tex/latex/tools/xspace.sty
Package: xspace 2014/10/28 v1.13 Space after command names (DPC,MH)
)
\xpnct@tok=\toks85
)
\c@tagnum=\count439
) (../../sty/bussproofs-extra.sty

LaTeX Warning: You have requested file `',
               but the file provides `bussproofs-extra'.

Package: bussproofs-extra 2019/05/31 0.4 Extra commands for bussproofs.sty
\CenterCorrection=\dimen355
\DiagCorrection=\dimen356
\myBoxLLL=\box107
\myBoxRLL=\box108
) (../../sty/ptolemaicastronomy.sty

LaTeX Warning: You have requested file `',
               but the file provides `ptolemaicastronomy'.

Package: ptolemaicastronomy 
) (../../open-logic-config.sty
(<LOCAL_USER_ROOT>/AppData/Local/Programs/MiKTeX/tex/latex/stmaryrd/stmaryrd.sty
Package: stmaryrd 1994/03/03 St Mary's Road symbol package
\symstmry=\mathgroup6
LaTeX Font Info:    Overwriting symbol font `stmry' in version `bold'
(Font)                  U/stmry/m/n --> U/stmry/b/n on input line 89.
)
Package open-logic-tokenize Info: Setting token height to height / heights on i
nput line 881.
Package open-logic-tokenize Info: Setting token hp to hp / hp on input line 882
.
Package open-logic-tokenize Info: Setting token depth to depth / depths on inpu
t line 888.

(<LOCAL_USER_ROOT>/AppData/Local/Programs/MiKTeX/tex/generic/pgf/frontendlayer/ti
kz/libraries/tikzlibrarylindenmayersystems.code.tex
(<LOCAL_USER_ROOT>/AppData/Local/Programs/MiKTeX/tex/generic/pgf/libraries/pgflib
rarylindenmayersystems.code.tex
\pgflsystemstep=\dimen357
\c@pgf@lsystem@iteration=\count440
))
Package open-logic-tokenize Info: Setting token language to language / language
s on input line 1357.
Package open-logic-tokenize Info: Setting token formula to formula / formulas o
n input line 1362.
Package open-logic-tokenize Info: Setting token subformula to subformula / subf
ormulas on input line 1367.
Package open-logic-tokenize Info: Setting token sentence to sentence / sentence
s on input line 1372.
Package open-logic-tokenize Info: Setting token variable to variable / variable
s on input line 1377.
Package open-logic-tokenize Info: Setting token propositional variable to propo
sitional variable / propositional variables on input line 1383.
Package open-logic-tokenize Info: Setting token constant to constant symbol / c
onstant symbols on input line 1388.
Package open-logic-tokenize Info: Setting token predicate to predicate symbol /
 predicate symbols on input line 1392.
Package open-logic-tokenize Info: Setting token function to function symbol / f
unction symbols on input line 1396.
Package open-logic-tokenize Info: Setting token operator to logical operator / 
logical operators on input line 1400.
Package open-logic-tokenize Info: Setting token main operator to main operator 
/ main operators on input line 1405.
Package open-logic-tokenize Info: Setting token free for to free for / free for
 on input line 1410.
Package open-logic-tokenize Info: Setting token identity to identity predicate 
/ identity predicates on input line 1415.
Package open-logic-tokenize Info: Setting token conditional to conditional / co
nditionals on input line 1420.
Package open-logic-tokenize Info: Setting token biconditional to biconditional 
/ biconditionals on input line 1425.
Package open-logic-tokenize Info: Setting token falsity to falsity / falsities 
on input line 1430.
Package open-logic-tokenize Info: Setting token truth to truth / truth on input
 line 1435.
Package open-logic-tokenize Info: Setting token structure to structure / struct
ures on input line 1440.
Package open-logic-tokenize Info: Setting token valuation to valuation / valuat
ions on input line 1444.
Package open-logic-tokenize Info: Setting token domain to domain / domains on i
nput line 1448.
Package open-logic-tokenize Info: Setting token value to value / values on inpu
t line 1452.
Package open-logic-tokenize Info: Setting token relational model to relational 
model / relational models on input line 1457.
Package open-logic-tokenize Info: Setting token derivation to derivation / deri
vations on input line 1461.
Package open-logic-tokenize Info: Setting token derive to derive / derives on i
nput line 1465.
Package open-logic-tokenize Info: Setting token derivable to derivable / deriva
ble on input line 1469.
Package open-logic-tokenize Info: Setting token derivability to derivability / 
derivabilities on input line 1473.
Package open-logic-tokenize Info: Setting token nonderivability to non-derivabi
lity / non-derivabilities on input line 1477.
Package open-logic-tokenize Info: Setting token proof to derivation / derivatio
ns on input line 1483.
Package open-logic-tokenize Info: Setting token prove to derive / derives on in
put line 1484.
Package open-logic-tokenize Info: Setting token proving to deriving / deriving 
on input line 1485.
Package open-logic-tokenize Info: Setting token provable to derivable / derivab
le on input line 1486.
Package open-logic-tokenize Info: Setting token provability to derivability / d
erivabilities on input line 1487.
Package open-logic-tokenize Info: Setting token nonprovability to non-derivabil
ity / non-derivabilities on input line 1488.
Package open-logic-tokenize Info: Setting token introduction to introduction / 
introductions on input line 1490.
Package open-logic-tokenize Info: Setting token elimination to elimination / el
imination on input line 1491.
Package open-logic-tokenize Info: Setting token tableau to tableau / tableaux o
n input line 1495.
Package open-logic-tokenize Info: Setting token signed formula to signed formul
a / signed formulas on input line 1499.
Package open-logic-tokenize Info: Setting token complete to complete / complete
 on input line 1503.
Package open-logic-tokenize Info: Setting token axiomatizable to axiomatizable 
/ axiomatizable on input line 1507.
Package open-logic-tokenize Info: Setting token axiomatized to axiomatized / ax
iomatized on input line 1508.
Package open-logic-tokenize Info: Setting token axiomatizability to axiomatizab
ility / axiomatizability on input line 1509.
Package open-logic-tokenize Info: Setting token represents to represents / repr
esent on input line 1513.
Package open-logic-tokenize Info: Setting token representable to representable 
/ representable on input line 1514.
Package open-logic-tokenize Info: Setting token discharge to discharge / discha
rges on input line 1519.
Package open-logic-tokenize Info: Setting token discharged to discharged / disc
harged on input line 1520.
Package open-logic-tokenize Info: Setting token undischarged to undischarged / 
undischarged on input line 1521.
Package open-logic-tokenize Info: Setting token complete to complete / complete
 on input line 1525.
Package open-logic-tokenize Info: Setting token enumerable to enumerable / enum
erable on input line 1530.
Package open-logic-tokenize Info: Setting token nonenumerable to non-enumerable
 / non-enumerable on input line 1535.
Package open-logic-tokenize Info: Setting token denumerable to denumerable / de
numerable on input line 1540.
Package open-logic-tokenize Info: Setting token element to element / elements o
n input line 1544.
Package open-logic-tokenize Info: Setting token injective to injective / inject
ive on input line 1549.
Package open-logic-tokenize Info: Setting token injection to injection / inject
ions on input line 1550.
Package open-logic-tokenize Info: Setting token surjective to surjective / surj
ective on input line 1554.
Package open-logic-tokenize Info: Setting token surjection to surjection / surj
ections on input line 1555.
Package open-logic-tokenize Info: Setting token bijective to bijective / biject
ive on input line 1560.
Package open-logic-tokenize Info: Setting token bijection to bijection / biject
ions on input line 1561.
Package open-logic-tokenize Info: Setting token decidable to decidable / decida
ble on input line 1565.
Package open-logic-tokenize Info: Setting token computably enumerable to comput
ably enumerable / computably enumerable on input line 1567.
Package open-logic-tokenize Info: Setting token c.e. to c.e.\spacefactor \@m {}
 / c.e.\spacefactor \@m {} on input line 1568.
Package open-logic-tokenize Info: Setting token argument to argument / argument
s on input line 1570.
Package open-logic-tokenize Info: Setting token parameter to parameter / parame
ters on input line 1571.
Package open-logic-tokenize Info: Setting token lambda define to $\lambd $-defi
ne / $\lambd $-defines on input line 1575.
Package open-logic-tokenize Info: Setting token lambda defined to $\lambd $-def
ined / $\lambd $-defined on input line 1577.
Package open-logic-tokenize Info: Setting token lambda definable to $\lambd $-d
efinable / $\lambd $-definable on input line 1578.
Package open-logic-tokenize Info: Setting token colorC to red / red on input li
ne 1677.
Package open-logic-tokenize Info: Setting token colorD to blue / blue on input 
line 1678.
)
Package open-logic-tokenize Info: Setting token colorE to green / green on inpu
t line 136.
 (../../locale/fa-IR/open-logic-config.sty
File: open-logic-config.sty 2026/08/13 Persian (Iran) locale configuration
Package open-logic-tokenize Info: Setting token element to عضو / اعضا on
 input line 12.
)
(../../open-logic-envs.sty
\c@currthmctr=\count441
\c@endthmctr=\count442
\c@thm=\count443
\c@currexctr=\count444
\c@endexctr=\count445
\c@currlemctr=\count446
\c@endlemctr=\count447
\c@currpropctr=\count448
\c@endpropctr=\count449
\c@currcorctr=\count450
\c@endcorctr=\count451
\c@currdefnctr=\count452
\c@enddefnctr=\count453
\c@currprobctr=\count454
\c@endprobctr=\count455
\c@prob=\count456
\c@currprobdctr=\count457
\c@endprobdctr=\count458
\c@probd=\count459
\c@curraxiomctr=\count460
\c@endaxiomctr=\count461
\c@axiom=\count462
\c@currremctr=\count463
\c@endremctr=\count464
\c@rem=\count465
\c@currnotectr=\count466
\c@endnotectr=\count467
\c@note=\count468
\c@currcasectr=\count469
\c@endcasectr=\count470
\c@case=\count471
\c@currconvctr=\count472
\c@endconvctr=\count473
\c@conv=\count474
)
\gnBoxA=\box109
\gnCornerHgt=\dimen358
LaTeX Font Info:    Trying to load font information for U+msa on input line 215
.

(<LOCAL_USER_ROOT>/AppData/Local/Programs/MiKTeX/tex/latex/amsfonts/umsa.fd
File: umsa.fd 2013/01/14 v3.01 AMS symbols A
)
LaTeX Font Info:    Trying to load font information for U+msb on input line 215
.

(<LOCAL_USER_ROOT>/AppData/Local/Programs/MiKTeX/tex/latex/amsfonts/umsb.fd
File: umsb.fd 2013/01/14 v3.01 AMS symbols B
)
LaTeX Font Info:    Trying to load font information for U+stmry on input line 2
15.

(<LOCAL_USER_ROOT>/AppData/Local/Programs/MiKTeX/tex/latex/stmaryrd/ustmry.fd)
\gnArgHgt=\dimen359
\symsymbolsC=\mathgroup7
\c@pcrdepth=\count475
\olphotowidth=\skip274
)
(../../locale/fa-IR/open-logic-locale.sty)
Package hyperref Info: Option `unicode' set `true' on input line 60.

Package fontspec Info: 
(fontspec)             Language 'Persian' not explicitly supported within font
(fontspec)             'Scheherazade-Regular.ttf' with script 'Arabic'. Check
(fontspec)             the typeset output, and if it is okay then ignore this
(fontspec)             warning. Otherwise a different font should be chosen.


Package fontspec Info: 
(fontspec)             Scheherazade-Regular.ttf scale = 1.08.


Package fontspec Info: 
(fontspec)             Scheherazade-Regular scale = 1.08.


Package fontspec Info: 
(fontspec)             Scheherazade-Bold scale = 1.08.


Package fontspec Info: 
(fontspec)             Scheherazade-Regular scale = 1.08.


Package fontspec Info: 
(fontspec)             Font family 'Scheherazade-Regular.ttf(0)' created for
(fontspec)             font 'Scheherazade-Regular.ttf' with options
(fontspec)             [Renderer=Harfbuzz,Ligatures=TeX,Script=Arabic,Language=
Persian,RawFeature={family=rm},Path=../../../00_control/fonts/scheherazade-2.10
0/,UprightFont=Scheherazade-Regular.ttf,BoldFont=Scheherazade-Bold.ttf,AutoFake
Slant=0.15,Renderer=HarfBuzz,Scale=1.08].
(fontspec)              
(fontspec)              This font family consists of the following NFSS
(fontspec)             series/shapes:
(fontspec)              
(fontspec)             - 'normal' (m/n) with NFSS spec.:
(fontspec)             <->s*[1.08]"[../../../00_control/fonts/scheherazade-2.10
0/Scheherazade-Regular.ttf]:mode=harf;script=arab;language=FAR;+tlig;family=rm;
"
(fontspec)             - 'bold' (b/n) with NFSS spec.:
(fontspec)             <->s*[1.08]"[../../../00_control/fonts/scheherazade-2.10
0/Scheherazade-Bold.ttf]:mode=harf;script=arab;language=FAR;+tlig;family=rm;"
(fontspec)             - 'italic' (m/it) with NFSS spec.:
(fontspec)             <->s*[1.08]"[../../../00_control/fonts/scheherazade-2.10
0/Scheherazade-Regular.ttf]:mode=harf;script=arab;language=FAR;slant=0.15;+tlig
;family=rm;"

LaTeX Font Info:    Font shape `TU/Scheherazade-Regular.ttf(0)/m/n' will be
(Font)              scaled to size 10.80002pt on input line 97.

Package fontspec Info: 
(fontspec)             Language 'Persian' not explicitly supported within font
(fontspec)             'Scheherazade-Regular.ttf' with script 'Arabic'. Check
(fontspec)             the typeset output, and if it is okay then ignore this
(fontspec)             warning. Otherwise a different font should be chosen.


Package fontspec Info: 
(fontspec)             Scheherazade-Regular.ttf scale = 1.08.


Package fontspec Info: 
(fontspec)             Scheherazade-Regular scale = 1.08.


Package fontspec Info: 
(fontspec)             Scheherazade-Bold scale = 1.08.


Package fontspec Info: 
(fontspec)             Scheherazade-Regular scale = 1.08.


Package fontspec Info: 
(fontspec)             Font family 'Scheherazade-Regular.ttf(1)' created for
(fontspec)             font 'Scheherazade-Regular.ttf' with options
(fontspec)             [Renderer=Harfbuzz,Ligatures=TeX,Script=Arabic,Language=
Persian,RawFeature={family=sf},Path=../../../00_control/fonts/scheherazade-2.10
0/,UprightFont=Scheherazade-Regular.ttf,BoldFont=Scheherazade-Bold.ttf,AutoFake
Slant=0.15,Renderer=HarfBuzz,Scale=1.08].
(fontspec)              
(fontspec)              This font family consists of the following NFSS
(fontspec)             series/shapes:
(fontspec)              
(fontspec)             - 'normal' (m/n) with NFSS spec.:
(fontspec)             <->s*[1.08]"[../../../00_control/fonts/scheherazade-2.10
0/Scheherazade-Regular.ttf]:mode=harf;script=arab;language=FAR;+tlig;family=sf;
"
(fontspec)             - 'bold' (b/n) with NFSS spec.:
(fontspec)             <->s*[1.08]"[../../../00_control/fonts/scheherazade-2.10
0/Scheherazade-Bold.ttf]:mode=harf;script=arab;language=FAR;+tlig;family=sf;"
(fontspec)             - 'italic' (m/it) with NFSS spec.:
(fontspec)             <->s*[1.08]"[../../../00_control/fonts/scheherazade-2.10
0/Scheherazade-Regular.ttf]:mode=harf;script=arab;language=FAR;slant=0.15;+tlig
;family=sf;"

LaTeX Font Info:    Font shape `TU/Scheherazade-Regular.ttf(1)/m/n' will be
(Font)              scaled to size 10.80002pt on input line 97.
\tikzscale@accuracy=\skip275

(<LOCAL_USER_ROOT>/Documents/interlanguage/03_projects/language_management/arabic
_persianate_rtl/03_working_translations/openlogic/fa-IR/locale/fa-IR/output/bui
ld/cumulative-olp0010-release/open-logic-through-olp0010-fa-IR.aux

Package fontspec Info: 
(fontspec)             Language 'English' not explicitly supported within font
(fontspec)             'TeX Gyre Pagella' with script 'Latin'. Check the
(fontspec)             typeset output, and if it is okay then ignore this
(fontspec)             warning. Otherwise a different font should be chosen.


Package fontspec Info: 
(fontspec)             Font family 'TeXGyrePagella(1)' created for font 'TeX
(fontspec)             Gyre Pagella' with options
(fontspec)             [Ligatures=TeX,Script=Latin,Language=English,RawFeature=
{family=rm},Ligatures=TeX].
(fontspec)              
(fontspec)              This font family consists of the following NFSS
(fontspec)             series/shapes:
(fontspec)              
(fontspec)             - 'normal' (m/n) with NFSS spec.: <->"name:TeX Gyre
(fontspec)             Pagella:mode=node;script=latn;language=ENG;family=rm;+tl
ig;"
(fontspec)             - 'small caps'  (m/sc) with NFSS spec.: <->"name:TeX
(fontspec)             Gyre
(fontspec)             Pagella:mode=node;script=latn;language=ENG;family=rm;+tl
ig;+smcp;"
(fontspec)             - 'bold' (b/n) with NFSS spec.: <->"name:TeX Gyre
(fontspec)             Pagella/B:mode=node;script=latn;language=ENG;family=rm;+
tlig;"
(fontspec)             - 'bold small caps'  (b/sc) with NFSS spec.:
(fontspec)             <->"name:TeX Gyre
(fontspec)             Pagella/B:mode=node;script=latn;language=ENG;family=rm;+
tlig;+smcp;"
(fontspec)             - 'italic' (m/it) with NFSS spec.: <->"name:TeX Gyre
(fontspec)             Pagella/I:mode=node;script=latn;language=ENG;family=rm;+
tlig;"
(fontspec)             - 'italic small caps'  (m/scit) with NFSS spec.:
(fontspec)             <->"name:TeX Gyre
(fontspec)             Pagella/I:mode=node;script=latn;language=ENG;family=rm;+
tlig;+smcp;"
(fontspec)             - 'bold italic' (b/it) with NFSS spec.: <->"name:TeX
(fontspec)             Gyre
(fontspec)             Pagella/BI:mode=node;script=latn;language=ENG;family=rm;
+tlig;"
(fontspec)             - 'bold italic small caps'  (b/scit) with NFSS spec.:
(fontspec)             <->"name:TeX Gyre
(fontspec)             Pagella/BI:mode=node;script=latn;language=ENG;family=rm;
+tlig;+smcp;"


Package fontspec Info: 
(fontspec)             Language 'English' not explicitly supported within font
(fontspec)             'TeX Gyre Heros' with script 'Latin'. Check the typeset
(fontspec)             output, and if it is okay then ignore this warning.
(fontspec)             Otherwise a different font should be chosen.


Package fontspec Info: 
(fontspec)             Font family 'TeXGyreHeros(1)' created for font 'TeX
(fontspec)             Gyre Heros' with options
(fontspec)             [Ligatures=TeX,Script=Latin,Language=English,RawFeature=
{family=sf},Ligatures=TeX].
(fontspec)              
(fontspec)              This font family consists of the following NFSS
(fontspec)             series/shapes:
(fontspec)              
(fontspec)             - 'normal' (m/n) with NFSS spec.: <->"name:TeX Gyre
(fontspec)             Heros:mode=node;script=latn;language=ENG;family=sf;+tlig
;"
(fontspec)             - 'small caps'  (m/sc) with NFSS spec.: <->"name:TeX
(fontspec)             Gyre
(fontspec)             Heros:mode=node;script=latn;language=ENG;family=sf;+tlig
;+smcp;"
(fontspec)             - 'bold' (b/n) with NFSS spec.: <->"name:TeX Gyre
(fontspec)             Heros/B:mode=node;script=latn;language=ENG;family=sf;+tl
ig;"
(fontspec)             - 'bold small caps'  (b/sc) with NFSS spec.:
(fontspec)             <->"name:TeX Gyre
(fontspec)             Heros/B:mode=node;script=latn;language=ENG;family=sf;+tl
ig;+smcp;"
(fontspec)             - 'italic' (m/it) with NFSS spec.: <->"name:TeX Gyre
(fontspec)             Heros/I:mode=node;script=latn;language=ENG;family=sf;+tl
ig;"
(fontspec)             - 'italic small caps'  (m/scit) with NFSS spec.:
(fontspec)             <->"name:TeX Gyre
(fontspec)             Heros/I:mode=node;script=latn;language=ENG;family=sf;+tl
ig;+smcp;"
(fontspec)             - 'bold italic' (b/it) with NFSS spec.: <->"name:TeX
(fontspec)             Gyre
(fontspec)             Heros/BI:mode=node;script=latn;language=ENG;family=sf;+t
lig;"
(fontspec)             - 'bold italic small caps'  (b/scit) with NFSS spec.:
(fontspec)             <->"name:TeX Gyre
(fontspec)             Heros/BI:mode=node;script=latn;language=ENG;family=sf;+t
lig;+smcp;"


Package fontspec Info: 
(fontspec)             Language 'English' not explicitly supported within font
(fontspec)             'Latin Modern Mono' with script 'Latin'. Check the
(fontspec)             typeset output, and if it is okay then ignore this
(fontspec)             warning. Otherwise a different font should be chosen.


Package fontspec Info: 
(fontspec)             Could not resolve font "Latin Modern Mono/BI" (it
(fontspec)             probably doesn't exist).


Package fontspec Info: 
(fontspec)             Could not resolve font "Latin Modern Mono/B" (it
(fontspec)             probably doesn't exist).


Package fontspec Info: 
(fontspec)             Font family 'LatinModernMono(1)' created for font
(fontspec)             'Latin Modern Mono' with options
(fontspec)             [WordSpace={1,0,0},HyphenChar=None,PunctuationSpace=Word
Space,Script=Latin,Language=English,RawFeature={family=tt}].
(fontspec)              
(fontspec)              This font family consists of the following NFSS
(fontspec)             series/shapes:
(fontspec)              
(fontspec)             - 'normal' (m/n) with NFSS spec.: <->"name:Latin Modern
(fontspec)             Mono:mode=node;script=latn;language=ENG;family=tt;"
(fontspec)             - 'italic' (m/it) with NFSS spec.: <->"name:Latin
(fontspec)             Modern
(fontspec)             Mono/I:mode=node;script=latn;language=ENG;family=tt;"

)
\openout1 = open-logic-through-olp0010-fa-IR.aux

LaTeX Font Info:    Checking defaults for OML/cmm/m/it on input line 97.
LaTeX Font Info:    ... okay on input line 97.
LaTeX Font Info:    Checking defaults for OMS/cmsy/m/n on input line 97.
LaTeX Font Info:    ... okay on input line 97.
LaTeX Font Info:    Checking defaults for OT1/cmr/m/n on input line 97.
LaTeX Font Info:    ... okay on input line 97.
LaTeX Font Info:    Checking defaults for T1/cmr/m/n on input line 97.
LaTeX Font Info:    ... okay on input line 97.
LaTeX Font Info:    Checking defaults for TS1/cmr/m/n on input line 97.
LaTeX Font Info:    ... okay on input line 97.
LaTeX Font Info:    Checking defaults for TU/lmr/m/n on input line 97.
LaTeX Font Info:    ... okay on input line 97.
LaTeX Font Info:    Checking defaults for OMX/cmex/m/n on input line 97.
LaTeX Font Info:    ... okay on input line 97.
LaTeX Font Info:    Checking defaults for U/cmr/m/n on input line 97.
LaTeX Font Info:    ... okay on input line 97.
LaTeX Font Info:    Checking defaults for PD1/pdf/m/n on input line 97.
LaTeX Font Info:    ... okay on input line 97.
LaTeX Font Info:    Checking defaults for PU/pdf/m/n on input line 97.
LaTeX Font Info:    ... okay on input line 97.


Class memoir Warning: \addtodef is marked deprecated and will be
(memoir)              removed in 2026, use instead \patchcmd,
(memoir)              \pretocmd or \apptocmd from the etoolbox package
(memoir)              (which is autoloaded by the class) on input line 97.


Package fontspec Info: 
(fontspec)             Adjusting the maths setup (use [no-math] to avoid
(fontspec)             this).

\symlegacymaths=\mathgroup8
LaTeX Font Info:    Overwriting symbol font `legacymaths' in version `bold'
(Font)                  OT1/cmr/m/n --> OT1/cmr/bx/n on input line 97.
LaTeX Font Info:    Redeclaring math accent \acute on input line 97.
LaTeX Font Info:    Redeclaring math accent \grave on input line 97.
LaTeX Font Info:    Redeclaring math accent \ddot on input line 97.
LaTeX Font Info:    Redeclaring math accent \tilde on input line 97.
LaTeX Font Info:    Redeclaring math accent \bar on input line 97.
LaTeX Font Info:    Redeclaring math accent \breve on input line 97.
LaTeX Font Info:    Redeclaring math accent \check on input line 97.
LaTeX Font Info:    Redeclaring math accent \hat on input line 97.
LaTeX Font Info:    Redeclaring math accent \dot on input line 97.
LaTeX Font Info:    Redeclaring math accent \mathring on input line 97.
LaTeX Font Info:    Redeclaring math symbol \Gamma on input line 97.
LaTeX Font Info:    Redeclaring math symbol \Delta on input line 97.
LaTeX Font Info:    Redeclaring math symbol \Theta on input line 97.
LaTeX Font Info:    Redeclaring math symbol \Lambda on input line 97.
LaTeX Font Info:    Redeclaring math symbol \Xi on input line 97.
LaTeX Font Info:    Redeclaring math symbol \Pi on input line 97.
LaTeX Font Info:    Redeclaring math symbol \Sigma on input line 97.
LaTeX Font Info:    Redeclaring math symbol \Upsilon on input line 97.
LaTeX Font Info:    Redeclaring math symbol \Phi on input line 97.
LaTeX Font Info:    Redeclaring math symbol \Psi on input line 97.
LaTeX Font Info:    Redeclaring math symbol \Omega on input line 97.
LaTeX Font Info:    Redeclaring math symbol \mathdollar on input line 97.
LaTeX Font Info:    Redeclaring symbol font `operators' on input line 97.
LaTeX Font Info:    Encoding `OT1' has changed to `TU' for symbol font
(Font)              `operators' in the math version `normal' on input line 97.
LaTeX Font Info:    Overwriting symbol font `operators' in version `normal'
(Font)                  OT1/cmr/m/n --> TU/TeXGyrePagella(0)/m/n on input line 
97.
LaTeX Font Info:    Encoding `OT1' has changed to `TU' for symbol font
(Font)              `operators' in the math version `bold' on input line 97.
LaTeX Font Info:    Overwriting symbol font `operators' in version `bold'
(Font)                  OT1/cmr/bx/n --> TU/TeXGyrePagella(0)/m/n on input line
 97.
LaTeX Font Info:    Overwriting symbol font `operators' in version `normal'
(Font)                  TU/TeXGyrePagella(0)/m/n --> TU/TeXGyrePagella(0)/m/n o
n input line 97.
LaTeX Font Info:    Overwriting math alphabet `\mathit' in version `normal'
(Font)                  OT1/cmr/m/it --> TU/TeXGyrePagella(0)/m/it on input lin
e 97.
LaTeX Font Info:    Overwriting math alphabet `\mathbf' in version `normal'
(Font)                  OT1/cmr/bx/n --> TU/TeXGyrePagella(0)/b/n on input line
 97.
LaTeX Font Info:    Overwriting math alphabet `\mathsf' in version `normal'
(Font)                  OT1/cmss/m/n --> TU/TeXGyreHeros(0)/m/n on input line 9
7.
LaTeX Font Info:    Overwriting math alphabet `\mathtt' in version `normal'
(Font)                  OT1/cmtt/m/n --> TU/LatinModernMono(0)/m/n on input lin
e 97.
LaTeX Font Info:    Overwriting symbol font `operators' in version `bold'
(Font)                  TU/TeXGyrePagella(0)/m/n --> TU/TeXGyrePagella(0)/b/n o
n input line 97.
LaTeX Font Info:    Overwriting math alphabet `\mathit' in version `bold'
(Font)                  OT1/cmr/bx/it --> TU/TeXGyrePagella(0)/b/it on input li
ne 97.
LaTeX Font Info:    Overwriting math alphabet `\mathsf' in version `bold'
(Font)                  OT1/cmss/bx/n --> TU/TeXGyreHeros(0)/b/n on input line 
97.
LaTeX Font Info:    Overwriting math alphabet `\mathtt' in version `bold'
(Font)                  OT1/cmtt/m/n --> TU/LatinModernMono(0)/b/n on input lin
e 97.
Removing  `Babel.pre_otfload_h' from `hpack_filter'.
Removing  `luaotfload.node_processor' from `hpack_filter'.
Removing  `luaotfload.harf.finalize_hlist' from `hpack_filter'.
Inserting `Babel.math_box_dir' in `hpack_filter'.
Inserting `Babel.pre_otfload_h' in `hpack_filter'.
Inserting `luaotfload.node_processor' in `hpack_filter'.
Inserting `luaotfload.harf.finalize_hlist' in `hpack_filter'.
Inserting `Babel.unset_atdir' in `pre_linebreak_filter'.
Inserting `Babel.unset_atdir' in `hpack_filter'.
(<LOCAL_USER_ROOT>/AppData/Local/Programs/MiKTeX/tex/context/base/mkii/supp-pdf.m
kii
[Loading MPS to PDF converter (version 2006.09.02).]
\scratchcounter=\count476
\scratchdimen=\dimen360
\scratchbox=\box110
\nofMPsegments=\count477
\nofMParguments=\count478
\everyMPshowfont=\toks86
\MPscratchCnt=\count479
\MPscratchDim=\dimen361
\MPnumerator=\count480
\makeMPintoPDFobject=\count481
\everyMPtoPDFconversion=\toks87
)
(<LOCAL_USER_ROOT>/AppData/Local/Programs/MiKTeX/tex/latex/epstopdf-pkg/epstopdf-
base.sty
Package: epstopdf-base 2020-01-24 v2.11 Base part for package epstopdf
Package epstopdf-base Info: Redefining graphics rule for `.eps' on input line 4
85.

(<LOCAL_USER_ROOT>/AppData/Local/Programs/MiKTeX/tex/latex/00miktex/epstopdf-sys.
cfg
File: epstopdf-sys.cfg 2021/03/18 v2.0 Configuration of epstopdf for MiKTeX
))
Package hyperref Info: Link coloring ON on input line 97.

(<LOCAL_USER_ROOT>/Documents/interlanguage/03_projects/language_management/arabic
_persianate_rtl/03_working_translations/openlogic/fa-IR/locale/fa-IR/output/bui
ld/cumulative-olp0010-release/open-logic-through-olp0010-fa-IR.out)
(<LOCAL_USER_ROOT>/Documents/interlanguage/03_projects/language_management/arabic
_persianate_rtl/03_working_translations/openlogic/fa-IR/locale/fa-IR/output/bui
ld/cumulative-olp0010-release/open-logic-through-olp0010-fa-IR.out)
\@outlinefile=\write6

\openout6 = open-logic-through-olp0010-fa-IR.out
LaTeX Font Info:    Font shape `TU/Scheherazade-Regular.ttf(0)/m/n' will be
(Font)              scaled to size 26.87044pt on input line 102.
LaTeX Font Info:    Font shape `TU/Scheherazade-Regular.ttf(0)/b/n' will be
(Font)              scaled to size 26.87044pt on input line 102.
LaTeX Font Info:    Font shape `TU/Scheherazade-Regular.ttf(1)/b/n' will be
(Font)              scaled to size 26.87044pt on input line 102.
LaTeX Font Info:    Font shape `TU/Scheherazade-Regular.ttf(0)/m/n' will be
(Font)              scaled to size 18.66243pt on input line 104.
LaTeX Font Info:    Font shape `TU/Scheherazade-Regular.ttf(0)/m/n' will be
(Font)              scaled to size 12.96002pt on input line 106.
LaTeX Font Info:    Font shape `TU/Scheherazade-Regular.ttf(0)/m/n' will be
(Font)              scaled to size 11.826pt on input line 108.
 [1

{<LOCAL_USER_ROOT>/AppData/Local/MiKTeX/fonts/map/pdftex/pdftex.map}]
(./content/open-logic-about.tex
LaTeX Font Info:    Font shape `TU/Scheherazade-Regular.ttf(0)/m/n' will be
(Font)              scaled to size 22.39923pt on input line 1.
LaTeX Font Info:    Font shape `TU/Scheherazade-Regular.ttf(0)/b/n' will be
(Font)              scaled to size 22.39923pt on input line 1.
LaTeX Font Info:    Font shape `TU/Scheherazade-Regular.ttf(0)/m/it' will be
(Font)              scaled to size 10.80002pt on input line 5.
)
(<LOCAL_USER_ROOT>/Documents/interlanguage/03_projects/language_management/arabic
_persianate_rtl/03_working_translations/openlogic/fa-IR/locale/fa-IR/output/bui
ld/cumulative-olp0010-release/open-logic-through-olp0010-fa-IR.toc
LaTeX Font Info:    Font shape `TU/Scheherazade-Regular.ttf(0)/b/n' will be
(Font)              scaled to size 10.80002pt on input line 4.
LaTeX Font Info:    Trying to load font information for U+ntxsyc on input line 
4.

(<LOCAL_USER_ROOT>/AppData/Local/Programs/MiKTeX/tex/latex/newtx/untxsyc.fd
File: untxsyc.fd 2012/04/12 Fontinst v1.933 font definitions for U/ntxsyc.
)
LaTeX Font Info:    Font shape `TU/Scheherazade-Regular.ttf(0)/b/n' will be
(Font)              scaled to size 11.826pt on input line 5.
)
(./content/content.tex [1


])
(./content/sets-functions-relations/sets-functions-relations-complete.tex
[2

]
LaTeX Font Info:    Font shape `TU/Scheherazade-Regular.ttf(0)/b/n' will be
(Font)              scaled to size 18.66243pt on input line 7.
 [3

]) (./content/sets-functions-relations/sets/sets.tex [4]
\bbl@ensure@persian {فصل} \babelsublr {1}.
(./content/sets-functions-relations/sets/basics.tex
LaTeX Font Info:    Font shape `TU/Scheherazade-Regular.ttf(0)/b/n' will be
(Font)              scaled to size 12.96002pt on input line 10.
Package hyperref Info: bookmark level for unknown defn defaults to 0 on input l
ine 26.
Package hyperref Info: bookmark level for unknown ex defaults to 0 on input lin
e 46.
LaTeX Font Info:    Font shape `TU/Scheherazade-Regular.ttf(0)/m/n' will be
(Font)              scaled to size 7.56001pt on input line 48.
LaTeX Font Info:    Font shape `TU/Scheherazade-Regular.ttf(0)/m/n' will be
(Font)              scaled to size 5.40001pt on input line 48.
 [5

]
Package hyperref Info: bookmark level for unknown prob defaults to 0 on input l
ine 97.
)
(./content/sets-functions-relations/sets/subsets.tex
Package hyperref Info: bookmark level for unknown prop defaults to 0 on input l
ine 53.
 [6])
(./content/sets-functions-relations/sets/important-sets.tex [7])
(./content/sets-functions-relations/sets/unions-and-intersections.tex
(../../assets/diagrams/union.tikz) (../../assets/diagrams/union.tikz)
(../../assets/diagrams/union.tikz) (../../assets/diagrams/union.tikz)
(../../assets/diagrams/union.tikz) (../../assets/diagrams/intersection.tikz)
(../../assets/diagrams/intersection.tikz)
(../../assets/diagrams/intersection.tikz)
(../../assets/diagrams/intersection.tikz)
(../../assets/diagrams/intersection.tikz) [8] [9]
(../../assets/diagrams/difference.tikz) (../../assets/diagrams/difference.tikz) (../../assets/diagrams/difference.tikz) (../../assets/diagrams/difference.tikz) (../../assets/diagrams/difference.tikz))
(./content/sets-functions-relations/sets/pairs-and-products.tex [10]
Package hyperref Info: bookmark level for unknown proof defaults to 0 on input 
line 92.
)
(./content/sets-functions-relations/sets/russells-paradox.tex [11]
Package hyperref Info: bookmark level for unknown thm defaults to 0 on input li
ne 45.
))
\tf@thm=\write7

\openout7 = open-logic-through-olp0010-fa-IR.thm
 [12]
\tf@toc=\write8

\openout8 = open-logic-through-olp0010-fa-IR.toc

(<LOCAL_USER_ROOT>/Documents/interlanguage/03_projects/language_management/arabic
_persianate_rtl/03_working_translations/openlogic/fa-IR/locale/fa-IR/output/bui
ld/cumulative-olp0010-release/open-logic-through-olp0010-fa-IR.aux)
 ***********
LaTeX2e <2025-11-01>
L3 programming layer <2020/03/25>
 ***********
Package rerunfilecheck Info: File `open-logic-through-olp0010-fa-IR.out' has no
t changed.
(rerunfilecheck)             Checksum: A018F8158F8D550E74292B5E8BC2409F;2102.
)

Here is how much of LuaTeX's memory you used:
 52162 strings out of 475900
 125061,1977958 words of node,token memory allocated
 4984 words of node memory still in use:
   10 hlist, 2 vlist, 2 rule, 2 math, 2 glue, 4 kern, 2 glyph, 1388 attribute, 2
03 glue_spec, 465 attribute_list, 3 write nodes
   avail lists: 1:12,2:13994,3:819,4:54,5:953,6:51,7:6695,8:52,9:545,10:16,11:22

 72093 multiletter control sequences out of 65536+600000
 158 fonts using 29973567 bytes
 89i,12n,110p,1825b,1276s stack positions out of 10000i,1000n,20000p,200000b,200000s
<<LOCAL_USER_ROOT>/AppData/Local/Programs/MiKTeX/fonts/opentype/public/tex-gyre/te
xgyrepagella-regular.otf><<LOCAL_USER_ROOT>/AppData/Local/Programs/MiKTeX/fonts/op
entype/public/lm/lmmono10-regular.otf><<LOCAL_USER_ROOT>/AppData/Local/Programs/Mi
KTeX/fonts/opentype/public/lm/lmmono12-regular.otf><../../../00_control/fonts/sc
heherazade-2.100/Scheherazade-Regular.ttf><../../../00_control/fonts/scheherazad
e-2.100/Scheherazade-Bold.ttf><<LOCAL_USER_ROOT>/AppData/Local/Programs/MiKTeX/fon
ts/type1/public/amsfonts/cm/cmex10.pfb><<LOCAL_USER_ROOT>/AppData/Local/Programs/M
iKTeX/fonts/type1/public/amsfonts/cm/cmmi10.pfb><<LOCAL_USER_ROOT>/AppData/Local/P
rograms/MiKTeX/fonts/type1/public/amsfonts/cm/cmmi5.pfb><<LOCAL_USER_ROOT>/AppData
/Local/Programs/MiKTeX/fonts/type1/public/amsfonts/cm/cmmi7.pfb><<LOCAL_USER_ROOT>
/AppData/Local/Programs/MiKTeX/fonts/type1/public/amsfonts/cm/cmr10.pfb><<LOCAL_USER_ROOT>/AppData/Local/Programs/MiKTeX/fonts/type1/public/amsfonts/cm/cmr5.pfb><
<LOCAL_USER_ROOT>/AppData/Local/Programs/MiKTeX/fonts/type1/public/amsfonts/cm/cmr
7.pfb><<LOCAL_USER_ROOT>/AppData/Local/Programs/MiKTeX/fonts/type1/public/amsfonts
/cm/cmsy10.pfb><<LOCAL_USER_ROOT>/AppData/Local/Programs/MiKTeX/fonts/type1/public
/amsfonts/cm/cmsy7.pfb><<LOCAL_USER_ROOT>/AppData/Local/Programs/MiKTeX/fonts/type
1/public/amsfonts/symbols/msbm10.pfb>
Output written on open-logic-through-olp0010-fa-IR.pdf (13 pages, 257248 bytes).


PDF statistics: 303 PDF objects out of 1000 (max. 8388607)
 113 named destinations out of 1000 (max. 1048576)
 88 words of extra memory for PDF output out of 10000 (max. 100000000)

