This is LuaHBTeX, Version 1.25.7 (MiKTeX 26.5) (format=lualatex 2026.5.26)  18 AUG 2026 04:10
 restricted system commands enabled.
 file:line:error style messages enabled.
**open-logic-complete-fa-IR.tex
(./open-logic-complete-fa-IR.tex
LaTeX2e <2025-11-01>
L3 programming layer <2026-03-20>
Lua module: luaotfload 2024-12-03 v3.29 Lua based OpenType font support
Lua module: lualibs 2023-07-13 v2.76 ConTeXt Lua standard libraries.
Lua module: lualibs-extended 2023-07-13 v2.76 ConTeXt Lua libraries -- extended 
collection.
luaotfload | conf : Root cache directory is "<LOCAL_USER_ROOT>/AppData/Local/MiKTe
X/luatex-cache/generic/names".
luaotfload | init : Loading fontloader "fontloader-2023-12-28.lua" from kpse-res
olved path "<LOCAL_USER_ROOT>/AppData/Local/Programs/MiKTeX/tex/luatex/luaotfload/
fontloader-2023-12-28.lua".
Lua-only attribute luaotfload@noligature = 1
luaotfload | init : Context OpenType loader version 3.134
Inserting `luaotfload.node_processor' in `pre_linebreak_filter'.
Inserting `luaotfload.node_processor' in `hpack_filter'.
Inserting `luaotfload.glyph_stream' in `glyph_stream_provider'.
Inserting `luaotfload.define_font' in `define_font'.
Lua-only attribute luaotfload_color_attribute = 2
luaotfload | conf : Root cache directory is "<LOCAL_USER_ROOT>/AppData/Local/MiKTe
X/luatex-cache/generic/names".
Inserting `luaotfload.harf.strip_prefix' in `find_opentype_file'.
Inserting `luaotfload.harf.strip_prefix' in `find_truetype_file'.
Removing  `luaotfload.glyph_stream' from `glyph_stream_provider'.
Inserting `luaotfload.harf.glyphstream' in `glyph_stream_provider'.
Inserting `luaotfload.harf.finalize_vlist' in `post_linebreak_filter'.
Inserting `luaotfload.harf.finalize_hlist' in `hpack_filter'.
Inserting `luaotfload.cleanup_files' in `wrapup_run'.
Inserting `luaotfload.harf.finalize_unicode' in `finish_pdffile'.
Inserting `luaotfload.glyphinfo' in `glyph_info'.
Lua-only attribute luaotfload.letterspace_done = 3
Inserting `luaotfload.aux.set_sscale_dimens' in `luaotfload.patch_font'.
Inserting `luaotfload.aux.set_font_index' in `luaotfload.patch_font'.
Inserting `luaotfload.aux.patch_cambria_domh' in `luaotfload.patch_font'.
Inserting `luaotfload.aux.fixup_fontdata' in `luaotfload.patch_font_unsafe'.
Inserting `luaotfload.aux.set_capheight' in `luaotfload.patch_font'.
Inserting `luaotfload.aux.set_xheight' in `luaotfload.patch_font'.
Inserting `luaotfload.rewrite_fontname' in `luaotfload.patch_font'.
Inserting `tracingstacklevels' in `input_level_string'. (<LOCAL_USER_ROOT>/AppDat
a/Local/Programs/MiKTeX/tex/latex/memoir/memoir.cls
Document Class: memoir 2025/11/04 v3.8.4b configurable book, report, article do
cument class
(<LOCAL_USER_ROOT>/AppData/Local/Programs/MiKTeX/tex/latex/xpatch/xpatch.sty
(<LOCAL_USER_ROOT>/AppData/Local/Programs/MiKTeX/tex/latex/l3kernel/expl3.sty
Package: expl3 2026-03-20 L3 programming layer (loader) 

(<LOCAL_USER_ROOT>/AppData/Local/Programs/MiKTeX/tex/latex/l3backend/l3backend-lu
atex.def
File: l3backend-luatex.def 2026-02-18 L3 backend support: PDF output (LuaTeX)
\l__color_backend_stack_int=\count273
Inserting `l3color' in `luaotfload.parse_color'.))
Package: xpatch 2020/03/25 v0.3a Extending etoolbox patching commands

(<LOCAL_USER_ROOT>/AppData/Local/Programs/MiKTeX/tex/latex/l3packages/xparse/xpar
se.sty
Package: xparse 2025-10-09 L3 Experimental document command parser
)
(<LOCAL_USER_ROOT>/AppData/Local/Programs/MiKTeX/tex/latex/etoolbox/etoolbox.sty
Package: etoolbox 2025/10/02 v2.5m e-TeX tools for LaTeX (JAW)
\etb@tempcnta=\count274
))
\onelineskip=\skip49
\lxvchars=\skip50
\xlvchars=\skip51
\@memcnta=\count275
\c@@memmarkcntra=\count276
 (<LOCAL_USER_ROOT>/AppData/Local/Programs/MiKTeX/tex/generic/iftex/iftex.sty
Package: iftex 2024/12/12 v1.0g TeX engine tests
)
\trimtop=\skip52
\trimedge=\skip53

(<LOCAL_USER_ROOT>/AppData/Local/Programs/MiKTeX/tex/latex/memoir/mem10.clo
File: mem10.clo 2022/07/29 v0.5 memoir class 10pt size option
luaotfload | db : Font names database loaded from <LOCAL_USER_ROOT>/AppData/Local/
MiKTeX/luatex-cache/generic/names/luaotfload-names.luc.gz)
\binding=\skip54
\spinemargin=\skip55
\foremargin=\skip56
\uppermargin=\skip57
\lowermargin=\skip58
\headdrop=\skip59
\normalrulethickness=\skip60
\mem@maxheadheight=\skip61
\mem@maxfootheight=\skip62
\headwidth=\skip63
\c@storedpagenumber=\count277
\memPD=\dimen149
\m@mabparskip=\skip64
\thanksmarkwidth=\skip65
\thanksmarksep=\skip66
\droptitle=\skip67
\c@book=\count278
\c@part=\count279
\c@chapter=\count280
\c@section=\count281
\c@subsection=\count282
\c@subsubsection=\count283
\c@paragraph=\count284
\c@subparagraph=\count285
\beforechapskip=\skip68
\midchapskip=\skip69
\afterchapskip=\skip70
\chapindent=\skip71
\bottomsectionskip=\skip72
\secindent=\skip73
\beforesecskip=\skip74
\aftersecskip=\skip75
\subsecindent=\skip76
\beforesubsecskip=\skip77
\aftersubsecskip=\skip78
\subsubsecindent=\skip79
\beforesubsubsecskip=\skip80
\aftersubsubsecskip=\skip81
\paraindent=\skip82
\beforeparaskip=\skip83
\afterparaskip=\skip84
\subparaindent=\skip85
\beforesubparaskip=\skip86
\aftersubparaskip=\skip87
\pfbreakskip=\skip88
\c@@ppsavesec=\count286
\c@@ppsaveapp=\count287
\ragrparindent=\dimen150
\everylistparindent=\dimen151
\parsepi=\skip89
\topsepi=\skip90
\itemsepi=\skip91
\parsepii=\skip92
\topsepii=\skip93
\topsepiii=\skip94
\itemsepii=\skip95
\itemsepiii=\skip96
\partopsepii=\skip97
\partopsepiii=\skip98
\m@msavetopsep=\skip99
\m@msavepartopsep=\skip100
\@enLab=\toks17
\abstitleskip=\skip101
\absleftindent=\skip102
\abs@leftindent=\dimen152
\absrightindent=\skip103
\absparindent=\skip104
\absparsep=\skip105
\c@vslineno=\count288
\c@poemline=\count289
\c@modulo@vs=\count290
\c@memfvsline=\count291
\vleftskip=\skip106
\vrightskip=\skip107
\stanzaskip=\skip108
\versewidth=\skip109
\vgap=\skip110
\vindent=\skip111
\vleftmargin=\dimen153
\c@verse=\count292
\c@chrsinstr=\count293
\beforepoemtitleskip=\skip112
\afterpoemtitleskip=\skip113
\c@poem=\count294
\beforePoemTitleskip=\skip114
\midPoemTitleskip=\skip115
\afterPoemTitleskip=\skip116

(<LOCAL_USER_ROOT>/AppData/Local/Programs/MiKTeX/tex/latex/tools/array.sty
Package: array 2025/09/25 v2.6n Tabular extension package (FMi)
\col@sep=\dimen154
\ar@mcellbox=\box53
\extrarowheight=\dimen155
\NC@list=\toks18
\extratabsurround=\skip117
\backup@length=\skip118
\ar@cellbox=\box54
)
(<LOCAL_USER_ROOT>/AppData/Local/Programs/MiKTeX/tex/latex/tools/dcolumn.sty
Package: dcolumn 2025/10/21 v1.06 decimal alignment package (DPC)
)
(<LOCAL_USER_ROOT>/AppData/Local/Programs/MiKTeX/tex/latex/tools/delarray.sty
Package: delarray 2014/10/28 v1.01 array delimiter package (DPC)
)
(<LOCAL_USER_ROOT>/AppData/Local/Programs/MiKTeX/tex/latex/tools/tabularx.sty
Package: tabularx 2023/12/11 v2.12a `tabularx' package (DPC)
\TX@col@width=\dimen156
\TX@old@table=\dimen157
\TX@old@col=\dimen158
\TX@target=\dimen159
\TX@delta=\dimen160
\TX@cols=\count295
\TX@ftn=\toks19
)
(<LOCAL_USER_ROOT>/AppData/Local/Programs/MiKTeX/tex/latex/booktabs/booktabs.sty
Package: booktabs 2020/01/12 v1.61803398 Publication quality tables
\heavyrulewidth=\dimen161
\lightrulewidth=\dimen162
\cmidrulewidth=\dimen163
\belowrulesep=\dimen164
\belowbottomsep=\dimen165
\aboverulesep=\dimen166
\abovetopsep=\dimen167
\cmidrulesep=\dimen168
\cmidrulekern=\dimen169
\defaultaddspace=\dimen170
\@cmidla=\count296
\@cmidlb=\count297
\@aboverulesep=\dimen171
\@belowrulesep=\dimen172
\@thisruleclass=\count298
\@lastruleclass=\count299
\@thisrulewidth=\dimen173
)
\ctableftskip=\skip119
\ctabrightskip=\skip120
\abovecolumnspenalty=\count300
\@linestogo=\count301
\@cellstogo=\count302
\@cellsincolumn=\count303
\crtok=\toks20
\@mincolumnwidth=\dimen174
\c@newflo@tctr=\count304
\mem@margin@floatbox=\box55
\@contcwidth=\skip121
\@contindw=\skip122
\abovecaptionskip=\skip123
\belowcaptionskip=\skip124
\subfloattopskip=\skip125
\subfloatcapskip=\skip126
\subfloatcaptopadj=\skip127
\subfloatbottomskip=\skip128
\subfloatlabelskip=\skip129
\subfloatcapmargin=\dimen175
\c@@contsubnum=\count305
\m@mscap@capbox=\box56
\m@mscap@fbox=\box57
\sidecapsep=\dimen176
\sidecapwidth=\dimen177
\m@m@tempdima=\dimen178
\m@mscapraise=\dimen179
\sidecapraise=\dimen180
\m@mscapmainwidth=\dimen181
\m@mscaplkern=\dimen182
\beforeepigraphskip=\skip130
\afterepigraphskip=\skip131
\epigraphwidth=\skip132
\epigraphrule=\skip133
(<LOCAL_USER_ROOT>/AppData/Local/Programs/MiKTeX/tex/latex/hyperref/nameref.sty
Package: nameref 2026-01-29 v2.58 Cross-referencing by name of section

(<LOCAL_USER_ROOT>/AppData/Local/Programs/MiKTeX/tex/latex/refcount/refcount.sty
Package: refcount 2019/12/15 v3.6 Data extraction from label references (HO)

(<LOCAL_USER_ROOT>/AppData/Local/Programs/MiKTeX/tex/generic/ltxcmds/ltxcmds.sty
Package: ltxcmds 2023-12-04 v1.26 LaTeX kernel commands for general use (HO)
)
(<LOCAL_USER_ROOT>/AppData/Local/Programs/MiKTeX/tex/generic/infwarerr/infwarerr.
sty
Package: infwarerr 2019/12/03 v1.5 Providing info/warning/error messages (HO)
))
(<LOCAL_USER_ROOT>/AppData/Local/Programs/MiKTeX/tex/generic/gettitlestring/getti
tlestring.sty
Package: gettitlestring 2019/12/15 v1.6 Cleanup title references (HO)

(<LOCAL_USER_ROOT>/AppData/Local/Programs/MiKTeX/tex/latex/kvoptions/kvoptions.st
y
Package: kvoptions 2022-06-15 v3.15 Key value format for package options (HO)
 (<LOCAL_USER_ROOT>/AppData/Local/Programs/MiKTeX/tex/latex/graphics/keyval.sty
Package: keyval 2022/05/29 v1.15 key=value parser (DPC)
\KV@toks@=\toks21
)
(<LOCAL_USER_ROOT>/AppData/Local/Programs/MiKTeX/tex/latex/kvsetkeys/kvsetkeys.st
y
Package: kvsetkeys 2022-10-05 v1.19 Key value parser (HO)
)))
\c@section@level=\count306
)
\tocentryskip=\skip134
\tocbaseline=\skip135
\cftparskip=\skip136
\cftbeforebookskip=\skip137
\cftbookindent=\dimen183
\cftbooknumwidth=\dimen184
\cftbeforepartskip=\skip138
\cftpartindent=\skip139
\cftpartnumwidth=\skip140
\cftbeforechapterskip=\skip141
\cftchapterindent=\skip142
\cftchapternumwidth=\skip143
\cftbeforesectionskip=\skip144
\cftsectionindent=\skip145
\cftsectionnumwidth=\skip146
\cftbeforesubsectionskip=\skip147
\cftsubsectionindent=\skip148
\cftsubsectionnumwidth=\skip149
\cftbeforesubsubsectionskip=\skip150
\cftsubsubsectionindent=\skip151
\cftsubsubsectionnumwidth=\skip152
\cftbeforeparagraphskip=\skip153
\cftparagraphindent=\skip154
\cftparagraphnumwidth=\skip155
\cftbeforesubparagraphskip=\skip156
\cftsubparagraphindent=\skip157
\cftsubparagraphnumwidth=\skip158
\prechapterprecisshift=\dimen185
\c@maxsecnumdepth=\count307
\bibindent=\dimen186
\bibitemsep=\skip159
\indexcolsep=\skip160
\indexrule=\skip161
\indexmarkstyle=\toks22
\@indexbox=\insert252
LaTeX Info: Redefining \raggedbottom on input line 8095.
LaTeX Info: Redefining \flushbottom on input line 8099.
\glossarycolsep=\dimen187
\glossaryrule=\dimen188
\sideparvshift=\skip162
\sideins=\insert251
\sidebartopsep=\skip163
\sidebarhsep=\skip164
\sidebarvsep=\skip165
\sidebarwidth=\skip166
\footmarkwidth=\skip167
\footmarksep=\skip168
\footparindent=\skip169
\footinsdim=\skip170
\footinsv@r=\insert250
\@mpfootinsv@r=\insert249
\m@m@k=\count308
\m@m@h=\dimen189
\m@mipn@skip=\skip171
\sidefootins=\insert248
\sidefootadjust=\skip172
\sidefootheight=\skip173
\sidefoothsep=\skip174
\sidefootvsep=\skip175
\sidefootwidth=\skip176
\m@mdownsf=\skip177
\c@sidefootnote=\count309
\sidefootmarkwidth=\skip178
\sidefootmarksep=\skip179
\sidefootparindent=\skip180
\c@pagenote=\count310
\c@pagenoteshadow=\count311
\mem@pn@lastkern=\skip181

(<LOCAL_USER_ROOT>/AppData/Local/Programs/MiKTeX/tex/latex/tools/verbatim.sty
Package: verbatim 2024-01-22 v1.5x LaTeX2e package for verbatim enhancements
\every@verbatim=\toks23
\verbatim@line=\toks24
\verbatim@in@stream=\read2
)
\verbatimindent=\skip182
\verbatim@out=\write3

(<LOCAL_USER_ROOT>/AppData/Local/Programs/MiKTeX/tex/latex/base/shortvrb.sty
Package: shortvrb 2024/12/25 v3.0q Standard LaTeX documentation package V3 (FMi
)
)
\bvboxsep=\skip183
\c@memfbvline=\count312
\c@bvlinectr=\count313
\bvnumlength=\skip184
\fb@frw=\dimen190
\fb@frh=\dimen191
\FrameRule=\dimen192
\FrameSep=\dimen193
\c@cp@cntr=\count314
\c@ism@mctr=\count315
\c@xsm@mctr=\count316
\c@csm@mctr=\count317
\c@ksm@mctr=\count318
\c@xksm@mctr=\count319
\c@cksm@mctr=\count320
\c@msm@mctr=\count321
\c@xmsm@mctr=\count322
\c@cmsm@mctr=\count323
\c@bsm@mctr=\count324
\c@workm@mctr=\count325
\c@sheetsequence=\count326
\c@lastsheet=\count327
\c@lastpage=\count328
\c@figure=\count329
\c@lofdepth=\count330
\cftbeforefigureskip=\skip185
\cftfigureindent=\skip186
\cftfigurenumwidth=\skip187
\c@table=\count331
\c@lotdepth=\count332
\cftbeforetableskip=\skip188
\cfttableindent=\skip189
\cfttablenumwidth=\skip190
Package abstract [2008/07/23] emulated by memoir.
Package appendix [2008/07/23] emulated by memoir.
Package ccaption [2008/07/23] emulated by memoir.
Package changepage [2008/07/23] emulated by memoir.
Package chngcntr [2008/07/23] emulated by memoir.
Package chngpage [2008/07/23] emulated by memoir.
Package crop emulated by memoir.
Package enumerate [2008/07/23] emulated by memoir.
Package epigraph [2008/07/23] emulated by memoir.
Package ifmtarg [2008/07/23] emulated by memoir.
Package index [2008/07/23] emulated by memoir.
Package makeidx [2008/07/23] emulated by memoir.
Package moreverb [2008/07/23] emulated by memoir.
Package needspace [2008/07/23] emulated by memoir.
Package newfile [2008/07/23] emulated by memoir.
Package nextpage [2008/07/23] emulated by memoir.
Package pagenote [2008/07/23] emulated by memoir.
Package parskip [2008/07/23] emulated by memoir.
Package patchcmd [2008/07/23] emulated by memoir.
Package setspace [2008/07/23] emulated by memoir.
Package showidx [2008/07/23] emulated by memoir.
Package titleref [2008/07/23] emulated by memoir.
Package titling [2008/07/23] emulated by memoir.
Package tocbibind [2008/07/23] emulated by memoir.
Package tocloft [2008/07/23] emulated by memoir.
Package tocvsec2 [2008/07/23] emulated by memoir.
Package verse [2008/07/23] emulated by memoir.
)
(<LOCAL_USER_ROOT>/AppData/Local/Programs/MiKTeX/tex/latex/fontspec/fontspec.sty
Package: fontspec 2025/09/29 v2.9g Font selection for XeLaTeX and LuaLaTeX
Lua module: fontspec 2025/09/29 v2.9g Font selection for XeLaTeX and LuaLaTeX
(<LOCAL_USER_ROOT>/AppData/Local/Programs/MiKTeX/tex/latex/fontspec/fontspec-luat
ex.sty
Package: fontspec-luatex 2025/09/29 v2.9g Font selection for XeLaTeX and LuaLaT
eX
\l__fontspec_script_int=\count333
\l__fontspec_language_int=\count334
\l__fontspec_strnum_int=\count335
\l__fontspec_tmp_int=\count336
\l__fontspec_tmpa_int=\count337
\l__fontspec_tmpb_int=\count338
\l__fontspec_tmpc_int=\count339
\l__fontspec_em_int=\count340
\l__fontspec_emdef_int=\count341
\l__fontspec_strong_int=\count342
\l__fontspec_strongdef_int=\count343
\l__fontspec_tmpa_dim=\dimen194
\l__fontspec_tmpb_dim=\dimen195
\l__fontspec_tmpc_dim=\dimen196

(<LOCAL_USER_ROOT>/AppData/Local/Programs/MiKTeX/tex/latex/base/fontenc.sty
Package: fontenc 2025/07/18 v2.1d Standard LaTeX package
)
(<LOCAL_USER_ROOT>/AppData/Local/Programs/MiKTeX/tex/latex/fontspec/fontspec.cfg))
)
(<LOCAL_USER_ROOT>/AppData/Local/Programs/MiKTeX/tex/latex/gitinfo2/gitinfo2.sty
Package: gitinfo2 2015/11/22 v2.0.7 git revision information

(<LOCAL_USER_ROOT>/AppData/Local/Programs/MiKTeX/tex/latex/xstring/xstring.sty
(<LOCAL_USER_ROOT>/AppData/Local/Programs/MiKTeX/tex/generic/xstring/xstring.tex
\xs_counta=\count344
\xs_countb=\count345
)
Package: xstring 2023/08/22 v1.86 String manipulations (CT)
) (<LOCAL_USER_ROOT>/AppData/Local/Programs/MiKTeX/tex/latex/eso-pic/eso-pic.sty
Package: eso-pic 2025/12/10 v3.0d eso-pic (RN)
\ESO@tempdima=\dimen197
\ESO@tempdimb=\dimen198

(<LOCAL_USER_ROOT>/AppData/Local/Programs/MiKTeX/tex/latex/xcolor/xcolor.sty
Package: xcolor 2024/09/29 v3.02 LaTeX color extensions (UK)

(<LOCAL_USER_ROOT>/AppData/Local/Programs/MiKTeX/tex/latex/graphics-cfg/color.cfg
File: color.cfg 2016/01/02 v1.6 sample color configuration
)
Package xcolor Info: Driver file: luatex.def on input line 274.

(<LOCAL_USER_ROOT>/AppData/Local/Programs/MiKTeX/tex/latex/graphics-def/luatex.de
f
File: luatex.def 2025/09/29 v1.2f Graphics/color driver for luatex
)
(<LOCAL_USER_ROOT>/AppData/Local/Programs/MiKTeX/tex/latex/graphics/mathcolor.ltx
)
Package xcolor Info: Model `cmy' substituted by `cmy0' on input line 1349.
Package xcolor Info: Model `hsb' substituted by `rgb' on input line 1353.
Package xcolor Info: Model `RGB' extended on input line 1365.
Package xcolor Info: Model `HTML' substituted by `rgb' on input line 1367.
Package xcolor Info: Model `Hsb' substituted by `hsb' on input line 1368.
Package xcolor Info: Model `tHsb' substituted by `hsb' on input line 1369.
Package xcolor Info: Model `HSB' substituted by `hsb' on input line 1370.
Package xcolor Info: Model `Gray' substituted by `gray' on input line 1371.
Package xcolor Info: Model `wave' substituted by `hsb' on input line 1372.
))

Package gitinfo2 Warning: I can't find the file '.git/gitHeadInfo.gin'.
(gitinfo2)                All git metadata has been set to '(None)'.

) (<LOCAL_USER_ROOT>/AppData/Local/Programs/MiKTeX/tex/generic/babel/babel.sty
Package: babel 2026/04/15 v26.6 The multilingual framework for LuaLaTeX, pdfLaT
eX and XeLaTeX

(<LOCAL_USER_ROOT>/AppData/Local/Programs/MiKTeX/tex/generic/babel/luababel.def
\bbl@readstream=\read3
\l@afrikaans=\language2
Package babel Info: Non-standard hyphenation setup on input line 118.
\l@ancientgreek=\language3
\l@armenian=\language4
\l@assamese=\language5
\l@basque=\language6
\l@belarusian=\language7
\l@bengali=\language8
\l@bokmal=\language9
\l@bulgarian=\language10
\l@catalan=\language11
\l@churchslavonic=\language12
\l@classiclatin=\language13
\l@coptic=\language14
\l@croatian=\language15
\l@czech=\language16
\l@danish=\language17
\l@dutch=\language18
\l@esperanto=\language19
\l@estonian=\language20
\l@ethiopic=\language21
\l@finnish=\language22
\l@french=\language23
\l@friulan=\language24
\l@galician=\language25
\l@georgian=\language26
\l@german=\language27
\l@greek=\language28
\l@gujarati=\language29
\l@hindi=\language30
\l@hungarian=\language31
\l@icelandic=\language32
\l@indonesian=\language33
\l@interlingua=\language34
\l@irish=\language35
\l@italian=\language36
\l@kannada=\language37
\l@kurmanji=\language38
\l@latin=\language39
\l@latvian=\language40
\l@lithuanian=\language41
\l@liturgicallatin=\language42
\l@macedonian=\language43
\l@malayalam=\language44
\l@marathi=\language45
\l@mongolian=\language46
\l@mongolianlmc=\language47
\l@monogreek=\language48
\l@ngerman=\language49
\l@nynorsk=\language50
\l@occitan=\language51
\l@oriya=\language52
\l@pali=\language53
\l@panjabi=\language54
\l@piedmontese=\language55
\l@polish=\language56
\l@portuguese=\language57
\l@romanian=\language58
\l@romansh=\language59
\l@russian=\language60
\l@sanskrit=\language61
\l@serbian=\language62
\l@serbianc=\language63
\l@slovak=\language64
\l@slovenian=\language65
\l@spanish=\language66
\l@swedish=\language67
\l@swissgerman=\language68
\l@tamil=\language69
\l@telugu=\language70
\l@thai=\language71
\l@turkish=\language72
\l@turkmen=\language73
\l@ukenglish=\language74
\l@ukrainian=\language75
\l@uppersorbian=\language76
\l@usenglishmax=\language77
\l@welsh=\language78
\babelcatcodetablenum=\catcodetable14
\bbl@pattcodes=\catcodetable15
)
\babel@savecnt=\count346
LaTeX Encoding Info:    Redeclaring text command \ij (encoding OT1) on input li
ne 2078.
LaTeX Encoding Info:    Redeclaring text command \IJ (encoding OT1) on input li
ne 2080.
LaTeX Encoding Info:    Redeclaring text command \ij (encoding T1) on input lin
e 2082.
LaTeX Encoding Info:    Redeclaring text command \IJ (encoding T1) on input lin
e 2083.
LaTeX Encoding Info:    Ignoring declaration for text command \ij (encoding ?) 
on input line 2084.
LaTeX Encoding Info:    Ignoring declaration for text command \IJ (encoding ?) 
on input line 2086.
LaTeX Encoding Info:    Ignoring declaration for text command \SS (encoding ?) 
on input line 2111.
\U@D=\dimen199
\l@unhyphenated=\language79

(<LOCAL_USER_ROOT>/AppData/Local/Programs/MiKTeX/tex/generic/babel/luababel.def
\bbl@attr@locale=\attribute4

(<LOCAL_USER_ROOT>/AppData/Local/Programs/MiKTeX/tex/luatex/luatexbase/luatexbase
.sty
Package: luatexbase 2015/10/04 v1.3 luatexbase interface to LuaTeX 

(<LOCAL_USER_ROOT>/AppData/Local/Programs/MiKTeX/tex/luatex/ctablestack/ctablesta
ck.sty
Package: ctablestack 2015/10/01 v1.0 Catcode table stable support
\@catcodetablestackcnt=\count347
)
\CatcodeTableOther=\catcodetable16
\CatcodeTableExpl=\catcodetable17
)
Removing  `luaotfload.node_processor' from `pre_linebreak_filter'.
Inserting `Babel.pre_otfload_v' in `pre_linebreak_filter'.
Inserting `luaotfload.node_processor' in `pre_linebreak_filter'.
Removing  `luaotfload.node_processor' from `hpack_filter'.
Removing  `luaotfload.harf.finalize_hlist' from `hpack_filter'.
Inserting `Babel.pre_otfload_h' in `hpack_filter'.
Inserting `luaotfload.node_processor' in `hpack_filter'.
Inserting `luaotfload.harf.finalize_hlist' in `hpack_filter'.
\bbl@attr@dir=\attribute5
\everyvbox=\toks25
)
Package babel Info: Configuration files are deprecated, as
(babel)             they can break document portability.
(babel)             Reported on input line 4206.

*************************************
* Local config file bblopts.cfg used
*
(<LOCAL_USER_ROOT>/AppData/Local/Programs/MiKTeX/tex/latex/arabi/bblopts.cfg
File: bblopts.cfg 2005/09/08 v0.1 add Arabic and Farsi to "declared" options of
 babel
)
(<LOCAL_USER_ROOT>/AppData/Local/Programs/MiKTeX/tex/generic/babel/locale/en/babe
l-english.tex)
Package babel Info: Importing font and identification data for english
(babel)             from babel-en.ini. Reported on input line 4330.

(<LOCAL_USER_ROOT>/AppData/Local/Programs/MiKTeX/tex/latex/babel-english/english.
ldf
Language: english 2017/06/06 v3.3r English support from the babel system
Package babel Info: Hyphen rules for 'canadian' set to \l@english
(babel)             (\language0). Reported on input line 102.
Package babel Info: Hyphen rules for 'australian' set to \l@ukenglish
(babel)             (\language74). Reported on input line 105.
Package babel Info: Hyphen rules for 'newzealand' set to \l@ukenglish
(babel)             (\language74). Reported on input line 108.
))
Package babel Info: Importing data for persian
(babel)             from babel-fa.ini. Reported on input line 21.
Package babel Info: Hyphen rules for 'persian' set to \l@english
(babel)             (\language0). Reported on input line 21.
Inserting `Babel.hyphenate' in `hyphenate'.
(<LOCAL_USER_ROOT>/AppData/Local/Programs/MiKTeX/tex/generic/babel/babel-ca-persi
an.tex)
(<LOCAL_USER_ROOT>/AppData/Local/Programs/MiKTeX/tex/generic/babel/babel-ca-islam
ic.tex)
luaotfload | cache : Lookup cache loaded from <LOCAL_USER_ROOT>/AppData/Local/MiKT
eX/luatex-cache/generic/names/luaotfload-lookup-cache.luc.

Package fontspec Info: 
(fontspec)             Script 'Arabic' not explicitly supported within font
(fontspec)             'TeX Gyre Pagella'. Check the typeset output, and if it
(fontspec)             is okay then ignore this warning. Otherwise a different
(fontspec)             font should be chosen.


Package fontspec Info: 
(fontspec)             Language 'Persian' not explicitly supported within font
(fontspec)             'TeX Gyre Pagella' with script 'Arabic'. Check the
(fontspec)             typeset output, and if it is okay then ignore this
(fontspec)             warning. Otherwise a different font should be chosen.


Package fontspec Info: 
(fontspec)             Font family 'TeXGyrePagella(0)' created for font 'TeX
(fontspec)             Gyre Pagella' with options
(fontspec)             [Renderer=Harfbuzz,Ligatures=TeX,Script=Arabic,Language=
Persian,RawFeature={family=rm},Ligatures=TeX].
(fontspec)              
(fontspec)              This font family consists of the following NFSS
(fontspec)             series/shapes:
(fontspec)              
(fontspec)             - 'normal' (m/n) with NFSS spec.: <->"name:TeX Gyre
(fontspec)             Pagella:mode=harf;script=arab;language=FAR;family=rm;+tl
ig;"
(fontspec)             - 'small caps'  (m/sc) with NFSS spec.: <->"name:TeX
(fontspec)             Gyre
(fontspec)             Pagella:mode=harf;script=arab;language=FAR;family=rm;+tl
ig;+smcp;"
(fontspec)             - 'bold' (b/n) with NFSS spec.: <->"name:TeX Gyre
(fontspec)             Pagella/B:mode=harf;script=arab;language=FAR;family=rm;+
tlig;"
(fontspec)             - 'bold small caps'  (b/sc) with NFSS spec.:
(fontspec)             <->"name:TeX Gyre
(fontspec)             Pagella/B:mode=harf;script=arab;language=FAR;family=rm;+
tlig;+smcp;"
(fontspec)             - 'italic' (m/it) with NFSS spec.: <->"name:TeX Gyre
(fontspec)             Pagella/I:mode=harf;script=arab;language=FAR;family=rm;+
tlig;"
(fontspec)             - 'italic small caps'  (m/scit) with NFSS spec.:
(fontspec)             <->"name:TeX Gyre
(fontspec)             Pagella/I:mode=harf;script=arab;language=FAR;family=rm;+
tlig;+smcp;"
(fontspec)             - 'bold italic' (b/it) with NFSS spec.: <->"name:TeX
(fontspec)             Gyre
(fontspec)             Pagella/BI:mode=harf;script=arab;language=FAR;family=rm;
+tlig;"
(fontspec)             - 'bold italic small caps'  (b/scit) with NFSS spec.:
(fontspec)             <->"name:TeX Gyre
(fontspec)             Pagella/BI:mode=harf;script=arab;language=FAR;family=rm;
+tlig;+smcp;"


Package fontspec Info: 
(fontspec)             Script 'Arabic' not explicitly supported within font
(fontspec)             'TeX Gyre Heros'. Check the typeset output, and if it
(fontspec)             is okay then ignore this warning. Otherwise a different
(fontspec)             font should be chosen.


Package fontspec Info: 
(fontspec)             Language 'Persian' not explicitly supported within font
(fontspec)             'TeX Gyre Heros' with script 'Arabic'. Check the
(fontspec)             typeset output, and if it is okay then ignore this
(fontspec)             warning. Otherwise a different font should be chosen.


Package fontspec Info: 
(fontspec)             Font family 'TeXGyreHeros(0)' created for font 'TeX
(fontspec)             Gyre Heros' with options
(fontspec)             [Renderer=Harfbuzz,Ligatures=TeX,Script=Arabic,Language=
Persian,RawFeature={family=sf},Ligatures=TeX].
(fontspec)              
(fontspec)              This font family consists of the following NFSS
(fontspec)             series/shapes:
(fontspec)              
(fontspec)             - 'normal' (m/n) with NFSS spec.: <->"name:TeX Gyre
(fontspec)             Heros:mode=harf;script=arab;language=FAR;family=sf;+tlig
;"
(fontspec)             - 'small caps'  (m/sc) with NFSS spec.: <->"name:TeX
(fontspec)             Gyre
(fontspec)             Heros:mode=harf;script=arab;language=FAR;family=sf;+tlig
;+smcp;"
(fontspec)             - 'bold' (b/n) with NFSS spec.: <->"name:TeX Gyre
(fontspec)             Heros/B:mode=harf;script=arab;language=FAR;family=sf;+tl
ig;"
(fontspec)             - 'bold small caps'  (b/sc) with NFSS spec.:
(fontspec)             <->"name:TeX Gyre
(fontspec)             Heros/B:mode=harf;script=arab;language=FAR;family=sf;+tl
ig;+smcp;"
(fontspec)             - 'italic' (m/it) with NFSS spec.: <->"name:TeX Gyre
(fontspec)             Heros/I:mode=harf;script=arab;language=FAR;family=sf;+tl
ig;"
(fontspec)             - 'italic small caps'  (m/scit) with NFSS spec.:
(fontspec)             <->"name:TeX Gyre
(fontspec)             Heros/I:mode=harf;script=arab;language=FAR;family=sf;+tl
ig;+smcp;"
(fontspec)             - 'bold italic' (b/it) with NFSS spec.: <->"name:TeX
(fontspec)             Gyre
(fontspec)             Heros/BI:mode=harf;script=arab;language=FAR;family=sf;+t
lig;"
(fontspec)             - 'bold italic small caps'  (b/scit) with NFSS spec.:
(fontspec)             <->"name:TeX Gyre
(fontspec)             Heros/BI:mode=harf;script=arab;language=FAR;family=sf;+t
lig;+smcp;"


Package fontspec Info: 
(fontspec)             Script 'Arabic' not explicitly supported within font
(fontspec)             'Latin Modern Mono'. Check the typeset output, and if
(fontspec)             it is okay then ignore this warning. Otherwise a
(fontspec)             different font should be chosen.


Package fontspec Info: 
(fontspec)             Language 'Persian' not explicitly supported within font
(fontspec)             'Latin Modern Mono' with script 'Arabic'. Check the
(fontspec)             typeset output, and if it is okay then ignore this
(fontspec)             warning. Otherwise a different font should be chosen.


Package fontspec Info: 
(fontspec)             Could not resolve font "Latin Modern Mono/BI" (it
(fontspec)             probably doesn't exist).


Package fontspec Info: 
(fontspec)             Could not resolve font "Latin Modern Mono/B" (it
(fontspec)             probably doesn't exist).


Package fontspec Info: 
(fontspec)             Font family 'LatinModernMono(0)' created for font
(fontspec)             'Latin Modern Mono' with options
(fontspec)             [Renderer=Harfbuzz,WordSpace={1,0,0},HyphenChar=None,Pun
ctuationSpace=WordSpace,Script=Arabic,Language=Persian,RawFeature={family=tt}].

(fontspec)              
(fontspec)              This font family consists of the following NFSS
(fontspec)             series/shapes:
(fontspec)              
(fontspec)             - 'normal' (m/n) with NFSS spec.: <->"name:Latin Modern
(fontspec)             Mono:mode=harf;script=arab;language=FAR;family=tt;"
(fontspec)             - 'italic' (m/it) with NFSS spec.: <->"name:Latin
(fontspec)             Modern
(fontspec)             Mono/I:mode=harf;script=arab;language=FAR;family=tt;"

 (../../sty/open-logic.sty
(<LOCAL_USER_ROOT>/AppData/Local/Programs/MiKTeX/tex/latex/amsmath/amsmath.sty
Package: amsmath 2025/07/09 v2.17z AMS math features
\@mathmargin=\skip191

For additional information on amsmath, use the `?' option.
(<LOCAL_USER_ROOT>/AppData/Local/Programs/MiKTeX/tex/latex/amsmath/amstext.sty
Package: amstext 2024/11/17 v2.01 AMS text

(<LOCAL_USER_ROOT>/AppData/Local/Programs/MiKTeX/tex/latex/amsmath/amsgen.sty
File: amsgen.sty 1999/11/30 v2.0 generic functions
\@emptytoks=\toks26
\ex@=\dimen256
))
(<LOCAL_USER_ROOT>/AppData/Local/Programs/MiKTeX/tex/latex/amsmath/amsbsy.sty
Package: amsbsy 1999/11/29 v1.2d Bold Symbols
\pmbraise@=\dimen257
)
(<LOCAL_USER_ROOT>/AppData/Local/Programs/MiKTeX/tex/latex/amsmath/amsopn.sty
Package: amsopn 2022/04/08 v2.04 operator names
)
\inf@bad=\count348
LaTeX Info: Redefining \frac on input line 235.
\uproot@=\count349
\leftroot@=\count350
LaTeX Info: Redefining \overline on input line 398.
LaTeX Info: Redefining \colon on input line 409.
\classnum@=\count351
\DOTSCASE@=\count352
LaTeX Info: Redefining \ldots on input line 495.
LaTeX Info: Redefining \dots on input line 498.
LaTeX Info: Redefining \cdots on input line 619.
\Mathstrutbox@=\box58
\strutbox@=\box59
LaTeX Info: Redefining \big on input line 721.
LaTeX Info: Redefining \Big on input line 722.
LaTeX Info: Redefining \bigg on input line 723.
LaTeX Info: Redefining \Bigg on input line 724.
\big@size=\dimen258
LaTeX Font Info:    Redeclaring font encoding OML on input line 742.
LaTeX Font Info:    Redeclaring font encoding OMS on input line 743.
\macc@depth=\count353
LaTeX Info: Redefining \bmod on input line 904.
LaTeX Info: Redefining \pmod on input line 909.
LaTeX Info: Redefining \smash on input line 939.
LaTeX Info: Redefining \relbar on input line 969.
LaTeX Info: Redefining \Relbar on input line 970.
\c@MaxMatrixCols=\count354
\dotsspace@=\muskip17
\c@parentequation=\count355
\dspbrk@lvl=\count356
\tag@help=\toks27
\row@=\count357
\column@=\count358
\maxfields@=\count359
\andhelp@=\toks28
\eqnshift@=\dimen259
\alignsep@=\dimen260
\tagshift@=\dimen261
\tagwidth@=\dimen262
\totwidth@=\dimen263
\lineht@=\dimen264
\@envbody=\toks29
\multlinegap=\skip192
\multlinetaggap=\skip193
\mathdisplay@stack=\toks30
LaTeX Info: Redefining \[ on input line 2950.
LaTeX Info: Redefining \] on input line 2951.
)
(<LOCAL_USER_ROOT>/AppData/Local/Programs/MiKTeX/tex/latex/amsfonts/amssymb.sty
Package: amssymb 2013/01/14 v3.01 AMS font symbols

(<LOCAL_USER_ROOT>/AppData/Local/Programs/MiKTeX/tex/latex/amsfonts/amsfonts.sty
Package: amsfonts 2013/01/14 v3.01 Basic AMSFonts support
\symAMSa=\mathgroup4
\symAMSb=\mathgroup5
LaTeX Font Info:    Redeclaring math symbol \hbar on input line 98.
LaTeX Font Info:    Overwriting math alphabet `\mathfrak' in version `bold'
(Font)                  U/euf/m/n --> U/euf/b/n on input line 106.
))
(<LOCAL_USER_ROOT>/AppData/Local/Programs/MiKTeX/tex/latex/extarrows/extarrows.st
y
Package: extarrows 2020/03/12 v1.2.0 Some extensible arrows
)
(<LOCAL_USER_ROOT>/AppData/Local/Programs/MiKTeX/tex/generic/mathdots/mathdots.st
y
Package: mathdots 2014/06/11 v0.9 Improve and add various macros for dots in ma
th.
\MDo@unit=\dimen265
\MDo@dotsbox=\box60
\MDoprekern=\muskip18
\MDopostkern=\muskip19
\MDodotkern=\muskip20
) (<LOCAL_USER_ROOT>/AppData/Local/Programs/MiKTeX/tex/latex/isomath/isomath.sty
Package: isomath 2012/09/04 v0.6.1 ISO math style
(<LOCAL_USER_ROOT>/AppData/Local/Programs/MiKTeX/tex/latex/fixmath/fixmath.sty
Package: fixmath 2022/10/06 v0.9.1 (WaS)
LaTeX Font Info:    Redeclaring math symbol \Gamma on input line 27.
LaTeX Font Info:    Redeclaring math symbol \Delta on input line 28.
LaTeX Font Info:    Redeclaring math symbol \Theta on input line 29.
LaTeX Font Info:    Redeclaring math symbol \Lambda on input line 30.
LaTeX Font Info:    Redeclaring math symbol \Xi on input line 31.
LaTeX Font Info:    Redeclaring math symbol \Pi on input line 32.
LaTeX Font Info:    Redeclaring math symbol \Sigma on input line 33.
LaTeX Font Info:    Redeclaring math symbol \Upsilon on input line 34.
LaTeX Font Info:    Redeclaring math symbol \Phi on input line 35.
LaTeX Font Info:    Redeclaring math symbol \Psi on input line 36.
LaTeX Font Info:    Redeclaring math symbol \Omega on input line 37.
LaTeX Font Info:    Redeclaring math symbol \alpha on input line 38.
LaTeX Font Info:    Redeclaring math symbol \beta on input line 39.
LaTeX Font Info:    Redeclaring math symbol \gamma on input line 40.
LaTeX Font Info:    Redeclaring math symbol \delta on input line 41.
LaTeX Font Info:    Redeclaring math symbol \epsilon on input line 42.
LaTeX Font Info:    Redeclaring math symbol \zeta on input line 43.
LaTeX Font Info:    Redeclaring math symbol \eta on input line 44.
LaTeX Font Info:    Redeclaring math symbol \theta on input line 45.
LaTeX Font Info:    Redeclaring math symbol \iota on input line 46.
LaTeX Font Info:    Redeclaring math symbol \kappa on input line 47.
LaTeX Font Info:    Redeclaring math symbol \lambda on input line 48.
LaTeX Font Info:    Redeclaring math symbol \mu on input line 49.
LaTeX Font Info:    Redeclaring math symbol \nu on input line 50.
LaTeX Font Info:    Redeclaring math symbol \xi on input line 51.
LaTeX Font Info:    Redeclaring math symbol \pi on input line 52.
LaTeX Font Info:    Redeclaring math symbol \rho on input line 53.
LaTeX Font Info:    Redeclaring math symbol \sigma on input line 54.
LaTeX Font Info:    Redeclaring math symbol \tau on input line 55.
LaTeX Font Info:    Redeclaring math symbol \upsilon on input line 56.
LaTeX Font Info:    Redeclaring math symbol \phi on input line 57.
LaTeX Font Info:    Redeclaring math symbol \chi on input line 58.
LaTeX Font Info:    Redeclaring math symbol \psi on input line 59.
LaTeX Font Info:    Redeclaring math symbol \omega on input line 60.
LaTeX Font Info:    Redeclaring math symbol \varepsilon on input line 61.
LaTeX Font Info:    Redeclaring math symbol \vartheta on input line 62.
LaTeX Font Info:    Redeclaring math symbol \varpi on input line 63.
LaTeX Font Info:    Redeclaring math symbol \varphi on input line 64.
LaTeX Font Info:    Redeclaring math symbol \varrho on input line 65.
LaTeX Font Info:    Redeclaring math symbol \varsigma on input line 66.
)
LaTeX Font Info:    Overwriting math alphabet `\mathsfit' in version `bold'
(Font)                  OML/cmbr/m/it --> OML/cmbr/bx/it on input line 201.
)
(<LOCAL_USER_ROOT>/AppData/Local/Programs/MiKTeX/tex/latex/mfirstuc/mfirstuc.sty
Package: mfirstuc 2025/04/03 v2.09 (NLCT)
\@glsmfirst=\toks31
\@glsmrest=\toks32
) (<LOCAL_USER_ROOT>/AppData/Local/Programs/MiKTeX/tex/latex/subfiles/subfiles.st
y
Package: subfiles 2020/11/14 v2.2 Multi-file projects (package)
(<LOCAL_USER_ROOT>/AppData/Local/Programs/MiKTeX/tex/latex/import/import.sty
Package: import 2020/04/01  v 6.2
))
(<LOCAL_USER_ROOT>/AppData/Local/Programs/MiKTeX/tex/latex/framed/framed.sty
Package: framed 2011/10/22 v 0.96: framed or shaded text with page breaks
\OuterFrameSep=\skip194
\fb@frw=\dimen266
\fb@frh=\dimen267
)
(<LOCAL_USER_ROOT>/AppData/Local/Programs/MiKTeX/tex/latex/graphics/graphicx.sty
Package: graphicx 2024/12/31 v1.2e Enhanced LaTeX Graphics (DPC,SPQR)

(<LOCAL_USER_ROOT>/AppData/Local/Programs/MiKTeX/tex/latex/graphics/graphics.sty
Package: graphics 2024/08/06 v1.4g Standard LaTeX Graphics (DPC,SPQR)

(<LOCAL_USER_ROOT>/AppData/Local/Programs/MiKTeX/tex/latex/graphics/trig.sty
Package: trig 2023/12/02 v1.11 sin cos tan (DPC)
)
(<LOCAL_USER_ROOT>/AppData/Local/Programs/MiKTeX/tex/latex/graphics-cfg/graphics.
cfg
File: graphics.cfg 2016/06/04 v1.11 sample graphics configuration
)
Package graphics Info: Driver file: luatex.def on input line 106.
)
\Gin@req@height=\dimen268
\Gin@req@width=\dimen269
)
(<LOCAL_USER_ROOT>/AppData/Local/Programs/MiKTeX/tex/latex/multirow/multirow.sty
Package: multirow 2024/11/12 v2.9 Span multiple rows of a table
\multirow@colwidth=\skip195
\multirow@cntb=\count360
\multirow@dima=\skip196
\bigstrutjot=\dimen270
) (<LOCAL_USER_ROOT>/AppData/Local/Programs/MiKTeX/tex/latex/tools/longtable.sty
Package: longtable 2025-10-13 v4.24 Multi-page Table package (DPC)
\LTleft=\skip197
\LTright=\skip198
\LTpre=\skip199
\LTpost=\skip256
\LTchunksize=\count361
\LTcapwidth=\dimen271
\LT@head=\box61
\LT@firsthead=\box62
\LT@foot=\box63
\LT@lastfoot=\box64
\LT@gbox=\box65
\LT@cols=\count362
\LT@rows=\count363
\c@LT@tables=\count364
\c@LT@chunks=\count365
\LT@p@ftn=\toks33
)
(<LOCAL_USER_ROOT>/AppData/Local/Programs/MiKTeX/tex/latex/units/nicefrac.sty
Package: nicefrac 1998/08/04 v0.9b Nice fractions
\L@UnitsRaiseDisplaystyle=\skip257
\L@UnitsRaiseTextstyle=\skip258
\L@UnitsRaiseScriptstyle=\skip259

(<LOCAL_USER_ROOT>/AppData/Local/Programs/MiKTeX/tex/latex/base/ifthen.sty
Package: ifthen 2024/03/16 v1.1e Standard LaTeX ifthen package (DPC)
))
(<LOCAL_USER_ROOT>/AppData/Local/Programs/MiKTeX/tex/latex/graphics/rotating.sty
Package: rotating 2025/01/14 v2.16e rotated objects in LaTeX
\c@r@tfl@t=\count366
\rotFPtop=\skip260
\rotFPbot=\skip261
\rot@float@box=\box66
\rot@mess@toks=\toks34
) (<LOCAL_USER_ROOT>/AppData/Local/Programs/MiKTeX/tex/latex/natbib/natbib.sty
Package: natbib 2010/09/13 8.31b (PWD, AO)
\bibhang=\skip262
\bibsep=\skip263
LaTeX Info: Redefining \cite on input line 694.
\c@NAT@ctr=\count367
)
(<LOCAL_USER_ROOT>/AppData/Local/Programs/MiKTeX/tex/latex/pgf/frontendlayer/tikz
.sty
(<LOCAL_USER_ROOT>/AppData/Local/Programs/MiKTeX/tex/latex/pgf/basiclayer/pgf.sty

(<LOCAL_USER_ROOT>/AppData/Local/Programs/MiKTeX/tex/latex/pgf/utilities/pgfrcs.s
ty
(<LOCAL_USER_ROOT>/AppData/Local/Programs/MiKTeX/tex/generic/pgf/utilities/pgfuti
l-common.tex
\pgfutil@everybye=\toks35
\pgfutil@tempdima=\dimen272
\pgfutil@tempdimb=\dimen273
)
(<LOCAL_USER_ROOT>/AppData/Local/Programs/MiKTeX/tex/generic/pgf/utilities/pgfuti
l-latex.def
\pgfutil@abb=\box67
)
(<LOCAL_USER_ROOT>/AppData/Local/Programs/MiKTeX/tex/generic/pgf/utilities/pgfrcs
.code.tex
(<LOCAL_USER_ROOT>/AppData/Local/Programs/MiKTeX/tex/generic/pgf/pgf.revision.tex
)
Package: pgfrcs 2025-08-29 v3.1.11a (3.1.11a)
))
Package: pgf 2025-08-29 v3.1.11a (3.1.11a)

(<LOCAL_USER_ROOT>/AppData/Local/Programs/MiKTeX/tex/latex/pgf/basiclayer/pgfcore
.sty
(<LOCAL_USER_ROOT>/AppData/Local/Programs/MiKTeX/tex/latex/pgf/systemlayer/pgfsys
.sty
(<LOCAL_USER_ROOT>/AppData/Local/Programs/MiKTeX/tex/generic/pgf/systemlayer/pgfs
ys.code.tex
Package: pgfsys 2025-08-29 v3.1.11a (3.1.11a)

(<LOCAL_USER_ROOT>/AppData/Local/Programs/MiKTeX/tex/generic/pgf/utilities/pgfkey
s.code.tex
\pgfkeys@pathtoks=\toks36
\pgfkeys@temptoks=\toks37

(<LOCAL_USER_ROOT>/AppData/Local/Programs/MiKTeX/tex/generic/pgf/utilities/pgfkey
slibraryfiltered.code.tex
\pgfkeys@tmptoks=\toks38
))
\pgf@x=\dimen274
\pgf@y=\dimen275
\pgf@xa=\dimen276
\pgf@ya=\dimen277
\pgf@xb=\dimen278
\pgf@yb=\dimen279
\pgf@xc=\dimen280
\pgf@yc=\dimen281
\pgf@xd=\dimen282
\pgf@yd=\dimen283
\w@pgf@writea=\write4
\r@pgf@reada=\read4
\c@pgf@counta=\count368
\c@pgf@countb=\count369
\c@pgf@countc=\count370
\c@pgf@countd=\count371
\t@pgf@toka=\toks39
\t@pgf@tokb=\toks40
\t@pgf@tokc=\toks41
\pgf@sys@id@count=\count372

(<LOCAL_USER_ROOT>/AppData/Local/Programs/MiKTeX/tex/generic/pgf/systemlayer/pgf.
cfg
File: pgf.cfg 2025-08-29 v3.1.11a (3.1.11a)
)
Driver file for pgf: pgfsys-luatex.def

(<LOCAL_USER_ROOT>/AppData/Local/Programs/MiKTeX/tex/generic/pgf/systemlayer/pgfs
ys-luatex.def
File: pgfsys-luatex.def 2025-08-29 v3.1.11a (3.1.11a)

(<LOCAL_USER_ROOT>/AppData/Local/Programs/MiKTeX/tex/generic/pgf/systemlayer/pgfs
ys-common-pdf.def
File: pgfsys-common-pdf.def 2025-08-29 v3.1.11a (3.1.11a)
)))
(<LOCAL_USER_ROOT>/AppData/Local/Programs/MiKTeX/tex/generic/pgf/systemlayer/pgfs
yssoftpath.code.tex
File: pgfsyssoftpath.code.tex 2025-08-29 v3.1.11a (3.1.11a)
\pgfsyssoftpath@smallbuffer@items=\count373
\pgfsyssoftpath@bigbuffer@items=\count374
)
(<LOCAL_USER_ROOT>/AppData/Local/Programs/MiKTeX/tex/generic/pgf/systemlayer/pgfs
ysprotocol.code.tex
File: pgfsysprotocol.code.tex 2025-08-29 v3.1.11a (3.1.11a)
))
(<LOCAL_USER_ROOT>/AppData/Local/Programs/MiKTeX/tex/generic/pgf/basiclayer/pgfco
re.code.tex
Package: pgfcore 2025-08-29 v3.1.11a (3.1.11a)

(<LOCAL_USER_ROOT>/AppData/Local/Programs/MiKTeX/tex/generic/pgf/math/pgfmath.cod
e.tex
(<LOCAL_USER_ROOT>/AppData/Local/Programs/MiKTeX/tex/generic/pgf/math/pgfmathutil
.code.tex)
(<LOCAL_USER_ROOT>/AppData/Local/Programs/MiKTeX/tex/generic/pgf/math/pgfmathpars
er.code.tex
\pgfmath@dimen=\dimen284
\pgfmath@count=\count375
\pgfmath@box=\box68
\pgfmath@toks=\toks42
\pgfmath@stack@operand=\toks43
\pgfmath@stack@operation=\toks44
)
(<LOCAL_USER_ROOT>/AppData/Local/Programs/MiKTeX/tex/generic/pgf/math/pgfmathfunc
tions.code.tex)
(<LOCAL_USER_ROOT>/AppData/Local/Programs/MiKTeX/tex/generic/pgf/math/pgfmathfunc
tions.basic.code.tex)
(<LOCAL_USER_ROOT>/AppData/Local/Programs/MiKTeX/tex/generic/pgf/math/pgfmathfunc
tions.trigonometric.code.tex)
(<LOCAL_USER_ROOT>/AppData/Local/Programs/MiKTeX/tex/generic/pgf/math/pgfmathfunc
tions.random.code.tex)
(<LOCAL_USER_ROOT>/AppData/Local/Programs/MiKTeX/tex/generic/pgf/math/pgfmathfunc
tions.comparison.code.tex)
(<LOCAL_USER_ROOT>/AppData/Local/Programs/MiKTeX/tex/generic/pgf/math/pgfmathfunc
tions.base.code.tex)
(<LOCAL_USER_ROOT>/AppData/Local/Programs/MiKTeX/tex/generic/pgf/math/pgfmathfunc
tions.round.code.tex)
(<LOCAL_USER_ROOT>/AppData/Local/Programs/MiKTeX/tex/generic/pgf/math/pgfmathfunc
tions.misc.code.tex)
(<LOCAL_USER_ROOT>/AppData/Local/Programs/MiKTeX/tex/generic/pgf/math/pgfmathfunc
tions.integerarithmetics.code.tex)
(<LOCAL_USER_ROOT>/AppData/Local/Programs/MiKTeX/tex/generic/pgf/math/pgfmathcalc
.code.tex)
(<LOCAL_USER_ROOT>/AppData/Local/Programs/MiKTeX/tex/generic/pgf/math/pgfmathfloa
t.code.tex
\c@pgfmathroundto@lastzeros=\count376
))
(<LOCAL_USER_ROOT>/AppData/Local/Programs/MiKTeX/tex/generic/pgf/math/pgfint.code
.tex)
(<LOCAL_USER_ROOT>/AppData/Local/Programs/MiKTeX/tex/generic/pgf/basiclayer/pgfco
repoints.code.tex
File: pgfcorepoints.code.tex 2025-08-29 v3.1.11a (3.1.11a)
\pgf@picminx=\dimen285
\pgf@picmaxx=\dimen286
\pgf@picminy=\dimen287
\pgf@picmaxy=\dimen288
\pgf@pathminx=\dimen289
\pgf@pathmaxx=\dimen290
\pgf@pathminy=\dimen291
\pgf@pathmaxy=\dimen292
\pgf@xx=\dimen293
\pgf@xy=\dimen294
\pgf@yx=\dimen295
\pgf@yy=\dimen296
\pgf@zx=\dimen297
\pgf@zy=\dimen298
)
(<LOCAL_USER_ROOT>/AppData/Local/Programs/MiKTeX/tex/generic/pgf/basiclayer/pgfco
repathconstruct.code.tex
File: pgfcorepathconstruct.code.tex 2025-08-29 v3.1.11a (3.1.11a)
\pgf@path@lastx=\dimen299
\pgf@path@lasty=\dimen300
)
(<LOCAL_USER_ROOT>/AppData/Local/Programs/MiKTeX/tex/generic/pgf/basiclayer/pgfco
repathusage.code.tex
File: pgfcorepathusage.code.tex 2025-08-29 v3.1.11a (3.1.11a)
\pgf@shorten@end@additional=\dimen301
\pgf@shorten@start@additional=\dimen302
)
(<LOCAL_USER_ROOT>/AppData/Local/Programs/MiKTeX/tex/generic/pgf/basiclayer/pgfco
rescopes.code.tex
File: pgfcorescopes.code.tex 2025-08-29 v3.1.11a (3.1.11a)
\pgfpic=\box69
\pgf@hbox=\box70
\pgf@layerbox@main=\box71
\pgf@picture@serial@count=\count377
)
(<LOCAL_USER_ROOT>/AppData/Local/Programs/MiKTeX/tex/generic/pgf/basiclayer/pgfco
regraphicstate.code.tex
File: pgfcoregraphicstate.code.tex 2025-08-29 v3.1.11a (3.1.11a)
\pgflinewidth=\dimen303
)
(<LOCAL_USER_ROOT>/AppData/Local/Programs/MiKTeX/tex/generic/pgf/basiclayer/pgfco
retransformations.code.tex
File: pgfcoretransformations.code.tex 2025-08-29 v3.1.11a (3.1.11a)
\pgf@pt@x=\dimen304
\pgf@pt@y=\dimen305
\pgf@pt@temp=\dimen306
)
(<LOCAL_USER_ROOT>/AppData/Local/Programs/MiKTeX/tex/generic/pgf/basiclayer/pgfco
requick.code.tex
File: pgfcorequick.code.tex 2025-08-29 v3.1.11a (3.1.11a)
)
(<LOCAL_USER_ROOT>/AppData/Local/Programs/MiKTeX/tex/generic/pgf/basiclayer/pgfco
reobjects.code.tex
File: pgfcoreobjects.code.tex 2025-08-29 v3.1.11a (3.1.11a)
)
(<LOCAL_USER_ROOT>/AppData/Local/Programs/MiKTeX/tex/generic/pgf/basiclayer/pgfco
repathprocessing.code.tex
File: pgfcorepathprocessing.code.tex 2025-08-29 v3.1.11a (3.1.11a)
)
(<LOCAL_USER_ROOT>/AppData/Local/Programs/MiKTeX/tex/generic/pgf/basiclayer/pgfco
rearrows.code.tex
File: pgfcorearrows.code.tex 2025-08-29 v3.1.11a (3.1.11a)
\pgfarrowsep=\dimen307
)
(<LOCAL_USER_ROOT>/AppData/Local/Programs/MiKTeX/tex/generic/pgf/basiclayer/pgfco
reshade.code.tex
File: pgfcoreshade.code.tex 2025-08-29 v3.1.11a (3.1.11a)
\pgf@max=\dimen308
\pgf@sys@shading@range@num=\count378
\pgf@shadingcount=\count379
)
(<LOCAL_USER_ROOT>/AppData/Local/Programs/MiKTeX/tex/generic/pgf/basiclayer/pgfco
reimage.code.tex
File: pgfcoreimage.code.tex 2025-08-29 v3.1.11a (3.1.11a)
)
(<LOCAL_USER_ROOT>/AppData/Local/Programs/MiKTeX/tex/generic/pgf/basiclayer/pgfco
reexternal.code.tex
File: pgfcoreexternal.code.tex 2025-08-29 v3.1.11a (3.1.11a)
\pgfexternal@startupbox=\box72
)
(<LOCAL_USER_ROOT>/AppData/Local/Programs/MiKTeX/tex/generic/pgf/basiclayer/pgfco
relayers.code.tex
File: pgfcorelayers.code.tex 2025-08-29 v3.1.11a (3.1.11a)
)
(<LOCAL_USER_ROOT>/AppData/Local/Programs/MiKTeX/tex/generic/pgf/basiclayer/pgfco
retransparency.code.tex
File: pgfcoretransparency.code.tex 2025-08-29 v3.1.11a (3.1.11a)
)
(<LOCAL_USER_ROOT>/AppData/Local/Programs/MiKTeX/tex/generic/pgf/basiclayer/pgfco
repatterns.code.tex
File: pgfcorepatterns.code.tex 2025-08-29 v3.1.11a (3.1.11a)
)
(<LOCAL_USER_ROOT>/AppData/Local/Programs/MiKTeX/tex/generic/pgf/basiclayer/pgfco
rerdf.code.tex
File: pgfcorerdf.code.tex 2025-08-29 v3.1.11a (3.1.11a)
)))
(<LOCAL_USER_ROOT>/AppData/Local/Programs/MiKTeX/tex/generic/pgf/modules/pgfmodul
eshapes.code.tex
File: pgfmoduleshapes.code.tex 2025-08-29 v3.1.11a (3.1.11a)
\pgfnodeparttextbox=\box73
)
(<LOCAL_USER_ROOT>/AppData/Local/Programs/MiKTeX/tex/generic/pgf/modules/pgfmodul
eplot.code.tex
File: pgfmoduleplot.code.tex 2025-08-29 v3.1.11a (3.1.11a)
)
(<LOCAL_USER_ROOT>/AppData/Local/Programs/MiKTeX/tex/latex/pgf/compatibility/pgfc
omp-version-0-65.sty
Package: pgfcomp-version-0-65 2025-08-29 v3.1.11a (3.1.11a)
\pgf@nodesepstart=\dimen309
\pgf@nodesepend=\dimen310
)
(<LOCAL_USER_ROOT>/AppData/Local/Programs/MiKTeX/tex/latex/pgf/compatibility/pgfc
omp-version-1-18.sty
Package: pgfcomp-version-1-18 2025-08-29 v3.1.11a (3.1.11a)
))
(<LOCAL_USER_ROOT>/AppData/Local/Programs/MiKTeX/tex/latex/pgf/utilities/pgffor.s
ty
(<LOCAL_USER_ROOT>/AppData/Local/Programs/MiKTeX/tex/latex/pgf/utilities/pgfkeys.
sty
(<LOCAL_USER_ROOT>/AppData/Local/Programs/MiKTeX/tex/generic/pgf/utilities/pgfkey
s.code.tex))
(<LOCAL_USER_ROOT>/AppData/Local/Programs/MiKTeX/tex/latex/pgf/math/pgfmath.sty
(<LOCAL_USER_ROOT>/AppData/Local/Programs/MiKTeX/tex/generic/pgf/math/pgfmath.cod
e.tex))
(<LOCAL_USER_ROOT>/AppData/Local/Programs/MiKTeX/tex/generic/pgf/utilities/pgffor
.code.tex
Package: pgffor 2025-08-29 v3.1.11a (3.1.11a)
\pgffor@iter=\dimen311
\pgffor@skip=\dimen312
\pgffor@stack=\toks45
\pgffor@toks=\toks46
))
(<LOCAL_USER_ROOT>/AppData/Local/Programs/MiKTeX/tex/generic/pgf/frontendlayer/ti
kz/tikz.code.tex
Package: tikz 2025-08-29 v3.1.11a (3.1.11a)

(<LOCAL_USER_ROOT>/AppData/Local/Programs/MiKTeX/tex/generic/pgf/libraries/pgflib
raryplothandlers.code.tex
File: pgflibraryplothandlers.code.tex 2025-08-29 v3.1.11a (3.1.11a)
\pgf@plot@mark@count=\count380
\pgfplotmarksize=\dimen313
)
\tikz@lastx=\dimen314
\tikz@lasty=\dimen315
\tikz@lastxsaved=\dimen316
\tikz@lastysaved=\dimen317
\tikz@lastmovetox=\dimen318
\tikz@lastmovetoy=\dimen319
\tikzleveldistance=\dimen320
\tikzsiblingdistance=\dimen321
\tikz@figbox=\box74
\tikz@figbox@bg=\box75
\tikz@tempbox=\box76
\tikz@tempbox@bg=\box77
\tikztreelevel=\count381
\tikznumberofchildren=\count382
\tikznumberofcurrentchild=\count383
\tikz@fig@count=\count384

(<LOCAL_USER_ROOT>/AppData/Local/Programs/MiKTeX/tex/generic/pgf/modules/pgfmodul
ematrix.code.tex
File: pgfmodulematrix.code.tex 2025-08-29 v3.1.11a (3.1.11a)
\pgfmatrixcurrentrow=\count385
\pgfmatrixcurrentcolumn=\count386
\pgf@matrix@numberofcolumns=\count387
)
\tikz@expandcount=\count388

(<LOCAL_USER_ROOT>/AppData/Local/Programs/MiKTeX/tex/generic/pgf/frontendlayer/ti
kz/libraries/tikzlibrarytopaths.code.tex
File: tikzlibrarytopaths.code.tex 2025-08-29 v3.1.11a (3.1.11a)
)))
(<LOCAL_USER_ROOT>/AppData/Local/Programs/MiKTeX/tex/latex/tikzscale/tikzscale.st
y
Package: tikzscale 2013/05/22 v0.2.6 tikzscale LaTeX package

(<LOCAL_USER_ROOT>/AppData/Local/Programs/MiKTeX/tex/latex/letltxmacro/letltxmacr
o.sty
Package: letltxmacro 2019/12/03 v1.6 Let assignment for LaTeX macros (HO)
)
\tikzscale@measuredSize=\box78
)
(<LOCAL_USER_ROOT>/AppData/Local/Programs/MiKTeX/tex/generic/pgf/frontendlayer/ti
kz/libraries/tikzlibraryarrows.code.tex
File: tikzlibraryarrows.code.tex 2025-08-29 v3.1.11a (3.1.11a)

(<LOCAL_USER_ROOT>/AppData/Local/Programs/MiKTeX/tex/generic/pgf/libraries/pgflib
raryarrows.code.tex
File: pgflibraryarrows.code.tex 2025-08-29 v3.1.11a (3.1.11a)
\arrowsize=\dimen322
))
(<LOCAL_USER_ROOT>/AppData/Local/Programs/MiKTeX/tex/generic/pgf/frontendlayer/ti
kz/libraries/tikzlibraryautomata.code.tex
File: tikzlibraryautomata.code.tex 2025-08-29 v3.1.11a (3.1.11a)

(<LOCAL_USER_ROOT>/AppData/Local/Programs/MiKTeX/tex/generic/pgf/frontendlayer/ti
kz/libraries/tikzlibraryshapes.multipart.code.tex
File: tikzlibraryshapes.multipart.code.tex 2025-08-29 v3.1.11a (3.1.11a)

(<LOCAL_USER_ROOT>/AppData/Local/Programs/MiKTeX/tex/generic/pgf/libraries/shapes
/pgflibraryshapes.multipart.code.tex
File: pgflibraryshapes.multipart.code.tex 2025-08-29 v3.1.11a (3.1.11a)
\pgfnodepartlowerbox=\box79
\pgfnodeparttwobox=\box80
\pgfnodepartthreebox=\box81
\pgfnodepartfourbox=\box82
\pgfnodeparttwentybox=\box83
\pgfnodepartnineteenbox=\box84
\pgfnodeparteighteenbox=\box85
\pgfnodepartseventeenbox=\box86
\pgfnodepartsixteenbox=\box87
\pgfnodepartfifteenbox=\box88
\pgfnodepartfourteenbox=\box89
\pgfnodepartthirteenbox=\box90
\pgfnodeparttwelvebox=\box91
\pgfnodepartelevenbox=\box92
\pgfnodeparttenbox=\box93
\pgfnodepartninebox=\box94
\pgfnodeparteightbox=\box95
\pgfnodepartsevenbox=\box96
\pgfnodepartsixbox=\box97
\pgfnodepartfivebox=\box98
)))
(<LOCAL_USER_ROOT>/AppData/Local/Programs/MiKTeX/tex/generic/pgf/frontendlayer/ti
kz/libraries/tikzlibraryintersections.code.tex
(<LOCAL_USER_ROOT>/AppData/Local/Programs/MiKTeX/tex/generic/pgf/libraries/pgflib
raryintersections.code.tex
(<LOCAL_USER_ROOT>/AppData/Local/Programs/MiKTeX/tex/generic/pgf/libraries/pgflib
raryfpu.code.tex)
\pgf@intersect@solutions=\count389
))
(<LOCAL_USER_ROOT>/AppData/Local/Programs/MiKTeX/tex/generic/pgf/frontendlayer/ti
kz/libraries/tikzlibrarypositioning.code.tex
File: tikzlibrarypositioning.code.tex 2025-08-29 v3.1.11a (3.1.11a)
)
(<LOCAL_USER_ROOT>/AppData/Local/Programs/MiKTeX/tex/latex/bussproofs/bussproofs.
sty
Proof Tree (bussproofs) style macros. Version 1.1.
\theLevel=\count390
\myMaxLevel=\count391
\myBoxA=\box99
\myBoxB=\box100
\myBoxC=\box101
\myBoxD=\box102
\myBoxLL=\box103
\myBoxRL=\box104
\thisAboveSkip=\dimen323
\thisBelowSkip=\dimen324
\newScoreStart=\dimen325
\newScoreEnd=\dimen326
\newCenter=\dimen327
\displace=\dimen328
\leftLowerAmt=\dimen329
\rightLowerAmt=\dimen330
\scoreHeight=\dimen331
\scoreDepth=\dimen332
\htLbox=\dimen333
\htRbox=\dimen334
\htRRbox=\dimen335
\htRRRbox=\dimen336
\htAbox=\dimen337
\htCbox=\dimen338
)
(<LOCAL_USER_ROOT>/AppData/Local/Programs/MiKTeX/tex/latex/prooftrees/prooftrees.
sty
(<LOCAL_USER_ROOT>/AppData/Local/Programs/MiKTeX/tex/latex/svn-prov/svn-prov.sty
Package: svn-prov 2010/04/24 v3.1862 Package Date/Version from SVN Keywords
)
Package: prooftrees 2026/02/21 v0.9.3 (SVN Rev: 11666)
(<LOCAL_USER_ROOT>/AppData/Local/Programs/MiKTeX/tex/latex/forest/forest.sty
Package: forest 2017/07/14 v2.1.5 Drawing (linguistic) trees

(<LOCAL_USER_ROOT>/AppData/Local/Programs/MiKTeX/tex/generic/pgf/frontendlayer/ti
kz/libraries/tikzlibraryshapes.code.tex
File: tikzlibraryshapes.code.tex 2025-08-29 v3.1.11a (3.1.11a)

(<LOCAL_USER_ROOT>/AppData/Local/Programs/MiKTeX/tex/generic/pgf/frontendlayer/ti
kz/libraries/tikzlibraryshapes.geometric.code.tex
File: tikzlibraryshapes.geometric.code.tex 2025-08-29 v3.1.11a (3.1.11a)

(<LOCAL_USER_ROOT>/AppData/Local/Programs/MiKTeX/tex/generic/pgf/libraries/shapes
/pgflibraryshapes.geometric.code.tex
File: pgflibraryshapes.geometric.code.tex 2025-08-29 v3.1.11a (3.1.11a)
))
(<LOCAL_USER_ROOT>/AppData/Local/Programs/MiKTeX/tex/generic/pgf/frontendlayer/ti
kz/libraries/tikzlibraryshapes.misc.code.tex
File: tikzlibraryshapes.misc.code.tex 2025-08-29 v3.1.11a (3.1.11a)

(<LOCAL_USER_ROOT>/AppData/Local/Programs/MiKTeX/tex/generic/pgf/libraries/shapes
/pgflibraryshapes.misc.code.tex
File: pgflibraryshapes.misc.code.tex 2025-08-29 v3.1.11a (3.1.11a)
))
(<LOCAL_USER_ROOT>/AppData/Local/Programs/MiKTeX/tex/generic/pgf/frontendlayer/ti
kz/libraries/tikzlibraryshapes.symbols.code.tex
File: tikzlibraryshapes.symbols.code.tex 2025-08-29 v3.1.11a (3.1.11a)

(<LOCAL_USER_ROOT>/AppData/Local/Programs/MiKTeX/tex/generic/pgf/libraries/shapes
/pgflibraryshapes.symbols.code.tex
File: pgflibraryshapes.symbols.code.tex 2025-08-29 v3.1.11a (3.1.11a)
))
(<LOCAL_USER_ROOT>/AppData/Local/Programs/MiKTeX/tex/generic/pgf/frontendlayer/ti
kz/libraries/tikzlibraryshapes.arrows.code.tex
File: tikzlibraryshapes.arrows.code.tex 2025-08-29 v3.1.11a (3.1.11a)

(<LOCAL_USER_ROOT>/AppData/Local/Programs/MiKTeX/tex/generic/pgf/libraries/shapes
/pgflibraryshapes.arrows.code.tex
File: pgflibraryshapes.arrows.code.tex 2025-08-29 v3.1.11a (3.1.11a)
))
(<LOCAL_USER_ROOT>/AppData/Local/Programs/MiKTeX/tex/generic/pgf/frontendlayer/ti
kz/libraries/tikzlibraryshapes.callouts.code.tex
(<LOCAL_USER_ROOT>/AppData/Local/Programs/MiKTeX/tex/generic/pgf/libraries/shapes
/pgflibraryshapes.callouts.code.tex)))
(<LOCAL_USER_ROOT>/AppData/Local/Programs/MiKTeX/tex/generic/pgf/frontendlayer/ti
kz/libraries/tikzlibraryfit.code.tex
File: tikzlibraryfit.code.tex 2025-08-29 v3.1.11a (3.1.11a)
)
(<LOCAL_USER_ROOT>/AppData/Local/Programs/MiKTeX/tex/generic/pgf/frontendlayer/ti
kz/libraries/tikzlibrarycalc.code.tex
File: tikzlibrarycalc.code.tex 2025-08-29 v3.1.11a (3.1.11a)
)
(<LOCAL_USER_ROOT>/AppData/Local/Programs/MiKTeX/tex/latex/pgfopts/pgfopts.sty
Package: pgfopts 2014/07/10 v2.1a LaTeX package options with pgfkeys
\pgfopts@list@add@a@toks=\toks47
\pgfopts@list@add@b@toks=\toks48
)
(<LOCAL_USER_ROOT>/AppData/Local/Programs/MiKTeX/tex/latex/elocalloc/elocalloc.st
y
Package: elocalloc 2016/12/15 v0.03 local allocation for LaTeX 2015+ (DPC)
) (<LOCAL_USER_ROOT>/AppData/Local/Programs/MiKTeX/tex/latex/environ/environ.sty
Package: environ 2014/05/04 v0.3 A new way to define environments

(<LOCAL_USER_ROOT>/AppData/Local/Programs/MiKTeX/tex/latex/trimspaces/trimspaces.
sty
Package: trimspaces 2009/09/17 v1.1 Trim spaces around a token list
))
(<LOCAL_USER_ROOT>/AppData/Local/Programs/MiKTeX/tex/latex/inlinedef/inlinedef.st
y
Package: inlinedef 2008/07/10 v1.0 Inlined expansions within definitions
\ID@toks=\toks49
\ID@count=\count392
)
\ID@usercommands=\toks50
\safeloop@depth=\count393
\safeRKloop@depth=\count394
\forest@temp@dimen=\dimen339
\forest@temp@count=\count395
\forest@n=\count396
\forest@temp@global@count=\count397
\forest@temp@toks=\toks51
\forest@temparray@M=\count398
\forest@temparray@N=\count399
\forest@global@temparray@M=\count400
\forest@global@temparray@N=\count401
\forest@isnum@count=\count402
\forest@isdim@nonintpart=\count403
\forest@isdim@dimen=\dimen340
\forest@sort@m=\count404
\forest@sort@k=\count405
\forest@sort@p=\count406
\bracket@content=\toks52
\bracket@afterthought=\toks53
\forest@node@maxid=\count407
\forest@process@left@M=\count408
\forest@process@left@N=\count409
\forest@process@right@M=\count410
\forest@process@right@N=\count411
\forest@process@saved@M=\count412
\forest@process@saved@N=\count413
\forest@process@result@M=\count414
\forest@process@result@N=\count415
\forest@process@n=\count416
\forest@nodewalk@branch@toks=\toks54
\forest@nodewalk@shortsteps@resolution=\toks55
\forest@do@dynamics=\toks56
\forest@box=\box105
\forest@xg=\dimen341
\forest@yg=\dimen342
\forest@xs=\dimen343
\forest@ys=\dimen344
\forest@pi@toks=\toks57
\forest@segment@toks=\toks58
\forest@PIi@toks=\toks59
\forest@PIii@toks=\toks60
\forest@copy@in=\read5
\forest@copy@out=\write5
\forest@externalize@max@outer@n=\count417
\forest@externalize@inner@n=\count418
)
(<LOCAL_USER_ROOT>/AppData/Local/Programs/MiKTeX/tex/latex/forest-ext/forest-lib-
ext.tagging.sty
Package: forest-lib-ext.tagging v0.1

(<LOCAL_USER_ROOT>/AppData/Local/Programs/MiKTeX/tex/latex/forest-ext/forest-lib-
ext.utils.sty
Package: forest-lib-ext.utils 2025-12-05 v0.1
\forestext@toksa=\toks61
)
\tagforest@toks=\toks62
\tagforest@id=\count419

[Forest ext.utils debug]:: Setting processing order for tag nodes to unique=tre
e.
[Forest ext.utils debug]:: Setting processing order for collate tags to unique=
tree.
)
[Forest ext.utils debug]:: Setting processing order for proof tree copy content
 to unique=tree.
) (<LOCAL_USER_ROOT>/AppData/Local/Programs/MiKTeX/tex/latex/wrapfig/wrapfig.sty
\wrapoverhang=\dimen345
\WF@size=\dimen346
\c@WF@wrappedlines=\count420
\WF@box=\box106
\WF@everypar=\toks63
Package: wrapfig 2003/01/31  v 3.6
)
(<LOCAL_USER_ROOT>/AppData/Local/Programs/MiKTeX/tex/generic/catchfile/catchfile.
sty
Package: catchfile 2019/12/09 v1.8 Catch the contents of a file (HO)

(<LOCAL_USER_ROOT>/AppData/Local/Programs/MiKTeX/tex/generic/etexcmds/etexcmds.st
y
Package: etexcmds 2019/12/15 v1.7 Avoid name clashes with e-TeX commands (HO)
))
(<LOCAL_USER_ROOT>/AppData/Local/Programs/MiKTeX/tex/latex/hyperref/hyperref.sty
Package: hyperref 2026-04-24 v7.01q Hypertext links for LaTeX

(<LOCAL_USER_ROOT>/AppData/Local/Programs/MiKTeX/tex/generic/kvdefinekeys/kvdefin
ekeys.sty
Package: kvdefinekeys 2019-12-19 v1.6 Define keys (HO)
)
(<LOCAL_USER_ROOT>/AppData/Local/Programs/MiKTeX/tex/generic/pdfescape/pdfescape.
sty
Package: pdfescape 2019/12/09 v1.15 Implements pdfTeX's escape features (HO)

(<LOCAL_USER_ROOT>/AppData/Local/Programs/MiKTeX/tex/generic/pdftexcmds/pdftexcmd
s.sty
Package: pdftexcmds 2020-06-27 v0.33 Utility functions of pdfTeX for LuaTeX (HO
)
Package pdftexcmds Info: \pdf@primitive is available.
Package pdftexcmds Info: \pdf@ifprimitive is available.
Package pdftexcmds Info: \pdfdraftmode found.
\pdftexcmds@toks=\toks64
))
(<LOCAL_USER_ROOT>/AppData/Local/Programs/MiKTeX/tex/latex/hycolor/hycolor.sty
Package: hycolor 2020-01-27 v1.10 Color options for hyperref/bookmark (HO)
)
(<LOCAL_USER_ROOT>/AppData/Local/Programs/MiKTeX/tex/generic/stringenc/stringenc.
sty
Package: stringenc 2019/11/29 v1.12 Convert strings between diff. encodings (HO
)
)
\@linkdim=\dimen347
\Hy@linkcounter=\count421
\Hy@pagecounter=\count422

(<LOCAL_USER_ROOT>/AppData/Local/Programs/MiKTeX/tex/latex/hyperref/pd1enc.def
File: pd1enc.def 2026-04-24 v7.01q Hyperref: PDFDocEncoding definition (HO)
)
(<LOCAL_USER_ROOT>/AppData/Local/Programs/MiKTeX/tex/generic/intcalc/intcalc.sty
Package: intcalc 2019/12/15 v1.3 Expandable calculations with integers (HO)
)
\Hy@SavedSpaceFactor=\count423
(<LOCAL_USER_ROOT>/AppData/Local/Programs/MiKTeX/tex/latex/hyperref/puenc.def
File: puenc.def 2026-04-24 v7.01q Hyperref: PDF Unicode definition (HO)
)
Package hyperref Info: Hyper figures OFF on input line 4199.
Package hyperref Info: Link nesting OFF on input line 4204.
Package hyperref Info: Hyper index ON on input line 4207.
Package hyperref Info: Plain pages OFF on input line 4214.
Package hyperref Info: Backreferencing OFF on input line 4219.
Package hyperref Info: Implicit mode ON; LaTeX internals redefined.
Package hyperref Info: Bookmarks ON on input line 4466.
\c@Hy@tempcnt=\count424

(<LOCAL_USER_ROOT>/AppData/Local/Programs/MiKTeX/tex/latex/url/url.sty
\Urlmuskip=\muskip21
Package: url 2013/09/16  ver 3.4  Verb mode for urls, etc.
)
LaTeX Info: Redefining \url on input line 4805.
\XeTeXLinkMargin=\dimen348

(<LOCAL_USER_ROOT>/AppData/Local/Programs/MiKTeX/tex/generic/bitset/bitset.sty
Package: bitset 2019/12/09 v1.3 Handle bit-vector datatype (HO)

(<LOCAL_USER_ROOT>/AppData/Local/Programs/MiKTeX/tex/generic/bigintcalc/bigintcal
c.sty
Package: bigintcalc 2019/12/15 v1.5 Expandable calculations on big integers (HO
)
))
\Fld@menulength=\count425
\Field@Width=\dimen349
\Fld@charsize=\dimen350
Package hyperref Info: Hyper figures OFF on input line 6091.
Package hyperref Info: Link nesting OFF on input line 6096.
Package hyperref Info: Hyper index ON on input line 6099.
Package hyperref Info: backreferencing OFF on input line 6106.
Package hyperref Info: Link coloring OFF on input line 6111.
Package hyperref Info: Link coloring with OCG OFF on input line 6116.
Package hyperref Info: PDF/A mode OFF on input line 6121.
\Hy@abspage=\count426
\c@Item=\count427
\c@Hfootnote=\count428
)
Package hyperref Info: Driver (autodetected): hluatex.

(<LOCAL_USER_ROOT>/AppData/Local/Programs/MiKTeX/tex/latex/hyperref/hluatex.def
File: hluatex.def 2026-04-24 v7.01q Hyperref driver for luaTeX
\Fld@listcount=\count429
\c@bookmark@seq@number=\count430

(<LOCAL_USER_ROOT>/AppData/Local/Programs/MiKTeX/tex/latex/rerunfilecheck/rerunfi
lecheck.sty
Package: rerunfilecheck 2025-06-21 v1.11 Rerun checks for auxiliary files (HO)

(<LOCAL_USER_ROOT>/AppData/Local/Programs/MiKTeX/tex/generic/uniquecounter/unique
counter.sty
Package: uniquecounter 2019/12/15 v1.4 Provide unlimited unique counter (HO)
)
Package uniquecounter Info: New unique counter `rerunfilecheck' on input line 2
84.
)
\Hy@SectionHShift=\skip264
)
(<LOCAL_USER_ROOT>/AppData/Local/Programs/MiKTeX/tex/latex/memoir/memhfixc.sty
Package: memhfixc 2025/09/16 v1.24 hyperref package fixes for memoir class
\c@memhycontfloat=\count431
\c@mem@Hpagenote=\count432
)
Package hyperref Info: Option `hypertexnames' set `false' on input line 70.
Package hyperref Info: Option `breaklinks' set `true' on input line 70.


Package hyperref Warning: Option `bookmarks' has already been used,
(hyperref)                setting the option has no effect on input line 70.

Package hyperref Info: Option `bookmarksopen' set `true' on input line 70.
Package hyperref Info: Option `colorlinks' set `true' on input line 70.
(<LOCAL_USER_ROOT>/AppData/Local/Programs/MiKTeX/tex/latex/ntheorem/ntheorem.sty
Style `ntheorem', Version 1.33 <2011/08/15>
Package: ntheorem 2011/08/15 1.33
\theorem@style=\toks65
\theorem@@style=\toks66
\theorembodyfont=\toks67
\theoremnumbering=\toks68
\theorempreskipamount=\skip265
\theorempostskipamount=\skip266
\theoremframepreskipamount=\skip267
\theoremframepostskipamount=\skip268
\theoreminframepreskipamount=\skip269
\theoreminframepostskipamount=\skip270
\theorem@preskip=\toks69
\theorem@postskip=\toks70
\theorem@framepreskip=\toks71
\theorem@framepostskip=\toks72
\theorem@inframepreskip=\toks73
\theorem@inframepostskip=\toks74
\theoremindent=\dimen351
\theorem@indent=\dimen352
\theoremrightindent=\dimen353
\theorem@rightindent=\dimen354
\theoremheaderfont=\toks75
\theoremseparator=\toks76
\theoremprework=\toks77
\theorempostwork=\toks78
\theoremsymbol=\toks79
\qedsymbol=\toks80
\theoremkeyword=\toks81
\qedsymbol=\toks82
\thm@topsep=\skip271
\thm@topsepadd=\skip272
Package ntheorem Info: Option `thmmarks' loaded on input line 1175.
\c@endNonectr=\count433
\c@currNonectr=\count434
\mysavskip=\skip273
Package ntheorem Info: option `amsmath' handling for `thmmarks' loaded on input
 line 1175.
\thm@amstmpdepth=\dimen355
\tagwidth=\dimen356
Package ntheorem Info: Option `amsthm' loaded on input line 1175.
\c@proof=\count435
\c@currproofctr=\count436
\c@endproofctr=\count437
)
(<LOCAL_USER_ROOT>/AppData/Local/Programs/MiKTeX/tex/latex/thmtools/thmtools.sty
Package: thmtools 2023/05/04 v0.76
\thmt@toks=\toks83
\c@thmt@dummyctr=\count438

(<LOCAL_USER_ROOT>/AppData/Local/Programs/MiKTeX/tex/latex/thmtools/thm-patch.sty
Package: thm-patch 2023/05/04 v0.76

(<LOCAL_USER_ROOT>/AppData/Local/Programs/MiKTeX/tex/latex/thmtools/parseargs.sty
Package: parseargs 2023/05/04 v0.76
\@parsespec=\toks84
)) (<LOCAL_USER_ROOT>/AppData/Local/Programs/MiKTeX/tex/latex/thmtools/thm-kv.sty
Package: thm-kv 2023/05/04 v0.76
Package thm-kv Info: Theorem names will be uppercased on input line 42.
Package thm-kv Info: kvsetkeys patch (v1.16 or later) on input line 158.
)
(<LOCAL_USER_ROOT>/AppData/Local/Programs/MiKTeX/tex/latex/thmtools/thm-autoref.s
ty
Package: thm-autoref 2023/05/04 v0.76

(<LOCAL_USER_ROOT>/AppData/Local/Programs/MiKTeX/tex/latex/thmtools/aliasctr.sty
Package: aliasctr 2023/05/04 v0.76
))
(<LOCAL_USER_ROOT>/AppData/Local/Programs/MiKTeX/tex/latex/thmtools/thm-listof.st
y
Package: thm-listof 2023/05/04 v0.76
)
(<LOCAL_USER_ROOT>/AppData/Local/Programs/MiKTeX/tex/latex/thmtools/thm-restate.s
ty
Package: thm-restate 2023/05/04 v0.76
)
(<LOCAL_USER_ROOT>/AppData/Local/Programs/MiKTeX/tex/latex/thmtools/thm-ntheorem.
sty
Package: thm-ntheorem 2023/05/04 v0.76
))
(<LOCAL_USER_ROOT>/AppData/Local/Programs/MiKTeX/tex/latex/cleveref/cleveref.sty
Package: cleveref 2018/03/27 v0.21.4 Intelligent cross-referencing
Package cleveref Info: `hyperref' support loaded on input line 2370.
LaTeX Info: Redefining \cref on input line 2370.
LaTeX Info: Redefining \Cref on input line 2370.
LaTeX Info: Redefining \crefrange on input line 2370.
LaTeX Info: Redefining \Crefrange on input line 2370.
LaTeX Info: Redefining \cpageref on input line 2370.
LaTeX Info: Redefining \Cpageref on input line 2370.
LaTeX Info: Redefining \cpagerefrange on input line 2370.
LaTeX Info: Redefining \Cpagerefrange on input line 2370.
LaTeX Info: Redefining \labelcref on input line 2370.
LaTeX Info: Redefining \labelcpageref on input line 2370.
Package cleveref Info: `ntheorem' support loaded on input line 3055.
Package cleveref Info: always capitalise cross-reference names on input line 78
30.
Package cleveref Info: include cross-reference names in hyperlinks on input lin
e 7836.
Package cleveref Info: always capitalise cross-reference names on input line 78
52.
Package cleveref Info: include cross-reference names in hyperlinks on input lin
e 7852.
)
==> First Aid for cleveref.sty applied!
(../../open-logic-locale.sty) (../../sty/open-logic-referencing.sty
File: open-logic-referencing.sty 
)
(../../sty/open-logic-formulas.sty
File: open-logic-formulas 
) (../../sty/open-logic-tokenize.sty
File: open-logic-tokenize 
Package babel Info: Making ! an active character on input line 116.
)
(../../sty/open-logic-selective.sty
File: open-logic-selective.sty 

(<LOCAL_USER_ROOT>/AppData/Local/Programs/MiKTeX/tex/latex/xpunctuate/xpunctuate.
sty
Package: xpunctuate 2023/08/13 v2.0 punctuation after command names (PGR)
 (<LOCAL_USER_ROOT>/AppData/Local/Programs/MiKTeX/tex/latex/tools/xspace.sty
Package: xspace 2014/10/28 v1.13 Space after command names (DPC,MH)
)
\xpnct@tok=\toks85
)
\c@tagnum=\count439
) (../../sty/bussproofs-extra.sty

LaTeX Warning: You have requested file `',
               but the file provides `bussproofs-extra'.

Package: bussproofs-extra 2019/05/31 0.4 Extra commands for bussproofs.sty
\CenterCorrection=\dimen357
\DiagCorrection=\dimen358
\myBoxLLL=\box107
\myBoxRLL=\box108
) (../../sty/ptolemaicastronomy.sty

LaTeX Warning: You have requested file `',
               but the file provides `ptolemaicastronomy'.

Package: ptolemaicastronomy 
) (../../open-logic-config.sty
(<LOCAL_USER_ROOT>/AppData/Local/Programs/MiKTeX/tex/latex/stmaryrd/stmaryrd.sty
Package: stmaryrd 1994/03/03 St Mary's Road symbol package
\symstmry=\mathgroup6
LaTeX Font Info:    Overwriting symbol font `stmry' in version `bold'
(Font)                  U/stmry/m/n --> U/stmry/b/n on input line 89.
)
Package open-logic-tokenize Info: Setting token height to height / heights on i
nput line 881.
Package open-logic-tokenize Info: Setting token hp to hp / hp on input line 882
.
Package open-logic-tokenize Info: Setting token depth to depth / depths on inpu
t line 888.

(<LOCAL_USER_ROOT>/AppData/Local/Programs/MiKTeX/tex/generic/pgf/frontendlayer/ti
kz/libraries/tikzlibrarylindenmayersystems.code.tex
(<LOCAL_USER_ROOT>/AppData/Local/Programs/MiKTeX/tex/generic/pgf/libraries/pgflib
rarylindenmayersystems.code.tex
\pgflsystemstep=\dimen359
\c@pgf@lsystem@iteration=\count440
))
Package open-logic-tokenize Info: Setting token language to language / language
s on input line 1357.
Package open-logic-tokenize Info: Setting token formula to formula / formulas o
n input line 1362.
Package open-logic-tokenize Info: Setting token subformula to subformula / subf
ormulas on input line 1367.
Package open-logic-tokenize Info: Setting token sentence to sentence / sentence
s on input line 1372.
Package open-logic-tokenize Info: Setting token variable to variable / variable
s on input line 1377.
Package open-logic-tokenize Info: Setting token propositional variable to propo
sitional variable / propositional variables on input line 1383.
Package open-logic-tokenize Info: Setting token constant to constant symbol / c
onstant symbols on input line 1388.
Package open-logic-tokenize Info: Setting token predicate to predicate symbol /
 predicate symbols on input line 1392.
Package open-logic-tokenize Info: Setting token function to function symbol / f
unction symbols on input line 1396.
Package open-logic-tokenize Info: Setting token operator to logical operator / 
logical operators on input line 1400.
Package open-logic-tokenize Info: Setting token main operator to main operator 
/ main operators on input line 1405.
Package open-logic-tokenize Info: Setting token free for to free for / free for
 on input line 1410.
Package open-logic-tokenize Info: Setting token identity to identity predicate 
/ identity predicates on input line 1415.
Package open-logic-tokenize Info: Setting token conditional to conditional / co
nditionals on input line 1420.
Package open-logic-tokenize Info: Setting token biconditional to biconditional 
/ biconditionals on input line 1425.
Package open-logic-tokenize Info: Setting token falsity to falsity / falsities 
on input line 1430.
Package open-logic-tokenize Info: Setting token truth to truth / truth on input
 line 1435.
Package open-logic-tokenize Info: Setting token structure to structure / struct
ures on input line 1440.
Package open-logic-tokenize Info: Setting token valuation to valuation / valuat
ions on input line 1444.
Package open-logic-tokenize Info: Setting token domain to domain / domains on i
nput line 1448.
Package open-logic-tokenize Info: Setting token value to value / values on inpu
t line 1452.
Package open-logic-tokenize Info: Setting token relational model to relational 
model / relational models on input line 1457.
Package open-logic-tokenize Info: Setting token derivation to derivation / deri
vations on input line 1461.
Package open-logic-tokenize Info: Setting token derive to derive / derives on i
nput line 1465.
Package open-logic-tokenize Info: Setting token derivable to derivable / deriva
ble on input line 1469.
Package open-logic-tokenize Info: Setting token derivability to derivability / 
derivabilities on input line 1473.
Package open-logic-tokenize Info: Setting token nonderivability to non-derivabi
lity / non-derivabilities on input line 1477.
Package open-logic-tokenize Info: Setting token proof to derivation / derivatio
ns on input line 1483.
Package open-logic-tokenize Info: Setting token prove to derive / derives on in
put line 1484.
Package open-logic-tokenize Info: Setting token proving to deriving / deriving 
on input line 1485.
Package open-logic-tokenize Info: Setting token provable to derivable / derivab
le on input line 1486.
Package open-logic-tokenize Info: Setting token provability to derivability / d
erivabilities on input line 1487.
Package open-logic-tokenize Info: Setting token nonprovability to non-derivabil
ity / non-derivabilities on input line 1488.
Package open-logic-tokenize Info: Setting token introduction to introduction / 
introductions on input line 1490.
Package open-logic-tokenize Info: Setting token elimination to elimination / el
imination on input line 1491.
Package open-logic-tokenize Info: Setting token tableau to tableau / tableaux o
n input line 1495.
Package open-logic-tokenize Info: Setting token signed formula to signed formul
a / signed formulas on input line 1499.
Package open-logic-tokenize Info: Setting token complete to complete / complete
 on input line 1503.
Package open-logic-tokenize Info: Setting token axiomatizable to axiomatizable 
/ axiomatizable on input line 1507.
Package open-logic-tokenize Info: Setting token axiomatized to axiomatized / ax
iomatized on input line 1508.
Package open-logic-tokenize Info: Setting token axiomatizability to axiomatizab
ility / axiomatizability on input line 1509.
Package open-logic-tokenize Info: Setting token represents to represents / repr
esent on input line 1513.
Package open-logic-tokenize Info: Setting token representable to representable 
/ representable on input line 1514.
Package open-logic-tokenize Info: Setting token discharge to discharge / discha
rges on input line 1519.
Package open-logic-tokenize Info: Setting token discharged to discharged / disc
harged on input line 1520.
Package open-logic-tokenize Info: Setting token undischarged to undischarged / 
undischarged on input line 1521.
Package open-logic-tokenize Info: Setting token complete to complete / complete
 on input line 1525.
Package open-logic-tokenize Info: Setting token enumerable to enumerable / enum
erable on input line 1530.
Package open-logic-tokenize Info: Setting token nonenumerable to non-enumerable
 / non-enumerable on input line 1535.
Package open-logic-tokenize Info: Setting token denumerable to denumerable / de
numerable on input line 1540.
Package open-logic-tokenize Info: Setting token element to element / elements o
n input line 1544.
Package open-logic-tokenize Info: Setting token injective to injective / inject
ive on input line 1549.
Package open-logic-tokenize Info: Setting token injection to injection / inject
ions on input line 1550.
Package open-logic-tokenize Info: Setting token surjective to surjective / surj
ective on input line 1554.
Package open-logic-tokenize Info: Setting token surjection to surjection / surj
ections on input line 1555.
Package open-logic-tokenize Info: Setting token bijective to bijective / biject
ive on input line 1560.
Package open-logic-tokenize Info: Setting token bijection to bijection / biject
ions on input line 1561.
Package open-logic-tokenize Info: Setting token decidable to decidable / decida
ble on input line 1565.
Package open-logic-tokenize Info: Setting token computably enumerable to comput
ably enumerable / computably enumerable on input line 1567.
Package open-logic-tokenize Info: Setting token c.e. to c.e.\spacefactor \@m {}
 / c.e.\spacefactor \@m {} on input line 1568.
Package open-logic-tokenize Info: Setting token argument to argument / argument
s on input line 1570.
Package open-logic-tokenize Info: Setting token parameter to parameter / parame
ters on input line 1571.
Package open-logic-tokenize Info: Setting token lambda define to $\lambd $-defi
ne / $\lambd $-defines on input line 1575.
Package open-logic-tokenize Info: Setting token lambda defined to $\lambd $-def
ined / $\lambd $-defined on input line 1577.
Package open-logic-tokenize Info: Setting token lambda definable to $\lambd $-d
efinable / $\lambd $-definable on input line 1578.
Package open-logic-tokenize Info: Setting token colorC to red / red on input li
ne 1677.
Package open-logic-tokenize Info: Setting token colorD to blue / blue on input 
line 1678.
)
Package open-logic-tokenize Info: Setting token colorE to green / green on inpu
t line 136.
 (../../locale/fa-IR/open-logic-config.sty
File: open-logic-config.sty 2026/08/13 Persian (Iran) locale configuration
Package open-logic-tokenize Info: Setting token element to عضو / اعضا on
 input line 12.
Package open-logic-tokenize Info: Setting token formula to فرمول / فرم
ول‌ها on input line 13.
Package open-logic-tokenize Info: Setting token sentence to جمله / جمل
ه‌ها on input line 14.
Package open-logic-tokenize Info: Setting token constant to ثابت / ثاب
ت‌ها on input line 15.
Package open-logic-tokenize Info: Setting token variable to متغیر / مت
غیرها on input line 16.
Package open-logic-tokenize Info: Setting token function to تابع / تاب
ع‌ها on input line 17.
Package open-logic-tokenize Info: Setting token predicate to محمول / مح
مول‌ها on input line 18.
Package open-logic-tokenize Info: Setting token domain to دامنه / دام
نه‌ها on input line 19.
Package open-logic-tokenize Info: Setting token language to زبان / زبا
ن‌ها on input line 20.
Package open-logic-tokenize Info: Setting token subformula to زیر‌فرم
ول / زیر‌فرمول‌ها on input line 21.
Package open-logic-tokenize Info: Setting token value to ارزش / ارزش
‌ها on input line 22.
Package open-logic-tokenize Info: Setting token propositional variable to مت
غیر گزاره‌ای / متغیرهای گزاره‌ای on input line 23.

Package open-logic-tokenize Info: Setting token denumerable to شمارای ن
امتناهی / شمارای نامتناهی on input line 24.
Package open-logic-tokenize Info: Setting token falsity to کذب / کذب‌
ها on input line 25.
Package open-logic-tokenize Info: Setting token truth to صدق / صدق‌ه
ا on input line 26.
Package open-logic-tokenize Info: Setting token conditional to شرطی / شر
طی‌ها on input line 27.
Package open-logic-tokenize Info: Setting token biconditional to دوشرطی /
 دوشرطی‌ها on input line 28.
Package open-logic-tokenize Info: Setting token operator to عملگر / عم
لگرها on input line 29.
Package open-logic-tokenize Info: Setting token main operator to عملگر ا
صلی / عملگرهای اصلی on input line 30.
Package open-logic-tokenize Info: Setting token structure to ساختار / س
اختارها on input line 31.
Package open-logic-tokenize Info: Setting token identity to همانی / هم
انی‌ها on input line 32.
Package open-logic-tokenize Info: Setting token valuation to ارزش‌گذا
ری / ارزش‌گذاری‌ها on input line 33.
Package open-logic-tokenize Info: Setting token derivation to اشتقاق / 
اشتقاق‌ها on input line 34.
Package open-logic-tokenize Info: Setting token derive to اشتقاق / اش
تقاق on input line 35.
Package open-logic-tokenize Info: Setting token derivable to اشتقاق‌پ
ذیر / اشتقاق‌پذیر on input line 36.
Package open-logic-tokenize Info: Setting token derivability to اشتقاق
‌پذیری / اشتقاق‌پذیری on input line 37.
Package open-logic-tokenize Info: Setting token nonderivability to اشتقا
ق‌ناپذیری / اشتقاق‌ناپذیری on input line 38.
Package open-logic-tokenize Info: Setting token proof to برهان / برها
ن‌ها on input line 39.
Package open-logic-tokenize Info: Setting token prove to اثبات / اثبا
ت on input line 40.
Package open-logic-tokenize Info: Setting token proving to اثبات / اثب
ات on input line 41.
Package open-logic-tokenize Info: Setting token provable to اثبات‌پذ
یر / اثبات‌پذیر on input line 42.
Package open-logic-tokenize Info: Setting token introduction to معرفی / 
معرفی‌ها on input line 43.
Package open-logic-tokenize Info: Setting token elimination to حذف / حذف
‌ها on input line 44.
Package open-logic-tokenize Info: Setting token height to ارتفاع / ار
تفاع‌ها on input line 45.
Package open-logic-tokenize Info: Setting token depth to عمق / عمق‌ه
ا on input line 46.
Package open-logic-tokenize Info: Setting token hp to hp / hp on input line 47.

Package open-logic-tokenize Info: Setting token free for to آزاد برای 
جانشانی / آزاد برای جانشانی on input line 48.
Package open-logic-tokenize Info: Setting token complete to کامل / کام
ل on input line 49.
Package open-logic-tokenize Info: Setting token decidable to تصمیم‌پذ
یر / تصمیم‌پذیر on input line 50.
Package open-logic-tokenize Info: Setting token axiomatizable to اصل‌مو
ضوعی‌پذیر / اصل‌موضوعی‌پذیر on input line 51.
Package open-logic-tokenize Info: Setting token axiomatized to اصل‌بند
ی‌شده / اصل‌بندی‌شده on input line 52.
Package open-logic-tokenize Info: Setting token axiomatizability to اصل‌
موضوعی‌پذیری / اصل‌موضوعی‌پذیری on input line 53
.
Package open-logic-tokenize Info: Setting token computably enumerable to مح
اسبه‌پذیرِ برشمردنی / محاسبه‌پذیرِ برشمر
دنی on input line 54.
Package open-logic-tokenize Info: Setting token c.e. to م.ب. / م.ب. on inpu
t line 55.
Package open-logic-tokenize Info: Setting token represents to بازنمایی 
می‌کند / بازنمایی می‌کنند on input line 56.
Package open-logic-tokenize Info: Setting token tableau to تابلو / تاب
لوها on input line 57.
Package open-logic-tokenize Info: Setting token signed formula to فرمول 
علامت‌دار / فرمول‌های علامت‌دار on input line 58.

Package open-logic-tokenize Info: Setting token discharge to رفع / رفع on
 input line 59.
Package open-logic-tokenize Info: Setting token discharged to رفع‌شده /
 رفع‌شده on input line 60.
Package open-logic-tokenize Info: Setting token undischarged to رفع‌نش
ده / رفع‌نشده on input line 61.
Package open-logic-tokenize Info: Setting token injective to یک‌به‌ی
ک / یک‌به‌یک on input line 62.
Package open-logic-tokenize Info: Setting token injection to نگاشت یک
‌به‌یک / نگاشت‌های یک‌به‌یک on input line 63.
Package open-logic-tokenize Info: Setting token surjective to پوشا / پو
شا on input line 64.
Package open-logic-tokenize Info: Setting token surjection to نگاشت پو
شا / نگاشت‌های پوشا on input line 65.
Package open-logic-tokenize Info: Setting token bijective to دوسویی / د
وسویی on input line 66.
Package open-logic-tokenize Info: Setting token bijection to تناظر دوس
ویی / تناظرهای دوسویی on input line 67.
Package open-logic-tokenize Info: Setting token enumerable to شمارا / ش
مارا on input line 68.
Package open-logic-tokenize Info: Setting token nonenumerable to ناشمار
ا / ناشمارا on input line 69.
Package open-logic-tokenize Info: Setting token lambda define to با لامب
دا تعریف می‌کند / با لامبدا تعریف می‌کند on i
nput line 70.
Package open-logic-tokenize Info: Setting token lambda defined to تعریف
‌شده با لامبدا / تعریف‌شده با لامبدا on input li
ne 71.
Package open-logic-tokenize Info: Setting token lambda definable to تعریف
‌پذیر با لامبدا / تعریف‌پذیر با لامبدا on inpu
t line 72.
Package open-logic-tokenize Info: Setting token parameter to پارامتر / 
پارامترها on input line 73.
)
(../../open-logic-envs.sty
\c@currthmctr=\count441
\c@endthmctr=\count442
\c@thm=\count443
\c@currexctr=\count444
\c@endexctr=\count445
\c@currlemctr=\count446
\c@endlemctr=\count447
\c@currpropctr=\count448
\c@endpropctr=\count449
\c@currcorctr=\count450
\c@endcorctr=\count451
\c@currdefnctr=\count452
\c@enddefnctr=\count453
\c@currprobctr=\count454
\c@endprobctr=\count455
\c@prob=\count456
\c@currprobdctr=\count457
\c@endprobdctr=\count458
\c@probd=\count459
\c@curraxiomctr=\count460
\c@endaxiomctr=\count461
\c@axiom=\count462
\c@currremctr=\count463
\c@endremctr=\count464
\c@rem=\count465
\c@currnotectr=\count466
\c@endnotectr=\count467
\c@note=\count468
\c@currcasectr=\count469
\c@endcasectr=\count470
\c@case=\count471
\c@currconvctr=\count472
\c@endconvctr=\count473
\c@conv=\count474
)
\gnBoxA=\box109
\gnCornerHgt=\dimen360
LaTeX Font Info:    Trying to load font information for U+msa on input line 215
.

(<LOCAL_USER_ROOT>/AppData/Local/Programs/MiKTeX/tex/latex/amsfonts/umsa.fd
File: umsa.fd 2013/01/14 v3.01 AMS symbols A
)
LaTeX Font Info:    Trying to load font information for U+msb on input line 215
.

(<LOCAL_USER_ROOT>/AppData/Local/Programs/MiKTeX/tex/latex/amsfonts/umsb.fd
File: umsb.fd 2013/01/14 v3.01 AMS symbols B
)
LaTeX Font Info:    Trying to load font information for U+stmry on input line 2
15.

(<LOCAL_USER_ROOT>/AppData/Local/Programs/MiKTeX/tex/latex/stmaryrd/ustmry.fd)
\gnArgHgt=\dimen361
\symsymbolsC=\mathgroup7
\c@pcrdepth=\count475
\olphotowidth=\skip274
)
(../../locale/fa-IR/open-logic-locale.sty) (../../sty/open-logic-defer.sty
File: open-logic-defer.sty 

(<LOCAL_USER_ROOT>/AppData/Local/Programs/MiKTeX/tex/latex/answers/answers.sty
Package: answers 2014/08/24 v2.16 Production of solution sheets in LaTeX2e
)
\c@probdeferred=\count476
\c@probdeferredtag=\count477

Output from handle open-logic-complete-fa-IR going to open-logic-complete-fa-IR
.prb
\open-logic-complete-fa-IR@file=\write6

\openout6 = open-logic-complete-fa-IR.prb
)
Package hyperref Info: Option `unicode' set `true' on input line 86.

Package fontspec Info: 
(fontspec)             Language 'Persian' not explicitly supported within font
(fontspec)             'Scheherazade-Regular.ttf' with script 'Arabic'. Check
(fontspec)             the typeset output, and if it is okay then ignore this
(fontspec)             warning. Otherwise a different font should be chosen.


Package fontspec Info: 
(fontspec)             Scheherazade-Regular.ttf scale = 1.08.


Package fontspec Info: 
(fontspec)             Scheherazade-Regular scale = 1.08.


Package fontspec Info: 
(fontspec)             Scheherazade-Bold scale = 1.08.


Package fontspec Info: 
(fontspec)             Scheherazade-Regular scale = 1.08.


Package fontspec Info: 
(fontspec)             Font family 'Scheherazade-Regular.ttf(0)' created for
(fontspec)             font 'Scheherazade-Regular.ttf' with options
(fontspec)             [Renderer=Harfbuzz,Ligatures=TeX,Script=Arabic,Language=
Persian,RawFeature={family=rm},Path=../../../00_control/fonts/scheherazade-2.10
0/,UprightFont=Scheherazade-Regular.ttf,BoldFont=Scheherazade-Bold.ttf,AutoFake
Slant=0.15,Renderer=HarfBuzz,Scale=1.08].
(fontspec)              
(fontspec)              This font family consists of the following NFSS
(fontspec)             series/shapes:
(fontspec)              
(fontspec)             - 'normal' (m/n) with NFSS spec.:
(fontspec)             <->s*[1.08]"[../../../00_control/fonts/scheherazade-2.10
0/Scheherazade-Regular.ttf]:mode=harf;script=arab;language=FAR;+tlig;family=rm;
"
(fontspec)             - 'bold' (b/n) with NFSS spec.:
(fontspec)             <->s*[1.08]"[../../../00_control/fonts/scheherazade-2.10
0/Scheherazade-Bold.ttf]:mode=harf;script=arab;language=FAR;+tlig;family=rm;"
(fontspec)             - 'italic' (m/it) with NFSS spec.:
(fontspec)             <->s*[1.08]"[../../../00_control/fonts/scheherazade-2.10
0/Scheherazade-Regular.ttf]:mode=harf;script=arab;language=FAR;slant=0.15;+tlig
;family=rm;"

LaTeX Font Info:    Font shape `TU/Scheherazade-Regular.ttf(0)/m/n' will be
(Font)              scaled to size 10.80002pt on input line 117.

Package fontspec Info: 
(fontspec)             Language 'Persian' not explicitly supported within font
(fontspec)             'Scheherazade-Regular.ttf' with script 'Arabic'. Check
(fontspec)             the typeset output, and if it is okay then ignore this
(fontspec)             warning. Otherwise a different font should be chosen.


Package fontspec Info: 
(fontspec)             Scheherazade-Regular.ttf scale = 1.08.


Package fontspec Info: 
(fontspec)             Scheherazade-Regular scale = 1.08.


Package fontspec Info: 
(fontspec)             Scheherazade-Bold scale = 1.08.


Package fontspec Info: 
(fontspec)             Scheherazade-Regular scale = 1.08.


Package fontspec Info: 
(fontspec)             Font family 'Scheherazade-Regular.ttf(1)' created for
(fontspec)             font 'Scheherazade-Regular.ttf' with options
(fontspec)             [Renderer=Harfbuzz,Ligatures=TeX,Script=Arabic,Language=
Persian,RawFeature={family=sf},Path=../../../00_control/fonts/scheherazade-2.10
0/,UprightFont=Scheherazade-Regular.ttf,BoldFont=Scheherazade-Bold.ttf,AutoFake
Slant=0.15,Renderer=HarfBuzz,Scale=1.08].
(fontspec)              
(fontspec)              This font family consists of the following NFSS
(fontspec)             series/shapes:
(fontspec)              
(fontspec)             - 'normal' (m/n) with NFSS spec.:
(fontspec)             <->s*[1.08]"[../../../00_control/fonts/scheherazade-2.10
0/Scheherazade-Regular.ttf]:mode=harf;script=arab;language=FAR;+tlig;family=sf;
"
(fontspec)             - 'bold' (b/n) with NFSS spec.:
(fontspec)             <->s*[1.08]"[../../../00_control/fonts/scheherazade-2.10
0/Scheherazade-Bold.ttf]:mode=harf;script=arab;language=FAR;+tlig;family=sf;"
(fontspec)             - 'italic' (m/it) with NFSS spec.:
(fontspec)             <->s*[1.08]"[../../../00_control/fonts/scheherazade-2.10
0/Scheherazade-Regular.ttf]:mode=harf;script=arab;language=FAR;slant=0.15;+tlig
;family=sf;"

LaTeX Font Info:    Font shape `TU/Scheherazade-Regular.ttf(1)/m/n' will be
(Font)              scaled to size 10.80002pt on input line 117.
\tikzscale@accuracy=\skip275

(<LOCAL_USER_ROOT>/Documents/interlanguage/03_projects/language_management/arabic
_persianate_rtl/03_working_translations/openlogic/fa-IR/locale/fa-IR/output-rel
ease/open-logic-complete-fa-IR.aux

Package fontspec Info: 
(fontspec)             Language 'English' not explicitly supported within font
(fontspec)             'TeX Gyre Pagella' with script 'Latin'. Check the
(fontspec)             typeset output, and if it is okay then ignore this
(fontspec)             warning. Otherwise a different font should be chosen.


Package fontspec Info: 
(fontspec)             Font family 'TeXGyrePagella(1)' created for font 'TeX
(fontspec)             Gyre Pagella' with options
(fontspec)             [Ligatures=TeX,Script=Latin,Language=English,RawFeature=
{family=rm},Ligatures=TeX].
(fontspec)              
(fontspec)              This font family consists of the following NFSS
(fontspec)             series/shapes:
(fontspec)              
(fontspec)             - 'normal' (m/n) with NFSS spec.: <->"name:TeX Gyre
(fontspec)             Pagella:mode=node;script=latn;language=ENG;family=rm;+tl
ig;"
(fontspec)             - 'small caps'  (m/sc) with NFSS spec.: <->"name:TeX
(fontspec)             Gyre
(fontspec)             Pagella:mode=node;script=latn;language=ENG;family=rm;+tl
ig;+smcp;"
(fontspec)             - 'bold' (b/n) with NFSS spec.: <->"name:TeX Gyre
(fontspec)             Pagella/B:mode=node;script=latn;language=ENG;family=rm;+
tlig;"
(fontspec)             - 'bold small caps'  (b/sc) with NFSS spec.:
(fontspec)             <->"name:TeX Gyre
(fontspec)             Pagella/B:mode=node;script=latn;language=ENG;family=rm;+
tlig;+smcp;"
(fontspec)             - 'italic' (m/it) with NFSS spec.: <->"name:TeX Gyre
(fontspec)             Pagella/I:mode=node;script=latn;language=ENG;family=rm;+
tlig;"
(fontspec)             - 'italic small caps'  (m/scit) with NFSS spec.:
(fontspec)             <->"name:TeX Gyre
(fontspec)             Pagella/I:mode=node;script=latn;language=ENG;family=rm;+
tlig;+smcp;"
(fontspec)             - 'bold italic' (b/it) with NFSS spec.: <->"name:TeX
(fontspec)             Gyre
(fontspec)             Pagella/BI:mode=node;script=latn;language=ENG;family=rm;
+tlig;"
(fontspec)             - 'bold italic small caps'  (b/scit) with NFSS spec.:
(fontspec)             <->"name:TeX Gyre
(fontspec)             Pagella/BI:mode=node;script=latn;language=ENG;family=rm;
+tlig;+smcp;"


Package fontspec Info: 
(fontspec)             Language 'English' not explicitly supported within font
(fontspec)             'TeX Gyre Heros' with script 'Latin'. Check the typeset
(fontspec)             output, and if it is okay then ignore this warning.
(fontspec)             Otherwise a different font should be chosen.


Package fontspec Info: 
(fontspec)             Font family 'TeXGyreHeros(1)' created for font 'TeX
(fontspec)             Gyre Heros' with options
(fontspec)             [Ligatures=TeX,Script=Latin,Language=English,RawFeature=
{family=sf},Ligatures=TeX].
(fontspec)              
(fontspec)              This font family consists of the following NFSS
(fontspec)             series/shapes:
(fontspec)              
(fontspec)             - 'normal' (m/n) with NFSS spec.: <->"name:TeX Gyre
(fontspec)             Heros:mode=node;script=latn;language=ENG;family=sf;+tlig
;"
(fontspec)             - 'small caps'  (m/sc) with NFSS spec.: <->"name:TeX
(fontspec)             Gyre
(fontspec)             Heros:mode=node;script=latn;language=ENG;family=sf;+tlig
;+smcp;"
(fontspec)             - 'bold' (b/n) with NFSS spec.: <->"name:TeX Gyre
(fontspec)             Heros/B:mode=node;script=latn;language=ENG;family=sf;+tl
ig;"
(fontspec)             - 'bold small caps'  (b/sc) with NFSS spec.:
(fontspec)             <->"name:TeX Gyre
(fontspec)             Heros/B:mode=node;script=latn;language=ENG;family=sf;+tl
ig;+smcp;"
(fontspec)             - 'italic' (m/it) with NFSS spec.: <->"name:TeX Gyre
(fontspec)             Heros/I:mode=node;script=latn;language=ENG;family=sf;+tl
ig;"
(fontspec)             - 'italic small caps'  (m/scit) with NFSS spec.:
(fontspec)             <->"name:TeX Gyre
(fontspec)             Heros/I:mode=node;script=latn;language=ENG;family=sf;+tl
ig;+smcp;"
(fontspec)             - 'bold italic' (b/it) with NFSS spec.: <->"name:TeX
(fontspec)             Gyre
(fontspec)             Heros/BI:mode=node;script=latn;language=ENG;family=sf;+t
lig;"
(fontspec)             - 'bold italic small caps'  (b/scit) with NFSS spec.:
(fontspec)             <->"name:TeX Gyre
(fontspec)             Heros/BI:mode=node;script=latn;language=ENG;family=sf;+t
lig;+smcp;"


Package fontspec Info: 
(fontspec)             Language 'English' not explicitly supported within font
(fontspec)             'Latin Modern Mono' with script 'Latin'. Check the
(fontspec)             typeset output, and if it is okay then ignore this
(fontspec)             warning. Otherwise a different font should be chosen.


Package fontspec Info: 
(fontspec)             Could not resolve font "Latin Modern Mono/BI" (it
(fontspec)             probably doesn't exist).


Package fontspec Info: 
(fontspec)             Could not resolve font "Latin Modern Mono/B" (it
(fontspec)             probably doesn't exist).


Package fontspec Info: 
(fontspec)             Font family 'LatinModernMono(1)' created for font
(fontspec)             'Latin Modern Mono' with options
(fontspec)             [WordSpace={1,0,0},HyphenChar=None,PunctuationSpace=Word
Space,Script=Latin,Language=English,RawFeature={family=tt}].
(fontspec)              
(fontspec)              This font family consists of the following NFSS
(fontspec)             series/shapes:
(fontspec)              
(fontspec)             - 'normal' (m/n) with NFSS spec.: <->"name:Latin Modern
(fontspec)             Mono:mode=node;script=latn;language=ENG;family=tt;"
(fontspec)             - 'italic' (m/it) with NFSS spec.: <->"name:Latin
(fontspec)             Modern
(fontspec)             Mono/I:mode=node;script=latn;language=ENG;family=tt;"

)
\openout1 = open-logic-complete-fa-IR.aux

LaTeX Font Info:    Checking defaults for OML/cmm/m/it on input line 117.
LaTeX Font Info:    ... okay on input line 117.
LaTeX Font Info:    Checking defaults for OMS/cmsy/m/n on input line 117.
LaTeX Font Info:    ... okay on input line 117.
LaTeX Font Info:    Checking defaults for OT1/cmr/m/n on input line 117.
LaTeX Font Info:    ... okay on input line 117.
LaTeX Font Info:    Checking defaults for T1/cmr/m/n on input line 117.
LaTeX Font Info:    ... okay on input line 117.
LaTeX Font Info:    Checking defaults for TS1/cmr/m/n on input line 117.
LaTeX Font Info:    ... okay on input line 117.
LaTeX Font Info:    Checking defaults for TU/lmr/m/n on input line 117.
LaTeX Font Info:    ... okay on input line 117.
LaTeX Font Info:    Checking defaults for OMX/cmex/m/n on input line 117.
LaTeX Font Info:    ... okay on input line 117.
LaTeX Font Info:    Checking defaults for U/cmr/m/n on input line 117.
LaTeX Font Info:    ... okay on input line 117.
LaTeX Font Info:    Checking defaults for PD1/pdf/m/n on input line 117.
LaTeX Font Info:    ... okay on input line 117.
LaTeX Font Info:    Checking defaults for PU/pdf/m/n on input line 117.
LaTeX Font Info:    ... okay on input line 117.


Class memoir Warning: \addtodef is marked deprecated and will be
(memoir)              removed in 2026, use instead \patchcmd,
(memoir)              \pretocmd or \apptocmd from the etoolbox package
(memoir)              (which is autoloaded by the class) on input line 117.


Package fontspec Info: 
(fontspec)             Adjusting the maths setup (use [no-math] to avoid
(fontspec)             this).

\symlegacymaths=\mathgroup8
LaTeX Font Info:    Overwriting symbol font `legacymaths' in version `bold'
(Font)                  OT1/cmr/m/n --> OT1/cmr/bx/n on input line 117.
LaTeX Font Info:    Redeclaring math accent \acute on input line 117.
LaTeX Font Info:    Redeclaring math accent \grave on input line 117.
LaTeX Font Info:    Redeclaring math accent \ddot on input line 117.
LaTeX Font Info:    Redeclaring math accent \tilde on input line 117.
LaTeX Font Info:    Redeclaring math accent \bar on input line 117.
LaTeX Font Info:    Redeclaring math accent \breve on input line 117.
LaTeX Font Info:    Redeclaring math accent \check on input line 117.
LaTeX Font Info:    Redeclaring math accent \hat on input line 117.
LaTeX Font Info:    Redeclaring math accent \dot on input line 117.
LaTeX Font Info:    Redeclaring math accent \mathring on input line 117.
LaTeX Font Info:    Redeclaring math symbol \Gamma on input line 117.
LaTeX Font Info:    Redeclaring math symbol \Delta on input line 117.
LaTeX Font Info:    Redeclaring math symbol \Theta on input line 117.
LaTeX Font Info:    Redeclaring math symbol \Lambda on input line 117.
LaTeX Font Info:    Redeclaring math symbol \Xi on input line 117.
LaTeX Font Info:    Redeclaring math symbol \Pi on input line 117.
LaTeX Font Info:    Redeclaring math symbol \Sigma on input line 117.
LaTeX Font Info:    Redeclaring math symbol \Upsilon on input line 117.
LaTeX Font Info:    Redeclaring math symbol \Phi on input line 117.
LaTeX Font Info:    Redeclaring math symbol \Psi on input line 117.
LaTeX Font Info:    Redeclaring math symbol \Omega on input line 117.
LaTeX Font Info:    Redeclaring math symbol \mathdollar on input line 117.
LaTeX Font Info:    Redeclaring symbol font `operators' on input line 117.
LaTeX Font Info:    Encoding `OT1' has changed to `TU' for symbol font
(Font)              `operators' in the math version `normal' on input line 117.

LaTeX Font Info:    Overwriting symbol font `operators' in version `normal'
(Font)                  OT1/cmr/m/n --> TU/TeXGyrePagella(0)/m/n on input line 
117.
LaTeX Font Info:    Encoding `OT1' has changed to `TU' for symbol font
(Font)              `operators' in the math version `bold' on input line 117.
LaTeX Font Info:    Overwriting symbol font `operators' in version `bold'
(Font)                  OT1/cmr/bx/n --> TU/TeXGyrePagella(0)/m/n on input line
 117.
LaTeX Font Info:    Overwriting symbol font `operators' in version `normal'
(Font)                  TU/TeXGyrePagella(0)/m/n --> TU/TeXGyrePagella(0)/m/n o
n input line 117.
LaTeX Font Info:    Overwriting math alphabet `\mathit' in version `normal'
(Font)                  OT1/cmr/m/it --> TU/TeXGyrePagella(0)/m/it on input lin
e 117.
LaTeX Font Info:    Overwriting math alphabet `\mathbf' in version `normal'
(Font)                  OT1/cmr/bx/n --> TU/TeXGyrePagella(0)/b/n on input line
 117.
LaTeX Font Info:    Overwriting math alphabet `\mathsf' in version `normal'
(Font)                  OT1/cmss/m/n --> TU/TeXGyreHeros(0)/m/n on input line 1
17.
LaTeX Font Info:    Overwriting math alphabet `\mathtt' in version `normal'
(Font)                  OT1/cmtt/m/n --> TU/LatinModernMono(0)/m/n on input lin
e 117.
LaTeX Font Info:    Overwriting symbol font `operators' in version `bold'
(Font)                  TU/TeXGyrePagella(0)/m/n --> TU/TeXGyrePagella(0)/b/n o
n input line 117.
LaTeX Font Info:    Overwriting math alphabet `\mathit' in version `bold'
(Font)                  OT1/cmr/bx/it --> TU/TeXGyrePagella(0)/b/it on input li
ne 117.
LaTeX Font Info:    Overwriting math alphabet `\mathsf' in version `bold'
(Font)                  OT1/cmss/bx/n --> TU/TeXGyreHeros(0)/b/n on input line 
117.
LaTeX Font Info:    Overwriting math alphabet `\mathtt' in version `bold'
(Font)                  OT1/cmtt/m/n --> TU/LatinModernMono(0)/b/n on input lin
e 117.

(<LOCAL_USER_ROOT>/AppData/Local/Programs/MiKTeX/tex/context/base/mkii/supp-pdf.m
kii
[Loading MPS to PDF converter (version 2006.09.02).]
\scratchcounter=\count478
\scratchdimen=\dimen362
\scratchbox=\box110
\nofMPsegments=\count479
\nofMParguments=\count480
\everyMPshowfont=\toks86
\MPscratchCnt=\count481
\MPscratchDim=\dimen363
\MPnumerator=\count482
\makeMPintoPDFobject=\count483
\everyMPtoPDFconversion=\toks87
)
(<LOCAL_USER_ROOT>/AppData/Local/Programs/MiKTeX/tex/latex/epstopdf-pkg/epstopdf-
base.sty
Package: epstopdf-base 2020-01-24 v2.11 Base part for package epstopdf
Package epstopdf-base Info: Redefining graphics rule for `.eps' on input line 4
85.

(<LOCAL_USER_ROOT>/AppData/Local/Programs/MiKTeX/tex/latex/00miktex/epstopdf-sys.
cfg
File: epstopdf-sys.cfg 2021/03/18 v2.0 Configuration of epstopdf for MiKTeX
))
Removing  `Babel.pre_otfload_h' from `hpack_filter'.
Removing  `luaotfload.node_processor' from `hpack_filter'.
Removing  `luaotfload.harf.finalize_hlist' from `hpack_filter'.
Inserting `Babel.math_box_dir' in `hpack_filter'.
Inserting `Babel.pre_otfload_h' in `hpack_filter'.
Inserting `luaotfload.node_processor' in `hpack_filter'.
Inserting `luaotfload.harf.finalize_hlist' in `hpack_filter'.
Inserting `Babel.unset_atdir' in `pre_linebreak_filter'.
Inserting `Babel.unset_atdir' in `hpack_filter'.
Package hyperref Info: Link coloring ON on input line 117.

(<LOCAL_USER_ROOT>/Documents/interlanguage/03_projects/language_management/arabic
_persianate_rtl/03_working_translations/openlogic/fa-IR/locale/fa-IR/output-rel
ease/open-logic-complete-fa-IR.out)
(<LOCAL_USER_ROOT>/Documents/interlanguage/03_projects/language_management/arabic
_persianate_rtl/03_working_translations/openlogic/fa-IR/locale/fa-IR/output-rel
ease/open-logic-complete-fa-IR.out)
\@outlinefile=\write7

\openout7 = open-logic-complete-fa-IR.out
LaTeX Font Info:    Font shape `TU/Scheherazade-Regular.ttf(0)/m/n' will be
(Font)              scaled to size 26.87044pt on input line 122.
LaTeX Font Info:    Font shape `TU/Scheherazade-Regular.ttf(0)/b/n' will be
(Font)              scaled to size 26.87044pt on input line 122.
LaTeX Font Info:    Font shape `TU/Scheherazade-Regular.ttf(1)/b/n' will be
(Font)              scaled to size 26.87044pt on input line 122.
LaTeX Font Info:    Font shape `TU/Scheherazade-Regular.ttf(0)/m/n' will be
(Font)              scaled to size 18.66243pt on input line 124.
LaTeX Font Info:    Font shape `TU/Scheherazade-Regular.ttf(0)/m/n' will be
(Font)              scaled to size 12.96002pt on input line 126.
LaTeX Font Info:    Font shape `TU/Scheherazade-Regular.ttf(0)/m/n' will be
(Font)              scaled to size 11.826pt on input line 128.
 [1

{<LOCAL_USER_ROOT>/AppData/Local/MiKTeX/fonts/map/pdftex/pdftex.map}] (./content/
open-logic-about.tex
LaTeX Font Info:    Font shape `TU/Scheherazade-Regular.ttf(0)/m/n' will be
(Font)              scaled to size 22.39923pt on input line 1.
LaTeX Font Info:    Font shape `TU/Scheherazade-Regular.ttf(0)/b/n' will be
(Font)              scaled to size 22.39923pt on input line 1.
LaTeX Font Info:    Font shape `TU/Scheherazade-Regular.ttf(0)/m/it' will be
(Font)              scaled to size 10.80002pt on input line 5.
)
(<LOCAL_USER_ROOT>/Documents/interlanguage/03_projects/language_management/arabic
_persianate_rtl/03_working_translations/openlogic/fa-IR/locale/fa-IR/output-rel
ease/open-logic-complete-fa-IR.toc
LaTeX Font Info:    Font shape `TU/Scheherazade-Regular.ttf(0)/b/n' will be
(Font)              scaled to size 10.80002pt on input line 4.
LaTeX Font Info:    Trying to load font information for U+ntxsyc on input line 
4.

(<LOCAL_USER_ROOT>/AppData/Local/Programs/MiKTeX/tex/latex/newtx/untxsyc.fd
File: untxsyc.fd 2012/04/12 Fontinst v1.933 font definitions for U/ntxsyc.
)
LaTeX Font Info:    Font shape `TU/Scheherazade-Regular.ttf(0)/b/n' will be
(Font)              scaled to size 11.826pt on input line 5.

[1


]
LaTeX Font Info:    Font shape `TU/Scheherazade-Regular.ttf(0)/m/sl' in size <1
0> not available
(Font)              Font shape `TU/Scheherazade-Regular.ttf(0)/m/it' tried inst
ead on input line 57.
LaTeX Font Info:    Font shape `TU/Scheherazade-Regular.ttf(0)/m/it' will be
(Font)              scaled to size 10.80002pt on input line 57.
LaTeX Font Info:    Font shape `TU/Scheherazade-Regular.ttf(0)/m/n' will be
(Font)              scaled to size 6.48001pt on input line 57.
LaTeX Font Info:    Font shape `TU/Scheherazade-Regular.ttf(1)/m/n' will be
(Font)              scaled to size 6.48001pt on input line 57.
 [2] [3] [4] [5] [6] [7] [8] [9] [10] [11] [12] [13] [14] [15] [16] [17]
[18] [19]) (./content/content.tex [20]
(./content/sets-functions-relations/sets-functions-relations-complete.tex
[21

]
LaTeX Font Info:    Font shape `TU/Scheherazade-Regular.ttf(0)/b/n' will be
(Font)              scaled to size 18.66243pt on input line 7.
 [22

] (./content/sets-functions-relations/sets/sets.tex [23]
\bbl@ensure@persian {فصل} 1.
Output from handle open-logic-complete-fa-IR going to open-logic-complete-fa-IR
.prb

\openout6 = open-logic-complete-fa-IR.prb
(./content/sets-functions-relations/sets/basics.tex
LaTeX Font Info:    Font shape `TU/Scheherazade-Regular.ttf(0)/b/n' will be
(Font)              scaled to size 12.96002pt on input line 10.
Package hyperref Info: bookmark level for unknown defn defaults to 0 on input l
ine 26.
Package hyperref Info: bookmark level for unknown ex defaults to 0 on input lin
e 46.
LaTeX Font Info:    Font shape `TU/Scheherazade-Regular.ttf(0)/m/n' will be
(Font)              scaled to size 7.56001pt on input line 48.
LaTeX Font Info:    Font shape `TU/Scheherazade-Regular.ttf(0)/m/n' will be
(Font)              scaled to size 5.40001pt on input line 48.
 [24

])
(./content/sets-functions-relations/sets/subsets.tex
Package hyperref Info: bookmark level for unknown prop defaults to 0 on input l
ine 53.
 [25])
(./content/sets-functions-relations/sets/important-sets.tex)
(./content/sets-functions-relations/sets/unions-and-intersections.tex [26]
(../../assets/diagrams/union.tikz) (../../assets/diagrams/union.tikz)
(../../assets/diagrams/union.tikz) (../../assets/diagrams/union.tikz)
(../../assets/diagrams/union.tikz) (../../assets/diagrams/intersection.tikz)
(../../assets/diagrams/intersection.tikz)
(../../assets/diagrams/intersection.tikz)
(../../assets/diagrams/intersection.tikz)
(../../assets/diagrams/intersection.tikz)

Class memoir Warning: The material used in the headers is too large
(12.18103pt) for the given head height (12.0pt), it is recommended to
either increase the head height or redesign the header
(in both cases you will find help in the memoir manual). on input line 107.


Overfull \vbox (0.18103pt too high) has occurred while \output is active []


[27] (../../assets/diagrams/difference.tikz)
(../../assets/diagrams/difference.tikz) (../../assets/diagrams/difference.tikz) (../../assets/diagrams/difference.tikz) (../../assets/diagrams/difference.tikz) [28]) (./content/sets-functions-relations/sets/pairs-and-products.tex

Class memoir Warning: The material used in the headers is too large
(12.23376pt) for the given head height (12.0pt), it is recommended to
either increase the head height or redesign the header
(in both cases you will find help in the memoir manual). on input line 79.


Overfull \vbox (0.23376pt too high) has occurred while \output is active []


[29]
Package hyperref Info: bookmark level for unknown proof defaults to 0 on input 
line 92.
) (./content/sets-functions-relations/sets/russells-paradox.tex
Package hyperref Info: bookmark level for unknown thm defaults to 0 on input li
ne 45.
 [30])
(<LOCAL_USER_ROOT>/Documents/interlanguage/03_projects/language_management/arabic
_persianate_rtl/03_working_translations/openlogic/fa-IR/locale/fa-IR/output-rel
ease/open-logic-complete-fa-IR.prb
Package hyperref Info: bookmark level for unknown probd defaults to 0 on input 
line 4.
))
(./content/sets-functions-relations/relations/relations-complete.tex [31]
\bbl@ensure@persian {فصل} 2.
Output from handle open-logic-complete-fa-IR going to open-logic-complete-fa-IR
.prb

\openout6 = open-logic-complete-fa-IR.prb
(./content/sets-functions-relations/relations/relations-as-sets.tex [32

])
(./content/sets-functions-relations/relations/reflections.tex
Overfull \hbox (22.37099pt too wide) in paragraph at lines 21--29
[]\TU/Scheherazade-Regular.ttf(0)/m/n/10 نخست: در [][]تعریف 1.23[][]
، تعریف کردیم $\OMS/cmsy/m/n/10 h\OML/cmm/m/it/10 a; b\OMS/cmsy/m/n/
10 i \OT1/cmr/m/n/10 = \OMS/cmsy/m/n/10 ff\OML/cmm/m/it/10 a\OMS/cmsy/m/n/10 g\
OML/cmm/m/it/10 ; \OMS/cmsy/m/n/10 f\OML/cmm/m/it/10 a; b\OMS/cmsy/m/n/10 gg$\T
U/Scheherazade-Regular.ttf(0)/m/n/10 . در عوض، تعریف $\OMS/cmsy/m/n/
10 k\OML/cmm/m/it/10 a; b\OMS/cmsy/m/n/10 k \OT1/cmr/m/n/10 = \OMS/cmsy/m/n/10 
ff\OML/cmm/m/it/10 b\OMS/cmsy/m/n/10 g\OML/cmm/m/it/10 ; \OMS/cmsy/m/n/10 f\OML
/cmm/m/it/10 a; b\OMS/cmsy/m/n/10 gg \OT1/cmr/m/n/10 =
 []

[33]) (./content/sets-functions-relations/relations/special-properties.tex
[34]) (./content/sets-functions-relations/relations/equivalence-relations.tex)
(./content/sets-functions-relations/relations/orders.tex
Overfull \vbox (0.19157pt too high) has occurred while \output is active []


[35] [36]) (./content/sets-functions-relations/relations/graphs.tex [37])
(./content/sets-functions-relations/relations/trees.tex [38])
(./content/sets-functions-relations/relations/operations.tex [39])
(<LOCAL_USER_ROOT>/Documents/interlanguage/03_projects/language_management/arabic
_persianate_rtl/03_working_translations/openlogic/fa-IR/locale/fa-IR/output-rel
ease/open-logic-complete-fa-IR.prb))
(./content/sets-functions-relations/functions/functions.tex [40]
\bbl@ensure@persian {فصل} 3.
Output from handle open-logic-complete-fa-IR going to open-logic-complete-fa-IR
.prb

\openout6 = open-logic-complete-fa-IR.prb
(./content/sets-functions-relations/functions/function-basics.tex
(../../assets/diagrams/function.tikz) (../../assets/diagrams/function.tikz)
(../../assets/diagrams/function.tikz) (../../assets/diagrams/function.tikz)
(../../assets/diagrams/function.tikz) [41

])
(./content/sets-functions-relations/functions/function-kinds.tex
(../../assets/diagrams/surjective.tikz) (../../assets/diagrams/surjective.tikz) (../../assets/diagrams/surjective.tikz) (../../assets/diagrams/surjective.tikz) (../../assets/diagrams/surjective.tikz)
Overfull \vbox (0.21266pt too high) has occurred while \output is active []


[42] (../../assets/diagrams/injective.tikz)
(../../assets/diagrams/injective.tikz) (../../assets/diagrams/injective.tikz)
(../../assets/diagrams/injective.tikz) (../../assets/diagrams/injective.tikz)
Overfull \vbox (0.21266pt too high) has occurred while \output is active []


[43] (../../assets/diagrams/bijective.tikz)
(../../assets/diagrams/bijective.tikz) (../../assets/diagrams/bijective.tikz)
(../../assets/diagrams/bijective.tikz) (../../assets/diagrams/bijective.tikz))
(./content/sets-functions-relations/functions/functions-relations.tex
Overfull \vbox (0.21266pt too high) has occurred while \output is active []


[44]) (./content/sets-functions-relations/functions/inverses.tex
Overfull \vbox (0.21266pt too high) has occurred while \output is active []


[45]
LaTeX Font Info:    Font shape `TU/Scheherazade-Regular.ttf(0)/m/n' will be
(Font)              scaled to size 8.64001pt on input line 111.

Overfull \vbox (0.21266pt too high) has occurred while \output is active []


[46]) (./content/sets-functions-relations/functions/composition.tex
(../../assets/diagrams/composition.tikz)
(../../assets/diagrams/composition.tikz)
(../../assets/diagrams/composition.tikz))
(./content/sets-functions-relations/functions/partial-functions.tex
Overfull \vbox (0.21266pt too high) has occurred while \output is active []


[47])
(<LOCAL_USER_ROOT>/Documents/interlanguage/03_projects/language_management/arabic
_persianate_rtl/03_working_translations/openlogic/fa-IR/locale/fa-IR/output-rel
ease/open-logic-complete-fa-IR.prb))
(./content/sets-functions-relations/size-of-sets/size-of-sets-complete.tex
Overfull \vbox (0.21266pt too high) has occurred while \output is active []


[48]
\bbl@ensure@persian {فصل} 4.
Output from handle open-logic-complete-fa-IR going to open-logic-complete-fa-IR
.prb

\openout6 = open-logic-complete-fa-IR.prb
(./content/sets-functions-relations/size-of-sets/introduction.tex)
(./content/sets-functions-relations/size-of-sets/enumerability.tex [49

]
[50]
Package hyperref Info: bookmark level for unknown cor defaults to 0 on input li
ne 207.
 [51]) (./content/sets-functions-relations/size-of-sets/zig-zag.tex
[52]) (./content/sets-functions-relations/size-of-sets/pairing.tex
Overfull \vbox (0.21266pt too high) has occurred while \output is active []


[53]) (./content/sets-functions-relations/size-of-sets/pairing-alt.tex

LaTeX Font Warning: Command \small invalid in math mode on input line 24.

LaTeX Font Info:    Font shape `TU/Scheherazade-Regular.ttf(0)/m/n' will be
(Font)              scaled to size 9.72002pt on input line 24.

LaTeX Font Warning: Command \small invalid in math mode on input line 32.


LaTeX Font Warning: Command \small invalid in math mode on input line 41.

[54]) (./content/sets-functions-relations/size-of-sets/non-enumerability.tex
[55] [56]) (./content/sets-functions-relations/size-of-sets/reduction.tex
[57]) (./content/sets-functions-relations/size-of-sets/equinumerous-sets.tex
[58]) (./content/sets-functions-relations/size-of-sets/comparing-size.tex
[59]
Overfull \hbox (10.60478pt too wide) in paragraph at lines 37--41
[]\TU/Scheherazade-Regular.ttf(0)/m/n/10 مجموعهٔ $\OML/cmm/m/it/10 A$ \T
U/Scheherazade-Regular.ttf(0)/m/n/10 از $\OML/cmm/m/it/10 B$ \TU/Scheherazade
-Regular.ttf(0)/m/it/10 کوچک‌تر است\TU/Scheherazade-Regular.ttf(0)/m
/n/10 ، که آن را با $\OML/cmm/m/it/10 A \OMS/cmsy/m/n/10  \OML/cmm/m/
it/10 B$ \TU/Scheherazade-Regular.ttf(0)/m/n/10 می‌نویسیم، اگر 
و تنها اگر  نگاشت یک‌به‌یک $\OML/cmm/m/it/10 f [] [] A \
OMS/cmsy/m/n/10 !
 []

[60]) (./content/sets-functions-relations/size-of-sets/schroder-bernstein.tex)
(./content/sets-functions-relations/size-of-sets/enumerability-alt.tex [61])
(./content/sets-functions-relations/size-of-sets/non-enumerability-alt.tex
[62] [63]) (./content/sets-functions-relations/size-of-sets/reduction-alt.tex
[64])
(<LOCAL_USER_ROOT>/Documents/interlanguage/03_projects/language_management/arabic
_persianate_rtl/03_working_translations/openlogic/fa-IR/locale/fa-IR/output-rel
ease/open-logic-complete-fa-IR.prb [65] [66]))
(./content/sets-functions-relations/arithmetization/arithmetization.tex
[67]
\bbl@ensure@persian {فصل} 5.
Output from handle open-logic-complete-fa-IR going to open-logic-complete-fa-IR
.prb

\openout6 = open-logic-complete-fa-IR.prb
(./content/sets-functions-relations/arithmetization/integers.tex

Package hyperref Warning: Token not allowed in a PDF string (Unicode):
(hyperref)                removing `math shift' on input line 11.


Package hyperref Warning: Token not allowed in a PDF string (Unicode):
(hyperref)                removing `math shift' on input line 11.


Package hyperref Warning: Token not allowed in a PDF string (Unicode):
(hyperref)                removing `math shift' on input line 11.


Package hyperref Warning: Token not allowed in a PDF string (Unicode):
(hyperref)                removing `math shift' on input line 11.

[68

]) (./content/sets-functions-relations/arithmetization/rationals.tex

Package hyperref Warning: Token not allowed in a PDF string (Unicode):
(hyperref)                removing `math shift' on input line 10.


Package hyperref Warning: Token not allowed in a PDF string (Unicode):
(hyperref)                removing `math shift' on input line 10.


Package hyperref Warning: Token not allowed in a PDF string (Unicode):
(hyperref)                removing `math shift' on input line 10.


Package hyperref Warning: Token not allowed in a PDF string (Unicode):
(hyperref)                removing `math shift' on input line 10.

[69]) (./content/sets-functions-relations/arithmetization/reals.tex [70])
(./content/sets-functions-relations/arithmetization/cuts.tex

Package hyperref Warning: Token not allowed in a PDF string (Unicode):
(hyperref)                removing `math shift' on input line 10.


Package hyperref Warning: Token not allowed in a PDF string (Unicode):
(hyperref)                removing `math shift' on input line 10.


Package hyperref Warning: Token not allowed in a PDF string (Unicode):
(hyperref)                removing `math shift' on input line 10.


Package hyperref Warning: Token not allowed in a PDF string (Unicode):
(hyperref)                removing `math shift' on input line 10.

[71] [72]) (./content/sets-functions-relations/arithmetization/reflections.tex
[73]) (./content/sets-functions-relations/arithmetization/checking-details.tex
[74]
LaTeX Font Info:    Font shape `TU/Scheherazade-Regular.ttf(0)/m/it' will be
(Font)              scaled to size 8.64001pt on input line 107.
 [75]) (./content/sets-functions-relations/arithmetization/cauchy.tex
[76] [77] [78])
(<LOCAL_USER_ROOT>/Documents/interlanguage/03_projects/language_management/arabic
_persianate_rtl/03_working_translations/openlogic/fa-IR/locale/fa-IR/output-rel
ease/open-logic-complete-fa-IR.prb [79]))
(./content/sets-functions-relations/infinite/infinite.tex [80]
\bbl@ensure@persian {فصل} 6.
Output from handle open-logic-complete-fa-IR going to open-logic-complete-fa-IR
.prb

\openout6 = open-logic-complete-fa-IR.prb
(./content/sets-functions-relations/infinite/hilberts-hotel.tex)
(./content/sets-functions-relations/infinite/dedekind-algebra.tex [81

]
Package hyperref Info: bookmark level for unknown lem defaults to 0 on input li
ne 52.
 [82])
(./content/sets-functions-relations/infinite/dedekind-induction.tex [83])
(./content/sets-functions-relations/infinite/dedekinds-proof.tex [84])
(./content/sets-functions-relations/infinite/card-sb.tex [85])))
(./content/propositional-logic/propositional-logic.tex [86] [87

]
LaTeX Font Info:    Trying to load font information for U+euf on input line 16.


(<LOCAL_USER_ROOT>/AppData/Local/Programs/MiKTeX/tex/latex/amsfonts/ueuf.fd
File: ueuf.fd 2013/01/14 v3.01 Euler Fraktur
)
(./content/propositional-logic/syntax-and-semantics/syntax-and-semantics.tex
[88]
\bbl@ensure@persian {فصل} 7.
Output from handle open-logic-complete-fa-IR going to open-logic-complete-fa-IR
.prb

\openout6 = open-logic-complete-fa-IR.prb
(./content/propositional-logic/syntax-and-semantics/introduction.tex [89

])
(./content/propositional-logic/syntax-and-semantics/formulas.tex
LaTeX Font Info:    Trying to load font information for OML+cmbr on input line 
21.

(<LOCAL_USER_ROOT>/AppData/Local/Programs/MiKTeX/tex/latex/cmbright/omlcmbr.fd
File: omlcmbr.fd 2005/04/13 v8.1 (WaS)
)
LaTeX Font Info:    Trying to load font information for OML+cmbrm on input line
 21.

(<LOCAL_USER_ROOT>/AppData/Local/Programs/MiKTeX/tex/latex/cmbright/omlcmbrm.fd
File: omlcmbrm.fd 2005/04/13 v8.1 (WaS)
)
LaTeX Font Info:    Font shape `OML/cmbr/m/it' in size <10> not available
(Font)              Font shape `OML/cmbrm/m/it' tried instead on input line 21.

LaTeX Font Info:    Font shape `OML/cmbr/m/it' in size <7> not available
(Font)              Font shape `OML/cmbrm/m/it' tried instead on input line 21.

LaTeX Font Info:    Font shape `OML/cmbr/m/it' in size <5> not available
(Font)              Font shape `OML/cmbrm/m/it' tried instead on input line 21.


[90]) (./content/propositional-logic/syntax-and-semantics/preliminaries.tex

LaTeX Font Warning: Font shape `TU/Scheherazade-Regular.ttf(0)/b/it' undefined
(Font)              using `TU/Scheherazade-Regular.ttf(0)/b/n' instead on input
 line 13.

LaTeX Font Info:    Font shape `TU/Scheherazade-Regular.ttf(0)/b/it' will be
(Font)              scaled to size 10.80002pt on input line 13.
[91])
(./content/propositional-logic/syntax-and-semantics/formation-sequences.tex
[92]) (./content/propositional-logic/syntax-and-semantics/valuations-sat.tex
[93] [94])
(./content/propositional-logic/syntax-and-semantics/semantic-notions.tex
Overfull \vbox (0.19157pt too high) has occurred while \output is active []


[95])
(<LOCAL_USER_ROOT>/Documents/interlanguage/03_projects/language_management/arabic
_persianate_rtl/03_working_translations/openlogic/fa-IR/locale/fa-IR/output-rel
ease/open-logic-complete-fa-IR.prb [96]))
(./content/propositional-logic/../first-order-logic/proof-systems/proof-systems
.tex
Overfull \vbox (0.19157pt too high) has occurred while \output is active []


[97]
\bbl@ensure@persian {فصل} 8.
Output from handle open-logic-complete-fa-IR going to open-logic-complete-fa-IR
.prb

\openout6 = open-logic-complete-fa-IR.prb

(./content/propositional-logic/../first-order-logic/proof-systems/introduction.
tex [98

])
(./content/propositional-logic/../first-order-logic/proof-systems/sequent-calcu
lus.tex
\myBox1=\box111
\myScoreStart1=\dimen364
\myCenter1=\dimen365
\myScoreEnd1=\dimen366
)
(./content/propositional-logic/../first-order-logic/proof-systems/natural-deduc
tion.tex [99])
(./content/propositional-logic/../first-order-logic/proof-systems/tableaux.tex
[100]
Overfull \hbox (12.88751pt too wide) in paragraph at lines 44--48
[]\TU/Scheherazade-Regular.ttf(0)/m/n/10 رابطهٔ $\OMS/cmsy/m/n/10 `$ \TU/
Scheherazade-Regular.ttf(0)/m/n/10 مبتنی بر تابلوها چنین ت
عریف می‌شود: $\OT1/cmr/m/n/10 ^^@ \OMS/cmsy/m/n/10 ` \OML/cmm/m/it/1
0 '$ \TU/Scheherazade-Regular.ttf(0)/m/n/10 اگر و تنها اگر مجمو
عهٔ متناهی‌ای چون  $\OT1/cmr/m/n/10 ^^@[] = \OMS/cmsy/m/n/10 f\
OML/cmm/m/it/10  []; [] ;  []\OMS/cmsy/m/n/10 g 
 []

)
(./content/propositional-logic/../first-order-logic/proof-systems/axiomatic-ded
uction.tex [101]))
(./content/propositional-logic/../first-order-logic/sequent-calculus/sequent-ca
lculus.tex [102]
\bbl@ensure@persian {فصل} 9.
Output from handle open-logic-complete-fa-IR going to open-logic-complete-fa-IR
.prb

\openout6 = open-logic-complete-fa-IR.prb

(./content/propositional-logic/../first-order-logic/sequent-calculus/rules-and-
proofs.tex [103

])
(./content/propositional-logic/../first-order-logic/sequent-calculus/propositio
nal-rules.tex
LaTeX Font Info:    Font shape `OML/cmbr/m/it' in size <10.95> not available
(Font)              Font shape `OML/cmbrm/m/it' tried instead on input line 15.

LaTeX Font Info:    Font shape `OML/cmbr/m/it' in size <8> not available
(Font)              Font shape `OML/cmbrm/m/it' tried instead on input line 15.

LaTeX Font Info:    Font shape `OML/cmbr/m/it' in size <6> not available
(Font)              Font shape `OML/cmbrm/m/it' tried instead on input line 15.

\myBox2=\box112
\myScoreStart2=\dimen367
\myCenter2=\dimen368
\myScoreEnd2=\dimen369
)
(./content/propositional-logic/../first-order-logic/sequent-calculus/structural
-rules.tex [104])
(./content/propositional-logic/../first-order-logic/sequent-calculus/derivation
s.tex [105])
(./content/propositional-logic/../first-order-logic/sequent-calculus/proving-th
ings.tex [106] [107] [108] [109])
(./content/propositional-logic/../first-order-logic/sequent-calculus/proof-theo
retic-notions.tex [110])
(./content/propositional-logic/../first-order-logic/sequent-calculus/provabilit
y-consistency.tex [111])
(./content/propositional-logic/../first-order-logic/sequent-calculus/provabilit
y-propositional.tex [112] [113])
(./content/propositional-logic/../first-order-logic/sequent-calculus/soundness.
tex [114] [115] [116])
(<LOCAL_USER_ROOT>/Documents/interlanguage/03_projects/language_management/arabic
_persianate_rtl/03_working_translations/openlogic/fa-IR/locale/fa-IR/output-rel
ease/open-logic-complete-fa-IR.prb [117]))
(./content/propositional-logic/../first-order-logic/natural-deduction/natural-d
eduction.tex [118]
\bbl@ensure@persian {فصل} 10.
Output from handle open-logic-complete-fa-IR going to open-logic-complete-fa-IR
.prb

\openout6 = open-logic-complete-fa-IR.prb

(./content/propositional-logic/../first-order-logic/natural-deduction/rules-and
-proofs.tex)
(./content/propositional-logic/../first-order-logic/natural-deduction/propositi
onal-rules.tex [119

]
\myBox3=\box113
\myScoreStart3=\dimen370
\myCenter3=\dimen371
\myScoreEnd3=\dimen372

Overfull \vbox (0.23376pt too high) has occurred while \output is active []


[120])
(./content/propositional-logic/../first-order-logic/natural-deduction/derivatio
ns.tex [121])
(./content/propositional-logic/../first-order-logic/natural-deduction/proving-t
hings.tex
Overfull \vbox (0.23376pt too high) has occurred while \output is active []


[122] [123]
Overfull \vbox (0.23376pt too high) has occurred while \output is active []


[124])
(./content/propositional-logic/../first-order-logic/natural-deduction/proof-the
oretic-notions.tex
Overfull \vbox (0.19157pt too high) has occurred while \output is active []


[125])
(./content/propositional-logic/../first-order-logic/natural-deduction/provabili
ty-consistency.tex
Overfull \vbox (0.23376pt too high) has occurred while \output is active []


[126] [127])
(./content/propositional-logic/../first-order-logic/natural-deduction/provabili
ty-propositional.tex
\myBox4=\box114
\myScoreStart4=\dimen373
\myCenter4=\dimen374
\myScoreEnd4=\dimen375

Overfull \vbox (0.23376pt too high) has occurred while \output is active []


[128])
(./content/propositional-logic/../first-order-logic/natural-deduction/soundness
.tex [129]
Overfull \vbox (0.23376pt too high) has occurred while \output is active []


[130] [131])
(<LOCAL_USER_ROOT>/Documents/interlanguage/03_projects/language_management/arabic
_persianate_rtl/03_working_translations/openlogic/fa-IR/locale/fa-IR/output-rel
ease/open-logic-complete-fa-IR.prb
Overfull \vbox (0.23376pt too high) has occurred while \output is active []


[132]))
(./content/propositional-logic/../first-order-logic/tableaux/tableaux.tex
[133]
\bbl@ensure@persian {فصل} 11.
Output from handle open-logic-complete-fa-IR going to open-logic-complete-fa-IR
.prb

\openout6 = open-logic-complete-fa-IR.prb

(./content/propositional-logic/../first-order-logic/tableaux/rules-and-proofs.t
ex)
(./content/propositional-logic/../first-order-logic/tableaux/propositional-rule
s.tex [134

])
(./content/propositional-logic/../first-order-logic/tableaux/derivations.tex
[135]
Overfull \hbox (1.97803pt too wide) detected at line 23
$\OML/cmm/m/it/10 S[]$ 
 []


Overfull \hbox (2.93523pt too wide) detected at line 24
$\OML/cmm/m/it/10 S[]$ 
 []


Overfull \hbox (0.82118pt too wide) detected at line 28
$\OML/cmm/m/it/10 S[]$ 
 []

)
(./content/propositional-logic/../first-order-logic/tableaux/proving-things.tex
[136] [137] [138] [139])
(./content/propositional-logic/../first-order-logic/tableaux/proof-theoretic-no
tions.tex [140]
Overfull \hbox (28.7367pt too wide) in paragraph at lines 54--57
[]\TU/Scheherazade-Regular.ttf(0)/m/n/10 مجموعه‌ای از جمله‌
ها، یعنی $\OT1/cmr/m/n/10 ^^@$\TU/Scheherazade-Regular.ttf(0)/m/n/10 ، 
\TU/Scheherazade-Regular.ttf(0)/m/it/10 ناسازگار \TU/Scheherazade-Regul
ar.ttf(0)/m/n/10 است هرگاه و تنها هرگاه مجموعه‌ای 
متناهی $\OMS/cmsy/m/n/10 f\OML/cmm/m/it/10  []; [] ;  []\OMS/cmsy/m/n/10 
g 
 []


Overfull \vbox (0.19157pt too high) has occurred while \output is active []


[141])
(./content/propositional-logic/../first-order-logic/tableaux/provability-consis
tency.tex [142])
(./content/propositional-logic/../first-order-logic/tableaux/provability-propos
itional.tex [143] [144])
(./content/propositional-logic/../first-order-logic/tableaux/soundness.tex
[145] [146])
(<LOCAL_USER_ROOT>/Documents/interlanguage/03_projects/language_management/arabic
_persianate_rtl/03_working_translations/openlogic/fa-IR/locale/fa-IR/output-rel
ease/open-logic-complete-fa-IR.prb [147]))
(./content/propositional-logic/../first-order-logic/axiomatic-deduction/axiomat
ic-deduction.tex [148]
\bbl@ensure@persian {فصل} 12.
Output from handle open-logic-complete-fa-IR going to open-logic-complete-fa-IR
.prb

\openout6 = open-logic-complete-fa-IR.prb

(./content/propositional-logic/../first-order-logic/axiomatic-deduction/rules-a
nd-proofs.tex [149

])
(./content/propositional-logic/../first-order-logic/axiomatic-deduction/axioms-
rules-propositional.tex

LaTeX Font Warning: Font shape `TU/Scheherazade-Regular.ttf(0)/m/sc' undefined
(Font)              using `TU/Scheherazade-Regular.ttf(0)/m/n' instead on input
 line 41.

LaTeX Font Info:    Font shape `TU/Scheherazade-Regular.ttf(0)/m/sc' will be
(Font)              scaled to size 10.80002pt on input line 41.
)
(./content/propositional-logic/../first-order-logic/axiomatic-deduction/proving
-things.tex [150] [151])
(./content/propositional-logic/../first-order-logic/axiomatic-deduction/proof-t
heoretic-notions.tex [152])
(./content/propositional-logic/../first-order-logic/axiomatic-deduction/deducti
on-theorem.tex
Overfull \vbox (0.23376pt too high) has occurred while \output is active []


[153])
(./content/propositional-logic/../first-order-logic/axiomatic-deduction/provabi
lity-consistency.tex [154])
(./content/propositional-logic/../first-order-logic/axiomatic-deduction/provabi
lity-propositional.tex)
(./content/propositional-logic/../first-order-logic/axiomatic-deduction/soundne
ss.tex [155])
(<LOCAL_USER_ROOT>/Documents/interlanguage/03_projects/language_management/arabic
_persianate_rtl/03_working_translations/openlogic/fa-IR/locale/fa-IR/output-rel
ease/open-logic-complete-fa-IR.prb [156]))
(./content/propositional-logic/../first-order-logic/completeness/completeness.t
ex [157]
\bbl@ensure@persian {فصل} 13.
Output from handle open-logic-complete-fa-IR going to open-logic-complete-fa-IR
.prb

\openout6 = open-logic-complete-fa-IR.prb

(./content/propositional-logic/../first-order-logic/completeness/introduction.t
ex)
(./content/propositional-logic/../first-order-logic/completeness/outline.tex
[158

])
(./content/propositional-logic/../first-order-logic/completeness/complete-consi
stent-sets.tex

Class memoir Warning: The material used in the headers is too large
(12.3445pt) for the given head height (12.0pt), it is recommended to
either increase the head height or redesign the header
(in both cases you will find help in the memoir manual). on input line 62.


Overfull \vbox (0.3445pt too high) has occurred while \output is active []


[159])
(./content/propositional-logic/../first-order-logic/completeness/lindenbaums-le
mma.tex [160])
(./content/propositional-logic/../first-order-logic/completeness/construction-o
f-model.tex [161])
(./content/propositional-logic/../first-order-logic/completeness/completeness-t
hm.tex)
(./content/propositional-logic/../first-order-logic/completeness/compactness.te
x [162])
(./content/propositional-logic/../first-order-logic/completeness/compactness-di
rect.tex)
(<LOCAL_USER_ROOT>/Documents/interlanguage/03_projects/language_management/arabic
_persianate_rtl/03_working_translations/openlogic/fa-IR/locale/fa-IR/output-rel
ease/open-logic-complete-fa-IR.prb
Overfull \vbox (0.19157pt too high) has occurred while \output is active []


[163]))) (./content/first-order-logic/first-order-logic.tex [164] [165

]
(./content/first-order-logic/introduction/introduction.tex [166]
\bbl@ensure@persian {فصل} 14.
Output from handle open-logic-complete-fa-IR going to open-logic-complete-fa-IR
.prb

\openout6 = open-logic-complete-fa-IR.prb
(./content/first-order-logic/introduction/first-order-logic.tex [167

])
(./content/first-order-logic/introduction/syntax.tex)
(./content/first-order-logic/introduction/formulas.tex [168])
(./content/first-order-logic/introduction/satisfaction.tex [169])
(./content/first-order-logic/introduction/sentences.tex [170])
(./content/first-order-logic/introduction/semantic-notions.tex)
(./content/first-order-logic/introduction/substitution.tex
Overfull \vbox (0.19157pt too high) has occurred while \output is active []


[171]) (./content/first-order-logic/introduction/models-theories.tex)
(./content/first-order-logic/introduction/soundness-completeness.tex [172]))
(./content/first-order-logic/syntax-and-semantics/syntax.tex [173]
\bbl@ensure@persian {فصل} 15.
Output from handle open-logic-complete-fa-IR going to open-logic-complete-fa-IR
.prb

\openout6 = open-logic-complete-fa-IR.prb
(./content/first-order-logic/syntax-and-semantics/intro-syntax.tex)
(./content/first-order-logic/syntax-and-semantics/first-order-languages.tex
[174

]) (./content/first-order-logic/syntax-and-semantics/terms-formulas.tex
[175] [176])
(./content/first-order-logic/syntax-and-semantics/unique-readability.tex
[177] [178])
(./content/first-order-logic/syntax-and-semantics/main-operator.tex [179])
(./content/first-order-logic/syntax-and-semantics/subformulas.tex [180])
(./content/first-order-logic/syntax-and-semantics/formation-sequences.tex
[181] [182] [183])
(./content/first-order-logic/syntax-and-semantics/free-vars-sentences.tex
[184]) (./content/first-order-logic/syntax-and-semantics/substitution.tex
[185])
(<LOCAL_USER_ROOT>/Documents/interlanguage/03_projects/language_management/arabic
_persianate_rtl/03_working_translations/openlogic/fa-IR/locale/fa-IR/output-rel
ease/open-logic-complete-fa-IR.prb))
(./content/first-order-logic/syntax-and-semantics/semantics.tex [186]
\bbl@ensure@persian {فصل} 16.
Output from handle open-logic-complete-fa-IR going to open-logic-complete-fa-IR
.prb

\openout6 = open-logic-complete-fa-IR.prb
(./content/first-order-logic/syntax-and-semantics/intro-semantics.tex)
(./content/first-order-logic/syntax-and-semantics/structures.tex [187

])
(./content/first-order-logic/syntax-and-semantics/covered-structures.tex
[188]) (./content/first-order-logic/syntax-and-semantics/satisfaction.tex
[189] [190]
Overfull \hbox (18.62445pt too wide) in paragraph at lines 203--209
[]\TU/Scheherazade-Regular.ttf(0)/m/sc/10 یک فرمول اتمی $\OML/cmm/m/
it/10 R\OT1/cmr/m/n/10 (\OML/cmm/m/it/10 t[]; t[]\OT1/cmr/m/n/10 )$ \TU/Scheher
azade-Regular.ttf(0)/m/sc/10 هنگامی ارضا می‌شود که چندت
اییِ ارزش‌های آرگومان‌هایش، یعنی $\OMS/cmsy/m/n/
10 h[][]\OT1/cmr/m/n/10 (\OML/cmm/m/it/10 t[]\OT1/cmr/m/n/10 )\OML/cmm/m/it/10 
; [][]\OT1/cmr/m/n/10 (\OML/cmm/m/it/10 t[]\OT1/cmr/m/n/10 )\OMS/cmsy/m/n/10 i$
\TU/Scheherazade-Regular.ttf(0)/m/sc/10 ،
 []

[191] [192]) (./content/first-order-logic/syntax-and-semantics/assignments.tex
[193]
Overfull \hbox (62.9426pt too wide) in paragraph at lines 90--92
\TU/Scheherazade-Regular.ttf(0)/m/sc/10 برای $\OML/cmm/m/it/10 i \OT1/cmr/m
/n/10 = 1$\TU/Scheherazade-Regular.ttf(0)/m/sc/10 ، …، $\OML/cmm/m/it/10 k$
\TU/Scheherazade-Regular.ttf(0)/m/sc/10 ، بنا بر [][]گزاره 16.13[][]
 داریم $[][]\OT1/cmr/m/n/10 (\OML/cmm/m/it/10 t[]\OT1/cmr/m/n/10 ) = [][](\OML/cmm/m/it/10 t[]\OT1/cmr/m/n/10 )$\TU/Scheherazade-Regular.ttf(0)/m/sc/10 . 
پس همچنین $\OMS/cmsy/m/n/10 h[][]\OT1/cmr/m/n/10 (\OML/cmm/m/it/10 t[]\
OT1/cmr/m/n/10 )\OML/cmm/m/it/10 ; [] ; [][]\OT1/cmr/m/n/10 (\OML/cmm/m/it/10 t[]\OT1/cmr/m/n/10 )\OMS/cmsy/m/n/10 i 2
 []

[194] [195])
(./content/first-order-logic/syntax-and-semantics/extensionality.tex
Overfull \hbox (5.76266pt too wide) in paragraph at lines 74--77
[]\TU/Scheherazade-Regular.ttf(0)/m/sc/10 اگر $\OML/cmm/m/it/10 t$ \TU/Scheh
erazade-Regular.ttf(0)/m/sc/10 یک ثابت باشد، مثلاً $\OML/cmm/m/
it/10 t \OMS/cmsy/m/n/10  \OML/cmm/m/it/10 c$\TU/Scheherazade-Regular.ttf(0)/m
/sc/10 ، آنگاه $\OML/cmm/m/it/10 t\OT1/cmr/m/n/10 [\OML/cmm/m/it/10 t[]\O
T1/cmr/m/n/10 /\OML/cmm/m/it/10 x\OT1/cmr/m/n/10 ] = \OML/cmm/m/it/10 c$\TU/Sch
eherazade-Regular.ttf(0)/m/sc/10 ، و $[][]\OT1/cmr/m/n/10 (\OML/cmm/m/it/10 c\OT1/cmr/m/n/10 ) = [] = [][](\OML/cmm/m/it/10 c\OT1/cmr/m/n/10 )$\TU/Scheherazade-Regular.ttf(0)/m/sc/10 . 
 []

[196]) (./content/first-order-logic/syntax-and-semantics/semantic-notions.tex
Overfull \vbox (0.19157pt too high) has occurred while \output is active []


[197])
(<LOCAL_USER_ROOT>/Documents/interlanguage/03_projects/language_management/arabic
_persianate_rtl/03_working_translations/openlogic/fa-IR/locale/fa-IR/output-rel
ease/open-logic-complete-fa-IR.prb [198]
Overfull \vbox (0.19157pt too high) has occurred while \output is active []


[199])) (./content/first-order-logic/models-theories/models-theories.tex
[200]
\bbl@ensure@persian {فصل} 17.
Output from handle open-logic-complete-fa-IR going to open-logic-complete-fa-IR
.prb

\openout6 = open-logic-complete-fa-IR.prb
(./content/first-order-logic/models-theories/introduction.tex [201

])
(./content/first-order-logic/models-theories/expressing-props-of-structures.tex
) (./content/first-order-logic/models-theories/theories.tex [202] [203])
(./content/first-order-logic/models-theories/expressing-relations.tex [204])
(./content/first-order-logic/models-theories/set-theory.tex [205] [206])
(./content/first-order-logic/models-theories/size-of-structures.tex [207])
(<LOCAL_USER_ROOT>/Documents/interlanguage/03_projects/language_management/arabic
_persianate_rtl/03_working_translations/openlogic/fa-IR/locale/fa-IR/output-rel
ease/open-logic-complete-fa-IR.prb [208]))
(./content/first-order-logic/proof-systems/proof-systems.tex [209]
\bbl@ensure@persian {فصل} 18.
Output from handle open-logic-complete-fa-IR going to open-logic-complete-fa-IR
.prb

\openout6 = open-logic-complete-fa-IR.prb
(./content/first-order-logic/proof-systems/introduction.tex [210

])
(./content/first-order-logic/proof-systems/sequent-calculus.tex)
(./content/first-order-logic/proof-systems/natural-deduction.tex [211])
(./content/first-order-logic/proof-systems/tableaux.tex [212]
Overfull \hbox (12.88751pt too wide) in paragraph at lines 44--48
[]\TU/Scheherazade-Regular.ttf(0)/m/sc/10 رابطهٔ $\OMS/cmsy/m/n/10 `$ \TU
/Scheherazade-Regular.ttf(0)/m/sc/10 مبتنی بر تابلوها چنین 
تعریف می‌شود: $\OT1/cmr/m/n/10 ^^@ \OMS/cmsy/m/n/10 ` \OML/cmm/m/it
/10 '$ \TU/Scheherazade-Regular.ttf(0)/m/sc/10 اگر و تنها اگر مج
موعهٔ متناهی‌ای چون  $\OT1/cmr/m/n/10 ^^@[] = \OMS/cmsy/m/n/1
0 f\OML/cmm/m/it/10  []; [] ;  []\OMS/cmsy/m/n/10 g 
 []

) (./content/first-order-logic/proof-systems/axiomatic-deduction.tex [213]))
(./content/first-order-logic/sequent-calculus/sequent-calculus.tex [214]
\bbl@ensure@persian {فصل} 19.
Output from handle open-logic-complete-fa-IR going to open-logic-complete-fa-IR
.prb

\openout6 = open-logic-complete-fa-IR.prb
(./content/first-order-logic/sequent-calculus/rules-and-proofs.tex [215

])
(./content/first-order-logic/sequent-calculus/propositional-rules.tex)
(./content/first-order-logic/sequent-calculus/quantifier-rules.tex [216])
(./content/first-order-logic/sequent-calculus/structural-rules.tex [217])
(./content/first-order-logic/sequent-calculus/derivations.tex [218] [219])
(./content/first-order-logic/sequent-calculus/proving-things.tex [220] [221]
[222]) (./content/first-order-logic/sequent-calculus/proving-things-quant.tex
[223])
(./content/first-order-logic/sequent-calculus/proof-theoretic-notions.tex
[224])
(./content/first-order-logic/sequent-calculus/provability-consistency.tex
[225])
(./content/first-order-logic/sequent-calculus/provability-propositional.tex
[226] [227])
(./content/first-order-logic/sequent-calculus/provability-quantifiers.tex)
(./content/first-order-logic/sequent-calculus/soundness.tex [228] [229]
[230] [231] [232]) (./content/first-order-logic/sequent-calculus/identity.tex)
(./content/first-order-logic/sequent-calculus/soundness-identity.tex [233])
(<LOCAL_USER_ROOT>/Documents/interlanguage/03_projects/language_management/arabic
_persianate_rtl/03_working_translations/openlogic/fa-IR/locale/fa-IR/output-rel
ease/open-logic-complete-fa-IR.prb [234]))
(./content/first-order-logic/natural-deduction/natural-deduction.tex [235]
\bbl@ensure@persian {فصل} 20.
Output from handle open-logic-complete-fa-IR going to open-logic-complete-fa-IR
.prb

\openout6 = open-logic-complete-fa-IR.prb
(./content/first-order-logic/natural-deduction/rules-and-proofs.tex)
(./content/first-order-logic/natural-deduction/propositional-rules.tex [236

]
[237]) (./content/first-order-logic/natural-deduction/quantifier-rules.tex
Overfull \vbox (0.23376pt too high) has occurred while \output is active []


[238]) (./content/first-order-logic/natural-deduction/derivations.tex [239])
(./content/first-order-logic/natural-deduction/proving-things.tex
Overfull \vbox (0.23376pt too high) has occurred while \output is active []


[240] [241]
Overfull \vbox (0.23376pt too high) has occurred while \output is active []


[242]) (./content/first-order-logic/natural-deduction/proving-things-quant.tex
[243]
Overfull \vbox (0.23376pt too high) has occurred while \output is active []


[244] [245])
(./content/first-order-logic/natural-deduction/proof-theoretic-notions.tex
Overfull \vbox (0.23376pt too high) has occurred while \output is active []


[246])
(./content/first-order-logic/natural-deduction/provability-consistency.tex
Overfull \vbox (0.19157pt too high) has occurred while \output is active []


[247]
Overfull \vbox (0.23376pt too high) has occurred while \output is active []


[248])
(./content/first-order-logic/natural-deduction/provability-propositional.tex
[249])
(./content/first-order-logic/natural-deduction/provability-quantifiers.tex)
(./content/first-order-logic/natural-deduction/soundness.tex
Overfull \vbox (0.23376pt too high) has occurred while \output is active []


[250] [251]
Overfull \vbox (0.23376pt too high) has occurred while \output is active []


[252] [253]) (./content/first-order-logic/natural-deduction/identity.tex
Overfull \vbox (0.23376pt too high) has occurred while \output is active []


[254]) (./content/first-order-logic/natural-deduction/soundness-identity.tex
[255])
(<LOCAL_USER_ROOT>/Documents/interlanguage/03_projects/language_management/arabic
_persianate_rtl/03_working_translations/openlogic/fa-IR/locale/fa-IR/output-rel
ease/open-logic-complete-fa-IR.prb
Overfull \vbox (0.23376pt too high) has occurred while \output is active []


[256])) (./content/first-order-logic/tableaux/tableaux.tex [257]
\bbl@ensure@persian {فصل} 21.
Output from handle open-logic-complete-fa-IR going to open-logic-complete-fa-IR
.prb

\openout6 = open-logic-complete-fa-IR.prb
(./content/first-order-logic/tableaux/rules-and-proofs.tex)
(./content/first-order-logic/tableaux/propositional-rules.tex [258

])
(./content/first-order-logic/tableaux/quantifier-rules.tex [259])
(./content/first-order-logic/tableaux/derivations.tex [260]
Overfull \hbox (1.97803pt too wide) detected at line 23
$\OML/cmm/m/it/10 S[]$ 
 []


Overfull \hbox (2.93523pt too wide) detected at line 24
$\OML/cmm/m/it/10 S[]$ 
 []


Overfull \hbox (0.82118pt too wide) detected at line 28
$\OML/cmm/m/it/10 S[]$ 
 []

) (./content/first-order-logic/tableaux/proving-things.tex [261] [262] [263]
[264]) (./content/first-order-logic/tableaux/proving-things-quant.tex [265]
[266] [267]

Package prooftrees Warning: Merging conflicting justifications for line 6! Plea
se examine the output carefully and use "move by" to move lines later in the pr
oof if required. Details of how to do this are included in the documentation. o
n input line 281.


Package prooftrees Warning: Merging conflicting justifications for line 6! Plea
se examine the output carefully and use "move by" to move lines later in the pr
oof if required. Details of how to do this are included in the documentation. o
n input line 315.


Package prooftrees Warning: Merging conflicting justifications for line 7! Plea
se examine the output carefully and use "move by" to move lines later in the pr
oof if required. Details of how to do this are included in the documentation. o
n input line 315.

) (./content/first-order-logic/tableaux/proof-theoretic-notions.tex [268]
Overfull \hbox (32.8869pt too wide) in paragraph at lines 54--57
[]\TU/Scheherazade-Regular.ttf(0)/m/sc/10 مجموعه‌ای از جمله‌
ها، یعنی $\OT1/cmr/m/n/10 ^^@$\TU/Scheherazade-Regular.ttf(0)/m/sc/10 
، \TU/Scheherazade-Regular.ttf(0)/m/it/10 ناسازگار \TU/Scheherazade-Re
gular.ttf(0)/m/sc/10 است هرگاه و تنها هرگاه مجموعه‌
ای متناهی $\OMS/cmsy/m/n/10 f\OML/cmm/m/it/10  []; [] ;  []\OMS/cmsy/m/
n/10 g 
 []


Overfull \vbox (0.19157pt too high) has occurred while \output is active []


[269]) (./content/first-order-logic/tableaux/provability-consistency.tex
[270] [271])
(./content/first-order-logic/tableaux/provability-propositional.tex [272]
[273]) (./content/first-order-logic/tableaux/provability-quantifiers.tex
[274]) (./content/first-order-logic/tableaux/soundness.tex [275] [276])
(./content/first-order-logic/tableaux/identity.tex [277])
(./content/first-order-logic/tableaux/soundness-identity.tex)
(<LOCAL_USER_ROOT>/Documents/interlanguage/03_projects/language_management/arabic
_persianate_rtl/03_working_translations/openlogic/fa-IR/locale/fa-IR/output-rel
ease/open-logic-complete-fa-IR.prb [278] [279]))
(./content/first-order-logic/axiomatic-deduction/axiomatic-deduction.tex
[280]
\bbl@ensure@persian {فصل} 22.
Output from handle open-logic-complete-fa-IR going to open-logic-complete-fa-IR
.prb

\openout6 = open-logic-complete-fa-IR.prb
(./content/first-order-logic/axiomatic-deduction/rules-and-proofs.tex [281

])
(./content/first-order-logic/axiomatic-deduction/axioms-rules-propositional.tex
) (./content/first-order-logic/axiomatic-deduction/axioms-rules-quantifiers.tex
[282]) (./content/first-order-logic/axiomatic-deduction/proving-things.tex
Overfull \vbox (0.18103pt too high) has occurred while \output is active []


[283])
(./content/first-order-logic/axiomatic-deduction/proving-things-quant.tex
[284])
(./content/first-order-logic/axiomatic-deduction/proof-theoretic-notions.tex
Overfull \vbox (0.19157pt too high) has occurred while \output is active []


[285]) (./content/first-order-logic/axiomatic-deduction/deduction-theorem.tex
[286])
(./content/first-order-logic/axiomatic-deduction/deduction-theorem-quantifiers.
tex
Overfull \vbox (0.23376pt too high) has occurred while \output is active []


[287])
(./content/first-order-logic/axiomatic-deduction/provability-consistency.tex)
(./content/first-order-logic/axiomatic-deduction/provability-propositional.tex
[288])
(./content/first-order-logic/axiomatic-deduction/provability-quantifiers.tex
[289]) (./content/first-order-logic/axiomatic-deduction/soundness.tex [290])
(./content/first-order-logic/axiomatic-deduction/identity.tex)
(<LOCAL_USER_ROOT>/Documents/interlanguage/03_projects/language_management/arabic
_persianate_rtl/03_working_translations/openlogic/fa-IR/locale/fa-IR/output-rel
ease/open-logic-complete-fa-IR.prb [291]))
(./content/first-order-logic/completeness/completeness.tex [292]
\bbl@ensure@persian {فصل} 23.
Output from handle open-logic-complete-fa-IR going to open-logic-complete-fa-IR
.prb

\openout6 = open-logic-complete-fa-IR.prb
(./content/first-order-logic/completeness/introduction.tex)
(./content/first-order-logic/completeness/outline.tex [293

] [294])
(./content/first-order-logic/completeness/complete-consistent-sets.tex
Overfull \vbox (0.3445pt too high) has occurred while \output is active []


[295]) (./content/first-order-logic/completeness/henkin-expansions.tex [296]
Overfull \hbox (0.71115pt too wide) in paragraph at lines 121--149
\OT1/cmr/m/n/10 ^^@[] \OMS/cmsy/m/n/10 ` 8\OML/cmm/m/it/10 x[] \OMS/cmsy/m/n/10
 :\OML/cmm/m/it/10 '[]\OT1/cmr/m/n/10 (\OML/cmm/m/it/10 x[]\OT1/cmr/m/n/10 )$\T
U/Scheherazade-Regular.ttf(0)/m/sc/10 ؛ بنابراین خود $\OT1/cmr/m/n/
10 ^^@[]$ \TU/Scheherazade-Regular.ttf(0)/m/sc/10 ناسازگار است. (ت
وجه کنید که $\OMS/cmsy/m/n/10 8\OML/cmm/m/it/10 x[] \OMS/cmsy/m/n/10 :\OML/cmm/m/it/10 '[]\OT1/cmr/m/n/10 (\OML/cmm/m/it/10 x[]\OT1/cmr/m/n/10 ) \OMS/cmsy/m/n/10 ` :9\OML/cmm/m/it/10 x[] '[]\OT1/cmr/m/n/10 (\OML/cmm/m/it/10 x[]\OT1/cmr/m/n/10 )$\TU/Scheherazade-Regular.ttf(0)/m/sc/10 .)
 []

[297]) (./content/first-order-logic/completeness/lindenbaums-lemma.tex)
(./content/first-order-logic/completeness/construction-of-model.tex [298]
Overfull \hbox (1.05608pt too wide) in paragraph at lines 74--74
[]\TU/Scheherazade-Regular.ttf(0)/m/sc/10 به تابع $\OML/cmm/m/it/10 f$ \T
U/Scheherazade-Regular.ttf(0)/m/sc/10 تابعی نسبت داده می‌شو
د که با گرفتن ترم‌های بستهٔ $\OML/cmm/m/it/10 t[]$\TU/Sc
heherazade-Regular.ttf(0)/m/sc/10 ، …، $\OML/cmm/m/it/10 t[]$ \TU/Scheheraz
ade-Regular.ttf(0)/m/sc/10 به‌عنوان آرگومان، ترم بسته
ٔ $\OML/cmm/m/it/10 f\OT1/cmr/m/n/10 (\OML/cmm/m/it/10 t[]; [] ; t[]\OT1/cmr/m
/n/10 )$
 []

[299]) (./content/first-order-logic/completeness/identity.tex [300]
Overfull \hbox (62.18634pt too wide) in paragraph at lines 74--80
[]\TU/Scheherazade-Regular.ttf(0)/m/sc/10 اگر $\OT1/cmr/m/n/10 ^^@[] \OMS/cm
sy/m/n/10 ` \OML/cmm/m/it/10 t \OT1/cmr/m/n/10 = \OML/cmm/m/it/10 t[]$ \TU/Sche
herazade-Regular.ttf(0)/m/sc/10 و $\OT1/cmr/m/n/10 ^^@[] \OMS/cmsy/m/n/10 ` \O
ML/cmm/m/it/10 R\OT1/cmr/m/n/10 (\OML/cmm/m/it/10 t[]; [] ; t[]; t; t[]; [] ; t[]\OT1/cmr/m/n/10 )$\TU/Scheherazade-Regular.ttf(0)/m/sc/10 
، آنگاه $\OT1/cmr/m/n/10 ^^@[] \OMS/cmsy/m/n/10 ` \OML/cmm/m/it/10 R\OT1/
cmr/m/n/10 (\OML/cmm/m/it/10 t[]; [] ; t[]; t[]; t[]; [] ; t[]\OT1/cmr/m/n/10 )$
 []

[301] [302]) (./content/first-order-logic/completeness/completeness-thm.tex)
(./content/first-order-logic/completeness/compactness.tex [303] [304])
(./content/first-order-logic/completeness/compactness-direct.tex
Overfull \vbox (0.19157pt too high) has occurred while \output is active []


[305]) (./content/first-order-logic/completeness/downward-ls.tex)
(<LOCAL_USER_ROOT>/Documents/interlanguage/03_projects/language_management/arabic
_persianate_rtl/03_working_translations/openlogic/fa-IR/locale/fa-IR/output-rel
ease/open-logic-complete-fa-IR.prb [306]))
(./content/first-order-logic/beyond/beyond.tex
Overfull \vbox (0.19157pt too high) has occurred while \output is active []


[307]
\bbl@ensure@persian {فصل} 24.
Output from handle open-logic-complete-fa-IR going to open-logic-complete-fa-IR
.prb

\openout6 = open-logic-complete-fa-IR.prb
(./content/first-order-logic/beyond/introduction.tex)
(./content/first-order-logic/beyond/many-sorted-logic.tex
Underfull \vbox (badness 4673) has occurred while \output is active []

 [308

])
(./content/first-order-logic/beyond/second-order-logic.tex [309] [310] [311])
(./content/first-order-logic/beyond/higher-order-logic.tex [312] [313])
(./content/first-order-logic/beyond/intuitionistic-logic.tex [314] [315])
(./content/first-order-logic/beyond/modal-logics.tex [316])
(./content/first-order-logic/beyond/other-logics.tex [317])))
(./content/model-theory/model-theory.tex [318] [319

]
(./content/model-theory/basics/basics.tex [320]
\bbl@ensure@persian {فصل} 25.
Output from handle open-logic-complete-fa-IR going to open-logic-complete-fa-IR
.prb

\openout6 = open-logic-complete-fa-IR.prb
(./content/model-theory/basics/reducts-and-expansions.tex)
(./content/model-theory/basics/substructures.tex [321

]
Package hyperref Info: bookmark level for unknown rem defaults to 0 on input li
ne 41.
)
(./content/model-theory/basics/overspill.tex)
(./content/model-theory/basics/isomorphism.tex [322])
(./content/model-theory/basics/theory-of-m.tex [323])
(./content/model-theory/basics/partial-iso.tex
Overfull \hbox (55.11047pt too wide) in paragraph at lines 27--31
[]\TU/Scheherazade-Regular.ttf(0)/m/sc/10 برای هر تابع $\OML/cmm/m/it
/10 n$\TU/Scheherazade-Regular.ttf(0)/m/sc/10 موضعی $\OML/cmm/m/it/10 f$\T
U/Scheherazade-Regular.ttf(0)/m/sc/10 : اگر $\OML/cmm/m/it/10 a[]$\TU/Schehe
razade-Regular.ttf(0)/m/sc/10 ، …، $\OML/cmm/m/it/10 a[]$ \TU/Scheherazade-
Regular.ttf(0)/m/sc/10 در دامنهٔ $\OML/cmm/m/it/10 p$ \TU/Scheherazade-
Regular.ttf(0)/m/sc/10 باشند، آنگاه $\OML/cmm/m/it/10 p\OT1/cmr/m/n/
10 ([](\OML/cmm/m/it/10 a[]; [] ; a[]\OT1/cmr/m/n/10 )) = [](\OML/cmm/m/it/10 p\OT1/cmr/m/n/10 (\OML/cmm/m/it/10 a[]\OT1/cmr/m/n/10 )\OML/cmm/m/it/10 ; [] ; p\OT1/cmr/m/n/10 (\OML/cmm/m/it/10 a[]\OT1/cmr/m/n/10 ))$\TU/Scheherazade-Regular.ttf(0)/m/sc/10 . 
 []

[324] [325]) (./content/model-theory/basics/dlo.tex [326])
(<LOCAL_USER_ROOT>/Documents/interlanguage/03_projects/language_management/arabic
_persianate_rtl/03_working_translations/openlogic/fa-IR/locale/fa-IR/output-rel
ease/open-logic-complete-fa-IR.prb))
(./content/model-theory/models-of-arithmetic/models-of-arithmetic.tex [327]
\bbl@ensure@persian {فصل} 26.
Output from handle open-logic-complete-fa-IR going to open-logic-complete-fa-IR
.prb

\openout6 = open-logic-complete-fa-IR.prb
(./content/model-theory/models-of-arithmetic/introduction.tex [328

])
(./content/model-theory/models-of-arithmetic/standard-models.tex [329])
(./content/model-theory/models-of-arithmetic/non-standard-models.tex [330])
(./content/model-theory/models-of-arithmetic/models-of-q.tex
LaTeX Font Info:    Font shape `OML/cmbr/m/it' in size <12> not available
(Font)              Font shape `OML/cmbrm/m/it' tried instead on input line 10.



Package hyperref Warning: Token not allowed in a PDF string (Unicode):
(hyperref)                removing `math shift' on input line 10.


Package hyperref Warning: Token not allowed in a PDF string (Unicode):
(hyperref)                removing `\Th' on input line 10.


Package hyperref Warning: Token not allowed in a PDF string (Unicode):
(hyperref)                removing `math shift' on input line 10.

[331] [332]) (./content/model-theory/models-of-arithmetic/models-of-pa.tex

Package hyperref Warning: Token not allowed in a PDF string (Unicode):
(hyperref)                removing `math shift' on input line 10.


Package hyperref Warning: Token not allowed in a PDF string (Unicode):
(hyperref)                removing `\Th' on input line 10.


Package hyperref Warning: Token not allowed in a PDF string (Unicode):
(hyperref)                removing `math shift' on input line 10.

[333] [334]) [335]
(./content/model-theory/models-of-arithmetic/computable-models.tex [336])
(<LOCAL_USER_ROOT>/Documents/interlanguage/03_projects/language_management/arabic
_persianate_rtl/03_working_translations/openlogic/fa-IR/locale/fa-IR/output-rel
ease/open-logic-complete-fa-IR.prb [337]))
(./content/model-theory/interpolation/interpolation.tex [338]
\bbl@ensure@persian {فصل} 27.
Output from handle open-logic-complete-fa-IR going to open-logic-complete-fa-IR
.prb

\openout6 = open-logic-complete-fa-IR.prb
(./content/model-theory/interpolation/introduction.tex)
(./content/model-theory/interpolation/separation.tex [339

])
(./content/model-theory/interpolation/interpolation-proof.tex [340] [341])
(./content/model-theory/interpolation/definability.tex [342]))
(./content/model-theory/lindstrom/lindstrom.tex [343]
\bbl@ensure@persian {فصل} 28.
Output from handle open-logic-complete-fa-IR going to open-logic-complete-fa-IR
.prb

\openout6 = open-logic-complete-fa-IR.prb
(./content/model-theory/lindstrom/introduction.tex)
(./content/model-theory/lindstrom/abstract-logics.tex [344

])
(./content/model-theory/lindstrom/ls-property.tex
Overfull \vbox (0.19157pt too high) has occurred while \output is active []


[345] [346]) (./content/model-theory/lindstrom/lindstrom-proof.tex [347])))
(./content/computability/computability.tex [348] [349

]
(./content/computability/recursive-functions/recursive-functions.tex [350]
\bbl@ensure@persian {فصل} 29.
Output from handle open-logic-complete-fa-IR going to open-logic-complete-fa-IR
.prb

\openout6 = open-logic-complete-fa-IR.prb
(./content/computability/recursive-functions/introduction.tex)
(./content/computability/recursive-functions/primitive-recursion.tex [351

]
Overfull \vbox (0.21266pt too high) has occurred while \output is active []


[352]
Overfull \hbox (12.27708pt too wide) in paragraph at lines 97--106
\TU/Scheherazade-Regular.ttf(0)/m/sc/10 معادلهٔ نخست مقدار $\OM
L/cmm/m/it/10 h\OT1/cmr/m/n/10 (\OML/cmm/m/it/10 x[]; [] ; x[]; \OT1/cmr/m/n/10
 0)$ \TU/Scheherazade-Regular.ttf(0)/m/sc/10 را بدون ارجاع به $\OM
L/cmm/m/it/10 h$ \TU/Scheherazade-Regular.ttf(0)/m/sc/10 تعریف می‌ک
ند. معادلهٔ دوم مقدار $\OML/cmm/m/it/10 h\OT1/cmr/m/n/10 (\OML
/cmm/m/it/10 x[]; [] ; x[]; y \OT1/cmr/m/n/10 +
 []

) (./content/computability/recursive-functions/composition.tex [353])
(./content/computability/recursive-functions/pr-functions.tex
Overfull \vbox (0.21266pt too high) has occurred while \output is active []


[354]
Overfull \vbox (0.21266pt too high) has occurred while \output is active []


[355]) (./content/computability/recursive-functions/notation-pr-functions.tex
Overfull \vbox (0.21266pt too high) has occurred while \output is active []


[356]) (./content/computability/recursive-functions/pr-functions-computable.tex
) (./content/computability/recursive-functions/examples.tex
Overfull \vbox (0.21266pt too high) has occurred while \output is active []


[357]
Overfull \vbox (0.21266pt too high) has occurred while \output is active []


[358]
Overfull \vbox (0.21266pt too high) has occurred while \output is active []


[359]) (./content/computability/recursive-functions/pr-relations.tex
Overfull \vbox (0.21266pt too high) has occurred while \output is active []


[360] [361])
(./content/computability/recursive-functions/bounded-minimization.tex)
(./content/computability/recursive-functions/primes.tex
Overfull \vbox (0.21266pt too high) has occurred while \output is active []


[362]) (./content/computability/recursive-functions/sequences.tex [363]
Overfull \vbox (0.21266pt too high) has occurred while \output is active []


[364]) (./content/computability/recursive-functions/trees.tex [365])
(./content/computability/recursive-functions/other-recursions.tex
Overfull \vbox (0.21266pt too high) has occurred while \output is active []


[366]) (./content/computability/recursive-functions/non-pr-functions.tex
[367]) (./content/computability/recursive-functions/partial-functions.tex
Overfull \vbox (0.21266pt too high) has occurred while \output is active []


[368]) (./content/computability/recursive-functions/normal-form.tex [369])
(./content/computability/recursive-functions/halting-problem.tex
Overfull \vbox (0.21266pt too high) has occurred while \output is active []


[370])
(./content/computability/recursive-functions/general-recursive-functions.tex)
(<LOCAL_USER_ROOT>/Documents/interlanguage/03_projects/language_management/arabic
_persianate_rtl/03_working_translations/openlogic/fa-IR/locale/fa-IR/output-rel
ease/open-logic-complete-fa-IR.prb
Overfull \vbox (0.21266pt too high) has occurred while \output is active []


[371])) (./content/computability/computability-theory/computability-theory.tex
Overfull \vbox (0.21266pt too high) has occurred while \output is active []


[372]
\bbl@ensure@persian {فصل} 30.
Output from handle open-logic-complete-fa-IR going to open-logic-complete-fa-IR
.prb

\openout6 = open-logic-complete-fa-IR.prb
(./content/computability/computability-theory/introduction.tex)
(./content/computability/computability-theory/coding-computations.tex [373

])
(./content/computability/computability-theory/normal-form.tex [374])
(./content/computability/computability-theory/s-m-n.tex

Package hyperref Warning: Token not allowed in a PDF string (Unicode):
(hyperref)                removing `math shift' on input line 10.


Package hyperref Warning: Token not allowed in a PDF string (Unicode):
(hyperref)                removing `math shift' on input line 10.


Package hyperref Warning: Token not allowed in a PDF string (Unicode):
(hyperref)                removing `math shift' on input line 10.


Package hyperref Warning: Token not allowed in a PDF string (Unicode):
(hyperref)                removing `math shift' on input line 10.


Package hyperref Warning: Token not allowed in a PDF string (Unicode):
(hyperref)                removing `math shift' on input line 10.


Package hyperref Warning: Token not allowed in a PDF string (Unicode):
(hyperref)                removing `math shift' on input line 10.

) (./content/computability/computability-theory/universal-part-function.tex
[375]) (./content/computability/computability-theory/no-universal-function.tex) (./content/computability/computability-theory/halting-problem.tex [376])
(./content/computability/computability-theory/russells-paradox.tex [377])
(./content/computability/computability-theory/computable-sets.tex [378])
(./content/computability/computability-theory/ce-sets.tex)
(./content/computability/computability-theory/equiv-ce-defs.tex

Class memoir Warning: The material used in the headers is too large
(12.39723pt) for the given head height (12.0pt), it is recommended to
either increase the head height or redesign the header
(in both cases you will find help in the memoir manual). on input line 34.


Overfull \vbox (0.39723pt too high) has occurred while \output is active []


[379] [380]) (./content/computability/computability-theory/non-comp-set.tex
[381]) (./content/computability/computability-theory/ce-closed-cup-cap.tex
[382]) (./content/computability/computability-theory/complement-ce.tex)
(./content/computability/computability-theory/reducibility.tex
Overfull \vbox (0.39723pt too high) has occurred while \output is active []


[383]) (./content/computability/computability-theory/prop-reduce.tex [384])
(./content/computability/computability-theory/complete-ce-sets.tex)
(./content/computability/computability-theory/k-1.tex

Class memoir Warning: The material used in the headers is too large
(12.5027pt) for the given head height (12.0pt), it is recommended to
either increase the head height or redesign the header
(in both cases you will find help in the memoir manual). on input line 19.


Overfull \vbox (0.5027pt too high) has occurred while \output is active []


[385]) (./content/computability/computability-theory/total.tex [386])
(./content/computability/computability-theory/rice-theorem.tex [387])
(./content/computability/computability-theory/fixed-point-thm.tex [388]
[389] [390])
(./content/computability/computability-theory/application-fixed-point.tex
[391])
(./content/computability/computability-theory/def-functions-self-reference.tex)
(<LOCAL_USER_ROOT>/Documents/interlanguage/03_projects/language_management/arabic
_persianate_rtl/03_working_translations/openlogic/fa-IR/locale/fa-IR/output-rel
ease/open-logic-complete-fa-IR.prb [392])))
(./content/turing-machines/turing-machines.tex
Overfull \vbox (0.21266pt too high) has occurred while \output is active []


[393] [394

]
(./content/turing-machines/machines-computations/machines-computations.tex
\bbl@ensure@persian {فصل} 31.
Output from handle open-logic-complete-fa-IR going to open-logic-complete-fa-IR
.prb

\openout6 = open-logic-complete-fa-IR.prb
(./content/turing-machines/machines-computations/introduction.tex
(../../assets/diagrams/turing-machine.tikz)
(../../assets/diagrams/turing-machine.tikz)
(../../assets/diagrams/turing-machine.tikz)
(../../assets/diagrams/turing-machine.tikz)
(../../assets/diagrams/turing-machine.tikz) [395

])
(./content/turing-machines/machines-computations/representing-tms.tex [396]
[397]) (./content/turing-machines/machines-computations/turing-machines.tex
[398] [399]) (./content/turing-machines/machines-computations/configuration.tex
[400]) (./content/turing-machines/machines-computations/unary-numbers.tex
[401]) (./content/turing-machines/machines-computations/halting-states.tex
[402]
Underfull \vbox (badness 10000) has occurred while \output is active []

 [403])
(./content/turing-machines/machines-computations/disciplined-machines.tex
[404]) (./content/turing-machines/machines-computations/combining-machines.tex
[405] [406]) (./content/turing-machines/machines-computations/variants.tex
[407])
(./content/turing-machines/machines-computations/church-turing-thesis.tex
Overfull \hbox (15.60526pt too wide) in paragraph at lines 22--24
[]\TU/Scheherazade-Regular.ttf(0)/m/it/10 تز چرچ--تورینگ \TU/Scheher
azade-Regular.ttf(0)/m/sc/10 می‌گوید هر چیزی که به‌وسی
لهٔ روشی مؤثر محاسبه‌پذیر باشد، تورینگ‌م
حاسبه‌پذیر
 []

[408])
(<LOCAL_USER_ROOT>/Documents/interlanguage/03_projects/language_management/arabic
_persianate_rtl/03_working_translations/openlogic/fa-IR/locale/fa-IR/output-rel
ease/open-logic-complete-fa-IR.prb
Overfull \vbox (0.23376pt too high) has occurred while \output is active []


[409])) (./content/turing-machines/undecidability/undecidability.tex [410]
\bbl@ensure@persian {فصل} 32.
Output from handle open-logic-complete-fa-IR going to open-logic-complete-fa-IR
.prb

\openout6 = open-logic-complete-fa-IR.prb
(./content/turing-machines/undecidability/introduction.tex [411

])
(./content/turing-machines/undecidability/enumerating-tms.tex
Overfull \vbox (0.19157pt too high) has occurred while \output is active []


[412]) (./content/turing-machines/undecidability/universal-tm.tex [413]
Overfull \vbox (0.19157pt too high) has occurred while \output is active []


[414]) (./content/turing-machines/undecidability/halting-problem.tex [415])
(./content/turing-machines/undecidability/decision-problem.tex
Overfull \vbox (0.19157pt too high) has occurred while \output is active []


[416]) (./content/turing-machines/undecidability/representing-tms.tex [417]
Overfull \vbox (0.19157pt too high) has occurred while \output is active []


[418]) (./content/turing-machines/undecidability/verification.tex [419]
Overfull \vbox (0.19157pt too high) has occurred while \output is active []


[420] [421]
Overfull \vbox (0.19157pt too high) has occurred while \output is active []


[422])
(./content/turing-machines/undecidability/unsolvability-decision-problem.tex
Overfull \vbox (0.19157pt too high) has occurred while \output is active []


[423]) (./content/turing-machines/undecidability/trakhtenbrot.tex
Overfull \vbox (0.19157pt too high) has occurred while \output is active []


[424] [425])
(<LOCAL_USER_ROOT>/Documents/interlanguage/03_projects/language_management/arabic
_persianate_rtl/03_working_translations/openlogic/fa-IR/locale/fa-IR/output-rel
ease/open-logic-complete-fa-IR.prb
Overfull \hbox (10.87524pt too wide) in paragraph at lines 72--84
[] \OT1/cmr/m/n/10 = \OMS/cmsy/m/n/10 f\OT1/cmr/m/n/10 0\OML/cmm/m/it/10 ; \OT1
/cmr/m/n/10 1\OML/cmm/m/it/10 ; \OT1/cmr/m/n/10 2\OMS/cmsy/m/n/10 g$\TU/Scheher
azade-Regular.ttf(0)/m/sc/10 ، $[]\OT1/cmr/m/n/10 (0) = [](1) = 1$ \TU/Scheher
azade-Regular.ttf(0)/m/sc/10 و $[]\OT1/cmr/m/n/10 (2) = 2$\TU/Scheherazade-Reg
ular.ttf(0)/m/sc/10 ، و $[] \OT1/cmr/m/n/10 = \OMS/cmsy/m/n/10 fh\OT1/cmr/m/n
/10 0\OML/cmm/m/it/10 ; \OT1/cmr/m/n/10 1\OMS/cmsy/m/n/10 i\OML/cmm/m/it/10 ; \
OMS/cmsy/m/n/10 h\OT1/cmr/m/n/10 1\OML/cmm/m/it/10 ; \OT1/cmr/m/n/10 1\OMS/cmsy
/m/n/10 i\OML/cmm/m/it/10 ; \OMS/cmsy/m/n/10 h\OT1/cmr/m/n/10 2\OML/cmm/m/it/10
 ; \OT1/cmr/m/n/10 2\OMS/cmsy/m/n/10 ig$\TU/Scheherazade-Regular.ttf(0)/m/sc/10
 .
 []


Overfull \vbox (0.19157pt too high) has occurred while \output is active []


[426]))) (./content/incompleteness/incompleteness.tex [427] [428

]
(./content/incompleteness/introduction/introduction.tex [429]
\bbl@ensure@persian {فصل} 33.
Output from handle open-logic-complete-fa-IR going to open-logic-complete-fa-IR
.prb

\openout6 = open-logic-complete-fa-IR.prb
(./content/incompleteness/introduction/historical-background.tex [430

] [431])
(./content/incompleteness/introduction/definitions.tex [432] [433] [434])
(./content/incompleteness/introduction/overview.tex [435])
(./content/incompleteness/introduction/undecidability.tex [436]
Overfull \vbox (0.19157pt too high) has occurred while \output is active []


[437])
(<LOCAL_USER_ROOT>/Documents/interlanguage/03_projects/language_management/arabic
_persianate_rtl/03_working_translations/openlogic/fa-IR/locale/fa-IR/output-rel
ease/open-logic-complete-fa-IR.prb))
(./content/incompleteness/arithmetization-syntax/arithmetization-syntax.tex
[438]
\bbl@ensure@persian {فصل} 34.
Output from handle open-logic-complete-fa-IR going to open-logic-complete-fa-IR
.prb

\openout6 = open-logic-complete-fa-IR.prb
(./content/incompleteness/arithmetization-syntax/introduction.tex [439

])
(./content/incompleteness/arithmetization-syntax/coding-symbols.tex [440])
(./content/incompleteness/arithmetization-syntax/coding-terms.tex [441]
LaTeX Font Info:    Font shape `TU/Scheherazade-Regular.ttf(0)/m/it' will be
(Font)              scaled to size 6.48001pt on input line 98.
)
(./content/incompleteness/arithmetization-syntax/coding-formulas.tex [442])
(./content/incompleteness/arithmetization-syntax/substitution.tex)
(./content/incompleteness/arithmetization-syntax/proofs-in-lk.tex

Package hyperref Warning: Token not allowed in a PDF string (Unicode):
(hyperref)                removing `math shift' on input line 10.


Package hyperref Warning: Token not allowed in a PDF string (Unicode):
(hyperref)                removing `\Log' on input line 10.


Package hyperref Warning: Token not allowed in a PDF string (Unicode):
(hyperref)                removing `math shift' on input line 10.

[443]
Overfull \hbox (3.38786pt too wide) in paragraph at lines 21--24
[]\TU/Scheherazade-Regular.ttf(0)/m/sc/10 اگر $\OT1/cmr/m/n/10 ^^@$ \TU/Sche
herazade-Regular.ttf(0)/m/sc/10 دنباله‌ای متناهی از جمله
‌ها باشد، $\OT1/cmr/m/n/10 ^^@ = \OMS/cmsy/m/n/10 h\OML/cmm/m/it/10 '[
]; [] ; '[]\OMS/cmsy/m/n/10 i$\TU/Scheherazade-Regular.ttf(0)/m/sc/10 ، آن
گاه $[]\OT1/cmr/m/n/10 ^^@[] = \OMS/cmsy/m/n/10 h[][][]\OML/cmm/m/it/10 ; []
 ; [][][]\OMS/cmsy/m/n/10 i$\TU/Scheherazade-Regular.ttf(0)/m/sc/10 . 
 []

[444]
Overfull \hbox (21.65648pt too wide) in paragraph at lines 129--134
[]\TU/Scheherazade-Regular.ttf(0)/m/sc/10 همچنین باید نشان ده
یم به ازای هر قاعدهٔ استنتاج $\OML/cmm/m/it/10 R$\TU/Sch
eherazade-Regular.ttf(0)/m/sc/10 ، رابطهٔ $[][]\OT1/cmr/m/n/10 (\OML/cmm
/m/it/10 p\OT1/cmr/m/n/10 )$ \TU/Scheherazade-Regular.ttf(0)/m/sc/10 بازگ
شتی اولیه است؛ $[][]\OT1/cmr/m/n/10 (\OML/cmm/m/it/10 p\OT1/cmr/m/n
/10 )$
 []

[445]) (./content/incompleteness/arithmetization-syntax/proofs-in-nd.tex
[446]
Overfull \vbox (0.23376pt too high) has occurred while \output is active []


[447]
Overfull \hbox (20.52557pt too wide) in paragraph at lines 137--143
[]\TU/Scheherazade-Regular.ttf(0)/m/sc/10 اینجا باید نشان دهی
م به ازای هر قاعدهٔ استنتاج $\OML/cmm/m/it/10 R$\TU/Scheh
erazade-Regular.ttf(0)/m/sc/10 ، رابطهٔ $[][]\OT1/cmr/m/n/10 (\OML/cmm/m
/it/10 d\OT1/cmr/m/n/10 )$ \TU/Scheherazade-Regular.ttf(0)/m/sc/10 بازگش
تی اولیه است؛ $[][]\OT1/cmr/m/n/10 (\OML/cmm/m/it/10 d\OT1/cmr/m/n/1
0 )$
 []

[448]
Overfull \vbox (0.23376pt too high) has occurred while \output is active []


[449]) (./content/incompleteness/arithmetization-syntax/proofs-in-ax.tex
[450]

LaTeX Font Warning: Font shape `TU/Scheherazade-Regular.ttf(0)/m/scit' undefine
d
(Font)              using `TU/Scheherazade-Regular.ttf(0)/m/sc' instead on inpu
t line 61.

[451] [452])
(<LOCAL_USER_ROOT>/Documents/interlanguage/03_projects/language_management/arabic
_persianate_rtl/03_working_translations/openlogic/fa-IR/locale/fa-IR/output-rel
ease/open-logic-complete-fa-IR.prb [453]))
(./content/incompleteness/representability-in-q/representability-in-q.tex
[454]
\bbl@ensure@persian {فصل} 35.
LaTeX Font Info:    Font shape `OML/cmbr/m/it' in size <20.74> not available
(Font)              Font shape `OML/cmbrm/m/it' tried instead on input line 8.
LaTeX Font Info:    Font shape `OML/cmbr/m/it' in size <14.4> not available
(Font)              Font shape `OML/cmbrm/m/it' tried instead on input line 8.

Package hyperref Warning: Token not allowed in a PDF string (Unicode):
(hyperref)                removing `math shift' on input line 8.


Package hyperref Warning: Token not allowed in a PDF string (Unicode):
(hyperref)                removing `\Th' on input line 8.


Package hyperref Warning: Token not allowed in a PDF string (Unicode):
(hyperref)                removing `math shift' on input line 8.

Output from handle open-logic-complete-fa-IR going to open-logic-complete-fa-IR
.prb

\openout6 = open-logic-complete-fa-IR.prb
(./content/incompleteness/representability-in-q/introduction.tex [455

]
Overfull \hbox (29.54482pt too wide) in paragraph at lines 87--91
[]\TU/Scheherazade-Regular.ttf(0)/m/sc/10 راه‌های دیگری نیز ب
رای بیان تعریف هست؛ برای نمونه، می‌توانست
یم به‌طور هم‌ارز بخواهیم $\TU/TeXGyrePagella(0)/b/n/10 Q$ \TU/Scheherazade-Regular.ttf(0)/m/sc/10 
فرمول $\OMS/cmsy/m/n/10 8\OML/cmm/m/it/10 y \OT1/cmr/m/n/10 (\OML/cmm/m/it
/10 '[]\OT1/cmr/m/n/10 ([]\OML/cmm/m/it/10 ; [] ; []; y\OT1/cmr/m/n/10 ) []
 []

) (./content/incompleteness/representability-in-q/representable-comp.tex

Package hyperref Warning: Token not allowed in a PDF string (Unicode):
(hyperref)                removing `math shift' on input line 10.


Package hyperref Warning: Token not allowed in a PDF string (Unicode):
(hyperref)                removing `\Th' on input line 10.


Package hyperref Warning: Token not allowed in a PDF string (Unicode):
(hyperref)                removing `math shift' on input line 10.


Overfull \hbox (20.42645pt too wide) in paragraph at lines 26--49
[]\TU/Scheherazade-Regular.ttf(0)/m/sc/10 جهت «اگر» همان [][]تع
ریف 35.1[][][][](1)[][] است. جهت «تنها اگر» را چنین م
ی‌بینیم: فرض کنید $\TU/TeXGyrePagella(0)/b/n/10 Q \OMS/cmsy/m/n/
10 ` \OML/cmm/m/it/10 '[]\OT1/cmr/m/n/10 ([]\OML/cmm/m/it/10 ; [] ; []; []\OT1/
cmr/m/n/10 )$\TU/Scheherazade-Regular.ttf(0)/m/sc/10 ،
 []


Overfull \hbox (10.20598pt too wide) in paragraph at lines 26--49
\TU/Scheherazade-Regular.ttf(0)/m/sc/10 اما $\OML/cmm/m/it/10 m \OMS/cmsy/m/
n/10 6\OT1/cmr/m/n/10 = \OML/cmm/m/it/10 f\OT1/cmr/m/n/10 (\OML/cmm/m/it/10 n[]
; [] ; n[]\OT1/cmr/m/n/10 )$\TU/Scheherazade-Regular.ttf(0)/m/sc/10 . بگذا
رید $\OML/cmm/m/it/10 l \OT1/cmr/m/n/10 = \OML/cmm/m/it/10 f\OT1/cmr/m/n/10 
(\OML/cmm/m/it/10 n[]; [] ; n[]\OT1/cmr/m/n/10 )$\TU/Scheherazade-Regular.ttf(0
)/m/sc/10 . بنا بر [][]تعریف 35.1[][][][](1)[][]، $\TU/TeXGyrePagell
a(0)/b/n/10 Q \OMS/cmsy/m/n/10 ` \OML/cmm/m/it/10 '[]\OT1/cmr/m/n/10 ([]\OML/cm
m/m/it/10 ; [] ; []; []\OT1/cmr/m/n/10 )$\TU/Scheherazade-Regular.ttf(0)/m/sc/1
0 .
 []

[456]
Overfull \hbox (0.74652pt too wide) in paragraph at lines 56--66
\OML/cmm/m/it/10 f\OT1/cmr/m/n/10 (\OML/cmm/m/it/10 n[]; [] ; n[]\OT1/cmr/m/n/1
0 )$ \TU/Scheherazade-Regular.ttf(0)/m/sc/10 و مقدار $\OML/cmm/m/it/10 f$
 \TU/Scheherazade-Regular.ttf(0)/m/sc/10 را یافته‌ایم. جست‌و
جو پایان می‌یابد، زیرا $\TU/TeXGyrePagella(0)/b/n/10 Q \OMS
/cmsy/m/n/10 ` \OML/cmm/m/it/10 '[]\OT1/cmr/m/n/10 ([]\OML/cmm/m/it/10 ; [] ; [
]; []\OT1/cmr/m/n/10 )$\TU/Scheherazade-Regular.ttf(0)/m/sc/10 ؛
 []


Overfull \hbox (27.07701pt too wide) in paragraph at lines 90--93
[]\TU/Scheherazade-Regular.ttf(0)/m/sc/10 اکنون رابطهٔ $\OML/cmm/m/i
t/10 R\OT1/cmr/m/n/10 (\OML/cmm/m/it/10 n[]; [] ; n[]; s\OT1/cmr/m/n/10 )$ \TU/
Scheherazade-Regular.ttf(0)/m/sc/10 را در نظر بگیرید که وقت
ی $\OT1/cmr/m/n/10 (\OML/cmm/m/it/10 s\OT1/cmr/m/n/10 )[]$ \TU/Scheherazade-Re
gular.ttf(0)/m/sc/10 عدد گودل  اشتقاقی از $\TU/TeXGyrePagella(0
)/b/n/10 Q$ \TU/Scheherazade-Regular.ttf(0)/m/sc/10 برای $\OML/cmm/m/it/10 
'[]\OT1/cmr/m/n/10 ([]\OML/cmm/m/it/10 ; [] ; []; []\OT1/cmr/m/n/10 )$
 []

) (./content/incompleteness/representability-in-q/beta-function.tex
Overfull \vbox (0.21266pt too high) has occurred while \output is active []


[457] [458]
Overfull \vbox (0.21266pt too high) has occurred while \output is active []


[459]) (./content/incompleteness/representability-in-q/prim-rec.tex)
(./content/incompleteness/representability-in-q/basic-representable.tex

Package hyperref Warning: Token not allowed in a PDF string (Unicode):
(hyperref)                removing `math shift' on input line 10.


Package hyperref Warning: Token not allowed in a PDF string (Unicode):
(hyperref)                removing `\Th' on input line 10.


Package hyperref Warning: Token not allowed in a PDF string (Unicode):
(hyperref)                removing `math shift' on input line 10.

[460]
Overfull \vbox (0.21266pt too high) has occurred while \output is active []


[461] [462])
(./content/incompleteness/representability-in-q/composition-representable.tex

Package hyperref Warning: Token not allowed in a PDF string (Unicode):
(hyperref)                removing `math shift' on input line 10.


Package hyperref Warning: Token not allowed in a PDF string (Unicode):
(hyperref)                removing `\Th' on input line 10.


Package hyperref Warning: Token not allowed in a PDF string (Unicode):
(hyperref)                removing `math shift' on input line 10.

[463]
Overfull \hbox (27.11278pt too wide) in paragraph at lines 77--80
[]\TU/Scheherazade-Regular.ttf(0)/m/it/10 اگر $\OML/cmm/m/it/10 '[]\OT1/cmr/
m/n/10 (\OML/cmm/m/it/10 y[]; [] ; y[]; z\OT1/cmr/m/n/10 )$ \TU/Scheherazade-Re
gular.ttf(0)/m/it/10 تابع $\OML/cmm/m/it/10 f\OT1/cmr/m/n/10 (\OML/cmm/m/it
/10 y[]; [] ; y[]\OT1/cmr/m/n/10 )$ \TU/Scheherazade-Regular.ttf(0)/m/it/10 ر
ا در $\TU/TeXGyrePagella(0)/b/n/10 Q$ \TU/Scheherazade-Regular.ttf(0)/m/it/1
0 بازنمایی کند، و $\OML/cmm/m/it/10 '[]\OT1/cmr/m/n/10 (\OML/cmm/m
/it/10 x[]; [] ; x[]; y\OT1/cmr/m/n/10 )$
 []

)
(./content/incompleteness/representability-in-q/minimization-representable.tex

Package hyperref Warning: Token not allowed in a PDF string (Unicode):
(hyperref)                removing `math shift' on input line 10.


Package hyperref Warning: Token not allowed in a PDF string (Unicode):
(hyperref)                removing `\Th' on input line 10.


Package hyperref Warning: Token not allowed in a PDF string (Unicode):
(hyperref)                removing `math shift' on input line 10.

[464]
Overfull \vbox (0.19157pt too high) has occurred while \output is active []


[465] [466])
(./content/incompleteness/representability-in-q/comp-representable.tex

Package hyperref Warning: Token not allowed in a PDF string (Unicode):
(hyperref)                removing `math shift' on input line 10.


Package hyperref Warning: Token not allowed in a PDF string (Unicode):
(hyperref)                removing `\Th' on input line 10.


Package hyperref Warning: Token not allowed in a PDF string (Unicode):
(hyperref)                removing `math shift' on input line 10.

) (./content/incompleteness/representability-in-q/representing-relations.tex
Overfull \hbox (10.88637pt too wide) in paragraph at lines 16--23
[]\TU/Scheherazade-Regular.ttf(0)/m/sc/10 رابطهٔ $\OML/cmm/m/it/10 R\OT1/
cmr/m/n/10 (\OML/cmm/m/it/10 x[]; [] ; x[]\OT1/cmr/m/n/10 )$ \TU/Scheherazade-R
egular.ttf(0)/m/sc/10 روی اعداد طبیعی \TU/Scheherazade-Regular.ttf
(0)/m/it/10 در $\TU/TeXGyrePagella(0)/b/n/10 Q$ \TU/Scheherazade-Regular.ttf(
0)/m/it/10 بازنمایی‌پذیر است \TU/Scheherazade-Regular.ttf(0)/m
/sc/10 هرگاه فرمولی چون $\OML/cmm/m/it/10 '[]\OT1/cmr/m/n/10 (\OM
L/cmm/m/it/10 x[]; [] ; x[]\OT1/cmr/m/n/10 )$
 []


Overfull \vbox (0.21266pt too high) has occurred while \output is active []


[467]
Overfull \hbox (24.18602pt too wide) in paragraph at lines 39--53
[]\TU/Scheherazade-Regular.ttf(0)/m/sc/10 در جهت دیگر، فرض کنی
د $\OML/cmm/m/it/10 R\OT1/cmr/m/n/10 (\OML/cmm/m/it/10 x[]; [] ; x[]\OT1/cmr/m
/n/10 )$ \TU/Scheherazade-Regular.ttf(0)/m/sc/10 محاسبه‌پذیر با
شد. بنا بر تعریف، این بدان معناست که تابع $\OML
/cmm/m/it/10 []\OT1/cmr/m/n/10 (\OML/cmm/m/it/10 x[]; [] ; x[]\OT1/cmr/m/n/10 
)$
 []


Overfull \hbox (30.27246pt too wide) in paragraph at lines 39--53
\TU/Scheherazade-Regular.ttf(0)/m/sc/10 محاسبه‌پذیر است. بنا 
بر [][]قضیه 35.2[][]، $\OML/cmm/m/it/10 []$ \TU/Scheherazade-Regular.tt
f(0)/m/sc/10 با فرمولی، مثلاً $\OML/cmm/m/it/10 '[]\OT1/cmr/m/n/1
0 (\OML/cmm/m/it/10 x[]; [] ; x[]; y\OT1/cmr/m/n/10 )$\TU/Scheherazade-Regular.
ttf(0)/m/sc/10 ، بازنمایی می‌شود. بگذارید $\OML/cmm/m/it
/10 '[]\OT1/cmr/m/n/10 (\OML/cmm/m/it/10 x[]; [] ; x[]\OT1/cmr/m/n/10 )$
 []


Overfull \hbox (36.18262pt too wide) in paragraph at lines 39--53
\TU/Scheherazade-Regular.ttf(0)/m/sc/10 فرمول $\OML/cmm/m/it/10 '[]\OT1/cm
r/m/n/10 (\OML/cmm/m/it/10 x[]; [] ; x[]; []\OT1/cmr/m/n/10 )$ \TU/Scheherazade
-Regular.ttf(0)/m/sc/10 باشد. آنگاه برای هر $\OML/cmm/m/it/10 n[
]$\TU/Scheherazade-Regular.ttf(0)/m/sc/10 ، …، $\OML/cmm/m/it/10 n[]$\TU/Sc
heherazade-Regular.ttf(0)/m/sc/10 ، اگر $\OML/cmm/m/it/10 R\OT1/cmr/m/n/10 
(\OML/cmm/m/it/10 n[]; [] ; n[]\OT1/cmr/m/n/10 )$ \TU/Scheherazade-Regular.ttf(
0)/m/sc/10 صادق باشد، $\OML/cmm/m/it/10 []\OT1/cmr/m/n/10 (\OML/cmm/m
/it/10 n[]; [] ; n[]\OT1/cmr/m/n/10 ) =
 []

) (./content/incompleteness/representability-in-q/undecidability.tex [468])
(./content/incompleteness/representability-in-q/sigma1-completeness.tex
[469] [470])
(<LOCAL_USER_ROOT>/Documents/interlanguage/03_projects/language_management/arabic
_persianate_rtl/03_working_translations/openlogic/fa-IR/locale/fa-IR/output-rel
ease/open-logic-complete-fa-IR.prb))
(./content/incompleteness/theories-computability/theories-computability.tex
[471] [472]
\bbl@ensure@persian {فصل} 36.
Output from handle open-logic-complete-fa-IR going to open-logic-complete-fa-IR
.prb

\openout6 = open-logic-complete-fa-IR.prb
(./content/incompleteness/theories-computability/introduction.tex)
(./content/incompleteness/theories-computability/q-is-ce.tex

Package hyperref Warning: Token not allowed in a PDF string (Unicode):
(hyperref)                removing `math shift' on input line 11.


Package hyperref Warning: Token not allowed in a PDF string (Unicode):
(hyperref)                removing `\Th' on input line 11.


Package hyperref Warning: Token not allowed in a PDF string (Unicode):
(hyperref)                removing `math shift' on input line 11.

[473

])
(./content/incompleteness/theories-computability/oconsis-ext-of-q-undec.tex

Package hyperref Warning: Token not allowed in a PDF string (Unicode):
(hyperref)                removing `math shift' on input line 11.


Package hyperref Warning: Token not allowed in a PDF string (Unicode):
(hyperref)                removing `\omega' on input line 11.


Package hyperref Warning: Token not allowed in a PDF string (Unicode):
(hyperref)                removing `math shift' on input line 11.


Package hyperref Warning: Token not allowed in a PDF string (Unicode):
(hyperref)                removing `math shift' on input line 11.


Package hyperref Warning: Token not allowed in a PDF string (Unicode):
(hyperref)                removing `\Th' on input line 11.


Package hyperref Warning: Token not allowed in a PDF string (Unicode):
(hyperref)                removing `math shift' on input line 11.

)
(./content/incompleteness/theories-computability/extensions-of-q-not-decidable.
tex

Package hyperref Warning: Token not allowed in a PDF string (Unicode):
(hyperref)                removing `math shift' on input line 11.


Package hyperref Warning: Token not allowed in a PDF string (Unicode):
(hyperref)                removing `\Th' on input line 11.


Package hyperref Warning: Token not allowed in a PDF string (Unicode):
(hyperref)                removing `math shift' on input line 11.


Overfull \hbox (2.0687pt too wide) in paragraph at lines 32--36
[]\TU/Scheherazade-Regular.ttf(0)/m/sc/10 فرض کنید $\OML/cmm/m/it/10 R\O
T1/cmr/m/n/10 (\OML/cmm/m/it/10 x; y\OT1/cmr/m/n/10 )$ \TU/Scheherazade-Regular
.ttf(0)/m/sc/10 رابطه‌ای محاسبه‌پذیر و جهان‌شمو
ل باشد. بگذارید $\OML/cmm/m/it/10 S\OT1/cmr/m/n/10 (\OML/cmm/m/it/1
0 y\OT1/cmr/m/n/10 )$ \TU/Scheherazade-Regular.ttf(0)/m/sc/10 رابطهٔ $\OM
S/cmsy/m/n/10 :\OML/cmm/m/it/10 R\OT1/cmr/m/n/10 (\OML/cmm/m/it/10 y; y\OT1/cmr
/m/n/10 )$ \TU/Scheherazade-Regular.ttf(0)/m/sc/10 باشد. چون $\OML/cmm/m
/it/10 S\OT1/cmr/m/n/10 (\OML/cmm/m/it/10 y\OT1/cmr/m/n/10 )$
 []

[474])
(./content/incompleteness/theories-computability/computably-axiomatizable.tex)
(./content/incompleteness/theories-computability/complete-decidable.tex
[475])
(./content/incompleteness/theories-computability/first-incompleteness.tex

Package hyperref Warning: Token not allowed in a PDF string (Unicode):
(hyperref)                removing `math shift' on input line 11.


Package hyperref Warning: Token not allowed in a PDF string (Unicode):
(hyperref)                removing `\Th' on input line 11.


Package hyperref Warning: Token not allowed in a PDF string (Unicode):
(hyperref)                removing `math shift' on input line 11.


Package hyperref Warning: Token not allowed in a PDF string (Unicode):
(hyperref)                removing `\@printtoken' on input line 11.


Package hyperref Warning: Token not allowed in a PDF string (Unicode):
(hyperref)                removing `superscript' on input line 11.

) (./content/incompleteness/theories-computability/inseparability.tex

Package hyperref Warning: Token not allowed in a PDF string (Unicode):
(hyperref)                removing `math shift' on input line 12.


Package hyperref Warning: Token not allowed in a PDF string (Unicode):
(hyperref)                removing `\Th' on input line 12.


Package hyperref Warning: Token not allowed in a PDF string (Unicode):
(hyperref)                removing `math shift' on input line 12.

[476]) (./content/incompleteness/theories-computability/consis-with-q.tex

Package hyperref Warning: Token not allowed in a PDF string (Unicode):
(hyperref)                removing `math shift' on input line 11.


Package hyperref Warning: Token not allowed in a PDF string (Unicode):
(hyperref)                removing `\Th' on input line 11.


Package hyperref Warning: Token not allowed in a PDF string (Unicode):
(hyperref)                removing `math shift' on input line 11.

) (./content/incompleteness/theories-computability/interpretability.tex

Package hyperref Warning: Token not allowed in a PDF string (Unicode):
(hyperref)                removing `math shift' on input line 11.


Package hyperref Warning: Token not allowed in a PDF string (Unicode):
(hyperref)                removing `\Th' on input line 11.


Package hyperref Warning: Token not allowed in a PDF string (Unicode):
(hyperref)                removing `math shift' on input line 11.


Overfull \vbox (0.19157pt too high) has occurred while \output is active []


[477]))
(./content/incompleteness/incompleteness-provability/incompleteness-provability
.tex [478]
\bbl@ensure@persian {فصل} 37.
Output from handle open-logic-complete-fa-IR going to open-logic-complete-fa-IR
.prb

\openout6 = open-logic-complete-fa-IR.prb
(./content/incompleteness/incompleteness-provability/introduction.tex [479

])
(./content/incompleteness/incompleteness-provability/fixed-point-lemma.tex
[480])
(./content/incompleteness/incompleteness-provability/first-incompleteness-thm.t
ex [481]
Overfull \hbox (3.21657pt too wide) in paragraph at lines 58--69
[][]\OT1/cmr/m/n/10 (\OML/cmm/m/it/10 m; [][][]\OT1/cmr/m/n/10 )$ \TU/Scheheraz
ade-Regular.ttf(0)/m/sc/10 برقرار است. اما آنگاه $\TU/TeXGyreP
agella(0)/b/n/10 Q$ \TU/Scheherazade-Regular.ttf(0)/m/sc/10 جملهٔ $[][]\OT
1/cmr/m/n/10 ([]\OML/cmm/m/it/10 ; [][][]\OT1/cmr/m/n/10 )$ \TU/Scheherazade-Re
gular.ttf(0)/m/sc/10 را اشتقاق می‌کند. پس $\TU/TeXGyrePagella(
0)/b/n/10 Q$\TU/Scheherazade-Regular.ttf(0)/m/sc/10 ، $\OMS/cmsy/m/n/10 9\OML/
cmm/m/it/10 x [][]\OT1/cmr/m/n/10 (\OML/cmm/m/it/10 x; [][][]\OT1/cmr/m/n/10 )$

 []

) (./content/incompleteness/incompleteness-provability/rosser-thm.tex [482]
[483]) (./content/incompleteness/incompleteness-provability/godels-paper.tex)
(./content/incompleteness/incompleteness-provability/provability-conditions.tex

Package hyperref Warning: Token not allowed in a PDF string (Unicode):
(hyperref)                removing `math shift' on input line 11.


Package hyperref Warning: Token not allowed in a PDF string (Unicode):
(hyperref)                removing `\Th' on input line 11.


Package hyperref Warning: Token not allowed in a PDF string (Unicode):
(hyperref)                removing `math shift' on input line 11.


Overfull \hbox (0.53146pt too wide) in paragraph at lines 29--41
[]\TU/Scheherazade-Regular.ttf(0)/m/sc/10 از آنجا که $[]$ به‌طو
ر محاسبه‌پذیر اصل‌موضوعی‌سازی شده است، م
حمول اشتقاق‌پذیری یعنی $[][]\OT1/cmr/m/n/10 (\OML/cmm/m/it
/10 x; y\OT1/cmr/m/n/10 )$ \TU/Scheherazade-Regular.ttf(0)/m/sc/10 محاسب
ه‌پذیر
 []

[484])
(./content/incompleteness/incompleteness-provability/second-incompleteness-thm.
tex [485]) (./content/incompleteness/incompleteness-provability/lob-thm.tex
[486] [487])
(./content/incompleteness/incompleteness-provability/tarski-thm.tex [488]
Overfull \hbox (14.42136pt too wide) in paragraph at lines 22--27
[]\TU/Scheherazade-Regular.ttf(0)/m/sc/10 رابطهٔ $\OML/cmm/m/it/10 R\OT1/
cmr/m/n/10 (\OML/cmm/m/it/10 x[]; [] ; x[]\OT1/cmr/m/n/10 )$ \TU/Scheherazade-R
egular.ttf(0)/m/sc/10 بر اعداد طبیعی در $\U/euf/m/n/10 N$ \TU/Sch
eherazade-Regular.ttf(0)/m/it/10 تعریف‌پذیر \TU/Scheherazade-Regular
.ttf(0)/m/sc/10 است اگر و تنها اگر فرمولی چون $\OML/cmm/
m/it/10 '\OT1/cmr/m/n/10 (\OML/cmm/m/it/10 x[]; [] ; x[]\OT1/cmr/m/n/10 )$
 []

[489])
(<LOCAL_USER_ROOT>/Documents/interlanguage/03_projects/language_management/arabic
_persianate_rtl/03_working_translations/openlogic/fa-IR/locale/fa-IR/output-rel
ease/open-logic-complete-fa-IR.prb
Overfull \hbox (3.43692pt too wide) in paragraph at lines 18--27
[]\TU/Scheherazade-Regular.ttf(0)/m/sc/10 دو مجموعهٔ $\OML/cmm/m/it/10
 A$ \TU/Scheherazade-Regular.ttf(0)/m/sc/10 و $\OML/cmm/m/it/10 B$ \TU/Scheher
azade-Regular.ttf(0)/m/sc/10 از اعداد طبیعی را به‌طور م
حاسبه‌پذیر \TU/Scheherazade-Regular.ttf(0)/m/it/10 جدایی‌ن
اپذیر \TU/Scheherazade-Regular.ttf(0)/m/sc/10 می‌نامیم اگر ه
یچ مجموعهٔ تصمیم‌پذیر $\OML/cmm/m/it/10 X$\TU/Scheherazade-
Regular.ttf(0)/m/sc/10 ای
 []

))) (./content/second-order-logic/second-order-logic.tex [490] [491

]
(./content/second-order-logic/syntax-and-semantics/syntax-and-semantics.tex
[492]
\bbl@ensure@persian {فصل} 38.
Output from handle open-logic-complete-fa-IR going to open-logic-complete-fa-IR
.prb

\openout6 = open-logic-complete-fa-IR.prb
(./content/second-order-logic/syntax-and-semantics/introduction.tex)
(./content/second-order-logic/syntax-and-semantics/terms-formulas.tex
Underfull \vbox (badness 10000) has occurred while \output is active []

 [493

])
(./content/second-order-logic/syntax-and-semantics/satisfaction.tex [494]
[495]) (./content/second-order-logic/syntax-and-semantics/semantic-notions.tex
[496]) (./content/second-order-logic/syntax-and-semantics/expressive-power.tex) (./content/second-order-logic/syntax-and-semantics/inf-count.tex [497]
[498])
(<LOCAL_USER_ROOT>/Documents/interlanguage/03_projects/language_management/arabic
_persianate_rtl/03_working_translations/openlogic/fa-IR/locale/fa-IR/output-rel
ease/open-logic-complete-fa-IR.prb))
(./content/second-order-logic/metatheory/metatheory.tex [499]
\bbl@ensure@persian {فصل} 39.
Output from handle open-logic-complete-fa-IR going to open-logic-complete-fa-IR
.prb

\openout6 = open-logic-complete-fa-IR.prb
(./content/second-order-logic/metatheory/introduction.tex)
(./content/second-order-logic/metatheory/second-order-arithmetic.tex [500

]
[501])
(./content/second-order-logic/metatheory/undecidability-and-axiomatizability.te
x) (./content/second-order-logic/metatheory/compactness.tex [502])
(./content/second-order-logic/metatheory/loewenheim-skolem.tex)
(<LOCAL_USER_ROOT>/Documents/interlanguage/03_projects/language_management/arabic
_persianate_rtl/03_working_translations/openlogic/fa-IR/locale/fa-IR/output-rel
ease/open-logic-complete-fa-IR.prb))
(./content/second-order-logic/sol-and-set-theory/sol-and-set-theory.tex
Overfull \vbox (0.19157pt too high) has occurred while \output is active []


[503]
\bbl@ensure@persian {فصل} 40.
Output from handle open-logic-complete-fa-IR going to open-logic-complete-fa-IR
.prb

\openout6 = open-logic-complete-fa-IR.prb
(./content/second-order-logic/sol-and-set-theory/introduction.tex)
(./content/second-order-logic/sol-and-set-theory/comparing-sets.tex
Overfull \hbox (5.15578pt too wide) in paragraph at lines 20--23
[]\TU/Scheherazade-Regular.ttf(0)/m/it/10 فرمول $\OMS/cmsy/m/n/10 8\OML/cm
m/m/it/10 x \OT1/cmr/m/n/10 (\OML/cmm/m/it/10 X\OT1/cmr/m/n/10 (\OML/cmm/m/it/1
0 x\OT1/cmr/m/n/10 ) [] \OML/cmm/m/it/10 Y\OT1/cmr/m/n/10 (\OML/cmm/m/it/10 x\O
T1/cmr/m/n/10 ))$ \TU/Scheherazade-Regular.ttf(0)/m/it/10 رابطهٔ هما
نی بر مجموعه‌ها را تعریف می‌کند؛ یعنی $\U/euf/
m/n/10 M\OML/cmm/m/it/10 ; s \U/msa/m/n/10  \OMS/cmsy/m/n/10 8\OML/cmm/m/it/10
 x \OT1/cmr/m/n/10 (\OML/cmm/m/it/10 X\OT1/cmr/m/n/10 (\OML/cmm/m/it/10 x\OT1/c
mr/m/n/10 ) []
 []

[504

]) (./content/second-order-logic/sol-and-set-theory/cardinalities.tex
[505]) (./content/second-order-logic/sol-and-set-theory/power-of-continuum.tex
[506]
Overfull \hbox (18.38687pt too wide) in paragraph at lines 119--126
[]$[]\OT1/cmr/m/n/10 (\OML/cmm/m/it/10 Y; R; X\OT1/cmr/m/n/10 )$ \TU/Scheheraza
de-Regular.ttf(0)/m/sc/10 بیان می‌کند که $\OML/cmm/m/it/10 s\OT1/c
mr/m/n/10 (\OML/cmm/m/it/10 Y\OT1/cmr/m/n/10 )$ \TU/Scheherazade-Regular.ttf(0)
/m/sc/10 به‌کمک $\OML/cmm/m/it/10 s\OT1/cmr/m/n/10 (\OML/cmm/m/it/10 R\O
T1/cmr/m/n/10 )$ \TU/Scheherazade-Regular.ttf(0)/m/sc/10 مجموعهٔ توا
نی $\OML/cmm/m/it/10 s\OT1/cmr/m/n/10 (\OML/cmm/m/it/10 X\OT1/cmr/m/n/10 )$ \
TU/Scheherazade-Regular.ttf(0)/m/sc/10 را رمزگذاری می‌کند و $
[][]\OT1/cmr/m/n/10 (\OML/cmm/m/it/10 X\OT1/cmr/m/n/10 )$
 []

))) (./content/lambda-calculus/lambda-calculus.tex [507] [508] [509

]
(./content/lambda-calculus/introduction/introduction.tex [510]
\bbl@ensure@persian {فصل} 41.
Output from handle open-logic-complete-fa-IR going to open-logic-complete-fa-IR
.prb

\openout6 = open-logic-complete-fa-IR.prb
(./content/lambda-calculus/introduction/overview.tex [511

])
(./content/lambda-calculus/introduction/syntax.tex
Package hyperref Info: bookmark level for unknown conv defaults to 0 on input l
ine 33.
)
(./content/lambda-calculus/introduction/reduction.tex [512])
(./content/lambda-calculus/introduction/church-rosser.tex [513])
(./content/lambda-calculus/introduction/currying.tex [514])
(./content/lambda-calculus/introduction/lambda-definability.tex)
(./content/lambda-calculus/introduction/lambda-computable.tex
Overfull \vbox (0.5027pt too high) has occurred while \output is active []


[515]) (./content/lambda-calculus/introduction/computable-lambda.tex)
(./content/lambda-calculus/introduction/basic-pr-lambda.tex)
(./content/lambda-calculus/introduction/composition.tex)
(./content/lambda-calculus/introduction/primitive-recursion.tex [516]
Overfull \vbox (0.21266pt too high) has occurred while \output is active []


[517] [518]) (./content/lambda-calculus/introduction/fixed-point-combinator.tex
) (./content/lambda-calculus/introduction/minimization.tex [519]))
(./content/lambda-calculus/syntax/syntax.tex [520]
\bbl@ensure@persian {فصل} 42.
Output from handle open-logic-complete-fa-IR going to open-logic-complete-fa-IR
.prb

\openout6 = open-logic-complete-fa-IR.prb
(./content/lambda-calculus/syntax/terms.tex
Overfull \hbox (56.56198pt too wide) in paragraph at lines 33--43
\TU/Scheherazade-Regular.ttf(0)/m/sc/10 تعریف رسمی تعیین شیو
هٔ ساخت یک ترم مطابق [][]تعریف 42.1[][] را آسان م
ی‌کند. برای نمونه، آخرین گام ساخت ترم $\OT1/cmr/
m/n/10 (\OML/cmm/m/it/10 x: \OT1/cmr/m/n/10 ((\OML/cmm/m/it/10 x: x\OT1/cmr/m
/n/10 )(\OML/cmm/m/it/10 x: \OT1/cmr/m/n/10 (\OML/cmm/m/it/10 xx\OT1/cmr/m/n/1
0 ))))$
 []

) (./content/lambda-calculus/syntax/unique-readability.tex [521

])
(./content/lambda-calculus/syntax/abbreviated-syntax.tex [522])
(./content/lambda-calculus/syntax/free-variables.tex)
(./content/lambda-calculus/syntax/substitution.tex [523] [524])
(./content/lambda-calculus/syntax/alpha.tex

Package hyperref Warning: Token not allowed in a PDF string (Unicode):
(hyperref)                removing `math shift' on input line 10.


Package hyperref Warning: Token not allowed in a PDF string (Unicode):
(hyperref)                removing `\alpha' on input line 10.


Package hyperref Warning: Token not allowed in a PDF string (Unicode):
(hyperref)                removing `math shift' on input line 10.

[525] [526] [527] [528]) (./content/lambda-calculus/syntax/de-bruijn.tex
[529]) (./content/lambda-calculus/syntax/term-revisited.tex

Package hyperref Warning: Token not allowed in a PDF string (Unicode):
(hyperref)                removing `math shift' on input line 10.


Package hyperref Warning: Token not allowed in a PDF string (Unicode):
(hyperref)                removing `\alpha' on input line 10.


Package hyperref Warning: Token not allowed in a PDF string (Unicode):
(hyperref)                removing `math shift' on input line 10.

[530]) (./content/lambda-calculus/syntax/beta.tex

Package hyperref Warning: Token not allowed in a PDF string (Unicode):
(hyperref)                removing `math shift' on input line 10.


Package hyperref Warning: Token not allowed in a PDF string (Unicode):
(hyperref)                removing `\beta' on input line 10.


Package hyperref Warning: Token not allowed in a PDF string (Unicode):
(hyperref)                removing `math shift' on input line 10.

[531]) (./content/lambda-calculus/syntax/eta.tex

Package hyperref Warning: Token not allowed in a PDF string (Unicode):
(hyperref)                removing `math shift' on input line 10.


Package hyperref Warning: Token not allowed in a PDF string (Unicode):
(hyperref)                removing `\eta' on input line 10.


Package hyperref Warning: Token not allowed in a PDF string (Unicode):
(hyperref)                removing `math shift' on input line 10.

[532])
(<LOCAL_USER_ROOT>/Documents/interlanguage/03_projects/language_management/arabic
_persianate_rtl/03_working_translations/openlogic/fa-IR/locale/fa-IR/output-rel
ease/open-logic-complete-fa-IR.prb [533]))
(./content/lambda-calculus/church-rosser/church-rosser.tex [534]
\bbl@ensure@persian {فصل} 43.
Output from handle open-logic-complete-fa-IR going to open-logic-complete-fa-IR
.prb

\openout6 = open-logic-complete-fa-IR.prb
(./content/lambda-calculus/church-rosser/definitions-and-properties.tex
[535

]) (./content/lambda-calculus/church-rosser/parallel-beta-reduction.tex

Package hyperref Warning: Token not allowed in a PDF string (Unicode):
(hyperref)                removing `math shift' on input line 11.


Package hyperref Warning: Token not allowed in a PDF string (Unicode):
(hyperref)                removing `\beta' on input line 11.


Package hyperref Warning: Token not allowed in a PDF string (Unicode):
(hyperref)                removing `math shift' on input line 11.


Overfull \vbox (0.23376pt too high) has occurred while \output is active []


[536]
Overfull \hbox (43.53178pt too wide) in paragraph at lines 96--104
[]\TU/Scheherazade-Regular.ttf(0)/m/sc/10 گام آخر [][](4)[][] است: $\O
ML/cmm/m/it/10 M$ \TU/Scheherazade-Regular.ttf(0)/m/sc/10 برابر $\OT1/cmr/
m/n/10 (\OML/cmm/m/it/10 x: N\OT1/cmr/m/n/10 )\OML/cmm/m/it/10 Q$ \TU/Schehera
zade-Regular.ttf(0)/m/sc/10 و $\OML/cmm/m/it/10 M[]$ \TU/Scheherazade-Regular.
ttf(0)/m/sc/10 برابر $\OML/cmm/m/it/10 N[]\OT1/cmr/m/n/10 [\OML/cmm/m/it/1
0 Q[]\OT1/cmr/m/n/10 /\OML/cmm/m/it/10 x\OT1/cmr/m/n/10 ]$ \TU/Scheherazade-Reg
ular.ttf(0)/m/sc/10 است. می‌خواهیم ثابت کنیم $\OT1/cmr/m/n
/10 ((\OML/cmm/m/it/10 x: N\OT1/cmr/m/n/10 )\OML/cmm/m/it/10 Q\OT1/cmr/m/n/10 
)[\OML/cmm/m/it/10 R\OT1/cmr/m/n/10 /\OML/cmm/m/it/10 y\OT1/cmr/m/n/10 ] []
 []

[537]) (./content/lambda-calculus/church-rosser/beta-reduction.tex

Package hyperref Warning: Token not allowed in a PDF string (Unicode):
(hyperref)                removing `math shift' on input line 11.


Package hyperref Warning: Token not allowed in a PDF string (Unicode):
(hyperref)                removing `\beta' on input line 11.


Package hyperref Warning: Token not allowed in a PDF string (Unicode):
(hyperref)                removing `math shift' on input line 11.


Overfull \vbox (0.23376pt too high) has occurred while \output is active []


[538]) (./content/lambda-calculus/church-rosser/parallel-beta-eta-reduction.tex

Package hyperref Warning: Token not allowed in a PDF string (Unicode):
(hyperref)                removing `math shift' on input line 11.


Package hyperref Warning: Token not allowed in a PDF string (Unicode):
(hyperref)                removing `\beta' on input line 11.


Package hyperref Warning: Token not allowed in a PDF string (Unicode):
(hyperref)                removing `\eta' on input line 11.


Package hyperref Warning: Token not allowed in a PDF string (Unicode):
(hyperref)                removing `math shift' on input line 11.


Overfull \hbox (2.22653pt too wide) in paragraph at lines 73--81
\TU/Scheherazade-Regular.ttf(0)/m/sc/10 برابر $\OML/cmm/m/it/10 N[]$ \TU/S
cheherazade-Regular.ttf(0)/m/sc/10 است، برای $\OML/cmm/m/it/10 x$ \TU/S
cheherazade-Regular.ttf(0)/m/sc/10 و $\OML/cmm/m/it/10 N[]$\TU/Scheherazade-Re
gular.ttf(0)/m/sc/10 ی که $\OML/cmm/m/it/10 x [] []\OT1/cmr/m/n/10 (\OML/cmm
/m/it/10 N\OT1/cmr/m/n/10 )$ \TU/Scheherazade-Regular.ttf(0)/m/sc/10 و $\OML/c
mm/m/it/10 N [] N[]$\TU/Scheherazade-Regular.ttf(0)/m/sc/10 . می‌خواه
یم نشان دهیم $\OT1/cmr/m/n/10 (\OML/cmm/m/it/10 x: Nx\OT1/cmr/m/n/10
 )[\OML/cmm/m/it/10 R\OT1/cmr/m/n/10 /\OML/cmm/m/it/10 y\OT1/cmr/m/n/10 ] []
 []

[539]) (./content/lambda-calculus/church-rosser/beta-eta-reduction.tex

Package hyperref Warning: Token not allowed in a PDF string (Unicode):
(hyperref)                removing `math shift' on input line 11.


Package hyperref Warning: Token not allowed in a PDF string (Unicode):
(hyperref)                removing `\beta' on input line 11.


Package hyperref Warning: Token not allowed in a PDF string (Unicode):
(hyperref)                removing `\eta' on input line 11.


Package hyperref Warning: Token not allowed in a PDF string (Unicode):
(hyperref)                removing `math shift' on input line 11.

)
(<LOCAL_USER_ROOT>/Documents/interlanguage/03_projects/language_management/arabic
_persianate_rtl/03_working_translations/openlogic/fa-IR/locale/fa-IR/output-rel
ease/open-logic-complete-fa-IR.prb))
(./content/lambda-calculus/lambda-definability/lambda-definability.tex
Overfull \vbox (0.23376pt too high) has occurred while \output is active []


[540]
\bbl@ensure@persian {فصل} 44.
Output from handle open-logic-complete-fa-IR going to open-logic-complete-fa-IR
.prb

\openout6 = open-logic-complete-fa-IR.prb
(./content/lambda-calculus/lambda-definability/introduction.tex [541

])
(./content/lambda-calculus/lambda-definability/arithmetical-functions.tex
[542]
Overfull \vbox (0.5027pt too high) has occurred while \output is active []


[543]) (./content/lambda-calculus/lambda-definability/pairs.tex)
(./content/lambda-calculus/lambda-definability/truth-values.tex [544])
(./content/lambda-calculus/lambda-definability/primitive-recursive-functions.te
x
Overfull \vbox (0.21266pt too high) has occurred while \output is active []


[545] [546]) (./content/lambda-calculus/lambda-definability/fixpoints.tex
[547] [548]
Overfull \hbox (4.76524pt too wide) in paragraph at lines 152--152
\TU/Scheherazade-Regular.ttf(0)/m/sc/10 که در آن $\OML/cmm/m/it/10 N$ \TU
/Scheherazade-Regular.ttf(0)/m/sc/10 ممکن است $\OML/cmm/m/it/10 g$ \TU/S
cheherazade-Regular.ttf(0)/m/sc/10 و $\OML/cmm/m/it/10 x[]$\TU/Scheherazade-Re
gular.ttf(0)/m/sc/10 ، …، $\OML/cmm/m/it/10 x[]$ \TU/Scheherazade-Regular.t
tf(0)/m/sc/10 را در بر داشته باشد. آنگاه همواره تر
می چون $\OML/cmm/m/it/10 G \OMS/cmsy/m/n/10  \OT1/cmr/m/n/10 (\OML/cmm/m/
it/10 Yg: x[] [] x[]: N\OT1/cmr/m/n/10 )$
 []


Overfull \hbox (4.76524pt too wide) in paragraph at lines 152--152
\TU/Scheherazade-Regular.ttf(0)/m/sc/10 که در آن $\OML/cmm/m/it/10 N$ \TU
/Scheherazade-Regular.ttf(0)/m/sc/10 ممکن است $\OML/cmm/m/it/10 g$ \TU/S
cheherazade-Regular.ttf(0)/m/sc/10 و $\OML/cmm/m/it/10 x[]$\TU/Scheherazade-Re
gular.ttf(0)/m/sc/10 ، …، $\OML/cmm/m/it/10 x[]$ \TU/Scheherazade-Regular.t
tf(0)/m/sc/10 را در بر داشته باشد. آنگاه همواره تر
می چون $\OML/cmm/m/it/10 G \OMS/cmsy/m/n/10  \OT1/cmr/m/n/10 (\OML/cmm/m/
it/10 Yg: x[] [] x[]: N\OT1/cmr/m/n/10 )$
 []

[549]) (./content/lambda-calculus/lambda-definability/minimization.tex [550])
(./content/lambda-calculus/lambda-definability/partial-recursive-functions.tex) (./content/lambda-calculus/lambda-definability/lambda-definable-recursive.tex
Overfull \vbox (0.21266pt too high) has occurred while \output is active []


[551])
(<LOCAL_USER_ROOT>/Documents/interlanguage/03_projects/language_management/arabic
_persianate_rtl/03_working_translations/openlogic/fa-IR/locale/fa-IR/output-rel
ease/open-logic-complete-fa-IR.prb)))
(./content/many-valued-logic/many-valued-logic.tex [552] [553

]
(./content/many-valued-logic/syntax-and-semantics/syntax-and-semantics.tex
[554]
\bbl@ensure@persian {فصل} 45.
Output from handle open-logic-complete-fa-IR going to open-logic-complete-fa-IR
.prb

\openout6 = open-logic-complete-fa-IR.prb
(./content/many-valued-logic/syntax-and-semantics/introduction.tex)
(./content/many-valued-logic/syntax-and-semantics/connectives.tex [555

])
(./content/many-valued-logic/syntax-and-semantics/formulas.tex)
(./content/many-valued-logic/syntax-and-semantics/matrices.tex [556])
(./content/many-valued-logic/syntax-and-semantics/valuations-sat.tex)
(./content/many-valued-logic/syntax-and-semantics/semantic-notions.tex [557])
(./content/many-valued-logic/syntax-and-semantics/sublogics.tex

Package hyperref Warning: Token not allowed in a PDF string (Unicode):
(hyperref)                removing `math shift' on input line 11.


Package hyperref Warning: Token not allowed in a PDF string (Unicode):
(hyperref)                removing `\Log' on input line 11.


Package hyperref Warning: Token not allowed in a PDF string (Unicode):
(hyperref)                removing `math shift' on input line 11.

[558])
(<LOCAL_USER_ROOT>/Documents/interlanguage/03_projects/language_management/arabic
_persianate_rtl/03_working_translations/openlogic/fa-IR/locale/fa-IR/output-rel
ease/open-logic-complete-fa-IR.prb))
(./content/many-valued-logic/three-valued-logics/three-valued-logics.tex
[559]
\bbl@ensure@persian {فصل} 46.
Output from handle open-logic-complete-fa-IR going to open-logic-complete-fa-IR
.prb

\openout6 = open-logic-complete-fa-IR.prb
(./content/many-valued-logic/three-valued-logics/introduction.tex)
(./content/many-valued-logic/three-valued-logics/lukasiewicz.tex [560

]
LaTeX Font Info:    Font shape `TU/TeXGyrePagella(1)/m/sl' in size <10> not ava
ilable
(Font)              Font shape `TU/TeXGyrePagella(1)/m/it' tried instead on inp
ut line 151.
 [561]
Overfull \hbox (1.30167pt too wide) in paragraph at lines 175--179
[]\TU/Scheherazade-Regular.ttf(0)/m/sc/10 شاید ازاین‌رو گمان 
شود که هرچند همهٔ همان‌گویی‌های کلاسیک در 
$[][]$ همان‌گویی نیستند، باید دست‌کم در هر ا
رزش‌گذاری
 []

) (./content/many-valued-logic/three-valued-logics/kleene.tex [562] [563])
(./content/many-valued-logic/three-valued-logics/goedel.tex)
(./content/many-valued-logic/three-valued-logics/multiple-designation.tex

Package hyperref Warning: Token not allowed in a PDF string (Unicode):
(hyperref)                removing `math shift' on input line 11.


Package hyperref Warning: Token not allowed in a PDF string (Unicode):
(hyperref)                removing `math shift' on input line 11.

[564] [565])
(<LOCAL_USER_ROOT>/Documents/interlanguage/03_projects/language_management/arabic
_persianate_rtl/03_working_translations/openlogic/fa-IR/locale/fa-IR/output-rel
ease/open-logic-complete-fa-IR.prb [566] [567] [568]))
(./content/many-valued-logic/infinite-valued-logics/infinite-valued-logics.tex
[569]
\bbl@ensure@persian {فصل} 47.
Output from handle open-logic-complete-fa-IR going to open-logic-complete-fa-IR
.prb

\openout6 = open-logic-complete-fa-IR.prb
(./content/many-valued-logic/infinite-valued-logics/introduction.tex)
(./content/many-valued-logic/infinite-valued-logics/lukasiewicz.tex [570

]
Overfull \hbox (6.64816pt too wide) in paragraph at lines 99--102
[]\TU/Scheherazade-Regular.ttf(0)/m/sc/10 منطق بی‌نهایت‌ارز
شی \TU/TeXGyrePagella(1)/m/n/10 Ł\TU/Scheherazade-Regular.ttf(0)/m/sc/10 ukas
iewicz رایج‌ترین منطق فازی است. در ادبیات منط
ق فازی، رابط شرطی را اغلب به‌صورت $\OMS/cmsy/m/n/10
 :\OML/cmm/m/it/10 ' \OMS/cmsy/m/n/10 _
 []

) (./content/many-valued-logic/infinite-valued-logics/goedel.tex [571])
(<LOCAL_USER_ROOT>/Documents/interlanguage/03_projects/language_management/arabic
_persianate_rtl/03_working_translations/openlogic/fa-IR/locale/fa-IR/output-rel
ease/open-logic-complete-fa-IR.prb [572]))
(./content/many-valued-logic/sequent-calculus/sequent-calculus.tex [573]
\bbl@ensure@persian {فصل} 48.
Output from handle open-logic-complete-fa-IR going to open-logic-complete-fa-IR
.prb

\openout6 = open-logic-complete-fa-IR.prb
(./content/many-valued-logic/sequent-calculus/introduction.tex)
(./content/many-valued-logic/sequent-calculus/rules-and-proofs.tex [574

])
(./content/many-valued-logic/sequent-calculus/structural-rules.tex [575])
(./content/many-valued-logic/sequent-calculus/propositional-rules.tex [576]
[577]))) (./content/normal-modal-logic/normal-modal-logic.tex [578] [579]
[580

]
(./content/normal-modal-logic/syntax-and-semantics/syntax-and-semantics.tex
[581]
\bbl@ensure@persian {فصل} 49.
Output from handle open-logic-complete-fa-IR going to open-logic-complete-fa-IR
.prb

\openout6 = open-logic-complete-fa-IR.prb
(./content/normal-modal-logic/syntax-and-semantics/introduction.tex [582

])
(./content/normal-modal-logic/syntax-and-semantics/language-modal-logic.tex)
(./content/normal-modal-logic/syntax-and-semantics/substitution.tex [583]
[584]) (./content/normal-modal-logic/syntax-and-semantics/relational-models.tex
) (./content/normal-modal-logic/syntax-and-semantics/truth-at-w.tex [585])
(./content/normal-modal-logic/syntax-and-semantics/truth-in-model.tex [586])
(./content/normal-modal-logic/syntax-and-semantics/modal-validity.tex)
(./content/normal-modal-logic/syntax-and-semantics/tautological-instances.tex
[587]
Underfull \vbox (badness 1038) has occurred while \output is active []

 [588]
Underfull \vbox (badness 10000) has occurred while \output is active []

 [589])
(./content/normal-modal-logic/syntax-and-semantics/schemas.tex

LaTeX Font Warning: Font shape `TU/Scheherazade-Regular.ttf(0)/m/scit' undefine
d
(Font)              using `TU/Scheherazade-Regular.ttf(0)/m/sc' instead on inpu
t line 58.

[590]) (./content/normal-modal-logic/syntax-and-semantics/entailment.tex
[591])
(<LOCAL_USER_ROOT>/Documents/interlanguage/03_projects/language_management/arabic
_persianate_rtl/03_working_translations/openlogic/fa-IR/locale/fa-IR/output-rel
ease/open-logic-complete-fa-IR.prb [592] [593]))
(./content/normal-modal-logic/frame-definability/frame-definability.tex
[594]
\bbl@ensure@persian {فصل} 50.
Output from handle open-logic-complete-fa-IR going to open-logic-complete-fa-IR
.prb

\openout6 = open-logic-complete-fa-IR.prb
(./content/normal-modal-logic/frame-definability/introduction.tex)
(./content/normal-modal-logic/frame-definability/properties-accessibility.tex
[595

] [596]
Overfull \hbox (2.70001pt too wide) in paragraph at lines 160--161
[]|[]| 
 []


Overfull \hbox (3.72748pt too wide) in paragraph at lines 138--170
[][] 
 []

) (./content/normal-modal-logic/frame-definability/frames.tex [597])
(./content/normal-modal-logic/frame-definability/definability.tex [598])
(./content/normal-modal-logic/frame-definability/first-order-definability.tex
[599]) (./content/normal-modal-logic/frame-definability/equivalence-S5.tex

Package hyperref Warning: Token not allowed in a PDF string (Unicode):
(hyperref)                removing `\Log' on input line 11.

[600])
(./content/normal-modal-logic/frame-definability/second-order-definability.tex
Overfull \vbox (0.19157pt too high) has occurred while \output is active []


[601] [602])
(<LOCAL_USER_ROOT>/Documents/interlanguage/03_projects/language_management/arabic
_persianate_rtl/03_working_translations/openlogic/fa-IR/locale/fa-IR/output-rel
ease/open-logic-complete-fa-IR.prb [603]))
(./content/normal-modal-logic/axioms-systems/axioms-systems.tex [604]
\bbl@ensure@persian {فصل} 51.
Output from handle open-logic-complete-fa-IR going to open-logic-complete-fa-IR
.prb

\openout6 = open-logic-complete-fa-IR.prb
(./content/normal-modal-logic/axioms-systems/introduction.tex [605

])
(./content/normal-modal-logic/axioms-systems/normal-logics.tex

LaTeX Font Warning: Font shape `TU/Scheherazade-Regular.ttf(0)/m/scit' undefine
d
(Font)              using `TU/Scheherazade-Regular.ttf(0)/m/sc' instead on inpu
t line 64.


LaTeX Font Warning: Font shape `TU/Scheherazade-Regular.ttf(0)/m/scit' undefine
d
(Font)              using `TU/Scheherazade-Regular.ttf(0)/m/sc' instead on inpu
t line 67.

[606]
Overfull \hbox (8.1848pt too wide) in paragraph at lines 117--120
[]\TU/Scheherazade-Regular.ttf(0)/m/sc/10 کوچک‌ترین منطق موج
هات عادی شامل $\OML/cmm/m/it/10 '[]$\TU/Scheherazade-Regular.ttf(0)/
m/sc/10 ، …، $\OML/cmm/m/it/10 '[]$ \TU/Scheherazade-Regular.ttf(0)/m/sc/10
 یک \TU/Scheherazade-Regular.ttf(0)/m/it/10 دستگاه موجهاتی \TU/S
cheherazade-Regular.ttf(0)/m/sc/10 نامیده می‌شود و با $\TU/TeXG
yrePagella(0)/b/n/10 K\OML/cmm/m/it/10 '[] [] '[]$
 []

) (./content/normal-modal-logic/axioms-systems/logics-proofs.tex [607])
(./content/normal-modal-logic/axioms-systems/proofs-in-K.tex

Package hyperref Warning: Token not allowed in a PDF string (Unicode):
(hyperref)                removing `\Log' on input line 11.

[608] [609]) (./content/normal-modal-logic/axioms-systems/derived-rules.tex
[610]) (./content/normal-modal-logic/axioms-systems/more-proofs-in-K.tex

Package hyperref Warning: Token not allowed in a PDF string (Unicode):
(hyperref)                removing `\Log' on input line 11.

[611]) (./content/normal-modal-logic/axioms-systems/duals.tex [612])
(./content/normal-modal-logic/axioms-systems/proofs-modal-systems.tex [613])
(./content/normal-modal-logic/axioms-systems/soundness.tex [614])
(./content/normal-modal-logic/axioms-systems/systems-distinct.tex [615])
(./content/normal-modal-logic/axioms-systems/provability-from-set.tex)
(./content/normal-modal-logic/axioms-systems/provability-properties.tex
[616]) (./content/normal-modal-logic/axioms-systems/consistency.tex)
(<LOCAL_USER_ROOT>/Documents/interlanguage/03_projects/language_management/arabic
_persianate_rtl/03_working_translations/openlogic/fa-IR/locale/fa-IR/output-rel
ease/open-logic-complete-fa-IR.prb [617]))
(./content/normal-modal-logic/completeness/completeness.tex [618]
\bbl@ensure@persian {فصل} 52.
Output from handle open-logic-complete-fa-IR going to open-logic-complete-fa-IR
.prb

\openout6 = open-logic-complete-fa-IR.prb
(./content/normal-modal-logic/completeness/introduction.tex)
(./content/normal-modal-logic/completeness/complete-consistent-sets.tex

Package hyperref Warning: Token not allowed in a PDF string (Unicode):
(hyperref)                removing `math shift' on input line 11.


Package hyperref Warning: Token not allowed in a PDF string (Unicode):
(hyperref)                removing `\Sigma' on input line 11.


Package hyperref Warning: Token not allowed in a PDF string (Unicode):
(hyperref)                removing `math shift' on input line 11.


Underfull \vbox (badness 10000) has occurred while \output is active []

 [619

]
[620]) (./content/normal-modal-logic/completeness/lindenbaums-lemma.tex
Overfull \vbox (0.19157pt too high) has occurred while \output is active []


[621]) (./content/normal-modal-logic/completeness/modalities-ccs.tex [622])
(./content/normal-modal-logic/completeness/canonical-models.tex
Overfull \hbox (20.15456pt too wide) in paragraph at lines 20--24
[]\TU/Scheherazade-Regular.ttf(0)/m/sc/10 بگذارید $\OT1/cmr/m/n/10 $ \T
U/Scheherazade-Regular.ttf(0)/m/sc/10 یک منطق موجهات عادی با
شد. \TU/Scheherazade-Regular.ttf(0)/m/it/10 مدل کانونی \TU/Scheheraz
ade-Regular.ttf(0)/m/sc/10 برای $\OT1/cmr/m/n/10 $ \TU/Scheherazade-Regula
r.ttf(0)/m/sc/10 عبارت است از $\U/euf/m/n/10 M[] \OT1/cmr/m/n/10 = \O
MS/cmsy/m/n/10 h\OML/cmm/m/it/10 W[]; R[]; V[]\OMS/cmsy/m/n/10 i$\TU/Scheheraza
de-Regular.ttf(0)/m/sc/10 ،
 []

[623]) (./content/normal-modal-logic/completeness/truth-lemma.tex [624])
(./content/normal-modal-logic/completeness/completeness-K.tex

Package hyperref Warning: Token not allowed in a PDF string (Unicode):
(hyperref)                removing `\Log' on input line 11.

) (./content/normal-modal-logic/completeness/frame-completeness.tex [625]
Overfull \hbox (10.37401pt too wide) in paragraph at lines 84--95
\TU/Scheherazade-Regular.ttf(0)/m/sc/10 هم $\U/msa/m/n/10 []\OT1/cmr/m/n/10 
[] \OMS/cmsy/m/n/10  \OT1/cmr/m/n/10 []$ \TU/Scheherazade-Regular.ttf(0)/m/s
c/10 و هم $\U/msa/m/n/10 []\OT1/cmr/m/n/10 [] \OMS/cmsy/m/n/10  \OT1/cmr/
m/n/10 []$ \TU/Scheherazade-Regular.ttf(0)/m/sc/10 را داریم. برای 
نشان‌دادن $\OML/cmm/m/it/10 R[]\OT1/cmr/m/n/10 [][]$ \TU/Scheheraza
de-Regular.ttf(0)/m/sc/10 کافی است نشان دهیم $\U/msa/m/n/10 []\
OT1/cmr/m/n/10 [] \OMS/cmsy/m/n/10 
 []


Overfull \hbox (15.70221pt too wide) in paragraph at lines 96--111
\U/msa/m/n/10 []\OT1/cmr/m/n/10 [] \OMS/cmsy/m/n/10  \OT1/cmr/m/n/10 []$ \T
U/Scheherazade-Regular.ttf(0)/m/sc/10 را به دست می‌دهد، و فر
ض دوم با $\U/msa/m/n/10 \OT1/cmr/m/n/10 [] \OMS/cmsy/m/n/10  \OT1/cmr/
m/n/10 []$ \TU/Scheherazade-Regular.ttf(0)/m/sc/10 هم‌ارز است، ب
نا بر [][]لم 52.9[][]. برای نشان‌دادن $\OML/cmm/m/it/10 R[]
\OT1/cmr/m/n/10 [][]$\TU/Scheherazade-Regular.ttf(0)/m/sc/10 ،
 []

[626]
Underfull \vbox (badness 6675) has occurred while \output is active []

 [627])
(<LOCAL_USER_ROOT>/Documents/interlanguage/03_projects/language_management/arabic
_persianate_rtl/03_working_translations/openlogic/fa-IR/locale/fa-IR/output-rel
ease/open-logic-complete-fa-IR.prb))
(./content/normal-modal-logic/filtrations/filtrations.tex [628]
\bbl@ensure@persian {فصل} 53.
Output from handle open-logic-complete-fa-IR going to open-logic-complete-fa-IR
.prb

\openout6 = open-logic-complete-fa-IR.prb
(./content/normal-modal-logic/filtrations/introduction.tex [629

])
(./content/normal-modal-logic/filtrations/preliminaries.tex
Overfull \vbox (0.19157pt too high) has occurred while \output is active []


[630]) (./content/normal-modal-logic/filtrations/filtrations-def.tex [631]
Overfull \vbox (0.19157pt too high) has occurred while \output is active []


[632]) (./content/normal-modal-logic/filtrations/examples-of-filtrations.tex
[633]) (./content/normal-modal-logic/filtrations/finite.tex)
(./content/normal-modal-logic/filtrations/S5-fmp.tex

Package hyperref Warning: Token not allowed in a PDF string (Unicode):
(hyperref)                removing `\Log' on input line 11.


Package hyperref Warning: Token not allowed in a PDF string (Unicode):
(hyperref)                removing `\Log' on input line 11.


Overfull \vbox (0.19157pt too high) has occurred while \output is active []


[634]) (./content/normal-modal-logic/filtrations/S5-decidable.tex

Package hyperref Warning: Token not allowed in a PDF string (Unicode):
(hyperref)                removing `\Log' on input line 11.

) (./content/normal-modal-logic/filtrations/more-filtrations.tex
Overfull \vbox (0.19157pt too high) has occurred while \output is active []


[635]
Overfull \vbox (0.19157pt too high) has occurred while \output is active []


[636]) (./content/normal-modal-logic/filtrations/euclidean-filtrations.tex
[637])
(<LOCAL_USER_ROOT>/Documents/interlanguage/03_projects/language_management/arabic
_persianate_rtl/03_working_translations/openlogic/fa-IR/locale/fa-IR/output-rel
ease/open-logic-complete-fa-IR.prb
Overfull \vbox (0.19157pt too high) has occurred while \output is active []


[638])) (./content/normal-modal-logic/tableaux/tableaux.tex [639]
\bbl@ensure@persian {فصل} 54.
Output from handle open-logic-complete-fa-IR going to open-logic-complete-fa-IR
.prb

\openout6 = open-logic-complete-fa-IR.prb
(./content/normal-modal-logic/tableaux/introduction.tex)
(./content/normal-modal-logic/tableaux/rules-for-K.tex

Package hyperref Warning: Token not allowed in a PDF string (Unicode):
(hyperref)                removing `\Log' on input line 11.

[640

] [641]) (./content/normal-modal-logic/tableaux/proofs-in-K.tex

Package hyperref Warning: Token not allowed in a PDF string (Unicode):
(hyperref)                removing `\Log' on input line 11.


Package prooftrees Warning: Merging conflicting justifications for line 8! Plea
se examine the output carefully and use "move by" to move lines later in the pr
oof if required. Details of how to do this are included in the documentation. o
n input line 48.

[642]

Package prooftrees Warning: Merging conflicting justifications for line 8! Plea
se examine the output carefully and use "move by" to move lines later in the pr
oof if required. Details of how to do this are included in the documentation. o
n input line 84.

) (./content/normal-modal-logic/tableaux/soundness.tex

Package hyperref Warning: Token not allowed in a PDF string (Unicode):
(hyperref)                removing `\Log' on input line 11.


Overfull \hbox (1.95184pt too wide) in paragraph at lines 43--48
[]\TU/Scheherazade-Regular.ttf(0)/m/sc/10 بگذارید $\OML/cmm/m/it/10 P$ \
TU/Scheherazade-Regular.ttf(0)/m/sc/10 مجموعه‌ای از پیشونده
ا باشد؛ یعنی $\OML/cmm/m/it/10 P \OMS/cmsy/m/n/10  \OT1/cmr/m/n/10 (\U/msb/m/n/10 Z[]\OT1/cmr/m/n/10 )[] \OMS/cmsy/m/n/10 n f\OT1/cmr/m/n/10 \OMS/cmsy/m/n/10 g$\TU/Scheherazade-Regular.ttf(0)/m/sc/10 
، و $\U/euf/m/n/10 M$ \TU/Scheherazade-Regular.ttf(0)/m/sc/10 مدلی با
شد. تابع $\OML/cmm/m/it/10 f [] [] P \OMS/cmsy/m/n/10 !
 []

[643] [644]) (./content/normal-modal-logic/tableaux/more-rules.tex [645]
[646]) (./content/normal-modal-logic/tableaux/more-soundness.tex
Overfull \vbox (0.5027pt too high) has occurred while \output is active []


[647]) (./content/normal-modal-logic/tableaux/simple-S5.tex

Package hyperref Warning: Token not allowed in a PDF string (Unicode):
(hyperref)                removing `\Log' on input line 11.

[648]) (./content/normal-modal-logic/tableaux/completeness.tex

Package hyperref Warning: Token not allowed in a PDF string (Unicode):
(hyperref)                removing `\Log' on input line 11.

[649] [650]) (./content/normal-modal-logic/tableaux/countermodels.tex [651])
(<LOCAL_USER_ROOT>/Documents/interlanguage/03_projects/language_management/arabic
_persianate_rtl/03_working_translations/openlogic/fa-IR/locale/fa-IR/output-rel
ease/open-logic-complete-fa-IR.prb [652]))
(./content/normal-modal-logic/sequent-calculus/sequent-calculus.tex [653]
\bbl@ensure@persian {فصل} 55.
Output from handle open-logic-complete-fa-IR going to open-logic-complete-fa-IR
.prb

\openout6 = open-logic-complete-fa-IR.prb
(./content/normal-modal-logic/sequent-calculus/introduction.tex)
(./content/normal-modal-logic/sequent-calculus/rules-for-K.tex

Package hyperref Warning: Token not allowed in a PDF string (Unicode):
(hyperref)                removing `\Log' on input line 11.

[654

]) (./content/normal-modal-logic/sequent-calculus/proofs-in-K.tex

Package hyperref Warning: Token not allowed in a PDF string (Unicode):
(hyperref)                removing `\Log' on input line 11.

[655]) (./content/normal-modal-logic/sequent-calculus/more-rules.tex [656])
(<LOCAL_USER_ROOT>/Documents/interlanguage/03_projects/language_management/arabic
_persianate_rtl/03_working_translations/openlogic/fa-IR/locale/fa-IR/output-rel
ease/open-logic-complete-fa-IR.prb)))
(./content/applied-modal-logic/applied-modal-logic.tex [657] [658

]
(./content/applied-modal-logic/temporal-logic/temporal-logic.tex [659]
\bbl@ensure@persian {فصل} 56.
Output from handle open-logic-complete-fa-IR going to open-logic-complete-fa-IR
.prb

\openout6 = open-logic-complete-fa-IR.prb
(./content/applied-modal-logic/temporal-logic/introduction.tex)
(./content/applied-modal-logic/temporal-logic/temporal-logic-semantics.tex
[660

] [661])
(./content/applied-modal-logic/temporal-logic/properties-accessibility.tex
Overfull \hbox (13.95706pt too wide) in paragraph at lines 26--52
[][] 
 []

) (./content/applied-modal-logic/temporal-logic/extra-temporal-operators.tex
[662]) (./content/applied-modal-logic/temporal-logic/possible-histories.tex
Overfull \vbox (0.24431pt too high) has occurred while \output is active []


[663])) (./content/applied-modal-logic/epistemic-logic/epistemic-logic.tex
[664]
\bbl@ensure@persian {فصل} 57.
Output from handle open-logic-complete-fa-IR going to open-logic-complete-fa-IR
.prb

\openout6 = open-logic-complete-fa-IR.prb
(./content/applied-modal-logic/epistemic-logic/introduction.tex)
(./content/applied-modal-logic/epistemic-logic/language-epistemic-logic.tex
[665

]) (./content/applied-modal-logic/epistemic-logic/relational-models.tex
[666]) (./content/applied-modal-logic/epistemic-logic/truth-at-w.tex [667])
(./content/applied-modal-logic/epistemic-logic/properties-accessibility.tex
[668]
Overfull \hbox (13.95706pt too wide) in paragraph at lines 24--46
[][] 
 []

) (./content/applied-modal-logic/epistemic-logic/bisimulations.tex [669])
(./content/applied-modal-logic/epistemic-logic/public-announcement-logic-lang.t
ex [670])
(./content/applied-modal-logic/epistemic-logic/public-announcement-logic-semant
ics.tex [671])
(<LOCAL_USER_ROOT>/Documents/interlanguage/03_projects/language_management/arabic
_persianate_rtl/03_working_translations/openlogic/fa-IR/locale/fa-IR/output-rel
ease/open-logic-complete-fa-IR.prb [672])))
(./content/intuitionistic-logic/intuitionistic-logic.tex [673] [674

]
(./content/intuitionistic-logic/introduction/introduction.tex
\bbl@ensure@persian {فصل} 58.
Output from handle open-logic-complete-fa-IR going to open-logic-complete-fa-IR
.prb

\openout6 = open-logic-complete-fa-IR.prb
(./content/intuitionistic-logic/introduction/constructive-reasoning.tex
[675

]) (./content/intuitionistic-logic/introduction/syntax.tex [676])
(./content/intuitionistic-logic/introduction/bhk-interpretation.tex [677])
(./content/intuitionistic-logic/introduction/natural-deduction.tex [678]
Overfull \vbox (0.23376pt too high) has occurred while \output is active []


[679] [680])
(./content/intuitionistic-logic/introduction/axiomatic-derivations.tex [681])
(<LOCAL_USER_ROOT>/Documents/interlanguage/03_projects/language_management/arabic
_persianate_rtl/03_working_translations/openlogic/fa-IR/locale/fa-IR/output-rel
ease/open-logic-complete-fa-IR.prb))
(./content/intuitionistic-logic/semantics/semantics.tex [682]
\bbl@ensure@persian {فصل} 59.
Output from handle open-logic-complete-fa-IR going to open-logic-complete-fa-IR
.prb

\openout6 = open-logic-complete-fa-IR.prb
(./content/intuitionistic-logic/semantics/introduction.tex [683

])
(./content/intuitionistic-logic/semantics/relational-models.tex)
(./content/intuitionistic-logic/semantics/semantic-notions.tex [684]
Overfull \hbox (16.99149pt too wide) in paragraph at lines 45--48
[]\TU/Scheherazade-Regular.ttf(0)/m/sc/10 فرض کنید $\U/euf/m/n/10 M$ \TU
/Scheherazade-Regular.ttf(0)/m/sc/10 یک مدل رابطه‌ای و $\OML/cmm
/m/it/10 w \OMS/cmsy/m/n/10 2 \OML/cmm/m/it/10 W$ \TU/Scheherazade-Regular.ttf(
0)/m/sc/10 باشد. \TU/Scheherazade-Regular.ttf(0)/m/it/10 محدودیت $\U
/euf/m/n/10 M$ \TU/Scheherazade-Regular.ttf(0)/m/sc/10 به $\OML/cmm/m/it/10 w$\TU/Scheherazade-Regular.ttf(0)/m/sc/10 
، یعنی $\U/euf/m/n/10 M[] \OT1/cmr/m/n/10 = \OMS/cmsy/m/n/10 h\OML/cmm/m/i
t/10 W[]; R[]; V[]\OMS/cmsy/m/n/10 i$\TU/Scheherazade-Regular.ttf(0)/m/sc/10 
،
 []

) (./content/intuitionistic-logic/semantics/topological-semantics.tex
Overfull \vbox (0.19157pt too high) has occurred while \output is active []


[685])
(<LOCAL_USER_ROOT>/Documents/interlanguage/03_projects/language_management/arabic
_persianate_rtl/03_working_translations/openlogic/fa-IR/locale/fa-IR/output-rel
ease/open-logic-complete-fa-IR.prb))
(./content/intuitionistic-logic/soundness-completeness/soundness-completeness.t
ex [686]
\bbl@ensure@persian {فصل} 60.
Output from handle open-logic-complete-fa-IR going to open-logic-complete-fa-IR
.prb

\openout6 = open-logic-complete-fa-IR.prb
(./content/intuitionistic-logic/soundness-completeness/soundness-axd.tex)
(./content/intuitionistic-logic/soundness-completeness/soundness-nd.tex
[687

] [688])
(./content/intuitionistic-logic/soundness-completeness/lindenbaum.tex
Overfull \vbox (0.19157pt too high) has occurred while \output is active []


[689])
(./content/intuitionistic-logic/soundness-completeness/canonical-model.tex
[690]) (./content/intuitionistic-logic/soundness-completeness/truth-lemma.tex)
(./content/intuitionistic-logic/soundness-completeness/completeness-thm.tex
Overfull \vbox (0.19157pt too high) has occurred while \output is active []


[691]) (./content/intuitionistic-logic/soundness-completeness/decidability.tex)
(<LOCAL_USER_ROOT>/Documents/interlanguage/03_projects/language_management/arabic
_persianate_rtl/03_working_translations/openlogic/fa-IR/locale/fa-IR/output-rel
ease/open-logic-complete-fa-IR.prb [692]))
(./content/intuitionistic-logic/tableaux/tableaux.tex
Overfull \vbox (0.19157pt too high) has occurred while \output is active []


[693]
\bbl@ensure@persian {فصل} 61.
Output from handle open-logic-complete-fa-IR going to open-logic-complete-fa-IR
.prb

\openout6 = open-logic-complete-fa-IR.prb
(./content/intuitionistic-logic/tableaux/introduction.tex)
(./content/intuitionistic-logic/tableaux/rules.tex [694

] [695])
(./content/intuitionistic-logic/tableaux/proofs.tex)
(./content/intuitionistic-logic/tableaux/soundness.tex [696]
Overfull \vbox (0.5027pt too high) has occurred while \output is active []


[697])
(<LOCAL_USER_ROOT>/Documents/interlanguage/03_projects/language_management/arabic
_persianate_rtl/03_working_translations/openlogic/fa-IR/locale/fa-IR/output-rel
ease/open-logic-complete-fa-IR.prb [698])))
(./content/counterfactuals/counterfactuals.tex
Overfull \vbox (0.5027pt too high) has occurred while \output is active []


[699] [700

] (./content/counterfactuals/introduction/introduction.tex
\bbl@ensure@persian {فصل} 62.
Output from handle open-logic-complete-fa-IR going to open-logic-complete-fa-IR
.prb

\openout6 = open-logic-complete-fa-IR.prb
(./content/counterfactuals/introduction/material-conditional.tex [701

])
(./content/counterfactuals/introduction/paradoxes-material.tex)
(./content/counterfactuals/introduction/strict-conditional.tex [702] [703])
(./content/counterfactuals/introduction/counterfactuals.tex)
(<LOCAL_USER_ROOT>/Documents/interlanguage/03_projects/language_management/arabic
_persianate_rtl/03_working_translations/openlogic/fa-IR/locale/fa-IR/output-rel
ease/open-logic-complete-fa-IR.prb [704]))
(./content/counterfactuals/minimal-change-semantics/minimal-change-semantics.te
x
Overfull \vbox (0.21266pt too high) has occurred while \output is active []


[705]
\bbl@ensure@persian {فصل} 63.
Output from handle open-logic-complete-fa-IR going to open-logic-complete-fa-IR
.prb

\openout6 = open-logic-complete-fa-IR.prb
(./content/counterfactuals/minimal-change-semantics/introduction.tex
LaTeX Font Info:    Font shape `OML/cmbr/m/it' in size <9> not available
(Font)              Font shape `OML/cmbrm/m/it' tried instead on input line 50.

 [706

])
(./content/counterfactuals/minimal-change-semantics/sphere-models.tex [707])
(./content/counterfactuals/minimal-change-semantics/true-false.tex)
(./content/counterfactuals/minimal-change-semantics/antecedent-strengthening.te
x [708]
Overfull \vbox (0.21266pt too high) has occurred while \output is active []


[709]) (./content/counterfactuals/minimal-change-semantics/transitivity.tex
[710]) (./content/counterfactuals/minimal-change-semantics/contraposition.tex
[711])
(<LOCAL_USER_ROOT>/Documents/interlanguage/03_projects/language_management/arabic
_persianate_rtl/03_working_translations/openlogic/fa-IR/locale/fa-IR/output-rel
ease/open-logic-complete-fa-IR.prb))) (./content/set-theory/set-theory.tex
[712] [713

] (./content/set-theory/story/story.tex
\bbl@ensure@persian {فصل} 64.
Output from handle open-logic-complete-fa-IR going to open-logic-complete-fa-IR
.prb

\openout6 = open-logic-complete-fa-IR.prb
(./content/set-theory/story/extensionality.tex
Package hyperref Info: bookmark level for unknown axiom defaults to 0 on input 
line 11.
)
(./content/set-theory/story/russells-paradox-again.tex [714

])
(./content/set-theory/story/predicativity.tex [715])
(./content/set-theory/story/cumulative-approach.tex [716])
(./content/set-theory/story/urelements.tex [717])
(./content/set-theory/story/grundgesetze.tex [718]))
(./content/set-theory/z/z.tex
Overfull \vbox (0.19157pt too high) has occurred while \output is active []


[719]
\bbl@ensure@persian {فصل} 65.

Package hyperref Warning: Token not allowed in a PDF string (Unicode):
(hyperref)                removing `math shift' on input line 8.


Package hyperref Warning: Token not allowed in a PDF string (Unicode):
(hyperref)                removing `\Th' on input line 8.


Package hyperref Warning: Token not allowed in a PDF string (Unicode):
(hyperref)                removing `math shift' on input line 8.

Output from handle open-logic-complete-fa-IR going to open-logic-complete-fa-IR
.prb

\openout6 = open-logic-complete-fa-IR.prb
(./content/set-theory/z/story.tex) (./content/set-theory/z/separation.tex
[720

]) (./content/set-theory/z/union.tex [721])
(./content/set-theory/z/pairs.tex) (./content/set-theory/z/powerset.tex
[722]) (./content/set-theory/z/infinity-again.tex [723] [724])
(./content/set-theory/z/milestone.tex

Package hyperref Warning: Token not allowed in a PDF string (Unicode):
(hyperref)                removing `math shift' on input line 6.


Package hyperref Warning: Token not allowed in a PDF string (Unicode):
(hyperref)                removing `\Th' on input line 6.


Package hyperref Warning: Token not allowed in a PDF string (Unicode):
(hyperref)                removing `superscript' on input line 6.


Package hyperref Warning: Token not allowed in a PDF string (Unicode):
(hyperref)                removing `math shift' on input line 6.

) (./content/set-theory/z/nat.tex [725])
(./content/set-theory/z/arbintersections.tex)
(<LOCAL_USER_ROOT>/Documents/interlanguage/03_projects/language_management/arabic
_persianate_rtl/03_working_translations/openlogic/fa-IR/locale/fa-IR/output-rel
ease/open-logic-complete-fa-IR.prb))
(./content/set-theory/ordinals/ordinals.tex [726]
\bbl@ensure@persian {فصل} 66.
Output from handle open-logic-complete-fa-IR going to open-logic-complete-fa-IR
.prb

\openout6 = open-logic-complete-fa-IR.prb
(./content/set-theory/ordinals/introduction.tex)
(./content/set-theory/ordinals/idea.tex) (./content/set-theory/ordinals/wo.tex
[727

]) (./content/set-theory/ordinals/iso.tex [728]
Overfull \hbox (0.48308pt too wide) in paragraph at lines 122--127
[]\TU/Scheherazade-Regular.ttf(0)/m/it/10 فرض کنید $\OMS/cmsy/m/n/10 h\O
ML/cmm/m/it/10 A; <\OMS/cmsy/m/n/10 i$ \TU/Scheherazade-Regular.ttf(0)/m/it/10 
و $\OMS/cmsy/m/n/10 h\OML/cmm/m/it/10 B; \U/msb/m/n/10 l\OMS/cmsy/m/n/10 i$ \T
U/Scheherazade-Regular.ttf(0)/m/it/10 خوش‌ترتیب باشند. اگر $\
OMS/cmsy/m/n/10 h\OML/cmm/m/it/10 A[]; <[]\OMS/cmsy/m/n/10 i [] h\OML/cmm/m/it/
10 B[]; \U/msb/m/n/10 l[]\OMS/cmsy/m/n/10 i$ \TU/Scheherazade-Regular.ttf(0)/m/
it/10 و $\OMS/cmsy/m/n/10 h\OML/cmm/m/it/10 A[]; <[]
 []


Overfull \vbox (0.19157pt too high) has occurred while \output is active []


[729]) (./content/set-theory/ordinals/vn.tex)
(./content/set-theory/ordinals/basic.tex [730] [731] [732])
(./content/set-theory/ordinals/replacement.tex)
(./content/set-theory/ordinals/milestone.tex

Package hyperref Warning: Token not allowed in a PDF string (Unicode):
(hyperref)                removing `math shift' on input line 5.


Package hyperref Warning: Token not allowed in a PDF string (Unicode):
(hyperref)                removing `\Th' on input line 5.


Package hyperref Warning: Token not allowed in a PDF string (Unicode):
(hyperref)                removing `superscript' on input line 5.


Package hyperref Warning: Token not allowed in a PDF string (Unicode):
(hyperref)                removing `math shift' on input line 5.

[733]) (./content/set-theory/ordinals/ordtype.tex [734])
(./content/set-theory/ordinals/opps.tex [735])
(<LOCAL_USER_ROOT>/Documents/interlanguage/03_projects/language_management/arabic
_persianate_rtl/03_working_translations/openlogic/fa-IR/locale/fa-IR/output-rel
ease/open-logic-complete-fa-IR.prb)) (./content/set-theory/spine/spine.tex
[736]
\bbl@ensure@persian {فصل} 67.
Output from handle open-logic-complete-fa-IR going to open-logic-complete-fa-IR
.prb

\openout6 = open-logic-complete-fa-IR.prb
(./content/set-theory/spine/idea.tex

Package hyperref Warning: Token not allowed in a PDF string (Unicode):
(hyperref)                removing `math shift' on input line 7.


Package hyperref Warning: Token not allowed in a PDF string (Unicode):
(hyperref)                removing `subscript' on input line 7.


Package hyperref Warning: Token not allowed in a PDF string (Unicode):
(hyperref)                removing `\alpha' on input line 7.


Package hyperref Warning: Token not allowed in a PDF string (Unicode):
(hyperref)                removing `math shift' on input line 7.

) (./content/set-theory/spine/recursion.tex [737

] [738])
(./content/set-theory/spine/stagesbasics.tex [739])
(./content/set-theory/spine/foundation.tex [740])
(./content/set-theory/spine/zf.tex

Package hyperref Warning: Token not allowed in a PDF string (Unicode):
(hyperref)                removing `math shift' on input line 6.


Package hyperref Warning: Token not allowed in a PDF string (Unicode):
(hyperref)                removing `\Th' on input line 6.


Package hyperref Warning: Token not allowed in a PDF string (Unicode):
(hyperref)                removing `math shift' on input line 6.


Package hyperref Warning: Token not allowed in a PDF string (Unicode):
(hyperref)                removing `math shift' on input line 6.


Package hyperref Warning: Token not allowed in a PDF string (Unicode):
(hyperref)                removing `\Th' on input line 6.


Package hyperref Warning: Token not allowed in a PDF string (Unicode):
(hyperref)                removing `math shift' on input line 6.

[741]) (./content/set-theory/spine/rank.tex [742]
Overfull \hbox (31.17433pt too wide) in paragraph at lines 102--119
[]\TU/Scheherazade-Regular.ttf(0)/m/sc/10 برای استقرای ترامتن
اهی فرض کنید برای همهٔ $\OML/cmm/m/it/10  \OMS/cmsy/m/n/10 2 \OML/cmm/m/it/10 $\TU/Scheherazade-Regular.ttf(0)/m/sc/10 
، $[]\OT1/cmr/m/n/10 (\OML/cmm/m/it/10 \OT1/cmr/m/n/10 ) = \OML/cmm/m/it/10 $\TU/Scheherazade-Regular.ttf(0)/m/sc/10 . 
اکنون $[]\OT1/cmr/m/n/10 (\OML/cmm/m/it/10 \OT1/cmr/m/n/10 ) = [][] [](\O
ML/cmm/m/it/10 \OT1/cmr/m/n/10 ) =
 []

)
(<LOCAL_USER_ROOT>/Documents/interlanguage/03_projects/language_management/arabic
_persianate_rtl/03_working_translations/openlogic/fa-IR/locale/fa-IR/output-rel
ease/open-logic-complete-fa-IR.prb))
(./content/set-theory/replacement/replacement.tex [743]
\bbl@ensure@persian {فصل} 68.
Output from handle open-logic-complete-fa-IR going to open-logic-complete-fa-IR
.prb

\openout6 = open-logic-complete-fa-IR.prb
(./content/set-theory/replacement/introduction.tex)
(./content/set-theory/replacement/strength.tex [744

])
(./content/set-theory/replacement/extrinsic.tex [745])
(./content/set-theory/replacement/limofsize.tex [746])
(./content/set-theory/replacement/absinf.tex
Overfull \vbox (0.5027pt too high) has occurred while \output is active []


[747]) (./content/set-theory/replacement/ref.tex)
(./content/set-theory/replacement/refproofs.tex [748]
Overfull \vbox (0.24431pt too high) has occurred while \output is active []


[749] [750]) (./content/set-theory/replacement/finiteaxiomatizability.tex
Overfull \vbox (0.18103pt too high) has occurred while \output is active []


[751])
(<LOCAL_USER_ROOT>/Documents/interlanguage/03_projects/language_management/arabic
_persianate_rtl/03_working_translations/openlogic/fa-IR/locale/fa-IR/output-rel
ease/open-logic-complete-fa-IR.prb))
(./content/set-theory/ord-arithmetic/ord-arithmetic.tex [752]
\bbl@ensure@persian {فصل} 69.
Output from handle open-logic-complete-fa-IR going to open-logic-complete-fa-IR
.prb

\openout6 = open-logic-complete-fa-IR.prb
(./content/set-theory/ord-arithmetic/introduction.tex)
(./content/set-theory/ord-arithmetic/addition.tex [753

] [754])
(./content/set-theory/ord-arithmetic/using-addition.tex
Overfull \vbox (0.5027pt too high) has occurred while \output is active []


[755] [756]) (./content/set-theory/ord-arithmetic/multiplication.tex [757])
(./content/set-theory/ord-arithmetic/exponentiation.tex)
(<LOCAL_USER_ROOT>/Documents/interlanguage/03_projects/language_management/arabic
_persianate_rtl/03_working_translations/openlogic/fa-IR/locale/fa-IR/output-rel
ease/open-logic-complete-fa-IR.prb [758]
Overfull \hbox (0.613pt too wide) in paragraph at lines 9--15
[]\TU/Scheherazade-Regular.ttf(0)/m/sc/10 مجموعه‌های $\OML/cmm/m/it/
10 A$ \TU/Scheherazade-Regular.ttf(0)/m/sc/10 و $\OML/cmm/m/it/10 B$\TU/Schehe
razade-Regular.ttf(0)/m/sc/10 ای بیابید که $[]\OT1/cmr/m/n/10 (\OML/c
mm/m/it/10 A \OMS/cmsy/m/n/10  \OML/cmm/m/it/10 B\OT1/cmr/m/n/10 ) = []([](\OM
L/cmm/m/it/10 A\OT1/cmr/m/n/10 )\OML/cmm/m/it/10 ; []\OT1/cmr/m/n/10 (\OML/cmm/
m/it/10 B\OT1/cmr/m/n/10 ))$\TU/Scheherazade-Regular.ttf(0)/m/sc/10 . مجمو
عه‌های
 []

)) (./content/set-theory/cardinals/cardinals.tex
Overfull \vbox (0.5027pt too high) has occurred while \output is active []


[759]
\bbl@ensure@persian {فصل} 70.
Output from handle open-logic-complete-fa-IR going to open-logic-complete-fa-IR
.prb

\openout6 = open-logic-complete-fa-IR.prb
(./content/set-theory/cardinals/cp.tex)
(./content/set-theory/cardinals/cardsasords.tex [760

] [761])
(./content/set-theory/cardinals/milestone.tex

Package hyperref Warning: Token not allowed in a PDF string (Unicode):
(hyperref)                removing `math shift' on input line 6.


Package hyperref Warning: Token not allowed in a PDF string (Unicode):
(hyperref)                removing `\Th' on input line 6.


Package hyperref Warning: Token not allowed in a PDF string (Unicode):
(hyperref)                removing `math shift' on input line 6.

) (./content/set-theory/cardinals/classing.tex [762] [763])
(./content/set-theory/cardinals/hp.tex [764]
Overfull \hbox (0.76718pt too wide) in paragraph at lines 58--62
[]\TU/Scheherazade-Regular.ttf(0)/m/sc/10 حال اگر قانون پایهٔ 
پنجم را غیرمحمولی بخوانیم، از راه فهم خام ب
ه ناسازگاری می‌انجامد (برای جزئیات بنگرید 
به [][]بخش 64.6[][]).
 []

)) (./content/set-theory/card-arithmetic/card-arithmetic.tex [765]
\bbl@ensure@persian {فصل} 71.
Output from handle open-logic-complete-fa-IR going to open-logic-complete-fa-IR
.prb

\openout6 = open-logic-complete-fa-IR.prb
(./content/set-theory/card-arithmetic/opps.tex [766

])
(./content/set-theory/card-arithmetic/simp.tex
Overfull \vbox (0.21266pt too high) has occurred while \output is active []


[767]
Overfull \hbox (4.22958pt too wide) in paragraph at lines 137--147
[]\TU/Scheherazade-Regular.ttf(0)/m/sc/10 برای هر $\OML/cmm/m/it/10  \OM
S/cmsy/m/n/10 2 \U/euf/m/n/10 a$\TU/Scheherazade-Regular.ttf(0)/m/sc/10 ، ی
ک  نگاشت یک‌به‌یک $\OML/cmm/m/it/10 f[] [] [] X[] \OMS/cmsy/m/n
/10 ! \U/euf/m/n/10 a$ \TU/Scheherazade-Regular.ttf(0)/m/sc/10 برگزینی
د.[][][][][] یک  نگاشت یک‌به‌یک $\OML/cmm/m/it/10 g [] []  []
[] X[] \OMS/cmsy/m/n/10 !
 []

[768]) (./content/set-theory/card-arithmetic/expotough.tex)
(./content/set-theory/card-arithmetic/ch.tex [769] [770])
(./content/set-theory/card-arithmetic/fix.tex

Package hyperref Warning: Token not allowed in a PDF string (Unicode):
(hyperref)                removing `math shift' on input line 6.


Package hyperref Warning: Token not allowed in a PDF string (Unicode):
(hyperref)                removing `\aleph' on input line 6.


Package hyperref Warning: Token not allowed in a PDF string (Unicode):
(hyperref)                removing `math shift' on input line 6.

[771] [772])
(<LOCAL_USER_ROOT>/Documents/interlanguage/03_projects/language_management/arabic
_persianate_rtl/03_working_translations/openlogic/fa-IR/locale/fa-IR/output-rel
ease/open-logic-complete-fa-IR.prb)) (./content/set-theory/choice/choice.tex
[773]
\bbl@ensure@persian {فصل} 72.
Output from handle open-logic-complete-fa-IR going to open-logic-complete-fa-IR
.prb

\openout6 = open-logic-complete-fa-IR.prb
(./content/set-theory/choice/introduction.tex)
(./content/set-theory/choice/tarskiscott.tex [774

]

LaTeX Font Warning: Font shape `TU/Scheherazade-Regular.ttf(0)/m/scit' undefine
d
(Font)              using `TU/Scheherazade-Regular.ttf(0)/m/sc' instead on inpu
t line 64.

) (./content/set-theory/choice/hartogs.tex
Overfull \vbox (0.19157pt too high) has occurred while \output is active []


[775]) (./content/set-theory/choice/wellorderingproblem.tex [776])
(./content/set-theory/choice/countablechoice.tex [777])
(./content/set-theory/choice/justifications.tex [778])
(./content/set-theory/choice/banach.tex [779])
(./content/set-theory/choice/vitali.tex [780] [781] [782])
(<LOCAL_USER_ROOT>/Documents/interlanguage/03_projects/language_management/arabic
_persianate_rtl/03_working_translations/openlogic/fa-IR/locale/fa-IR/output-rel
ease/open-logic-complete-fa-IR.prb))) (./content/methods/methods.tex [783]
[784

] (./content/methods/proofs/proofs.tex [785]
\bbl@ensure@persian {فصل} 73.
Output from handle open-logic-complete-fa-IR going to open-logic-complete-fa-IR
.prb

\openout6 = open-logic-complete-fa-IR.prb
(./content/methods/proofs/introduction.tex)
(./content/methods/proofs/starting-proofs.tex
Underfull \vbox (badness 3954) has occurred while \output is active []

 [786

])
(./content/methods/proofs/using-definitions.tex [787])
(./content/methods/proofs/inference-patterns.tex [788]
Overfull \vbox (0.23376pt too high) has occurred while \output is active []


[789] [790]
Overfull \vbox (0.23376pt too high) has occurred while \output is active []


[791]) (./content/methods/proofs/example-1.tex [792] [793])
(./content/methods/proofs/example-2.tex [794])
(./content/methods/proofs/proof-by-contradiction.tex [795] [796] [797])
(./content/methods/proofs/reading-proofs.tex [798])
(./content/methods/proofs/cant-do-it.tex)
(./content/methods/proofs/resources.tex
Overfull \vbox (0.19157pt too high) has occurred while \output is active []


[799])
(<LOCAL_USER_ROOT>/Documents/interlanguage/03_projects/language_management/arabic
_persianate_rtl/03_working_translations/openlogic/fa-IR/locale/fa-IR/output-rel
ease/open-logic-complete-fa-IR.prb)) (./content/methods/induction/induction.tex
[800]
\bbl@ensure@persian {فصل} 74.
Output from handle open-logic-complete-fa-IR going to open-logic-complete-fa-IR
.prb

\openout6 = open-logic-complete-fa-IR.prb
(./content/methods/induction/introduction.tex)
(./content/methods/induction/induction-on-N.tex

Package hyperref Warning: Token not allowed in a PDF string (Unicode):
(hyperref)                removing `math shift' on input line 11.


Package hyperref Warning: Token not allowed in a PDF string (Unicode):
(hyperref)                removing `math shift' on input line 11.

[801

] [802]) (./content/methods/induction/strong-induction.tex [803])
(./content/methods/induction/inductive-definitions.tex [804])
(./content/methods/induction/structural-induction.tex [805])
(./content/methods/induction/relations.tex [806]
Overfull \vbox (0.21266pt too high) has occurred while \output is active []


[807]) [808]
(<LOCAL_USER_ROOT>/Documents/interlanguage/03_projects/language_management/arabic
_persianate_rtl/03_working_translations/openlogic/fa-IR/locale/fa-IR/output-rel
ease/open-logic-complete-fa-IR.prb))) (./content/history/history.tex
Overfull \vbox (0.21266pt too high) has occurred while \output is active []


[809] [810

] (./content/history/biographies/biographies.tex
\bbl@ensure@persian {فصل} 75.
Output from handle open-logic-complete-fa-IR going to open-logic-complete-fa-IR
.prb

\openout6 = open-logic-complete-fa-IR.prb
(./content/history/biographies/georg-cantor.tex)
(./content/history/biographies/alonzo-church.tex [811

])
(./content/history/biographies/gerhard-gentzen.tex)
(./content/history/biographies/kurt-goedel.tex [812])
(./content/history/biographies/emmy-noether.tex [813])
(./content/history/biographies/rozsa-peter.tex)
(./content/history/biographies/julia-robinson.tex [814])
(./content/history/biographies/bertrand-russell.tex [815])
(./content/history/biographies/alfred-tarski.tex)
(./content/history/biographies/alan-turing.tex
Underfull \vbox (badness 1394) has occurred while \output is active []

 [816])
(./content/history/biographies/ernst-zermelo.tex [817]))
(./content/history/set-theory/set-theory.tex [818]
\bbl@ensure@persian {فصل} 76.
Output from handle open-logic-complete-fa-IR going to open-logic-complete-fa-IR
.prb

\openout6 = open-logic-complete-fa-IR.prb
(./content/history/set-theory/infinitesimals.tex [819

])
(./content/history/set-theory/limits.tex
Overfull \vbox (0.24431pt too high) has occurred while \output is active []


[820]) (./content/history/set-theory/pathologies.tex [821]
Overfull \vbox (0.24431pt too high) has occurred while \output is active []


[822]) (./content/history/set-theory/mythology.tex)
(./content/history/set-theory/cantor-plane.tex
Overfull \vbox (0.24431pt too high) has occurred while \output is active []


[823]) (./content/history/set-theory/hilbert-curve.tex
Overfull \vbox (0.24431pt too high) has occurred while \output is active []


[824] [825]))) (./content/reference/reference.tex
Overfull \vbox (0.24431pt too high) has occurred while \output is active []


[826] [827

] (./content/reference/greek-alphabet/greek-alphabet.tex [828]
\bbl@ensure@persian {فصل} 77.
Output from handle open-logic-complete-fa-IR going to open-logic-complete-fa-IR
.prb

\openout6 = open-logic-complete-fa-IR.prb
) (./content/reference/fraktur-alphabet/fraktur-alphabet.tex [829

]
\bbl@ensure@persian {فصل} 78.
Output from handle open-logic-complete-fa-IR going to open-logic-complete-fa-IR
.prb

\openout6 = open-logic-complete-fa-IR.prb
)))
(<LOCAL_USER_ROOT>/Documents/interlanguage/03_projects/language_management/arabic
_persianate_rtl/03_working_translations/openlogic/fa-IR/locale/fa-IR/output-rel
ease/open-logic-complete-fa-IR.pcr)
(<LOCAL_USER_ROOT>/Documents/interlanguage/03_projects/language_management/arabic
_persianate_rtl/03_working_translations/openlogic/fa-IR/locale/fa-IR/output-rel
ease/open-logic-complete-fa-IR.bbl [830

]
Underfull \hbox (badness 3189) in paragraph at lines 15--21
[]\TU/Scheherazade-Regular.ttf(0)/m/sc/10 As-pray, William. 1984.  The Prince-to
n math-ematics com-munity in the 1930s: Alonzo
 []

[831

] [832]
Underfull \hbox (badness 10000) in paragraph at lines 244--250
[]\TU/Scheherazade-Regular.ttf(0)/m/sc/10 Frey, Holly and Tracy V. Wil-son. 2015
.  Stuff you missed in his-tory class:
 []


Underfull \hbox (badness 10000) in paragraph at lines 244--250
\TU/Scheherazade-Regular.ttf(0)/m/sc/10 Emmy Noether, math-ematics trail-blazer.
  URL [][]$\TU/LatinModernMono(0)/m/n/10 https://www.iheart.com/
 []


Underfull \hbox (badness 10000) in paragraph at lines 244--250
\TU/LatinModernMono(0)/m/n/10 podcast/stuff-[]you-[]missed-[]in-[]history-[]cl-[]21124503/episode/
 []

[833]
Underfull \hbox (badness 2689) in paragraph at lines 301--306
[]\TU/Scheherazade-Regular.ttf(0)/m/sc/10 Ham-mack, Richard. 2013.  \TU/Scheher
azade-Regular.ttf(0)/m/it/10 Book of Proof\TU/Scheherazade-Regular.ttf(0)/m/sc/
10 .  Rich-mond, VA: Vir-ginia Com-monwealth
 []


Underfull \hbox (badness 2486) in paragraph at lines 301--306
\TU/Scheherazade-Regular.ttf(0)/m/sc/10 Uni-versity.  URL [][]$\TU/LatinModernM
ono(0)/m/n/10 http://www.people.vcu.edu/~rhammack/BookOfProof/
 []


Underfull \hbox (badness 1117) in paragraph at lines 399--404
[]\TU/Scheherazade-Regular.ttf(0)/m/sc/10 Lib-riVox. n.d.  Bertrand Rus-sell.  
URL [][]$\TU/LatinModernMono(0)/m/n/10 https://librivox.org/author/1508?
 []


Underfull \hbox (badness 10000) in paragraph at lines 399--404
\TU/LatinModernMono(0)/m/n/10 primary_key=1508&search_category=author&search_pag
e=1&search_
 []

[834]
Underfull \hbox (badness 3138) in paragraph at lines 504--509
[]\TU/Scheherazade-Regular.ttf(0)/m/sc/10 Péter, Rózsa. 2010.  \TU/Scheheraza
de-Regular.ttf(0)/m/it/10 Play-ing with In-finity\TU/Scheherazade-Regular.ttf(0
)/m/sc/10 .  New York: Dover.  URL [][]$\TU/LatinModernMono(0)/m/n/10 https:
 []


Underfull \hbox (badness 10000) in paragraph at lines 504--509
\TU/LatinModernMono(0)/m/n/10 //books.google.ca/books?id=6V3wNs4uv_4C&lpg=PP1&ot
s=BkQZaHcR99&
 []

[835]
Underfull \hbox (badness 10000) in paragraph at lines 561--565
\TU/LatinModernMono(0)/m/n/10 org/web/20151010184939/http://www4.ncsu.edu/~njros
e/pdfFiles/
 []

[836] [837])

Class memoir Warning: The material used in the headers is too large
(12.5027pt) for the given head height (12.0pt), it is recommended to
either increase the head height or redesign the header
(in both cases you will find help in the memoir manual). on input line 169.

\tf@thm=\write8

\openout8 = open-logic-complete-fa-IR.thm
[838]
\tf@toc=\write9

\openout9 = open-logic-complete-fa-IR.toc
\tf@pcr=\write10

\openout10 = open-logic-complete-fa-IR.pcr

(<LOCAL_USER_ROOT>/Documents/interlanguage/03_projects/language_management/arabic
_persianate_rtl/03_working_translations/openlogic/fa-IR/locale/fa-IR/output-rel
ease/open-logic-complete-fa-IR.aux)
 ***********
LaTeX2e <2025-11-01>
L3 programming layer <2020/03/25>
 ***********


LaTeX Font Warning: Some font shapes were not available, defaults substituted.

Package rerunfilecheck Info: File `open-logic-complete-fa-IR.out' has not chang
ed.
(rerunfilecheck)             Checksum: 630E01CF7671467A4726F6332D5CB3AA;143813.

)

Here is how much of LuaTeX's memory you used:
 105005 strings out of 475900
 745719,3417909 words of node,token memory allocated
 281622 words of node memory still in use:
   51 hlist, 5 vlist, 15 rule, 152 dir, 16 math, 287 glue, 11 kern, 2 sub_mlist,
 828 glyph, 101185 attribute, 204 glue_spec, 33730 attribute_list, 3 write, 384 
pdf_literal, 28 pdf_action nodes
   avail lists: 1:66,2:32842,3:11416,4:2747,5:4276,6:123,7:9771,8:125,9:7733,10:
27,11:275,12:1
 94206 multiletter control sequences out of 65536+600000
 272 fonts using 53512951 bytes
 420i,23n,449p,1671b,12027s stack positions out of 10000i,1000n,20000p,200000b,200000s
<<LOCAL_USER_ROOT>/AppData/Local/Programs/MiKTeX/fonts/opentype/public/tex-gyre/te
xgyrepagella-italic.otf><<LOCAL_USER_ROOT>/AppData/Local/Programs/MiKTeX/fonts/ope
ntype/public/tex-gyre/texgyrepagella-bolditalic.otf><<<LOCAL_USER_ROOT>\AppData\Lo
cal\MiKTeX\fonts/pk/ljfour/public/cmbright/dpi375\cmbrmi8.pk>><<<LOCAL_USER_ROOT>\
AppData\Local\MiKTeX\fonts/pk/ljfour/public/cmbright/dpi525\cmbrmi8.pk>><C:/User
s/<USER>/AppData/Local/Programs/MiKTeX/fonts/opentype/public/tex-gyre/texgyreher
os-regular.otf><<<LOCAL_USER_ROOT>\AppData\Local\MiKTeX\fonts/pk/ljfour/public/cmb
right/dpi600\cmbrmi10.pk>><<LOCAL_USER_ROOT>/AppData/Local/Programs/MiKTeX/fonts/o
pentype/public/tex-gyre/texgyrepagella-italic.otf><<LOCAL_USER_ROOT>/AppData/Local
/Programs/MiKTeX/fonts/opentype/public/tex-gyre/texgyrepagella-bold.otf><C:/User
s/<USER>/AppData/Local/Programs/MiKTeX/fonts/opentype/public/tex-gyre/texgyrepag
ella-regular.otf><<LOCAL_USER_ROOT>/AppData/Local/Programs/MiKTeX/fonts/opentype/p
ublic/tex-gyre/texgyrepagella-bold.otf><<LOCAL_USER_ROOT>/AppData/Local/Programs/M
iKTeX/fonts/opentype/public/tex-gyre/texgyrepagella-regular.otf><<LOCAL_USER_ROOT>
/AppData/Local/Programs/MiKTeX/fonts/opentype/public/lm/lmmono10-regular.otf><..
/../../00_control/fonts/scheherazade-2.100/Scheherazade-Regular.ttf><../../../00
_control/fonts/scheherazade-2.100/Scheherazade-Bold.ttf><<LOCAL_USER_ROOT>/AppData
/Local/Programs/MiKTeX/fonts/type1/public/amsfonts/cm/cmex10.pfb><<USER_HOME>lori
s/AppData/Local/Programs/MiKTeX/fonts/type1/public/amsfonts/cmextra/cmex8.pfb><C
:<USER_HOME><USER>/AppData/Local/Programs/MiKTeX/fonts/type1/public/amsfonts/cm/cmmi
10.pfb><<LOCAL_USER_ROOT>/AppData/Local/Programs/MiKTeX/fonts/type1/public/amsfont
s/cm/cmmi12.pfb><<LOCAL_USER_ROOT>/AppData/Local/Programs/MiKTeX/fonts/type1/publi
c/amsfonts/cm/cmmi5.pfb><<LOCAL_USER_ROOT>/AppData/Local/Programs/MiKTeX/fonts/typ
e1/public/amsfonts/cm/cmmi6.pfb><<LOCAL_USER_ROOT>/AppData/Local/Programs/MiKTeX/f
onts/type1/public/amsfonts/cm/cmmi7.pfb><<LOCAL_USER_ROOT>/AppData/Local/Programs/
MiKTeX/fonts/type1/public/amsfonts/cm/cmmi8.pfb><<LOCAL_USER_ROOT>/AppData/Local/P
rograms/MiKTeX/fonts/type1/public/amsfonts/cm/cmmi9.pfb><<LOCAL_USER_ROOT>/AppData
/Local/Programs/MiKTeX/fonts/type1/public/amsfonts/cm/cmr10.pfb><<LOCAL_USER_ROOT>
/AppData/Local/Programs/MiKTeX/fonts/type1/public/amsfonts/cm/cmr12.pfb><C:/User
s/<USER>/AppData/Local/Programs/MiKTeX/fonts/type1/public/amsfonts/cm/cmr5.pfb><
<LOCAL_USER_ROOT>/AppData/Local/Programs/MiKTeX/fonts/type1/public/amsfonts/cm/cmr
6.pfb><<LOCAL_USER_ROOT>/AppData/Local/Programs/MiKTeX/fonts/type1/public/amsfonts
/cm/cmr7.pfb><<LOCAL_USER_ROOT>/AppData/Local/Programs/MiKTeX/fonts/type1/public/a
msfonts/cm/cmr8.pfb><<LOCAL_USER_ROOT>/AppData/Local/Programs/MiKTeX/fonts/type1/p
ublic/amsfonts/cm/cmr9.pfb><<LOCAL_USER_ROOT>/AppData/Local/Programs/MiKTeX/fonts/
type1/public/amsfonts/cm/cmsy10.pfb><<LOCAL_USER_ROOT>/AppData/Local/Programs/MiKT
eX/fonts/type1/public/amsfonts/cm/cmsy5.pfb><<LOCAL_USER_ROOT>/AppData/Local/Progr
ams/MiKTeX/fonts/type1/public/amsfonts/cm/cmsy6.pfb><<LOCAL_USER_ROOT>/AppData/Loc
al/Programs/MiKTeX/fonts/type1/public/amsfonts/cm/cmsy7.pfb><<LOCAL_USER_ROOT>/App
Data/Local/Programs/MiKTeX/fonts/type1/public/amsfonts/cm/cmsy8.pfb><<USER_HOME>l
oris/AppData/Local/Programs/MiKTeX/fonts/type1/public/amsfonts/cm/cmsy9.pfb><C:/
Users/<USER>/AppData/Local/Programs/MiKTeX/fonts/type1/public/amsfonts/euler/euf
m10.pfb><<LOCAL_USER_ROOT>/AppData/Local/Programs/MiKTeX/fonts/type1/public/amsfon
ts/euler/eufm5.pfb><<LOCAL_USER_ROOT>/AppData/Local/Programs/MiKTeX/fonts/type1/pu
blic/amsfonts/euler/eufm7.pfb><<LOCAL_USER_ROOT>/AppData/Local/Programs/MiKTeX/fon
ts/type1/public/amsfonts/symbols/msam10.pfb><<LOCAL_USER_ROOT>/AppData/Local/Progr
ams/MiKTeX/fonts/type1/public/amsfonts/symbols/msam7.pfb><<LOCAL_USER_ROOT>/AppDat
a/Local/Programs/MiKTeX/fonts/type1/public/amsfonts/symbols/msbm10.pfb><<USERS>
/<USER>/AppData/Local/Programs/MiKTeX/fonts/type1/public/amsfonts/symbols/msbm7.
pfb><<LOCAL_USER_ROOT>/AppData/Local/Programs/MiKTeX/fonts/type1/public/hoekwater/
stmary10.pfb><<LOCAL_USER_ROOT>/AppData/Local/Programs/MiKTeX/fonts/type1/public/t
xfonts/txsyc.pfb>
Output written on open-logic-complete-fa-IR.pdf (839 pages, 7909665 bytes).

PDF statistics: 18061 PDF objects out of 18468 (max. 8388607)
 8787 named destinations out of 8907 (max. 1048576)
 6206 words of extra memory for PDF output out of 10000 (max. 100000000)

