"closure_id","stable_order","source_commit","source_path","source_sha256","source_bytes","source_lines","source_alpha_token_count","closure_included","canonical_reader_reachable","canonical_reader_order","inclusion_class","inclusion_reason","source_role","source_title_locator","source_olfileid","import_count","imports_resolved_ordered","imports_unresolved","incoming_importer_count","incoming_importers","asset_dependency_count","asset_dependencies","environment_total","environment_counts","part_macro_count","chapter_macro_count","section_macro_count","definition_object_count","theorem_object_count","proposition_object_count","lemma_object_count","corollary_object_count","example_object_count","problem_object_count","proof_object_count","figure_object_count","tikz_object_count","label_count","reference_count","citation_count","math_segment_count","ar_target_path","ar_status","ar_sha256","ar_qa","fa_IR_target_path","fa_IR_status","fa_IR_sha256","fa_IR_qa","paired_acceptance"
"OLP-0001","1","9620cc73f9c8e0ad003c514a5d3748f29611c4c0","content/open-logic-about.tex","e4f2e2ec5d9957fa71df41e9ed100641fe08230f63af6065eaafcb3d37346f4a","1494","29","220","true","true","1","canonical_complete_reader_reachable","Reached by ordered depth-first replay from content/open-logic-about.tex then content/content.tex through uncommented olimport edges.","reader_front_matter","About the Open Logic Project","","0","","","0","","0","","0","","0","1","0","0","0","0","0","0","0","0","0","0","0","0","0","0","0","locale/ar/content/open-logic-about.tex","ACCEPTED","3DFDAB30491A82C494D48ED98D8D1D81F3778C831C934CD3EB9DC94FFAAF400D","PASS_STATIC_SEMANTIC_BUILD_VISUAL_INDEPENDENT_AI_WITH_ACCESSIBILITY_CAVEAT","locale/fa-IR/content/open-logic-about.tex","ACCEPTED","2E400AC320BDBCCFAD6EF2A3520E0ABA53BA92D1ABCFB04F202A30CD67908DCD","PASS_STATIC_SEMANTIC_BUILD_VISUAL_INDEPENDENT_AI_WITH_ACCESSIBILITY_CAVEAT","ACCEPTED"
"OLP-0002","2","9620cc73f9c8e0ad003c514a5d3748f29611c4c0","content/content.tex","b42cd7f4bfd4185ccda7f834a706973a728b2126498c873671924a77b4d8f1d6","2376","74","294","true","true","2","canonical_complete_reader_reachable","Reached by ordered depth-first replay from content/open-logic-about.tex then content/content.tex through uncommented olimport edges.","corpus_root","","","18","content/sets-functions-relations/sets-functions-relations-complete.tex|content/propositional-logic/propositional-logic.tex|content/first-order-logic/first-order-logic.tex|content/model-theory/model-theory.tex|content/computability/computability.tex|content/turing-machines/turing-machines.tex|content/incompleteness/incompleteness.tex|content/second-order-logic/second-order-logic.tex|content/lambda-calculus/lambda-calculus.tex|content/many-valued-logic/many-valued-logic.tex|content/normal-modal-logic/normal-modal-logic.tex|content/applied-modal-logic/applied-modal-logic.tex|content/intuitionistic-logic/intuitionistic-logic.tex|content/counterfactuals/counterfactuals.tex|content/set-theory/set-theory.tex|content/methods/methods.tex|content/history/history.tex|content/reference/reference.tex","","0","","0","","2","document:1|editorial:1","0","0","0","0","0","0","0","0","0","0","0","0","0","0","0","0","0","locale/ar/content/content.tex","ACCEPTED","DDA783A7080EC20C151515B194FA20185E638885CA26424859B6A35F773A5193","PASS_STATIC_SEMANTIC_INDEPENDENT_AI_BUILD_DEFERRED_FOR_DEPENDENCY_CLOSURE","locale/fa-IR/content/content.tex","ACCEPTED","8D9F043FC6A265C43981E51DDA87594D60A33C796FB2A613DFAAE4AF7A117636","PASS_STATIC_SEMANTIC_INDEPENDENT_AI_BUILD_DEFERRED_FOR_DEPENDENCY_CLOSURE","ACCEPTED"
"OLP-0003","3","9620cc73f9c8e0ad003c514a5d3748f29611c4c0","content/sets-functions-relations/sets-functions-relations-complete.tex","03e55d8ee2ec4586a5dc8b64e6fa59950c46da3cdee54267946015e7bbd989ed","738","30","77","true","true","3","canonical_complete_reader_reachable","Reached by ordered depth-first replay from content/open-logic-about.tex then content/content.tex through uncommented olimport edges.","part_driver","Na\""ive Set Theory","","6","content/sets-functions-relations/sets/sets.tex|content/sets-functions-relations/relations/relations-complete.tex|content/sets-functions-relations/functions/functions.tex|content/sets-functions-relations/size-of-sets/size-of-sets-complete.tex|content/sets-functions-relations/arithmetization/arithmetization.tex|content/sets-functions-relations/infinite/infinite.tex","","1","content/content.tex","0","","2","document:1|editorial:1","1","0","0","0","0","0","0","0","0","0","0","0","0","0","0","0","0","locale/ar/content/sets-functions-relations/sets-functions-relations-complete.tex","ACCEPTED","467A6906D5C46FEBFC3EC1538CD0907EEB7D68FBECE16A4F4BE6452E834F6527","PASS_STATIC_SEMANTIC_INDEPENDENT_AI_BUILD_DEFERRED_FOR_DEPENDENCY_CLOSURE","locale/fa-IR/content/sets-functions-relations/sets-functions-relations-complete.tex","ACCEPTED","9B7FE5D8B6438191BF45FEAEC8D7D3367CEA80A412C6653065846758C326A41D","PASS_STATIC_SEMANTIC_INDEPENDENT_AI_BUILD_DEFERRED_FOR_DEPENDENCY_CLOSURE","ACCEPTED"
"OLP-0004","4","9620cc73f9c8e0ad003c514a5d3748f29611c4c0","content/sets-functions-relations/sets/sets.tex","eea34d38bb52811468a0025d348457a0f4d3f44aae4b7cabb28551d6328e2785","380","25","22","true","true","4","canonical_complete_reader_reachable","Reached by ordered depth-first replay from content/open-logic-about.tex then content/content.tex through uncommented olimport edges.","chapter_driver","Sets","","6","content/sets-functions-relations/sets/basics.tex|content/sets-functions-relations/sets/subsets.tex|content/sets-functions-relations/sets/important-sets.tex|content/sets-functions-relations/sets/unions-and-intersections.tex|content/sets-functions-relations/sets/pairs-and-products.tex|content/sets-functions-relations/sets/russells-paradox.tex","","2","content/sets-functions-relations/sets-functions-relations-complete.tex|content/sets-functions-relations/sets-functions-relations.tex","0","","1","document:1","0","1","0","0","0","0","0","0","0","0","0","0","0","0","0","0","0","locale/ar/content/sets-functions-relations/sets/sets.tex","ACCEPTED","B1C50900475E2F94BF13435C7A5069F6BC6820C7F8D2D3B5C49321E521088ECF","PASS_STATIC_SEMANTIC_INDEPENDENT_AI_BUILD_DEFERRED_FOR_DEPENDENCY_CLOSURE","locale/fa-IR/content/sets-functions-relations/sets/sets.tex","ACCEPTED","DF9B514CCED39A35FA88B65A53659B7207D7E899F8B48CF08066E611752850C9","PASS_STATIC_SEMANTIC_INDEPENDENT_AI_BUILD_DEFERRED_FOR_DEPENDENCY_CLOSURE","ACCEPTED"
"OLP-0005","5","9620cc73f9c8e0ad003c514a5d3748f29611c4c0","content/sets-functions-relations/sets/basics.tex","8bc9151af0985e6e20c374aa38cddd1add7a8dffbabccc94b89f324f62c40f8c","3922","104","575","true","true","5","canonical_complete_reader_reachable","Reached by ordered depth-first replay from content/open-logic-about.tex then content/content.tex through uncommented olimport edges.","reader_unit","Extensionality","sfr","0","","","1","content/sets-functions-relations/sets/sets.tex","0","","10","defn:1|document:1|ex:3|explain:1|prob:1|tagblock:3","0","0","1","1","0","0","0","0","3","1","0","0","0","0","0","0","52","locale/ar/content/sets-functions-relations/sets/basics.tex","ACCEPTED","1175854930480BAFE2EAA2853E068665C083589A4BAF03ACBF55E781FF3E013F","PASS_STATIC_SEMANTIC_BUILD_VISUAL_INDEPENDENT_AI_WITH_ACCESSIBILITY_CAVEAT","locale/fa-IR/content/sets-functions-relations/sets/basics.tex","ACCEPTED","129320E9EEA66762B41C28C6970DBAC6A87D84433AEC529A18BDE8AE903F849C","PASS_STATIC_SEMANTIC_BUILD_VISUAL_INDEPENDENT_AI_WITH_ACCESSIBILITY_CAVEAT","ACCEPTED"
"OLP-0006","6","9620cc73f9c8e0ad003c514a5d3748f29611c4c0","content/sets-functions-relations/sets/subsets.tex","5d982f62c40325cf75da4517add45ca073e23fb9463cfb3adfb9aafbb8582e46","3618","104","543","true","true","6","canonical_complete_reader_reachable","Reached by ordered depth-first replay from content/open-logic-about.tex then content/content.tex through uncommented olimport edges.","reader_unit","Subsets and Power Sets","sfr","0","","","1","content/sets-functions-relations/sets/sets.tex","0","","11","defn:3|document:1|ex:3|explain:1|prob:2|prop:1","0","0","1","3","0","1","0","0","3","2","0","0","0","0","0","0","65","locale/ar/content/sets-functions-relations/sets/subsets.tex","ACCEPTED","1DC4A005B7F44CDFC46DBF485626BF76551EECBB108C7F822F41A2DF8A883AE5","PASS_STATIC_SEMANTIC_BUILD_VISUAL_INDEPENDENT_AI_WITH_ACCESSIBILITY_CAVEAT","locale/fa-IR/content/sets-functions-relations/sets/subsets.tex","ACCEPTED","B8755941AFB97FC801C6FF9F03B54522AE64AC4D321DF207D77C1CE85AC1B4F4","PASS_STATIC_SEMANTIC_BUILD_VISUAL_INDEPENDENT_AI_WITH_ACCESSIBILITY_CAVEAT","ACCEPTED"
"OLP-0007","7","9620cc73f9c8e0ad003c514a5d3748f29611c4c0","content/sets-functions-relations/sets/important-sets.tex","b1b998cad3fa5aef48670f755245f86efe00b239d332a50e764147602405fb32","2720","70","315","true","true","7","canonical_complete_reader_reachable","Reached by ordered depth-first replay from content/open-logic-about.tex then content/content.tex through uncommented olimport edges.","reader_unit","Some Important Sets","sfr","0","","","1","content/sets-functions-relations/sets/sets.tex","0","","7","document:1|ex:3|multline*:2|tagblock:1","0","0","1","0","0","0","0","0","3","0","0","0","0","0","1","0","26","locale/ar/content/sets-functions-relations/sets/important-sets.tex","ACCEPTED","C9A36E2DBBD89674A4F13784EC149DD93EF2F94881B67AAC62D38FF028C9A3EF","PASS_STATIC_SEMANTIC_BUILD_VISUAL_INDEPENDENT_AI_WITH_ACCESSIBILITY_CAVEAT","locale/fa-IR/content/sets-functions-relations/sets/important-sets.tex","ACCEPTED","CDC437750FE229D26DB7E8FD8651350549906375B0AF744B4058AF1B4EAF9F84","PASS_STATIC_SEMANTIC_BUILD_VISUAL_INDEPENDENT_AI_WITH_ACCESSIBILITY_CAVEAT","ACCEPTED"
"OLP-0008","8","9620cc73f9c8e0ad003c514a5d3748f29611c4c0","content/sets-functions-relations/sets/unions-and-intersections.tex","2ad0eec70308ceeff2a4158b2dee60e59a9b1cf9268fc95c4bb1da05f65ad60d","6075","175","911","true","true","8","canonical_complete_reader_reachable","Reached by ordered depth-first replay from content/open-logic-about.tex then content/content.tex through uncommented olimport edges.","reader_unit","Unions and Intersections","sfr","0","","","1","content/sets-functions-relations/sets/sets.tex","3","assets/diagrams/union.tikz|assets/diagrams/intersection.tikz|assets/diagrams/difference.tikz","23","align*:4|defn:5|document:1|ex:3|explain:3|figure:3|prob:4","0","0","1","5","0","0","0","0","3","4","0","3","0","0","4","0","72","locale/ar/content/sets-functions-relations/sets/unions-and-intersections.tex","ACCEPTED","112BCA7B160608FE147114AE1BEE0EB4E18406B0BF9D312A705B8FA2D62D2025","PASS_STATIC_SEMANTIC_BUILD_VISUAL_LINKS_INDEPENDENT_AI_WITH_ACCESSIBILITY_CAVEAT","locale/fa-IR/content/sets-functions-relations/sets/unions-and-intersections.tex","ACCEPTED","1015C403DB83903E04890FE7CB9B28ABF3AC2E2A4A32E652BCE62224C0A1EAD5","PASS_STATIC_SEMANTIC_BUILD_VISUAL_LINKS_INDEPENDENT_AI_WITH_ACCESSIBILITY_CAVEAT","ACCEPTED"
"OLP-0009","9","9620cc73f9c8e0ad003c514a5d3748f29611c4c0","content/sets-functions-relations/sets/pairs-and-products.tex","3db7f0241d387b49488f70e78062c24192b813873618f761565d97bd7249431c","4645","130","669","true","true","9","canonical_complete_reader_reachable","Reached by ordered depth-first replay from content/open-logic-about.tex then content/content.tex through uncommented olimport edges.","reader_unit","Pairs, Tuples, Cartesian Products","sfr","0","","","1","content/sets-functions-relations/sets/sets.tex","0","","15","align*:1|array:1|defn:2|document:1|ex:3|explain:2|prob:3|proof:1|prop:1","0","0","1","2","0","1","0","0","3","3","1","0","0","0","1","0","78","locale/ar/content/sets-functions-relations/sets/pairs-and-products.tex","ACCEPTED","0209ACCAD5BA65DA9955892285D637EC9B4DA5B98D8C7830695BE6F8161B6809","PASS_STATIC_SEMANTIC_BUILD_VISUAL_LINKS_INDEPENDENT_AI_WITH_ACCESSIBILITY_CAVEAT","locale/fa-IR/content/sets-functions-relations/sets/pairs-and-products.tex","ACCEPTED","9474699C22D159D4F715B48E49B727E9BEAD8AE93F3BEBBD62C1CBD186C92BC5","PASS_STATIC_SEMANTIC_BUILD_VISUAL_LINKS_INDEPENDENT_AI_WITH_ACCESSIBILITY_CAVEAT","ACCEPTED"
"OLP-0010","10","9620cc73f9c8e0ad003c514a5d3748f29611c4c0","content/sets-functions-relations/sets/russells-paradox.tex","9a76315cd0d9cf89d27e90a9b87138b1c95aea98e0d26de3fe12d897b8c4d10d","3761","90","593","true","true","10","canonical_complete_reader_reachable","Reached by ordered depth-first replay from content/open-logic-about.tex then content/content.tex through uncommented olimport edges.","reader_unit","Russell's Paradox","sfr","0","","","1","content/sets-functions-relations/sets/sets.tex","0","","6","digress:1|document:1|explain:1|proof:1|tagblock:1|thm:1","0","0","1","0","1","0","0","0","0","0","1","0","0","0","1","0","34","locale/ar/content/sets-functions-relations/sets/russells-paradox.tex","ACCEPTED","842dbaa2aae165ce42b1999dde89d621f4e90e4a60d72781879c5b878e9b9d56","PASS_STATIC_SEMANTIC_BUILD_VISUAL_INDEPENDENT_AI_WITH_ACCESSIBILITY_CAVEAT","locale/fa-IR/content/sets-functions-relations/sets/russells-paradox.tex","ACCEPTED","040b0431da0d24ce6cfc12bdfcbd1b0970e8fd9397a4a6fb3d8ef36b93287886","PASS_STATIC_SEMANTIC_BUILD_VISUAL_INDEPENDENT_AI_WITH_ACCESSIBILITY_CAVEAT","ACCEPTED"
"OLP-0011","11","9620cc73f9c8e0ad003c514a5d3748f29611c4c0","content/sets-functions-relations/relations/relations-complete.tex","7e1363f3e757004246334478742e4199101dbb2551fac272462454cd40161e23","438","29","22","true","true","11","canonical_complete_reader_reachable","Reached by ordered depth-first replay from content/open-logic-about.tex then content/content.tex through uncommented olimport edges.","chapter_driver","Relations","","8","content/sets-functions-relations/relations/relations-as-sets.tex|content/sets-functions-relations/relations/reflections.tex|content/sets-functions-relations/relations/special-properties.tex|content/sets-functions-relations/relations/equivalence-relations.tex|content/sets-functions-relations/relations/orders.tex|content/sets-functions-relations/relations/graphs.tex|content/sets-functions-relations/relations/trees.tex|content/sets-functions-relations/relations/operations.tex","","1","content/sets-functions-relations/sets-functions-relations-complete.tex","0","","1","document:1","0","1","0","0","0","0","0","0","0","0","0","0","0","0","0","0","0","locale/ar/content/sets-functions-relations/relations/relations-complete.tex","ACCEPTED","9c8a89c1e7a5ae14a2e917c358920e5fb1fbebb51488fa4cae326e3de50dd303","PASS_STATIC_SEMANTIC_INDEPENDENT_AI_BUILD_VISUAL_RELATIONS_INTEGRATION_WITH_ACCESSIBILITY_CAVEAT","locale/fa-IR/content/sets-functions-relations/relations/relations-complete.tex","ACCEPTED","3fe8611344f06a83f8cdadf3e96b4867f06511e551e9770602a14475ffa291e6","PASS_STATIC_SEMANTIC_INDEPENDENT_AI_BUILD_VISUAL_RELATIONS_INTEGRATION_WITH_ACCESSIBILITY_CAVEAT","ACCEPTED"
"OLP-0012","12","9620cc73f9c8e0ad003c514a5d3748f29611c4c0","content/sets-functions-relations/relations/relations-as-sets.tex","412c6fa44ead94f076dfea7cd23f9e3cd748b08c1882dcb129b15f8efcf5c29c","5376","126","700","true","true","12","canonical_complete_reader_reachable","Reached by ordered depth-first replay from content/open-logic-about.tex then content/content.tex through uncommented olimport edges.","reader_unit","Relations as Sets","sfr","0","","","2","content/sets-functions-relations/relations/relations-complete.tex|content/sets-functions-relations/relations/relations.tex","0","","7","array:1|defn:1|document:1|ex:1|explain:2|prob:1","0","0","1","1","0","0","0","0","1","1","0","0","0","0","2","0","83","locale/ar/content/sets-functions-relations/relations/relations-as-sets.tex","ACCEPTED","15153fc56fe633aafce519b0b35ad462cc7203bdb71636617e8df2543c5e02b5","PASS_STATIC_SEMANTIC_INDEPENDENT_AI_BUILD_VISUAL_RELATIONS_INTEGRATION_WITH_ACCESSIBILITY_CAVEAT","locale/fa-IR/content/sets-functions-relations/relations/relations-as-sets.tex","ACCEPTED","481c3bbc5ebd8758ead1c7570a6436f67f15413207e281a07ec98f344aa95f0e","PASS_STATIC_SEMANTIC_INDEPENDENT_AI_BUILD_VISUAL_RELATIONS_INTEGRATION_WITH_ACCESSIBILITY_CAVEAT","ACCEPTED"
"OLP-0013","13","9620cc73f9c8e0ad003c514a5d3748f29611c4c0","content/sets-functions-relations/relations/reflections.tex","1f94c1032eaedb73b1de69e6f010b8e0c7437fe240ab280583ff358896fa4b27","4065","77","597","true","true","13","canonical_complete_reader_reachable","Reached by ordered depth-first replay from content/open-logic-about.tex then content/content.tex through uncommented olimport edges.","reader_unit","Philosophical Reflections","sfr","0","","","1","content/sets-functions-relations/relations/relations-complete.tex","0","","2","align*:1|document:1","0","0","1","0","0","0","0","0","0","0","0","0","0","0","5","1","25","locale/ar/content/sets-functions-relations/relations/reflections.tex","ACCEPTED","5498ef36398ef7eda3890063ca562a6ebd3a40c4806b87fcd95fa3eee7649ff0","PASS_STATIC_SEMANTIC_INDEPENDENT_AI_BUILD_VISUAL_RELATIONS_INTEGRATION_WITH_ACCESSIBILITY_CAVEAT","locale/fa-IR/content/sets-functions-relations/relations/reflections.tex","ACCEPTED","8e9f418e34a61ec9aa779fa87caf6243faa13a8f5421693c677b281369858539","PASS_STATIC_SEMANTIC_INDEPENDENT_AI_BUILD_VISUAL_RELATIONS_INTEGRATION_WITH_ACCESSIBILITY_CAVEAT","ACCEPTED"
"OLP-0014","14","9620cc73f9c8e0ad003c514a5d3748f29611c4c0","content/sets-functions-relations/relations/special-properties.tex","f9bdfcb4c680ea58fdb209f0347c2f8055de96558caf69a26ec3ce8e1e7ce6a1","3165","85","438","true","true","14","canonical_complete_reader_reachable","Reached by ordered depth-first replay from content/open-logic-about.tex then content/content.tex through uncommented olimport edges.","reader_unit","Special Properties of Relations","sfr","0","","","2","content/sets-functions-relations/relations/relations-complete.tex|content/sets-functions-relations/relations/relations.tex","0","","11","defn:7|document:1|explain:1|intro:1|prob:1","0","0","1","7","0","0","0","0","0","1","0","0","0","0","0","0","47","locale/ar/content/sets-functions-relations/relations/special-properties.tex","ACCEPTED","71c5d1a7e5d98f0c774812917ff58450f66a62674031ef09115006969f1b6a22","PASS_STATIC_SEMANTIC_INDEPENDENT_AI_BUILD_VISUAL_RELATIONS_INTEGRATION_WITH_ACCESSIBILITY_CAVEAT","locale/fa-IR/content/sets-functions-relations/relations/special-properties.tex","ACCEPTED","abdec2ae02ffa0668b36ef0cd4bd521bc5357c9c6a7acb5465589196e7c28d7c","PASS_STATIC_SEMANTIC_INDEPENDENT_AI_BUILD_VISUAL_RELATIONS_INTEGRATION_WITH_ACCESSIBILITY_CAVEAT","ACCEPTED"
"OLP-0015","15","9620cc73f9c8e0ad003c514a5d3748f29611c4c0","content/sets-functions-relations/relations/equivalence-relations.tex","0b2167d0a9633938fd173d396f9e92b795826821471ff111483f7c7088a4be46","3470","84","460","true","true","15","canonical_complete_reader_reachable","Reached by ordered depth-first replay from content/open-logic-about.tex then content/content.tex through uncommented olimport edges.","reader_unit","Equivalence Relations","sfr","0","","","2","content/sets-functions-relations/relations/relations-complete.tex|content/sets-functions-relations/relations/relations.tex","0","","7","defn:2|document:1|ex:1|prob:1|proof:1|prop:1","0","0","1","2","0","1","0","0","1","1","1","0","0","0","0","0","70","locale/ar/content/sets-functions-relations/relations/equivalence-relations.tex","ACCEPTED","52298e1712e991a79d5575bf1e3f8f04dc0e98b47b396eaba3271bef4ccfdf5b","PASS_STATIC_SEMANTIC_INDEPENDENT_AI_BUILD_VISUAL_RELATIONS_INTEGRATION_WITH_ACCESSIBILITY_CAVEAT","locale/fa-IR/content/sets-functions-relations/relations/equivalence-relations.tex","ACCEPTED","b1fdaac070c36b48ccda7e5de03fdc338d049a35a7d57791174e74019ecf40ab","PASS_STATIC_SEMANTIC_INDEPENDENT_AI_BUILD_VISUAL_RELATIONS_INTEGRATION_WITH_ACCESSIBILITY_CAVEAT","ACCEPTED"
"OLP-0016","16","9620cc73f9c8e0ad003c514a5d3748f29611c4c0","content/sets-functions-relations/relations/orders.tex","c6b7f7f49379f9cac28d844270639eae141152978ef8ad68065d0cfd83ccbd38","6476","169","917","true","true","16","canonical_complete_reader_reachable","Reached by ordered depth-first replay from content/open-logic-about.tex then content/content.tex through uncommented olimport edges.","reader_unit","Orders","sfr","0","","","2","content/sets-functions-relations/relations/relations-complete.tex|content/sets-functions-relations/relations/relations.tex","0","","20","defn:5|document:1|ex:6|explain:1|prob:1|proof:3|prop:3","0","0","1","5","0","3","0","0","6","1","3","0","0","0","1","0","117","locale/ar/content/sets-functions-relations/relations/orders.tex","ACCEPTED","1cc56a15b577360493df723d9dee4c7cbb63911a900ccfc78fd9b8c2a2dbfdfc","PASS_STATIC_SEMANTIC_INDEPENDENT_AI_BUILD_VISUAL_RELATIONS_INTEGRATION_WITH_ACCESSIBILITY_CAVEAT","locale/fa-IR/content/sets-functions-relations/relations/orders.tex","ACCEPTED","0b3dc4c4959237688268faee51b97b33ee9574e1e89e8ce564ea1d6c1e811168","PASS_STATIC_SEMANTIC_INDEPENDENT_AI_BUILD_VISUAL_RELATIONS_INTEGRATION_WITH_ACCESSIBILITY_CAVEAT","ACCEPTED"
"OLP-0017","17","9620cc73f9c8e0ad003c514a5d3748f29611c4c0","content/sets-functions-relations/relations/graphs.tex","a538018608ce97d0b371a392912c3d6825d8f3b17719bceca5744a77ace26351","3016","78","397","true","true","17","canonical_complete_reader_reachable","Reached by ordered depth-first replay from content/open-logic-about.tex then content/content.tex through uncommented olimport edges.","reader_unit","Graphs","sfr","0","","","2","content/sets-functions-relations/relations/relations-complete.tex|content/sets-functions-relations/relations/relations.tex","0","","8","align*:1|defn:1|document:1|ex:1|explain:1|prob:1|tikzpicture:2","0","0","1","1","0","0","0","0","1","1","0","0","2","0","0","0","27","locale/ar/content/sets-functions-relations/relations/graphs.tex","ACCEPTED","dc66fb221dbb54e6c6840565403ae578047dae9b48c203cf3612434fe8115ae0","PASS_STATIC_SEMANTIC_TIKZ_INDEPENDENT_AI_BUILD_VISUAL_RELATIONS_INTEGRATION_WITH_ACCESSIBILITY_CAVEAT","locale/fa-IR/content/sets-functions-relations/relations/graphs.tex","ACCEPTED","ecc7c9249ea6e996e46de7788780925a8ec7cd0768ce24ab91876d3acc9e9bf9","PASS_STATIC_SEMANTIC_TIKZ_INDEPENDENT_AI_BUILD_VISUAL_RELATIONS_INTEGRATION_WITH_ACCESSIBILITY_CAVEAT","ACCEPTED"
"OLP-0018","18","9620cc73f9c8e0ad003c514a5d3748f29611c4c0","content/sets-functions-relations/relations/trees.tex","57cc56ee55506aa19e7be6129d2cad6b8635fd2d6407399d4f774782f2cdd588","5232","131","791","true","true","18","canonical_complete_reader_reachable","Reached by ordered depth-first replay from content/open-logic-about.tex then content/content.tex through uncommented olimport edges.","reader_unit","Trees","sfr","0","","","2","content/sets-functions-relations/relations/relations-complete.tex|content/sets-functions-relations/relations/relations.tex","0","","12","center:1|defn:4|document:1|ex:2|proof:1|prop:2|tikzpicture:1","0","0","1","4","0","2","0","0","2","0","1","0","1","0","0","0","109","locale/ar/content/sets-functions-relations/relations/trees.tex","ACCEPTED","d055afdac6a12e379a74654c02d12360e4c8f8729135b89807d3f93717ef3186","PASS_STATIC_SEMANTIC_TIKZ_INDEPENDENT_AI_BUILD_VISUAL_RELATIONS_INTEGRATION_WITH_ACCESSIBILITY_CAVEAT","locale/fa-IR/content/sets-functions-relations/relations/trees.tex","ACCEPTED","15a3ccad1e07ee0fcf9508e1b5a806b9140961b048af5c30717c4d8717b3f111","PASS_STATIC_SEMANTIC_TIKZ_INDEPENDENT_AI_BUILD_VISUAL_RELATIONS_INTEGRATION_WITH_ACCESSIBILITY_CAVEAT","ACCEPTED"
"OLP-0019","19","9620cc73f9c8e0ad003c514a5d3748f29611c4c0","content/sets-functions-relations/relations/operations.tex","5e6f57e9ddf53e1624955adabd594ea3855ad787c1074ba12421b0025b432372","2234","72","281","true","true","19","canonical_complete_reader_reachable","Reached by ordered depth-first replay from content/open-logic-about.tex then content/content.tex through uncommented olimport edges.","reader_unit","Operations on Relations","sfr","0","","","2","content/sets-functions-relations/relations/relations-complete.tex|content/sets-functions-relations/relations/relations.tex","0","","6","defn:2|document:1|ex:2|prob:1","0","0","1","2","0","0","0","0","2","1","0","0","0","0","2","0","48","locale/ar/content/sets-functions-relations/relations/operations.tex","ACCEPTED","3ab722cfd8b2b8379ad83e183f1807b825ed0638423f202fbf407ba1b0a4ef8a","PASS_STATIC_SEMANTIC_INDEPENDENT_AI_BUILD_VISUAL_RELATIONS_INTEGRATION_WITH_ACCESSIBILITY_CAVEAT","locale/fa-IR/content/sets-functions-relations/relations/operations.tex","ACCEPTED","e856c2a5169b4a7827113178d7a2574436668d2dc570dc99ec0c5db4ffb95058","PASS_STATIC_SEMANTIC_INDEPENDENT_AI_BUILD_VISUAL_RELATIONS_INTEGRATION_WITH_ACCESSIBILITY_CAVEAT","ACCEPTED"
"OLP-0020","20","9620cc73f9c8e0ad003c514a5d3748f29611c4c0","content/sets-functions-relations/functions/functions.tex","ce481e97a8f301c749d1461326b4ee3d0792b4adc15a1fceb7c6ed3b58ceca54","425","27","20","true","true","20","canonical_complete_reader_reachable","Reached by ordered depth-first replay from content/open-logic-about.tex then content/content.tex through uncommented olimport edges.","chapter_driver","Functions","","6","content/sets-functions-relations/functions/function-basics.tex|content/sets-functions-relations/functions/function-kinds.tex|content/sets-functions-relations/functions/functions-relations.tex|content/sets-functions-relations/functions/inverses.tex|content/sets-functions-relations/functions/composition.tex|content/sets-functions-relations/functions/partial-functions.tex","","2","content/sets-functions-relations/sets-functions-relations-complete.tex|content/sets-functions-relations/sets-functions-relations.tex","0","","1","document:1","0","1","0","0","0","0","0","0","0","0","0","0","0","0","0","0","0","locale/ar/content/sets-functions-relations/functions/functions.tex","ACCEPTED","87007c764c936301137307bc9f64660d9380a171a7d72e60d0e775f017e9e635","PASS_STATIC_SEMANTIC_BUILD_VISUAL_INDEPENDENT_AI_WITH_ACCESSIBILITY_CAVEAT","locale/fa-IR/content/sets-functions-relations/functions/functions.tex","ACCEPTED","d788ebf360b902a4ee9b4ee92e6ea1b59499edb8aeb6de00e88b0fdad0144964","PASS_STATIC_SEMANTIC_BUILD_VISUAL_INDEPENDENT_AI_WITH_ACCESSIBILITY_CAVEAT","ACCEPTED"
"OLP-0021","21","9620cc73f9c8e0ad003c514a5d3748f29611c4c0","content/sets-functions-relations/functions/function-basics.tex","f01a58d84a175f42d8c233ef0e7d41c23d406b54e8f11475c14514b64eca3dc7","5583","141","827","true","true","21","canonical_complete_reader_reachable","Reached by ordered depth-first replay from content/open-logic-about.tex then content/content.tex through uncommented olimport edges.","reader_unit","Basics","sfr","0","","","1","content/sets-functions-relations/functions/functions.tex","1","assets/diagrams/function.tikz","13","cases:1|defn:1|document:1|ex:6|explain:3|figure:1","0","0","1","1","0","0","0","0","6","0","0","1","0","0","1","0","66","locale/ar/content/sets-functions-relations/functions/function-basics.tex","ACCEPTED","a65ea58e8bda3dad299c8966fffd7ea44d0b09ff7cdde403f7a1a5d22539815d","PASS_STATIC_SEMANTIC_BUILD_VISUAL_INDEPENDENT_AI_WITH_ACCESSIBILITY_CAVEAT","locale/fa-IR/content/sets-functions-relations/functions/function-basics.tex","ACCEPTED","d66599bdc39e09d80bcd3d02c257aef308a2589e8b6f23c7791cb938e1f0ec83","PASS_STATIC_SEMANTIC_BUILD_VISUAL_INDEPENDENT_AI_WITH_ACCESSIBILITY_CAVEAT","ACCEPTED"
"OLP-0022","22","9620cc73f9c8e0ad003c514a5d3748f29611c4c0","content/sets-functions-relations/functions/function-kinds.tex","6dfe2a70579f8e3521d8e2286e2360dd58a19fbeda9718b62342105388ab4f93","4012","119","541","true","true","22","canonical_complete_reader_reachable","Reached by ordered depth-first replay from content/open-logic-about.tex then content/content.tex through uncommented olimport edges.","reader_unit","Kinds of Functions","sfr","0","","","1","content/sets-functions-relations/functions/functions.tex","3","assets/diagrams/surjective.tikz|assets/diagrams/injective.tikz|assets/diagrams/bijective.tikz","14","cases:1|defn:3|document:1|ex:1|explain:5|figure:3","0","0","1","3","0","0","0","0","1","0","0","3","0","0","3","0","46","locale/ar/content/sets-functions-relations/functions/function-kinds.tex","ACCEPTED","6e4c12350566a5660c246b496a0f2a74e10bce84b82977ed0d56fba02fa049e8","PASS_STATIC_SEMANTIC_BUILD_VISUAL_INDEPENDENT_AI_WITH_ACCESSIBILITY_CAVEAT","locale/fa-IR/content/sets-functions-relations/functions/function-kinds.tex","ACCEPTED","335907d98a138c5062689aeaec381aade7bc3e1ee9cbd5371fb3a9c96f002180","PASS_STATIC_SEMANTIC_BUILD_VISUAL_INDEPENDENT_AI_WITH_ACCESSIBILITY_CAVEAT","ACCEPTED"
"OLP-0023","23","9620cc73f9c8e0ad003c514a5d3748f29611c4c0","content/sets-functions-relations/functions/functions-relations.tex","0205f7168e0679f513e7c95ea7124ce364bce36f9e04f06d519e90f6a5480a5c","3984","104","585","true","true","23","canonical_complete_reader_reachable","Reached by ordered depth-first replay from content/open-logic-about.tex then content/content.tex through uncommented olimport edges.","reader_unit","Functions as Relations","sfr","0","","","1","content/sets-functions-relations/functions/functions.tex","0","","10","defn:2|document:1|enumerate:1|explain:4|proof:1|prop:1","0","0","1","2","0","1","0","0","0","0","1","0","0","0","6","0","55","locale/ar/content/sets-functions-relations/functions/functions-relations.tex","ACCEPTED","815239f35eaba9b26e98e830de592a941018398e6c77ff2e12311f2c7095777d","PASS_STATIC_SEMANTIC_BUILD_VISUAL_INDEPENDENT_AI_WITH_ACCESSIBILITY_CAVEAT","locale/fa-IR/content/sets-functions-relations/functions/functions-relations.tex","ACCEPTED","6e173bd7f87658e80b293ac6d7f95a36f68cd80b5bddf3d0f628c701e6685bba","PASS_STATIC_SEMANTIC_BUILD_VISUAL_INDEPENDENT_AI_WITH_ACCESSIBILITY_CAVEAT","ACCEPTED"
"OLP-0024","24","9620cc73f9c8e0ad003c514a5d3748f29611c4c0","content/sets-functions-relations/functions/inverses.tex","93a84a2705e1ed3c92a7f5206c4308420bebbbbcb43824c1eb50e05f83777c4b","6924","178","1133","true","true","24","canonical_complete_reader_reachable","Reached by ordered depth-first replay from content/open-logic-about.tex then content/content.tex through uncommented olimport edges.","reader_unit","Inverses of Functions","sfr","0","","","1","content/sets-functions-relations/functions/functions.tex","0","","21","cases:1|defn:1|document:1|explain:4|prob:4|proof:5|prop:5","0","0","1","1","0","5","0","0","0","4","5","0","0","0","6","0","147","locale/ar/content/sets-functions-relations/functions/inverses.tex","ACCEPTED","dad5e72d573210420017af88bd69bb2a7c3ee4c59aab81c49f272e7957b0521e","PASS_STATIC_SEMANTIC_BUILD_VISUAL_INDEPENDENT_AI_WITH_ACCESSIBILITY_CAVEAT","locale/fa-IR/content/sets-functions-relations/functions/inverses.tex","ACCEPTED","6f81eed36763fbf88c1c6a2d67603c436567e46d02c45fcb5cb27c85d332556b","PASS_STATIC_SEMANTIC_BUILD_VISUAL_INDEPENDENT_AI_WITH_ACCESSIBILITY_CAVEAT","ACCEPTED"
"OLP-0025","25","9620cc73f9c8e0ad003c514a5d3748f29611c4c0","content/sets-functions-relations/functions/composition.tex","091c7ab9e4d0517b2a62f4ecf10e4eb75f0f83e31e1bbd9c365c4b751b981fee","2572","68","374","true","true","25","canonical_complete_reader_reachable","Reached by ordered depth-first replay from content/open-logic-about.tex then content/content.tex through uncommented olimport edges.","reader_unit","Composition of Functions","sfr","0","","","1","content/sets-functions-relations/functions/functions.tex","1","assets/diagrams/composition.tikz","8","defn:1|document:1|ex:1|explain:1|figure:1|prob:3","0","0","1","1","0","0","0","0","1","3","0","1","0","0","3","0","47","locale/ar/content/sets-functions-relations/functions/composition.tex","ACCEPTED","f78572ff393926bb193a99f5abd990c490f5113494582c89ff1f06e22efcaa4e","PASS_STATIC_SEMANTIC_BUILD_VISUAL_INDEPENDENT_AI_WITH_ACCESSIBILITY_CAVEAT","locale/fa-IR/content/sets-functions-relations/functions/composition.tex","ACCEPTED","8e6bf05bff3df56824bcd878602ca4e397a6820a715b69afc9353d9932daaeea","PASS_STATIC_SEMANTIC_BUILD_VISUAL_INDEPENDENT_AI_WITH_ACCESSIBILITY_CAVEAT","ACCEPTED"
"OLP-0026","26","9620cc73f9c8e0ad003c514a5d3748f29611c4c0","content/sets-functions-relations/functions/partial-functions.tex","2a1e79725a70fde443cc3c19c325a2c422c49e7ccd095c965f8c50fd5cc6b10b","2676","76","403","true","true","26","canonical_complete_reader_reachable","Reached by ordered depth-first replay from content/open-logic-about.tex then content/content.tex through uncommented olimport edges.","reader_unit","Partial Functions","sfr","0","","","1","content/sets-functions-relations/functions/functions.tex","0","","9","defn:2|document:1|ex:2|explain:1|prob:1|proof:1|prop:1","0","0","1","2","0","1","0","0","2","1","1","0","0","0","0","0","61","locale/ar/content/sets-functions-relations/functions/partial-functions.tex","ACCEPTED","38fd8c03f401637335c644240fcf465e9a23becceabc672bb1c319524fb1094e","PASS_STATIC_SEMANTIC_BUILD_VISUAL_INDEPENDENT_AI_WITH_ACCESSIBILITY_CAVEAT","locale/fa-IR/content/sets-functions-relations/functions/partial-functions.tex","ACCEPTED","d32ed3e6f2057fa04076350ceb1e1f94e070c4b6dc239c18256d3fdd9b9fa626","PASS_STATIC_SEMANTIC_BUILD_VISUAL_INDEPENDENT_AI_WITH_ACCESSIBILITY_CAVEAT","ACCEPTED"
"OLP-0027","27","9620cc73f9c8e0ad003c514a5d3748f29611c4c0","content/sets-functions-relations/size-of-sets/size-of-sets-complete.tex","d2b1a2f68e99efc2e5fd9f15316db26d7f898bd61135213309f61d28a6f00a60","1501","56","162","true","true","27","canonical_complete_reader_reachable","Reached by ordered depth-first replay from content/open-logic-about.tex then content/content.tex through uncommented olimport edges.","chapter_driver","The Size of Sets","","13","content/sets-functions-relations/size-of-sets/introduction.tex|content/sets-functions-relations/size-of-sets/enumerability.tex|content/sets-functions-relations/size-of-sets/zig-zag.tex|content/sets-functions-relations/size-of-sets/pairing.tex|content/sets-functions-relations/size-of-sets/pairing-alt.tex|content/sets-functions-relations/size-of-sets/non-enumerability.tex|content/sets-functions-relations/size-of-sets/reduction.tex|content/sets-functions-relations/size-of-sets/equinumerous-sets.tex|content/sets-functions-relations/size-of-sets/comparing-size.tex|content/sets-functions-relations/size-of-sets/schroder-bernstein.tex|content/sets-functions-relations/size-of-sets/enumerability-alt.tex|content/sets-functions-relations/size-of-sets/non-enumerability-alt.tex|content/sets-functions-relations/size-of-sets/reduction-alt.tex","","1","content/sets-functions-relations/sets-functions-relations-complete.tex","0","","3","document:1|editorial:2","0","1","0","0","0","0","0","0","0","0","0","0","0","0","6","0","4","locale/ar/content/sets-functions-relations/size-of-sets/size-of-sets-complete.tex","ACCEPTED","8a5709a9f89f2d052c8342e8ee23b1db31f007bb683fd66431ff6331858b9d9d","PASS_STATIC_SEMANTIC_INDEPENDENT_AI_BUILD_DEFERRED_FOR_DEPENDENCY_CLOSURE","locale/fa-IR/content/sets-functions-relations/size-of-sets/size-of-sets-complete.tex","ACCEPTED","e09b13a727322c58873981b974b473b47ae0c648e7d0862ec912b85e546a56ad","PASS_STATIC_SEMANTIC_INDEPENDENT_AI_BUILD_DEFERRED_FOR_DEPENDENCY_CLOSURE","ACCEPTED"
"OLP-0028","28","9620cc73f9c8e0ad003c514a5d3748f29611c4c0","content/sets-functions-relations/size-of-sets/introduction.tex","e771bd78d2b9819350b17f333524e22ce44a26647916f5b864cb934e380c1fb9","1126","29","166","true","true","28","canonical_complete_reader_reachable","Reached by ordered depth-first replay from content/open-logic-about.tex then content/content.tex through uncommented olimport edges.","reader_unit","Introduction","sfr","0","","","2","content/sets-functions-relations/size-of-sets/size-of-sets-complete.tex|content/sets-functions-relations/size-of-sets/size-of-sets.tex","0","","1","document:1","0","0","1","0","0","0","0","0","0","0","0","0","0","0","0","0","5","locale/ar/content/sets-functions-relations/size-of-sets/introduction.tex","ACCEPTED","b6a38775f0805e7984d0d08d1886b36a91d39a0af2fdc02208a08b9610d738b9","PASS_STATIC_SEMANTIC_TOKEN_INDEPENDENT_AI_BUILD_DEFERRED_FOR_DEPENDENCY_CLOSURE","locale/fa-IR/content/sets-functions-relations/size-of-sets/introduction.tex","ACCEPTED","e3643e82a7ab217d05b703d70b0238fb825c471fe97e149668b1d2793f8eb987","PASS_STATIC_SEMANTIC_TOKEN_INDEPENDENT_AI_BUILD_DEFERRED_FOR_DEPENDENCY_CLOSURE","ACCEPTED"
"OLP-0029","29","9620cc73f9c8e0ad003c514a5d3748f29611c4c0","content/sets-functions-relations/size-of-sets/enumerability.tex","7657db317a07eef9cd5497ad88997483dd43c9f94f27d257abe857084886a2fe","12285","280","1680","true","true","29","canonical_complete_reader_reachable","Reached by ordered depth-first replay from content/open-logic-about.tex then content/content.tex through uncommented olimport edges.","reader_unit","","sfr","0","","","2","content/sets-functions-relations/size-of-sets/size-of-sets-complete.tex|content/sets-functions-relations/size-of-sets/size-of-sets.tex","0","","29","align*:1|array:1|cases:1|cor:2|defn:3|document:1|editorial:1|enumerate:1|ex:3|explain:3|prob:5|proof:4|prop:3","0","0","1","3","0","3","0","2","3","5","4","0","0","0","4","0","221","locale/ar/content/sets-functions-relations/size-of-sets/enumerability.tex","ACCEPTED","7FFAE7A80990D717CBB84D3FB429771C2C7545CCC8062B3E2BAFD1B398E57FCC","PASS_STATIC_SEMANTIC_INDEPENDENT_AI_BUILD_DEFERRED_FOR_DEPENDENCY_CLOSURE","locale/fa-IR/content/sets-functions-relations/size-of-sets/enumerability.tex","ACCEPTED","56A7E2689B7C7D9062FE17D6DA50C8A8B6FB21B50852192F05DC31E63636C26B","PASS_STATIC_SEMANTIC_INDEPENDENT_AI_BUILD_DEFERRED_FOR_DEPENDENCY_CLOSURE","ACCEPTED"
"OLP-0030","30","9620cc73f9c8e0ad003c514a5d3748f29611c4c0","content/sets-functions-relations/size-of-sets/zig-zag.tex","18bf058d52e22b9dbc7a08af314b58c81f35dd4009c0ccf726a0d00aec391dee","4502","126","361","true","true","30","canonical_complete_reader_reachable","Reached by ordered depth-first replay from content/open-logic-about.tex then content/content.tex through uncommented olimport edges.","reader_unit","Cantor's Zig-Zag Method","sfr","0","","","2","content/sets-functions-relations/size-of-sets/size-of-sets-complete.tex|content/sets-functions-relations/size-of-sets/size-of-sets.tex","0","","11","array:3|document:1|explain:2|prob:2|proof:1|prop:2","0","0","1","0","0","2","0","0","0","2","1","0","0","2","2","0","33","locale/ar/content/sets-functions-relations/size-of-sets/zig-zag.tex","ACCEPTED","E8958135A446AA32963B2D667262095C941705ADC448A31284D28511AA395A05","PASS_STATIC_SEMANTIC_INDEPENDENT_AI_BUILD_DEFERRED_FOR_DEPENDENCY_CLOSURE","locale/fa-IR/content/sets-functions-relations/size-of-sets/zig-zag.tex","ACCEPTED","1E549B3B98DF52D07B499CA80A4819ECC2EEC95B1D62A5C71109F4D7A4EC7E8E","PASS_STATIC_SEMANTIC_INDEPENDENT_AI_BUILD_DEFERRED_FOR_DEPENDENCY_CLOSURE","ACCEPTED"
"OLP-0031","31","9620cc73f9c8e0ad003c514a5d3748f29611c4c0","content/sets-functions-relations/size-of-sets/pairing.tex","345a39184e28af727e378d5b5883b5e7d2e1c27cd729329376d19426ddaed484","4171","116","580","true","true","31","canonical_complete_reader_reachable","Reached by ordered depth-first replay from content/open-logic-about.tex then content/content.tex through uncommented olimport edges.","reader_unit","Pairing Functions and Codes","sfr","0","","","2","content/sets-functions-relations/size-of-sets/size-of-sets-complete.tex|content/sets-functions-relations/size-of-sets/size-of-sets.tex","0","","13","defn:1|document:1|explain:2|prob:9","0","0","1","1","0","0","0","0","0","9","0","0","0","0","0","0","57","locale/ar/content/sets-functions-relations/size-of-sets/pairing.tex","ACCEPTED","AB9B2EBC887CA6C565C2E621001638B8C1CD11D7F170913A455B8E9AC9989BEC","PASS_STATIC_SEMANTIC_INDEPENDENT_AI_BUILD_DEFERRED_FOR_DEPENDENCY_CLOSURE","locale/fa-IR/content/sets-functions-relations/size-of-sets/pairing.tex","ACCEPTED","6821B15121D8DAB526EC888AF8792F54168724FF4FCD2F29DCF8E56E64CDB42E","PASS_STATIC_SEMANTIC_INDEPENDENT_AI_BUILD_DEFERRED_FOR_DEPENDENCY_CLOSURE","ACCEPTED"
"OLP-0032","32","9620cc73f9c8e0ad003c514a5d3748f29611c4c0","content/sets-functions-relations/size-of-sets/pairing-alt.tex","fd523f5306e1fd0e5c03f4c572d244fb017d1c0be27939f180bc6867a214e425","4705","114","452","true","true","32","canonical_complete_reader_reachable","Reached by ordered depth-first replay from content/open-logic-about.tex then content/content.tex through uncommented olimport edges.","reader_unit","An Alternative Pairing Function","sfr","0","","","2","content/sets-functions-relations/size-of-sets/size-of-sets-complete.tex|content/sets-functions-relations/size-of-sets/size-of-sets.tex","0","","9","array:4|document:1|ex:2|explain:2","0","0","1","0","0","0","0","0","2","0","0","0","0","0","0","0","51","locale/ar/content/sets-functions-relations/size-of-sets/pairing-alt.tex","ACCEPTED","B514103460A3A6493A7A91F07A1B35E63424BF81688D498E835C1FE5296171EA","PASS_STATIC_SEMANTIC_INDEPENDENT_AI_BUILD_DEFERRED_FOR_DEPENDENCY_CLOSURE","locale/fa-IR/content/sets-functions-relations/size-of-sets/pairing-alt.tex","ACCEPTED","A738AB5A1FEDD702373FECDA2D0337F7A7D1E1279B147096C7DD001B066825F2","PASS_STATIC_SEMANTIC_INDEPENDENT_AI_BUILD_DEFERRED_FOR_DEPENDENCY_CLOSURE","ACCEPTED"
"OLP-0033","33","9620cc73f9c8e0ad003c514a5d3748f29611c4c0","content/sets-functions-relations/size-of-sets/non-enumerability.tex","a272a841f8c50bda6589aac40278b9bff7f8a1f5284730c7195423b09ac3ba2e","9412","215","1329","true","true","33","canonical_complete_reader_reachable","Reached by ordered depth-first replay from content/open-logic-about.tex then content/content.tex through uncommented olimport edges.","reader_unit","","sfr","0","","","2","content/sets-functions-relations/size-of-sets/size-of-sets-complete.tex|content/sets-functions-relations/size-of-sets/size-of-sets.tex","0","","13","array:2|cases:1|document:1|editorial:1|explain:2|prob:2|proof:2|thm:2","0","0","1","0","2","0","0","0","0","2","2","0","0","1","2","0","175","locale/ar/content/sets-functions-relations/size-of-sets/non-enumerability.tex","ACCEPTED","B0F9C3161B44D0AED5C0DBDC508AD09DA35610CDFAFB5C5AA732975B07C01F1A","PASS_STATIC_SEMANTIC_INDEPENDENT_AI_BUILD_DEFERRED_FOR_DEPENDENCY_CLOSURE","locale/fa-IR/content/sets-functions-relations/size-of-sets/non-enumerability.tex","ACCEPTED","7D9312AB40E0FDD45B0856FFF528559C0A06FE04A55B67F9A6F04CE85EC17708","PASS_STATIC_SEMANTIC_INDEPENDENT_AI_BUILD_DEFERRED_FOR_DEPENDENCY_CLOSURE","ACCEPTED"
"OLP-0034","34","9620cc73f9c8e0ad003c514a5d3748f29611c4c0","content/sets-functions-relations/size-of-sets/reduction.tex","33f0cbb35c8c1fa3ff0e4f44fa626fdc298d1c4612aeaafb41bcb920e5d18ac8","5678","139","745","true","true","34","canonical_complete_reader_reachable","Reached by ordered depth-first replay from content/open-logic-about.tex then content/content.tex through uncommented olimport edges.","reader_unit","Reduction","sfr","0","","","2","content/sets-functions-relations/size-of-sets/size-of-sets-complete.tex|content/sets-functions-relations/size-of-sets/size-of-sets.tex","0","","11","document:1|editorial:1|explain:1|prob:7|proof:1","0","0","1","0","0","0","0","0","0","7","1","0","0","1","5","0","102","locale/ar/content/sets-functions-relations/size-of-sets/reduction.tex","ACCEPTED","462FED3615E3538531362B3CF1FB9B4368B82EE1CE962B4850D74945DFDF2DD7","PASS_STATIC_SEMANTIC_INDEPENDENT_AI_BUILD_DEFERRED_FOR_DEPENDENCY_CLOSURE","locale/fa-IR/content/sets-functions-relations/size-of-sets/reduction.tex","ACCEPTED","34E56FB7426E63EED603E95537CAAE2BD576600E564FAD2BE0F93B982F3CAADF","PASS_STATIC_SEMANTIC_INDEPENDENT_AI_BUILD_DEFERRED_FOR_DEPENDENCY_CLOSURE","ACCEPTED"
"OLP-0035","35","9620cc73f9c8e0ad003c514a5d3748f29611c4c0","content/sets-functions-relations/size-of-sets/equinumerous-sets.tex","7b0444e3293b300b72b7a6d49638913a778f5131fd94650dd64a5f11040c91f2","4252","112","603","true","true","35","canonical_complete_reader_reachable","Reached by ordered depth-first replay from content/open-logic-about.tex then content/content.tex through uncommented olimport edges.","reader_unit","Equinumerosity","sfr","0","","","2","content/sets-functions-relations/size-of-sets/size-of-sets-complete.tex|content/sets-functions-relations/size-of-sets/size-of-sets.tex","0","","10","defn:1|document:1|editorial:1|prob:2|proof:2|prop:2|quote:1","0","0","1","1","0","2","0","0","0","2","2","0","0","0","3","1","74","locale/ar/content/sets-functions-relations/size-of-sets/equinumerous-sets.tex","ACCEPTED","E36EA22779D1C48EEAD0C3CBC13C40C6951F1FCDC9F28F9E17119B7E4849E57B","PASS_STATIC_SEMANTIC_INDEPENDENT_AI_BUILD_DEFERRED_FOR_DEPENDENCY_CLOSURE","locale/fa-IR/content/sets-functions-relations/size-of-sets/equinumerous-sets.tex","ACCEPTED","F85F4365AF77482AF7A5D3891C76CB845C57FE59B6CC0DE3AEE945638DF159F2","PASS_STATIC_SEMANTIC_INDEPENDENT_AI_BUILD_DEFERRED_FOR_DEPENDENCY_CLOSURE","ACCEPTED"
"OLP-0036","36","9620cc73f9c8e0ad003c514a5d3748f29611c4c0","content/sets-functions-relations/size-of-sets/comparing-size.tex","cb92c7e6df9529ced700d708ad8c6efda9a0d8c3f8e69d08bcb4d614c6f5041b","6827","151","1021","true","true","36","canonical_complete_reader_reachable","Reached by ordered depth-first replay from content/open-logic-about.tex then content/content.tex through uncommented olimport edges.","reader_unit","Sets of Different Sizes, and Cantor's Theorem","sfr","0","","","2","content/sets-functions-relations/size-of-sets/size-of-sets-complete.tex|content/sets-functions-relations/size-of-sets/size-of-sets.tex","0","","9","defn:2|document:1|editorial:1|explain:2|prob:1|proof:1|thm:1","0","0","1","2","1","0","0","0","0","1","1","0","0","0","9","1","116","locale/ar/content/sets-functions-relations/size-of-sets/comparing-size.tex","ACCEPTED","4639F92248B9EEC3154367B8E6FE64900DDD2D0115094A5F9C9BB3C3A661B5F5","PASS_STATIC_SEMANTIC_INDEPENDENT_AI_BUILD_DEFERRED_FOR_DEPENDENCY_CLOSURE","locale/fa-IR/content/sets-functions-relations/size-of-sets/comparing-size.tex","ACCEPTED","D933078B0271A7F13CF0AA98131AE75D6CEDAF83F47952D3697CEEB070BA7759","PASS_STATIC_SEMANTIC_INDEPENDENT_AI_BUILD_DEFERRED_FOR_DEPENDENCY_CLOSURE","ACCEPTED"
"OLP-0037","37","9620cc73f9c8e0ad003c514a5d3748f29611c4c0","content/sets-functions-relations/size-of-sets/schroder-bernstein.tex","7b99b3e032e24e425383734ce80ad9a5cc37d018c09205e02f37b927d50bb56a","1998","53","282","true","true","37","canonical_complete_reader_reachable","Reached by ordered depth-first replay from content/open-logic-about.tex then content/content.tex through uncommented olimport edges.","reader_unit","The Notion of Size, and Schr\""oder-Bernstein","sfr","0","","","2","content/sets-functions-relations/size-of-sets/size-of-sets-complete.tex|content/sets-functions-relations/size-of-sets/size-of-sets.tex","0","","4","document:1|explain:2|thm:1","0","0","1","0","1","0","0","0","0","0","0","0","0","0","1","1","17","locale/ar/content/sets-functions-relations/size-of-sets/schroder-bernstein.tex","ACCEPTED","4E81DC7068E83E4F11908440672277311DBA88A60D3B8557F10007163BD224E4","PASS_STATIC_SEMANTIC_INDEPENDENT_AI_BUILD_DEFERRED_FOR_DEPENDENCY_CLOSURE","locale/fa-IR/content/sets-functions-relations/size-of-sets/schroder-bernstein.tex","ACCEPTED","FB33E0B261A2C9CD6EFDA10610A3A56101C4C21E492D0D80CD56736952EE43AE","PASS_STATIC_SEMANTIC_INDEPENDENT_AI_BUILD_DEFERRED_FOR_DEPENDENCY_CLOSURE","ACCEPTED"
"OLP-0038","38","9620cc73f9c8e0ad003c514a5d3748f29611c4c0","content/sets-functions-relations/size-of-sets/enumerability-alt.tex","8ad8d8941a5ca6d1b4cd2cc351fc16a912d00273783c0358838dd4fa51fb4627","4883","135","629","true","true","38","canonical_complete_reader_reachable","Reached by ordered depth-first replay from content/open-logic-about.tex then content/content.tex through uncommented olimport edges.","reader_unit","","sfr","0","","","1","content/sets-functions-relations/size-of-sets/size-of-sets-complete.tex","0","","16","align*:1|array:1|cases:1|defn:2|document:1|editorial:1|ex:3|explain:2|prob:4","0","0","1","2","0","0","0","0","3","4","0","0","0","0","1","0","72","locale/ar/content/sets-functions-relations/size-of-sets/enumerability-alt.tex","ACCEPTED","E94BF72C7B6844ACD28C86BB1665FA0A135A4DB9F23DD1348BBBF67697670481","PASS_STATIC_SEMANTIC_INDEPENDENT_AI_BUILD_DEFERRED_FOR_DEPENDENCY_CLOSURE","locale/fa-IR/content/sets-functions-relations/size-of-sets/enumerability-alt.tex","ACCEPTED","3E05071407324136AEC82E4E8709700DB6D1A0FC9D908A52AAD6942F36D48C69","PASS_STATIC_SEMANTIC_INDEPENDENT_AI_BUILD_DEFERRED_FOR_DEPENDENCY_CLOSURE","ACCEPTED"
"OLP-0039","39","9620cc73f9c8e0ad003c514a5d3748f29611c4c0","content/sets-functions-relations/size-of-sets/non-enumerability-alt.tex","0c20a2c420fbf4dbd801bb97e37799b3c602ae33ef2b1dc85ff94e24208ca2bb","6735","162","923","true","true","39","canonical_complete_reader_reachable","Reached by ordered depth-first replay from content/open-logic-about.tex then content/content.tex through uncommented olimport edges.","reader_unit","","sfr","0","","","1","content/sets-functions-relations/size-of-sets/size-of-sets-complete.tex","0","","13","array:2|cases:1|document:1|editorial:1|explain:3|prob:1|proof:2|thm:2","0","0","1","0","2","0","0","0","0","1","2","0","0","0","3","0","121","locale/ar/content/sets-functions-relations/size-of-sets/non-enumerability-alt.tex","ACCEPTED","9F418220EC89534B0DC986495AAF0B7E92F562BC8124B4A921E82AA75F5DCFF9","PASS_STATIC_SEMANTIC_INDEPENDENT_AI_BUILD_DEFERRED_FOR_DEPENDENCY_CLOSURE","locale/fa-IR/content/sets-functions-relations/size-of-sets/non-enumerability-alt.tex","ACCEPTED","8E118CA1EC17C49E1062B0B7A548D0181DD169EF39DEA021043751F2A3179B41","PASS_STATIC_SEMANTIC_INDEPENDENT_AI_BUILD_DEFERRED_FOR_DEPENDENCY_CLOSURE","ACCEPTED"
"OLP-0040","40","9620cc73f9c8e0ad003c514a5d3748f29611c4c0","content/sets-functions-relations/size-of-sets/reduction-alt.tex","46381b85c0e9a1ab48cb9301518de91f073d649c3b1119325c1409f5a6c1d663","5639","140","573","true","true","40","canonical_complete_reader_reachable","Reached by ordered depth-first replay from content/open-logic-about.tex then content/content.tex through uncommented olimport edges.","reader_unit","Reduction","sfr","0","","","1","content/sets-functions-relations/size-of-sets/size-of-sets-complete.tex","0","","9","document:1|editorial:1|prob:6|proof:1","0","0","1","0","0","0","0","0","0","6","1","0","0","1","5","0","78","locale/ar/content/sets-functions-relations/size-of-sets/reduction-alt.tex","ACCEPTED","83B410552D13D96039CA6801C980A065DFF71001B2FEDDB4FAB05CA0060766B0","PASS_STATIC_SEMANTIC_INDEPENDENT_AI_BUILD_DEFERRED_FOR_DEPENDENCY_CLOSURE","locale/fa-IR/content/sets-functions-relations/size-of-sets/reduction-alt.tex","ACCEPTED","9C15BF0A9A05128C40C63D42D8323D9CC9F060FAFA7AEA9FCF568154EC02522A","PASS_STATIC_SEMANTIC_INDEPENDENT_AI_BUILD_DEFERRED_FOR_DEPENDENCY_CLOSURE","ACCEPTED"
"OLP-0041","41","9620cc73f9c8e0ad003c514a5d3748f29611c4c0","content/sets-functions-relations/arithmetization/arithmetization.tex","05f8775a82c294927a6195ae372c1910e4777909fe8ad2aaa9cbf6dea566fe24","575","27","47","true","true","41","canonical_complete_reader_reachable","Reached by ordered depth-first replay from content/open-logic-about.tex then content/content.tex through uncommented olimport edges.","chapter_driver","Arithmetization","","7","content/sets-functions-relations/arithmetization/integers.tex|content/sets-functions-relations/arithmetization/rationals.tex|content/sets-functions-relations/arithmetization/reals.tex|content/sets-functions-relations/arithmetization/cuts.tex|content/sets-functions-relations/arithmetization/reflections.tex|content/sets-functions-relations/arithmetization/checking-details.tex|content/sets-functions-relations/arithmetization/cauchy.tex","","1","content/sets-functions-relations/sets-functions-relations-complete.tex","0","","2","document:1|editorial:1","0","1","0","0","0","0","0","0","0","0","0","0","0","0","0","0","0","locale/ar/content/sets-functions-relations/arithmetization/arithmetization.tex","ACCEPTED","6BF6C7168EECB810BD1CB2AE6970694A5990704C38066B20CEBFCAA1DC86601F","PASS_STATIC_SEMANTIC_INDEPENDENT_AI_BUILD_DEFERRED_FOR_DEPENDENCY_CLOSURE","locale/fa-IR/content/sets-functions-relations/arithmetization/arithmetization.tex","ACCEPTED","5D01A52D73C4D56F069BBDCF62BD4C27AA0E2C17C73E3895F1E6DEACBE0BDACA","PASS_STATIC_SEMANTIC_INDEPENDENT_AI_BUILD_DEFERRED_FOR_DEPENDENCY_CLOSURE","ACCEPTED"
"OLP-0042","42","9620cc73f9c8e0ad003c514a5d3748f29611c4c0","content/sets-functions-relations/arithmetization/integers.tex","f93b142146b9527128437355d7e3922204eede2ca9c75a941d3c09a9a848ce77","5572","89","697","true","true","42","canonical_complete_reader_reachable","Reached by ordered depth-first replay from content/open-logic-about.tex then content/content.tex through uncommented olimport edges.","reader_unit","From $\Nat$ to $\Int$","sfr","0","","","1","content/sets-functions-relations/arithmetization/arithmetization.tex","0","","9","align*:3|defn:1|document:1|enumerate:1|prob:1|proof:1|prop:1","0","0","1","1","0","1","0","0","0","1","1","0","0","0","3","0","50","locale/ar/content/sets-functions-relations/arithmetization/integers.tex","ACCEPTED","07A38AA03FB22827327700F34602931F1646B04F35209665D96416061B1B9593","PASS_STATIC_SEMANTIC_INDEPENDENT_AI_BUILD_DEFERRED_FOR_DEPENDENCY_CLOSURE","locale/fa-IR/content/sets-functions-relations/arithmetization/integers.tex","ACCEPTED","3582C62D5A962058C3EFB05D60A8C2854F34F671EAE28C4A45E77867CE037E09","PASS_STATIC_SEMANTIC_INDEPENDENT_AI_BUILD_DEFERRED_FOR_DEPENDENCY_CLOSURE","ACCEPTED"
"OLP-0043","43","9620cc73f9c8e0ad003c514a5d3748f29611c4c0","content/sets-functions-relations/arithmetization/rationals.tex","7140495368042fcbc55907e6ee568c5bc8b7066e44a01a50cbf4202acebe71d2","3255","76","394","true","true","43","canonical_complete_reader_reachable","Reached by ordered depth-first replay from content/open-logic-about.tex then content/content.tex through uncommented olimport edges.","reader_unit","From $\Int$ to $\Rat$","sfr","0","","","1","content/sets-functions-relations/arithmetization/arithmetization.tex","0","","6","align*:1|defn:1|document:1|enumerate:1|prob:2","0","0","1","1","0","0","0","0","0","2","0","0","0","0","2","0","37","locale/ar/content/sets-functions-relations/arithmetization/rationals.tex","ACCEPTED","112791600CEA2107C88F6ADB84D2BA662AB6E5E4D1F09C684B4F13DC84CAEEDB","PASS_STATIC_SEMANTIC_INDEPENDENT_AI_BUILD_DEFERRED_FOR_DEPENDENCY_CLOSURE","locale/fa-IR/content/sets-functions-relations/arithmetization/rationals.tex","ACCEPTED","BB9AB1574F6BFA5DF5E77ADC057013FD5D14365BE66A77D7F376C5787D4C425C","PASS_STATIC_SEMANTIC_INDEPENDENT_AI_BUILD_DEFERRED_FOR_DEPENDENCY_CLOSURE","ACCEPTED"
"OLP-0044","44","9620cc73f9c8e0ad003c514a5d3748f29611c4c0","content/sets-functions-relations/arithmetization/reals.tex","3df30161417b836178ff701aa3d778b9ec7c1ba8e3a8a54f98b5584a7960f453","4654","84","607","true","true","44","canonical_complete_reader_reachable","Reached by ordered depth-first replay from content/open-logic-about.tex then content/content.tex through uncommented olimport edges.","reader_unit","The Real Line","sfr","0","","","1","content/sets-functions-relations/arithmetization/arithmetization.tex","0","","5","center:1|document:1|proof:1|thm:1|tikzpicture:1","0","0","1","0","1","0","0","0","0","0","1","0","1","0","3","1","41","locale/ar/content/sets-functions-relations/arithmetization/reals.tex","ACCEPTED","41FC862CDAF2FAAC94330ABF53A09564DA16FC2D34BF82EA5AE9F2CD23132F2F","PASS_STATIC_SEMANTIC_INDEPENDENT_AI_BUILD_DEFERRED_FOR_DEPENDENCY_CLOSURE","locale/fa-IR/content/sets-functions-relations/arithmetization/reals.tex","ACCEPTED","9C2548F0D3F8A1E11EBCE9A0A7CD570A1B0AF542FC7DC0C22B70C016D15896B1","PASS_STATIC_SEMANTIC_INDEPENDENT_AI_BUILD_DEFERRED_FOR_DEPENDENCY_CLOSURE","ACCEPTED"
"OLP-0045","45","9620cc73f9c8e0ad003c514a5d3748f29611c4c0","content/sets-functions-relations/arithmetization/cuts.tex","e7cb1029bcb0f0f1ac677c005af8d4e6a10df84bfff50c7483447b972324b44c","5825","113","645","true","true","45","canonical_complete_reader_reachable","Reached by ordered depth-first replay from content/open-logic-about.tex then content/content.tex through uncommented olimport edges.","reader_unit","From $\Rat$ to $\Real$","sfr","0","","","1","content/sets-functions-relations/arithmetization/arithmetization.tex","0","","11","align*:4|cases:1|defn:1|document:1|enumerate:2|proof:1|thm:1","0","0","1","1","1","0","0","0","0","0","1","0","0","0","2","0","71","locale/ar/content/sets-functions-relations/arithmetization/cuts.tex","ACCEPTED","4253F0264B925EF9A79AD6AF01B0056A086A8D368338BAE1EDD18CA7ABAE2311","PASS_STATIC_SEMANTIC_INDEPENDENT_AI_BUILD_DEFERRED_FOR_DEPENDENCY_CLOSURE","locale/fa-IR/content/sets-functions-relations/arithmetization/cuts.tex","ACCEPTED","0528C21234E594794FDFDF47D09D787D4B3B0AF3C1E33A93E2711F2367E101F6","PASS_STATIC_SEMANTIC_INDEPENDENT_AI_BUILD_DEFERRED_FOR_DEPENDENCY_CLOSURE","ACCEPTED"
"OLP-0046","46","9620cc73f9c8e0ad003c514a5d3748f29611c4c0","content/sets-functions-relations/arithmetization/reflections.tex","01032be342b6892c970733acf0b553216c39c5e864c0378d25fea8c5eaa11ead","5326","109","692","true","true","46","canonical_complete_reader_reachable","Reached by ordered depth-first replay from content/open-logic-about.tex then content/content.tex through uncommented olimport edges.","reader_unit","Some Philosophical Reflections","sfr","0","","","1","content/sets-functions-relations/arithmetization/arithmetization.tex","0","","1","document:1","0","0","1","0","0","0","0","0","0","0","0","0","0","0","5","1","4","locale/ar/content/sets-functions-relations/arithmetization/reflections.tex","ACCEPTED","100810E7F155579800CFC438DFB7F2992EF497E1216F84E036BEED0A8BBDD300","PASS_STATIC_SEMANTIC_INDEPENDENT_AI_BUILD_DEFERRED_FOR_DEPENDENCY_CLOSURE","locale/fa-IR/content/sets-functions-relations/arithmetization/reflections.tex","ACCEPTED","7A0D0F0002F142A31BB4F428CADD3DE55E873FC95F1F28D511A2CF8A6839E12D","PASS_STATIC_SEMANTIC_INDEPENDENT_AI_BUILD_DEFERRED_FOR_DEPENDENCY_CLOSURE","ACCEPTED"
"OLP-0047","47","9620cc73f9c8e0ad003c514a5d3748f29611c4c0","content/sets-functions-relations/arithmetization/checking-details.tex","d791c146f159c8e43368c12cd1a10e61a53f501baf9f3d2c606c7bd589c0ae01","8707","206","1119","true","true","47","canonical_complete_reader_reachable","Reached by ordered depth-first replay from content/open-logic-about.tex then content/content.tex through uncommented olimport edges.","reader_unit","Ordered Rings and Fields","sfr","0","","","1","content/sets-functions-relations/arithmetization/arithmetization.tex","0","","20","align*:7|defn:3|document:1|prob:4|proof:5","0","0","1","3","0","0","0","0","0","4","5","0","0","0","4","0","93","locale/ar/content/sets-functions-relations/arithmetization/checking-details.tex","ACCEPTED","D6FFA10DCE3156F012BA76E32E3ED3B0056D11DF81CB552455A54B187A2A642F","PASS_STATIC_SEMANTIC_INDEPENDENT_AI_BUILD_DEFERRED_FOR_DEPENDENCY_CLOSURE","locale/fa-IR/content/sets-functions-relations/arithmetization/checking-details.tex","ACCEPTED","A9683F67A392E0E9017331F4E521CB8EB62BD52D62BA7B0C5472CD9ACD7807CE","PASS_STATIC_SEMANTIC_INDEPENDENT_AI_BUILD_DEFERRED_FOR_DEPENDENCY_CLOSURE","ACCEPTED"
"OLP-0048","48","9620cc73f9c8e0ad003c514a5d3748f29611c4c0","content/sets-functions-relations/arithmetization/cauchy.tex","35d0a39913340eadcab7fb9d7742b56aef0d0f29868cd65eeca9dc53694e8ac2","10928","231","1514","true","true","48","canonical_complete_reader_reachable","Reached by ordered depth-first replay from content/open-logic-about.tex then content/content.tex through uncommented olimport edges.","reader_unit","Appendix: the Reals as Cauchy Sequences","sfr","0","","","1","content/sets-functions-relations/arithmetization/arithmetization.tex","0","","15","align*:3|cases:3|defn:1|document:1|enumerate:1|prob:2|proof:2|thm:2","0","0","1","1","2","0","0","0","0","2","2","0","0","0","5","3","131","locale/ar/content/sets-functions-relations/arithmetization/cauchy.tex","ACCEPTED","C7C1977784BB4610CA8FC500D450693D0E8CAACC6C74950ED131274734F111CE","PASS_STATIC_SEMANTIC_INDEPENDENT_AI_BUILD_DEFERRED_FOR_DEPENDENCY_CLOSURE","locale/fa-IR/content/sets-functions-relations/arithmetization/cauchy.tex","ACCEPTED","FF1C17E65B2810DDDD843001479626CD4C548A2418CE8BD69DD6B2C046138AEB","PASS_STATIC_SEMANTIC_INDEPENDENT_AI_BUILD_DEFERRED_FOR_DEPENDENCY_CLOSURE","ACCEPTED"
"OLP-0049","49","9620cc73f9c8e0ad003c514a5d3748f29611c4c0","content/sets-functions-relations/infinite/infinite.tex","1f4a788f692454adc1a93e2670899f785f45ee9849952ac2f36fce7cdd77dbff","458","21","36","true","true","49","canonical_complete_reader_reachable","Reached by ordered depth-first replay from content/open-logic-about.tex then content/content.tex through uncommented olimport edges.","chapter_driver","Infinite Sets","","5","content/sets-functions-relations/infinite/hilberts-hotel.tex|content/sets-functions-relations/infinite/dedekind-algebra.tex|content/sets-functions-relations/infinite/dedekind-induction.tex|content/sets-functions-relations/infinite/dedekinds-proof.tex|content/sets-functions-relations/infinite/card-sb.tex","","1","content/sets-functions-relations/sets-functions-relations-complete.tex","0","","2","document:1|editorial:1","0","1","0","0","0","0","0","0","0","0","0","0","0","0","0","0","0","locale/ar/content/sets-functions-relations/infinite/infinite.tex","ACCEPTED","21009E9D59CD65DFE93713FEBA484BE1EE026CA22D73D59205DE058FF284702D","PASS_STATIC_SEMANTIC_INDEPENDENT_AI_BUILD_DEFERRED_FOR_DEPENDENCY_CLOSURE","locale/fa-IR/content/sets-functions-relations/infinite/infinite.tex","ACCEPTED","712BBF5AB26A7E7B89757DBA1A99278B12631A7ECF9CEDAD5922BE06FE8C35B6","PASS_STATIC_SEMANTIC_INDEPENDENT_AI_BUILD_DEFERRED_FOR_DEPENDENCY_CLOSURE","ACCEPTED"
"OLP-0050","50","9620cc73f9c8e0ad003c514a5d3748f29611c4c0","content/sets-functions-relations/infinite/hilberts-hotel.tex","e9a73caefcc496d7074251a3ac15f66fd577415bd3a531dd23f79375502ee0ed","2551","66","314","true","true","50","canonical_complete_reader_reachable","Reached by ordered depth-first replay from content/open-logic-about.tex then content/content.tex through uncommented olimport edges.","reader_unit","Hilbert's Hotel","sfr","0","","","1","content/sets-functions-relations/infinite/infinite.tex","0","","5","center:1|defn:1|document:1|quote:1|tikzpicture:1","0","0","1","1","0","0","0","0","0","0","0","0","1","0","0","2","12","locale/ar/content/sets-functions-relations/infinite/hilberts-hotel.tex","ACCEPTED","DC1EE64F1F3AE6E608C2B3ECDAB80FC50D9C7A433F6D64EC104434556F8A0A25","PASS_STATIC_SEMANTIC_INDEPENDENT_AI_BUILD_DEFERRED_FOR_DEPENDENCY_CLOSURE","locale/fa-IR/content/sets-functions-relations/infinite/hilberts-hotel.tex","ACCEPTED","5555E3447C46F0B211088BF3D94FB46C5190929F4DC4DCCDBE06BDF5FE22669F","PASS_STATIC_SEMANTIC_INDEPENDENT_AI_BUILD_DEFERRED_FOR_DEPENDENCY_CLOSURE","ACCEPTED"
"OLP-0051","51","9620cc73f9c8e0ad003c514a5d3748f29611c4c0","content/sets-functions-relations/infinite/dedekind-algebra.tex","9cee716bb8cb3bfd507ed5c17bbd4477d05995af6f8f8d411087793bdaa86036","5072","118","648","true","true","51","canonical_complete_reader_reachable","Reached by ordered depth-first replay from content/open-logic-about.tex then content/content.tex through uncommented olimport edges.","reader_unit","Dedekind Algebras","sfr","0","","","1","content/sets-functions-relations/infinite/infinite.tex","0","","11","defn:2|document:1|enumerate:4|lem:1|proof:2|thm:1","0","0","1","2","1","0","1","0","0","0","2","0","0","0","16","0","82","locale/ar/content/sets-functions-relations/infinite/dedekind-algebra.tex","ACCEPTED","7BD10FEDD3E3ACA61A7C2295D50E74AF9584FA9A1F72CDBD0A64162E834D995A","PASS_STATIC_SEMANTIC_INDEPENDENT_AI_BUILD_DEFERRED_FOR_DEPENDENCY_CLOSURE","locale/fa-IR/content/sets-functions-relations/infinite/dedekind-algebra.tex","ACCEPTED","B42EDDE20CC0E087759C6B2B9A44AAEFDE464B6411919EA16382D4A851CC188E","PASS_STATIC_SEMANTIC_INDEPENDENT_AI_BUILD_DEFERRED_FOR_DEPENDENCY_CLOSURE","ACCEPTED"
"OLP-0052","52","9620cc73f9c8e0ad003c514a5d3748f29611c4c0","content/sets-functions-relations/infinite/dedekind-induction.tex","ea5f6c80d70abca6f5598de3e221c2f60524c40cbf533ae8a5336d5bb7186537","3486","83","447","true","true","52","canonical_complete_reader_reachable","Reached by ordered depth-first replay from content/open-logic-about.tex then content/content.tex through uncommented olimport edges.","reader_unit","Dedekind Algebras and Arithmetical Induction","sfr","0","","","1","content/sets-functions-relations/infinite/infinite.tex","0","","9","align*:2|center:2|cor:1|document:1|proof:2|thm:1","0","0","1","0","1","0","0","1","0","0","2","0","0","0","4","1","21","locale/ar/content/sets-functions-relations/infinite/dedekind-induction.tex","ACCEPTED","1FCC2F626D79451B2443B0C5F393177A9F944C66B7280F51897C4ABC53EBF0C7","PASS_STATIC_SEMANTIC_INDEPENDENT_AI_BUILD_DEFERRED_FOR_DEPENDENCY_CLOSURE","locale/fa-IR/content/sets-functions-relations/infinite/dedekind-induction.tex","ACCEPTED","76F4108A694FD7532ACAD2F38F05ED759FA1238315DCBBEB4F3D3ACF79D43C9F","PASS_STATIC_SEMANTIC_INDEPENDENT_AI_BUILD_DEFERRED_FOR_DEPENDENCY_CLOSURE","ACCEPTED"
"OLP-0053","53","9620cc73f9c8e0ad003c514a5d3748f29611c4c0","content/sets-functions-relations/infinite/dedekinds-proof.tex","a7c41cebb6b7b0e2bed0d187777be4ba69fecdb17baa070975a0ca5c5c55b8bf","5886","115","889","true","true","53","canonical_complete_reader_reachable","Reached by ordered depth-first replay from content/open-logic-about.tex then content/content.tex through uncommented olimport edges.","reader_unit","Dedekind's ``Proof'' of the Existence of an Infinite Set","sfr","0","","","1","content/sets-functions-relations/infinite/infinite.tex","0","","3","document:1|quote:2","0","0","1","0","0","0","0","0","0","0","0","0","0","0","5","4","13","locale/ar/content/sets-functions-relations/infinite/dedekinds-proof.tex","ACCEPTED","0886778E4967A991BA2DE57B4C56D885DF6F04D6C431E40FF3E7AA63DF0E0120","PASS_STATIC_SEMANTIC_INDEPENDENT_AI_BUILD_DEFERRED_FOR_DEPENDENCY_CLOSURE","locale/fa-IR/content/sets-functions-relations/infinite/dedekinds-proof.tex","ACCEPTED","B7CB1BCE78CEB7A447F39F9557572689716871149BBFDAA62B9906DB47597FFB","PASS_STATIC_SEMANTIC_INDEPENDENT_AI_BUILD_DEFERRED_FOR_DEPENDENCY_CLOSURE","ACCEPTED"
"OLP-0054","54","9620cc73f9c8e0ad003c514a5d3748f29611c4c0","content/sets-functions-relations/infinite/card-sb.tex","88534a3f2be736a704ab31343e45933edb9712fa5b4411eb102c0f4a12d656e9","4143","103","591","true","true","54","canonical_complete_reader_reachable","Reached by ordered depth-first replay from content/open-logic-about.tex then content/content.tex through uncommented olimport edges.","reader_unit","Appendix: Proving Schr\""oder-Bernstein","sfr","0","","","1","content/sets-functions-relations/infinite/infinite.tex","0","","8","cases:1|document:1|enumerate:1|lem:1|proof:3|prop:1","0","0","1","0","0","1","1","0","0","0","3","0","0","0","6","1","81","locale/ar/content/sets-functions-relations/infinite/card-sb.tex","ACCEPTED","6A1D65BC5245B95587F52761F7B14D47CC55BE1C40090D9E1950114521C23491","PASS_STATIC_SEMANTIC_INDEPENDENT_AI_BUILD_DEFERRED_FOR_DEPENDENCY_CLOSURE","locale/fa-IR/content/sets-functions-relations/infinite/card-sb.tex","ACCEPTED","2A25EE22A830D48D4D585D1476D01B788745A955954B27074CA1ED30D503253A","PASS_STATIC_SEMANTIC_INDEPENDENT_AI_BUILD_DEFERRED_FOR_DEPENDENCY_CLOSURE","ACCEPTED"
"OLP-0055","55","9620cc73f9c8e0ad003c514a5d3748f29611c4c0","content/propositional-logic/propositional-logic.tex","8cfcb14b29eae3ae53c6ef626987e2323b8c870010e27d52d454296f24452799","1495","54","164","true","true","55","canonical_complete_reader_reachable","Reached by ordered depth-first replay from content/open-logic-about.tex then content/content.tex through uncommented olimport edges.","part_driver","Propositional Logic","","7","content/propositional-logic/syntax-and-semantics/syntax-and-semantics.tex|content/first-order-logic/proof-systems/proof-systems.tex|content/first-order-logic/sequent-calculus/sequent-calculus.tex|content/first-order-logic/natural-deduction/natural-deduction.tex|content/first-order-logic/tableaux/tableaux.tex|content/first-order-logic/axiomatic-deduction/axiomatic-deduction.tex|content/first-order-logic/completeness/completeness.tex","","1","content/content.tex","0","","2","document:1|editorial:1","1","0","0","0","0","0","0","0","0","0","0","0","0","0","0","0","2","locale/ar/content/propositional-logic/propositional-logic.tex","ACCEPTED","B27766F1559C25C5DBF079DD013DB5FF9ABA8DD5B95E670846F7D5F0463027B5","PASS_STATIC_SEMANTIC_INDEPENDENT_AI_BUILD_DEFERRED_FOR_DEPENDENCY_CLOSURE","locale/fa-IR/content/propositional-logic/propositional-logic.tex","ACCEPTED","52790B04DE5093ABBA480D162B5EA381CB2840549870B6F7BCE50A8FF7E11766","PASS_STATIC_SEMANTIC_INDEPENDENT_AI_BUILD_DEFERRED_FOR_DEPENDENCY_CLOSURE","ACCEPTED"
"OLP-0056","56","9620cc73f9c8e0ad003c514a5d3748f29611c4c0","content/propositional-logic/syntax-and-semantics/syntax-and-semantics.tex","799d1dab63cda19a28c1dbf7097052fb790bbce609aecd5367d2e368decdb18b","609","31","51","true","true","56","canonical_complete_reader_reachable","Reached by ordered depth-first replay from content/open-logic-about.tex then content/content.tex through uncommented olimport edges.","chapter_driver","Syntax and Semantics","","6","content/propositional-logic/syntax-and-semantics/introduction.tex|content/propositional-logic/syntax-and-semantics/formulas.tex|content/propositional-logic/syntax-and-semantics/preliminaries.tex|content/propositional-logic/syntax-and-semantics/formation-sequences.tex|content/propositional-logic/syntax-and-semantics/valuations-sat.tex|content/propositional-logic/syntax-and-semantics/semantic-notions.tex","","1","content/propositional-logic/propositional-logic.tex","0","","2","document:1|editorial:1","0","1","0","0","0","0","0","0","0","0","0","0","0","0","0","0","0","locale/ar/content/propositional-logic/syntax-and-semantics/syntax-and-semantics.tex","ACCEPTED","C9A704DB878D09D3A32D32099F424274BB009B16DD16316036D3A2642BAABA70","PASS_STATIC_SEMANTIC_INDEPENDENT_AI_BUILD_DEFERRED_FOR_DEPENDENCY_CLOSURE","locale/fa-IR/content/propositional-logic/syntax-and-semantics/syntax-and-semantics.tex","ACCEPTED","5E555A056121F9DDF5E9F748101D4028B542488D44E7C95E17A79B1E6D8198B6","PASS_STATIC_SEMANTIC_INDEPENDENT_AI_BUILD_DEFERRED_FOR_DEPENDENCY_CLOSURE","ACCEPTED"
"OLP-0057","57","9620cc73f9c8e0ad003c514a5d3748f29611c4c0","content/propositional-logic/syntax-and-semantics/introduction.tex","2ad06497283fa1399d56862c75caf1a418bb753fbb0195658af9f0c57183a441","4227","80","598","true","true","57","canonical_complete_reader_reachable","Reached by ordered depth-first replay from content/open-logic-about.tex then content/content.tex through uncommented olimport edges.","reader_unit","Introduction","pl","0","","","1","content/propositional-logic/syntax-and-semantics/syntax-and-semantics.tex","0","","1","document:1","0","0","1","0","0","0","0","0","0","0","0","0","0","0","0","0","28","locale/ar/content/propositional-logic/syntax-and-semantics/introduction.tex","ACCEPTED","08E0533B08F6FB7F9BB935E6B0C6D9109673E0A30F51E16C38FFB446956FD4A3","PASS_STATIC_SEMANTIC_INDEPENDENT_AI_BUILD_DEFERRED_FOR_DEPENDENCY_CLOSURE","locale/fa-IR/content/propositional-logic/syntax-and-semantics/introduction.tex","ACCEPTED","9AC268944CC3FF28894FB82109D0EA947B19130649EC495487ABDF7362F88E4E","PASS_STATIC_SEMANTIC_INDEPENDENT_AI_BUILD_DEFERRED_FOR_DEPENDENCY_CLOSURE","ACCEPTED"
"OLP-0058","58","9620cc73f9c8e0ad003c514a5d3748f29611c4c0","content/propositional-logic/syntax-and-semantics/formulas.tex","8777d77e48e3a41a527b1b737c67e00cb7850f4fa0902ce24846000b40724756","7203","183","784","true","true","58","canonical_complete_reader_reachable","Reached by ordered depth-first replay from content/open-logic-about.tex then content/content.tex through uncommented olimport edges.","reader_unit","","pl","0","","","1","content/propositional-logic/syntax-and-semantics/syntax-and-semantics.tex","0","","12","defn:3|document:1|enumerate:2|explain:2|intro:1|tagblock:2|tagenumerate:1","0","0","1","3","0","0","0","0","0","0","0","0","0","0","0","0","94","locale/ar/content/propositional-logic/syntax-and-semantics/formulas.tex","ACCEPTED","F10F2F747CD1BFD82E2F58E5DCA5DA8EB7033ADC2778DD7CDEC669B5309A18CA","PASS_STATIC_SEMANTIC_INDEPENDENT_AI_BUILD_DEFERRED_FOR_DEPENDENCY_CLOSURE","locale/fa-IR/content/propositional-logic/syntax-and-semantics/formulas.tex","ACCEPTED","607A2D834C4B2D5BCC946EA93D69569C5515F5874D0A60C1684AFFFFF26F1A59","PASS_STATIC_SEMANTIC_INDEPENDENT_AI_BUILD_DEFERRED_FOR_DEPENDENCY_CLOSURE","ACCEPTED"
"OLP-0059","59","9620cc73f9c8e0ad003c514a5d3748f29611c4c0","content/propositional-logic/syntax-and-semantics/preliminaries.tex","78673f8419aa1f936f1ecc5629c0fa92c74fd4ee3102badf5f389e3d775f48d6","4271","121","505","true","true","59","canonical_complete_reader_reachable","Reached by ordered depth-first replay from content/open-logic-about.tex then content/content.tex through uncommented olimport edges.","reader_unit","Preliminaries","pl","0","","","1","content/propositional-logic/syntax-and-semantics/syntax-and-semantics.tex","0","","15","defn:1|document:1|enumerate:3|prob:4|proof:2|prop:3|thm:1","0","0","1","1","1","3","0","0","0","4","2","0","0","0","3","0","77","locale/ar/content/propositional-logic/syntax-and-semantics/preliminaries.tex","ACCEPTED","EBCB7B6AF74A9236F6C38C0F23EBD0F85066B9AC343B69CE0ED2A8185D797741","PASS_STATIC_SEMANTIC_INDEPENDENT_AI_BUILD_DEFERRED_FOR_DEPENDENCY_CLOSURE","locale/fa-IR/content/propositional-logic/syntax-and-semantics/preliminaries.tex","ACCEPTED","2F452B99BB46D35B5B788B32681E6360AC32A1C9990151013B2676E1AEFAF78F","PASS_STATIC_SEMANTIC_INDEPENDENT_AI_BUILD_DEFERRED_FOR_DEPENDENCY_CLOSURE","ACCEPTED"
"OLP-0060","60","9620cc73f9c8e0ad003c514a5d3748f29611c4c0","content/propositional-logic/syntax-and-semantics/formation-sequences.tex","4057bf6b85c70ad9ee56dc5365b21a1daa0a99550079bdafb1ab16f36b943356","5431","154","723","true","true","60","canonical_complete_reader_reachable","Reached by ordered depth-first replay from content/open-logic-about.tex then content/content.tex through uncommented olimport edges.","reader_unit","Formation Sequences","pl","0","","","1","content/propositional-logic/syntax-and-semantics/syntax-and-semantics.tex","0","","12","defn:1|document:1|enumerate:3|ex:1|lem:1|proof:3|prop:1|thm:1","0","0","1","1","1","1","1","0","1","0","3","0","0","0","2","0","75","locale/ar/content/propositional-logic/syntax-and-semantics/formation-sequences.tex","ACCEPTED","13ECFED3FE1FE06FEA883C52F5AF31AB28CCAEEA8A1BA673E795097EE39261CC","PASS_STATIC_SEMANTIC_INDEPENDENT_AI_BUILD_DEFERRED_FOR_DEPENDENCY_CLOSURE","locale/fa-IR/content/propositional-logic/syntax-and-semantics/formation-sequences.tex","ACCEPTED","B8ED1E839B0CD544DB7ABEADE7BFEF9050F80D5E675DD896F4E3438FFC85A336","PASS_STATIC_SEMANTIC_INDEPENDENT_AI_BUILD_DEFERRED_FOR_DEPENDENCY_CLOSURE","ACCEPTED"
"OLP-0061","61","9620cc73f9c8e0ad003c514a5d3748f29611c4c0","content/propositional-logic/syntax-and-semantics/valuations-sat.tex","d1454e8c2366f3a204a371523f41feacbdc72402f7a3a7ae6635b60b17c90481","6190","199","469","true","true","61","canonical_complete_reader_reachable","Reached by ordered depth-first replay from content/open-logic-about.tex then content/content.tex through uncommented olimport edges.","reader_unit","","pl","0","","","1","content/propositional-logic/syntax-and-semantics/syntax-and-semantics.tex","0","","26","align*:1|cases:6|center:1|defn:3|document:1|enumerate:1|explain:1|gather*:1|prob:2|proof:2|prop:1|tabular:5|thm:1","0","0","1","3","1","1","0","0","0","2","2","0","0","0","1","0","137","locale/ar/content/propositional-logic/syntax-and-semantics/valuations-sat.tex","ACCEPTED","B6A1B4225BB1922D38C0D727B082EDEE8A9FFEDB87E66F8A983C1F73239717F9","PASS_STATIC_SEMANTIC_INDEPENDENT_AI_BUILD_DEFERRED_FOR_DEPENDENCY_CLOSURE","locale/fa-IR/content/propositional-logic/syntax-and-semantics/valuations-sat.tex","ACCEPTED","7EA783081E3CA38E065F93CBE1742380628A6B7D9929F4E3634AB9EF187BC952","PASS_STATIC_SEMANTIC_INDEPENDENT_AI_BUILD_DEFERRED_FOR_DEPENDENCY_CLOSURE","ACCEPTED"
"OLP-0062","62","9620cc73f9c8e0ad003c514a5d3748f29611c4c0","content/propositional-logic/syntax-and-semantics/semantic-notions.tex","0167b2bab0dc2a75d011556643190a246d29831244a60bde5515b1b2f431406a","3058","97","274","true","true","62","canonical_complete_reader_reachable","Reached by ordered depth-first replay from content/open-logic-about.tex then content/content.tex through uncommented olimport edges.","reader_unit","Semantic Notions","pl","0","","","1","content/propositional-logic/syntax-and-semantics/syntax-and-semantics.tex","0","","15","defn:1|document:1|enumerate:3|prob:4|proof:3|prop:2|thm:1","0","0","1","1","1","2","0","0","0","4","3","0","0","0","3","0","42","locale/ar/content/propositional-logic/syntax-and-semantics/semantic-notions.tex","ACCEPTED","7B81653D1FBB53560CD05678A18D859437AC1A6893F22C00152288B6BFE62CFF","PASS_STATIC_SEMANTIC_INDEPENDENT_AI_BUILD_DEFERRED_FOR_DEPENDENCY_CLOSURE","locale/fa-IR/content/propositional-logic/syntax-and-semantics/semantic-notions.tex","ACCEPTED","D8CD9C368F3F7B91D71C5993FF01AE04EA2C4E5E765C1C8512C67ACE50D47A07","PASS_STATIC_SEMANTIC_INDEPENDENT_AI_BUILD_DEFERRED_FOR_DEPENDENCY_CLOSURE","ACCEPTED"
"OLP-0063","63","9620cc73f9c8e0ad003c514a5d3748f29611c4c0","content/first-order-logic/proof-systems/proof-systems.tex","85b8a0fca16c329ad16b3c17975735c159e0cf9d38e8dfc7501acba84171fb6c","735","32","61","true","true","63","canonical_complete_reader_reachable","Reached by ordered depth-first replay from content/open-logic-about.tex then content/content.tex through uncommented olimport edges.","chapter_driver","","","5","content/first-order-logic/proof-systems/introduction.tex|content/first-order-logic/proof-systems/sequent-calculus.tex|content/first-order-logic/proof-systems/natural-deduction.tex|content/first-order-logic/proof-systems/tableaux.tex|content/first-order-logic/proof-systems/axiomatic-deduction.tex","","2","content/first-order-logic/first-order-logic.tex|content/propositional-logic/propositional-logic.tex","0","","2","document:1|editorial:1","0","2","0","0","0","0","0","0","0","0","0","0","0","0","0","0","0","locale/ar/content/first-order-logic/proof-systems/proof-systems.tex","ACCEPTED","8534440E0F3280AA1A908D8CD82D1482D5C9EA5CA8BA9A05ED78A2E5A0D627BB","PASS_STATIC_SEMANTIC_BATCH_REPLAY_BUILD_DEFERRED_FOR_DEPENDENCY_CLOSURE","locale/fa-IR/content/first-order-logic/proof-systems/proof-systems.tex","ACCEPTED","BE1A796B2A322770B31CED8EDCC433EA81C942DA228CA885A0723943E9CCADE1","PASS_STATIC_SEMANTIC_BATCH_REPLAY_BUILD_DEFERRED_FOR_DEPENDENCY_CLOSURE","ACCEPTED"
"OLP-0064","64","9620cc73f9c8e0ad003c514a5d3748f29611c4c0","content/first-order-logic/proof-systems/introduction.tex","5172343625a0d66971257858a1a6e359805ffeec979bd5afdc0377864799a756","5304","102","746","true","true","64","canonical_complete_reader_reachable","Reached by ordered depth-first replay from content/open-logic-about.tex then content/content.tex through uncommented olimport edges.","reader_unit","Introduction","fol","0","","","1","content/first-order-logic/proof-systems/proof-systems.tex","0","","2","document:1|enumerate:1","0","0","1","0","0","0","0","0","0","0","0","0","0","0","0","0","17","locale/ar/content/first-order-logic/proof-systems/introduction.tex","ACCEPTED","AB2EA4C4BADA7E0CA5DB0701EC36EEDA835C4479BBB243A20EF1F7FD0687D373","PASS_STATIC_SEMANTIC_BATCH_REPLAY_BUILD_DEFERRED_FOR_DEPENDENCY_CLOSURE","locale/fa-IR/content/first-order-logic/proof-systems/introduction.tex","ACCEPTED","7B377BBBC1CEAF6425C40BABC049FB64062838141D90942D50B3B130C9DDD6DA","PASS_STATIC_SEMANTIC_BATCH_REPLAY_BUILD_DEFERRED_FOR_DEPENDENCY_CLOSURE","ACCEPTED"
"OLP-0065","65","9620cc73f9c8e0ad003c514a5d3748f29611c4c0","content/first-order-logic/proof-systems/sequent-calculus.tex","9a847c7bd45afe0d177230807fb2ba9dda820b4c0551a9274002db8776182003","2986","68","378","true","true","65","canonical_complete_reader_reachable","Reached by ordered depth-first replay from content/open-logic-about.tex then content/content.tex through uncommented olimport edges.","reader_unit","The Sequent Calculus","fol","0","","","1","content/first-order-logic/proof-systems/proof-systems.tex","0","","2","document:1|prooftree:1","0","0","1","0","0","0","0","0","0","0","0","0","0","0","0","0","31","locale/ar/content/first-order-logic/proof-systems/sequent-calculus.tex","ACCEPTED","E091202BE6EE23F1FF7740D8472952EBD6168E0C338BD150808F9015DC506FB7","PASS_STATIC_SEMANTIC_BATCH_REPLAY_BUILD_DEFERRED_FOR_DEPENDENCY_CLOSURE","locale/fa-IR/content/first-order-logic/proof-systems/sequent-calculus.tex","ACCEPTED","0AFFBF237858364E6D9D43A4BB4E3F96E3DD75900DAC09DFBB1D58233E8E94A7","PASS_STATIC_SEMANTIC_BATCH_REPLAY_BUILD_DEFERRED_FOR_DEPENDENCY_CLOSURE","ACCEPTED"
"OLP-0066","66","9620cc73f9c8e0ad003c514a5d3748f29611c4c0","content/first-order-logic/proof-systems/natural-deduction.tex","c203daa5161eed34188e9fb9022b83be4f0201904f31cef386c5b838fb9e7d49","4624","91","634","true","true","66","canonical_complete_reader_reachable","Reached by ordered depth-first replay from content/open-logic-about.tex then content/content.tex through uncommented olimport edges.","reader_unit","Natural Deduction","fol","0","","","1","content/first-order-logic/proof-systems/proof-systems.tex","0","","2","document:1|prooftree:1","0","0","1","0","0","0","0","0","0","0","0","0","0","0","0","0","24","locale/ar/content/first-order-logic/proof-systems/natural-deduction.tex","ACCEPTED","AD59D74C152406E0CD1B346613C857733565FC01A4245CE9B1A849A7603A3D48","PASS_STATIC_SEMANTIC_BATCH_REPLAY_BUILD_DEFERRED_FOR_DEPENDENCY_CLOSURE","locale/fa-IR/content/first-order-logic/proof-systems/natural-deduction.tex","ACCEPTED","59F9E5A8D19ED71360FB6F390DB1EF879202B2F103A6C89172773604975934F9","PASS_STATIC_SEMANTIC_BATCH_REPLAY_BUILD_DEFERRED_FOR_DEPENDENCY_CLOSURE","ACCEPTED"
"OLP-0067","67","9620cc73f9c8e0ad003c514a5d3748f29611c4c0","content/first-order-logic/proof-systems/tableaux.tex","6abf691f97c618dd41bc0c30a21dcf74fa7025228aa378cfd9f0369a898c2966","4003","90","506","true","true","67","canonical_complete_reader_reachable","Reached by ordered depth-first replay from content/open-logic-about.tex then content/content.tex through uncommented olimport edges.","reader_unit","","fol","0","","","1","content/first-order-logic/proof-systems/proof-systems.tex","0","","2","document:1|oltableau:1","0","0","1","0","0","0","0","0","0","0","0","0","0","0","0","0","21","locale/ar/content/first-order-logic/proof-systems/tableaux.tex","ACCEPTED","792FF7F33135257F884CD2AC9C03D30A3915009219B14C943B93B0615A784C2B","PASS_STATIC_SEMANTIC_BATCH_REPLAY_BUILD_DEFERRED_FOR_DEPENDENCY_CLOSURE","locale/fa-IR/content/first-order-logic/proof-systems/tableaux.tex","ACCEPTED","8B0C9612925183362216762724E997BDEE55F573731962F932E654B54CD61F8F","PASS_STATIC_SEMANTIC_BATCH_REPLAY_BUILD_DEFERRED_FOR_DEPENDENCY_CLOSURE","ACCEPTED"
"OLP-0068","68","9620cc73f9c8e0ad003c514a5d3748f29611c4c0","content/first-order-logic/proof-systems/axiomatic-deduction.tex","0269390efeb94a0522020ce00d45f1d1e752e4a32db564b7519d7a939fa13034","4020","84","576","true","true","68","canonical_complete_reader_reachable","Reached by ordered depth-first replay from content/open-logic-about.tex then content/content.tex through uncommented olimport edges.","reader_unit","","fol","0","","","1","content/first-order-logic/proof-systems/proof-systems.tex","0","","3","derivation:1|document:1|enumerate:1","0","0","1","0","0","0","0","0","0","0","0","0","0","0","0","0","44","locale/ar/content/first-order-logic/proof-systems/axiomatic-deduction.tex","ACCEPTED","596BDE23AB94E5FB8D9FCE20659732A45CA29A328A47E6E6ACB74AC65BE87397","PASS_STATIC_SEMANTIC_BATCH_REPLAY_BUILD_DEFERRED_FOR_DEPENDENCY_CLOSURE","locale/fa-IR/content/first-order-logic/proof-systems/axiomatic-deduction.tex","ACCEPTED","CFEDDBEB375B15D8B4B4877DFDB52BB671903C7BD9C3F71EF49EB81CE0964C07","PASS_STATIC_SEMANTIC_BATCH_REPLAY_BUILD_DEFERRED_FOR_DEPENDENCY_CLOSURE","ACCEPTED"
"OLP-0069","69","9620cc73f9c8e0ad003c514a5d3748f29611c4c0","content/first-order-logic/sequent-calculus/sequent-calculus.tex","8cbb6df83670a2586d10ef405c78ed4f75102f8d63903eef93e7ac2b8ea3b603","1130","57","90","true","true","69","canonical_complete_reader_reachable","Reached by ordered depth-first replay from content/open-logic-about.tex then content/content.tex through uncommented olimport edges.","chapter_driver","The Sequent Calculus","","14","content/first-order-logic/sequent-calculus/rules-and-proofs.tex|content/first-order-logic/sequent-calculus/propositional-rules.tex|content/first-order-logic/sequent-calculus/quantifier-rules.tex|content/first-order-logic/sequent-calculus/structural-rules.tex|content/first-order-logic/sequent-calculus/derivations.tex|content/first-order-logic/sequent-calculus/proving-things.tex|content/first-order-logic/sequent-calculus/proving-things-quant.tex|content/first-order-logic/sequent-calculus/proof-theoretic-notions.tex|content/first-order-logic/sequent-calculus/provability-consistency.tex|content/first-order-logic/sequent-calculus/provability-propositional.tex|content/first-order-logic/sequent-calculus/provability-quantifiers.tex|content/first-order-logic/sequent-calculus/soundness.tex|content/first-order-logic/sequent-calculus/identity.tex|content/first-order-logic/sequent-calculus/soundness-identity.tex","","2","content/first-order-logic/first-order-logic.tex|content/propositional-logic/propositional-logic.tex","0","","2","document:1|editorial:1","0","2","0","0","0","0","0","0","0","0","0","0","0","0","0","0","0","locale/ar/content/first-order-logic/sequent-calculus/sequent-calculus.tex","ACCEPTED","F136693D53328793380C55EEDCC32C1C7684A9FAC430065CBEBB51A7E56E8301","PASS_STATIC_SEMANTIC_BATCH_REPLAY_BUILD_DEFERRED_FOR_DEPENDENCY_CLOSURE","locale/fa-IR/content/first-order-logic/sequent-calculus/sequent-calculus.tex","ACCEPTED","5F366B189D8A52F3F1D5977C673969A62F4D0EB479141132AC63DB20544E88EE","PASS_STATIC_SEMANTIC_BATCH_REPLAY_BUILD_DEFERRED_FOR_DEPENDENCY_CLOSURE","ACCEPTED"
"OLP-0070","70","9620cc73f9c8e0ad003c514a5d3748f29611c4c0","content/first-order-logic/sequent-calculus/rules-and-proofs.tex","a598b850cb425035d0c7a01b88bb491502c840fc76c2bd3dbe7e2dda5487d706","2884","75","348","true","true","70","canonical_complete_reader_reachable","Reached by ordered depth-first replay from content/open-logic-about.tex then content/content.tex through uncommented olimport edges.","reader_unit","","fol","0","","","1","content/first-order-logic/sequent-calculus/sequent-calculus.tex","0","","5","defn:2|document:1|enumerate:1|explain:1","0","0","1","2","0","0","0","0","0","0","0","0","0","0","0","0","38","locale/ar/content/first-order-logic/sequent-calculus/rules-and-proofs.tex","ACCEPTED","ED64CD31CC53567073674363EC7F039F7F860C3FEE51CE549E9F8E6ED4B1FAEE","PASS_STATIC_SEMANTIC_BATCH_REPLAY_BUILD_DEFERRED_FOR_DEPENDENCY_CLOSURE","locale/fa-IR/content/first-order-logic/sequent-calculus/rules-and-proofs.tex","ACCEPTED","939BE6234F8E8C71C2E26E44B3AB9E6EDF24C7853856F46474675685BF60FAAB","PASS_STATIC_SEMANTIC_BATCH_REPLAY_BUILD_DEFERRED_FOR_DEPENDENCY_CLOSURE","ACCEPTED"
"OLP-0071","71","9620cc73f9c8e0ad003c514a5d3748f29611c4c0","content/first-order-logic/sequent-calculus/propositional-rules.tex","2a030e59a3a3156f61ff949e10a8a1470a0be80a419851fc56821aa458092ade","2104","89","72","true","true","71","canonical_complete_reader_reachable","Reached by ordered depth-first replay from content/open-logic-about.tex then content/content.tex through uncommented olimport edges.","reader_unit","Propositional Rules","fol","0","","","1","content/first-order-logic/sequent-calculus/sequent-calculus.tex","0","","7","defish:4|document:1|tabular:2","0","0","5","0","0","0","0","0","0","0","0","0","0","0","0","0","27","locale/ar/content/first-order-logic/sequent-calculus/propositional-rules.tex","ACCEPTED","A3209C30B048CB8879867BA9D3852AAD040867EE5EB712C8DBA3D4E97C3ED811","PASS_STATIC_SEMANTIC_BATCH_REPLAY_BUILD_DEFERRED_FOR_DEPENDENCY_CLOSURE","locale/fa-IR/content/first-order-logic/sequent-calculus/propositional-rules.tex","ACCEPTED","0640A671BFA8355711E3C3C503FE1F7907CDB69E1F1DAF899F931E219FA372FE","PASS_STATIC_SEMANTIC_BATCH_REPLAY_BUILD_DEFERRED_FOR_DEPENDENCY_CLOSURE","ACCEPTED"
"OLP-0072","72","9620cc73f9c8e0ad003c514a5d3748f29611c4c0","content/first-order-logic/sequent-calculus/quantifier-rules.tex","254abc98503c7370e046c43f8fec7cf7b5e9909be2959b0f1c513bb278d85b78","3956","105","387","true","true","72","canonical_complete_reader_reachable","Reached by ordered depth-first replay from content/open-logic-about.tex then content/content.tex through uncommented olimport edges.","reader_unit","Quantifier Rules","fol","0","","","1","content/first-order-logic/sequent-calculus/sequent-calculus.tex","0","","7","defish:2|document:1|explain:2|prooftree:2","0","0","3","0","0","0","0","0","0","0","0","0","0","0","0","0","47","locale/ar/content/first-order-logic/sequent-calculus/quantifier-rules.tex","ACCEPTED","910CB388472402E3F5E26F55D96AAB0FBD5C8B3FC18FBFFBE1861EA9D8302FB9","PASS_STATIC_SEMANTIC_BATCH_REPLAY_BUILD_DEFERRED_FOR_DEPENDENCY_CLOSURE","locale/fa-IR/content/first-order-logic/sequent-calculus/quantifier-rules.tex","ACCEPTED","0C48FAD412D4DE51BCE447AF9D804901ED0692C99ECBC5732260560593F21264","PASS_STATIC_SEMANTIC_BATCH_REPLAY_BUILD_DEFERRED_FOR_DEPENDENCY_CLOSURE","ACCEPTED"
"OLP-0073","73","9620cc73f9c8e0ad003c514a5d3748f29611c4c0","content/first-order-logic/sequent-calculus/structural-rules.tex","ea1ca77eca03ec566cc900b2399e95002b4cfc07eb3549a3f19da9ee23a09793","2237","81","172","true","true","73","canonical_complete_reader_reachable","Reached by ordered depth-first replay from content/open-logic-about.tex then content/content.tex through uncommented olimport edges.","reader_unit","Structural Rules","fol","0","","","1","content/first-order-logic/sequent-calculus/sequent-calculus.tex","0","","5","defish:4|document:1","0","0","4","0","0","0","0","0","0","0","0","0","0","0","0","0","16","locale/ar/content/first-order-logic/sequent-calculus/structural-rules.tex","ACCEPTED","050CF6D3C3ECEAEC01A8FA6A527D886196591F0594236E3BBE3FC714652C7259","PASS_STATIC_SEMANTIC_BATCH_REPLAY_BUILD_DEFERRED_FOR_DEPENDENCY_CLOSURE","locale/fa-IR/content/first-order-logic/sequent-calculus/structural-rules.tex","ACCEPTED","75D939EA6CE4DA4EEA6DC992A37BCE2B47DEBFACA6B9E8150E15627E2DF4DAB7","PASS_STATIC_SEMANTIC_BATCH_REPLAY_BUILD_DEFERRED_FOR_DEPENDENCY_CLOSURE","ACCEPTED"
"OLP-0074","74","9620cc73f9c8e0ad003c514a5d3748f29611c4c0","content/first-order-logic/sequent-calculus/derivations.tex","0d47d6984b609f00edfec9acc49c85d33ac001609f10e5e501cbd96f3a5f63dd","4360","122","462","true","true","74","canonical_complete_reader_reachable","Reached by ordered depth-first replay from content/open-logic-about.tex then content/content.tex through uncommented olimport edges.","reader_unit","","fol","0","","","1","content/first-order-logic/sequent-calculus/sequent-calculus.tex","0","","13","defn:1|document:1|enumerate:1|ex:1|explain:1|prooftree:8","0","0","1","1","0","0","0","0","1","0","0","0","0","0","0","0","66","locale/ar/content/first-order-logic/sequent-calculus/derivations.tex","ACCEPTED","8B2A910224C161A8B122EE24F8717193339038502FB2F7F14CD2308CA865AB9A","PASS_STATIC_SEMANTIC_BATCH_REPLAY_BUILD_DEFERRED_FOR_DEPENDENCY_CLOSURE","locale/fa-IR/content/first-order-logic/sequent-calculus/derivations.tex","ACCEPTED","959271E2F62F0B98DABD63011F7828C3B141DADD3EB825C654EC4A23B7A01465","PASS_STATIC_SEMANTIC_BATCH_REPLAY_BUILD_DEFERRED_FOR_DEPENDENCY_CLOSURE","ACCEPTED"
"OLP-0075","75","9620cc73f9c8e0ad003c514a5d3748f29611c4c0","content/first-order-logic/sequent-calculus/proving-things.tex","73fa9c16dcbd072ac535c251fa02fc78640b82381d57162817043a6ad578b18e","12749","343","1214","true","true","75","canonical_complete_reader_reachable","Reached by ordered depth-first replay from content/open-logic-about.tex then content/content.tex through uncommented olimport edges.","reader_unit","","fol","0","","","1","content/first-order-logic/sequent-calculus/sequent-calculus.tex","0","","29","document:1|enumerate:3|ex:4|prob:3|prooftree:18","0","0","1","0","0","0","0","0","4","3","0","0","0","0","0","0","140","locale/ar/content/first-order-logic/sequent-calculus/proving-things.tex","ACCEPTED","2E789D96701702E2DEA994045F334CC6F5915B8F05B4CC45BF2E6B4F7EC7A731","PASS_STATIC_SEMANTIC_BATCH_REPLAY_BUILD_DEFERRED_FOR_DEPENDENCY_CLOSURE","locale/fa-IR/content/first-order-logic/sequent-calculus/proving-things.tex","ACCEPTED","E45B54F0A030D794B057D4D76A57A77344A9BE44EF418DA82FFC2A5DCB189337","PASS_STATIC_SEMANTIC_BATCH_REPLAY_BUILD_DEFERRED_FOR_DEPENDENCY_CLOSURE","ACCEPTED"
"OLP-0076","76","9620cc73f9c8e0ad003c514a5d3748f29611c4c0","content/first-order-logic/sequent-calculus/proving-things-quant.tex","9c249f76aa00ddc5b64b68179b052d7df7e7ffa69be413de20796d98bd80389d","4612","111","523","true","true","76","canonical_complete_reader_reachable","Reached by ordered depth-first replay from content/open-logic-about.tex then content/content.tex through uncommented olimport edges.","reader_unit","","fol","0","","","1","content/first-order-logic/sequent-calculus/sequent-calculus.tex","0","","10","document:1|enumerate:2|ex:1|prob:2|prooftree:4","0","0","1","0","0","0","0","0","1","2","0","0","0","0","0","0","35","locale/ar/content/first-order-logic/sequent-calculus/proving-things-quant.tex","ACCEPTED","D79F1855FB8FD4E5CEBD8D7CA0CB72CDD5418C662A9C8F7CCF3E0C4B67D8FF2A","PASS_STATIC_SEMANTIC_BATCH_REPLAY_BUILD_DEFERRED_FOR_DEPENDENCY_CLOSURE","locale/fa-IR/content/first-order-logic/sequent-calculus/proving-things-quant.tex","ACCEPTED","22AD66FBD91AD7DC65801023BA17D2EBEE8A1FD7A69751406F09186E6F34AACD","PASS_STATIC_SEMANTIC_BATCH_REPLAY_BUILD_DEFERRED_FOR_DEPENDENCY_CLOSURE","ACCEPTED"
"OLP-0077","77","9620cc73f9c8e0ad003c514a5d3748f29611c4c0","content/first-order-logic/sequent-calculus/proof-theoretic-notions.tex","aea2dd5d73394a3cd97b72ada3e7d21aac0113cc4d995b54196a5506b1fa5a81","6084","171","588","true","true","77","canonical_complete_reader_reachable","Reached by ordered depth-first replay from content/open-logic-about.tex then content/content.tex through uncommented olimport edges.","reader_unit","Proof-Theoretic Notions","fol","0","","","1","content/first-order-logic/sequent-calculus/sequent-calculus.tex","0","","21","defn:3|document:1|editorial:1|enumerate:2|explain:1|prob:1|proof:5|prooftree:2|prop:5","0","0","1","3","0","5","0","0","0","1","5","0","0","0","1","0","99","locale/ar/content/first-order-logic/sequent-calculus/proof-theoretic-notions.tex","ACCEPTED","31B9502D88295347BC30C14EE834C3FB7D2D1BEFCF28A16EF044B995E0C3A127","PASS_STATIC_SEMANTIC_BATCH_REPLAY_BUILD_DEFERRED_FOR_DEPENDENCY_CLOSURE","locale/fa-IR/content/first-order-logic/sequent-calculus/proof-theoretic-notions.tex","ACCEPTED","49F7EA9F8349BA91C15A5ED230EB3CFC5DDA995379F27D859E16823118456A6C","PASS_STATIC_SEMANTIC_BATCH_REPLAY_BUILD_DEFERRED_FOR_DEPENDENCY_CLOSURE","ACCEPTED"
"OLP-0078","78","9620cc73f9c8e0ad003c514a5d3748f29611c4c0","content/first-order-logic/sequent-calculus/provability-consistency.tex","3e784d39f38d393203a7623b34e8fcad64e3299c102ee2ef96a812b5e6c8c229","4129","128","271","true","true","78","canonical_complete_reader_reachable","Reached by ordered depth-first replay from content/open-logic-about.tex then content/content.tex through uncommented olimport edges.","reader_unit","","fol","0","","","1","content/first-order-logic/sequent-calculus/sequent-calculus.tex","0","","14","document:1|prob:1|proof:4|prooftree:4|prop:4","0","0","1","0","0","4","0","0","0","1","4","0","0","0","0","0","79","locale/ar/content/first-order-logic/sequent-calculus/provability-consistency.tex","ACCEPTED","DB86D354A1BBD849E6001E78E9D3C8EA4DC8725223D5C86A80EA63879E8DD146","PASS_STATIC_SEMANTIC_BATCH_REPLAY_BUILD_DEFERRED_FOR_DEPENDENCY_CLOSURE","locale/fa-IR/content/first-order-logic/sequent-calculus/provability-consistency.tex","ACCEPTED","3C040F1A671B9E146BF34747B3983106B9F1179D9ED0A604FF0729F24E93A397","PASS_STATIC_SEMANTIC_BATCH_REPLAY_BUILD_DEFERRED_FOR_DEPENDENCY_CLOSURE","ACCEPTED"
"OLP-0079","79","9620cc73f9c8e0ad003c514a5d3748f29611c4c0","content/first-order-logic/sequent-calculus/provability-propositional.tex","13dd017159225b5fc9bcaa38c927fda407264d59c1305ebfd49329a85f5b9fa8","4649","139","317","true","true","79","canonical_complete_reader_reachable","Reached by ordered depth-first replay from content/open-logic-about.tex then content/content.tex through uncommented olimport edges.","reader_unit","","fol","0","","","1","content/first-order-logic/sequent-calculus/sequent-calculus.tex","0","","20","document:1|enumerate:6|explain:1|proof:3|prooftree:6|prop:3","0","0","1","0","0","3","0","0","0","0","3","0","0","0","0","0","50","locale/ar/content/first-order-logic/sequent-calculus/provability-propositional.tex","ACCEPTED","414373FC904E42393E11BC393E8FA7292CAD2BA0FF93884B144AB37588755F62","PASS_STATIC_SEMANTIC_BATCH_REPLAY_BUILD_DEFERRED_FOR_DEPENDENCY_CLOSURE","locale/fa-IR/content/first-order-logic/sequent-calculus/provability-propositional.tex","ACCEPTED","2D2E0FDE230C6252FF69410A6BFB53348E2655992AC8903F2784DE09DEE17D31","PASS_STATIC_SEMANTIC_BATCH_REPLAY_BUILD_DEFERRED_FOR_DEPENDENCY_CLOSURE","ACCEPTED"
"OLP-0080","80","9620cc73f9c8e0ad003c514a5d3748f29611c4c0","content/first-order-logic/sequent-calculus/provability-quantifiers.tex","eb63f32c87bbdbef776a65a4c1da758fd5671e47e3c4171f224d3214b31aa48f","1841","60","168","true","true","80","canonical_complete_reader_reachable","Reached by ordered depth-first replay from content/open-logic-about.tex then content/content.tex through uncommented olimport edges.","reader_unit","","fol","0","","","1","content/first-order-logic/sequent-calculus/sequent-calculus.tex","0","","10","document:1|explain:1|proof:2|prooftree:2|prop:1|tagenumerate:2|thm:1","0","0","1","0","1","1","0","0","0","0","2","0","0","0","0","0","23","locale/ar/content/first-order-logic/sequent-calculus/provability-quantifiers.tex","ACCEPTED","752AE0F527A41DF706CB26A8A39338265451054A725DE68E61DEBAE1C53F7C28","PASS_STATIC_SEMANTIC_BATCH_REPLAY_BUILD_DEFERRED_FOR_DEPENDENCY_CLOSURE","locale/fa-IR/content/first-order-logic/sequent-calculus/provability-quantifiers.tex","ACCEPTED","AF7F1E07C7B056DFC9585B36F5CE54141C0660D597698C242E7612F47C1AC6EB","PASS_STATIC_SEMANTIC_BATCH_REPLAY_BUILD_DEFERRED_FOR_DEPENDENCY_CLOSURE","ACCEPTED"
"OLP-0081","81","9620cc73f9c8e0ad003c514a5d3748f29611c4c0","content/first-order-logic/sequent-calculus/soundness.tex","d9f6180bee35f29553144b6eca5a1eb1916e0262dcdc8c30f50193a53d8001fa","18047","385","1928","true","true","81","canonical_complete_reader_reachable","Reached by ordered depth-first replay from content/open-logic-about.tex then content/content.tex through uncommented olimport edges.","reader_unit","Soundness","fol","0","","","1","content/first-order-logic/sequent-calculus/sequent-calculus.tex","0","","25","cor:3|defn:1|document:1|enumerate:3|explain:1|prob:2|proof:3|prooftree:10|thm:1","0","0","1","1","1","0","0","3","0","2","3","0","0","0","10","0","321","locale/ar/content/first-order-logic/sequent-calculus/soundness.tex","ACCEPTED","2C86C4A9FEA6F32A8F0BC33FB177CDC7C3FD7C8C773D82A218A1E70D502F1376","PASS_STATIC_SEMANTIC_BATCH_REPLAY_BUILD_DEFERRED_FOR_DEPENDENCY_CLOSURE","locale/fa-IR/content/first-order-logic/sequent-calculus/soundness.tex","ACCEPTED","71CDE0AACAC177C5E25265E7C5871034DFB742DF4F6F70B2330511A5B139F16E","PASS_STATIC_SEMANTIC_BATCH_REPLAY_BUILD_DEFERRED_FOR_DEPENDENCY_CLOSURE","ACCEPTED"
"OLP-0082","82","9620cc73f9c8e0ad003c514a5d3748f29611c4c0","content/first-order-logic/sequent-calculus/identity.tex","f9abed3c3d8c2079b2be27fdcb551c8f1987d1b4db18ece56d4c9e1a7b066856","2457","78","224","true","true","82","canonical_complete_reader_reachable","Reached by ordered depth-first replay from content/open-logic-about.tex then content/content.tex through uncommented olimport edges.","reader_unit","","fol","0","","","1","content/first-order-logic/sequent-calculus/sequent-calculus.tex","0","","8","defish:1|defn:1|document:1|enumerate:1|ex:1|prob:1|prooftree:2","0","0","1","1","0","0","0","0","1","1","0","0","0","0","0","0","36","locale/ar/content/first-order-logic/sequent-calculus/identity.tex","ACCEPTED","B387BA43D26780B3082F480E3520854DB528C6109FD17CECC223E499FFAFDACC","PASS_STATIC_SEMANTIC_BATCH_REPLAY_BUILD_DEFERRED_FOR_DEPENDENCY_CLOSURE","locale/fa-IR/content/first-order-logic/sequent-calculus/identity.tex","ACCEPTED","89F7496404633EFE040F868D1E8625D00E1D0F4D5449A987DF60F12B001F9AAB","PASS_STATIC_SEMANTIC_BATCH_REPLAY_BUILD_DEFERRED_FOR_DEPENDENCY_CLOSURE","ACCEPTED"
"OLP-0083","83","9620cc73f9c8e0ad003c514a5d3748f29611c4c0","content/first-order-logic/sequent-calculus/soundness-identity.tex","da0c929628dc2c252d9d48d2fff02439e26c7a984db958943aa6cd55bb4ffeb5","1807","45","236","true","true","83","canonical_complete_reader_reachable","Reached by ordered depth-first replay from content/open-logic-about.tex then content/content.tex through uncommented olimport edges.","reader_unit","","fol","0","","","1","content/first-order-logic/sequent-calculus/sequent-calculus.tex","0","","3","document:1|proof:1|prop:1","0","0","1","0","0","1","0","0","0","0","1","0","0","0","4","0","29","locale/ar/content/first-order-logic/sequent-calculus/soundness-identity.tex","ACCEPTED","2C0D194DEE7BD55B10B3CBD8A9D4327B4BE6FD549552135BE311D45BCBBE6FA0","PASS_STATIC_SEMANTIC_BATCH_REPLAY_BUILD_DEFERRED_FOR_DEPENDENCY_CLOSURE","locale/fa-IR/content/first-order-logic/sequent-calculus/soundness-identity.tex","ACCEPTED","FA225FA22E09086F6BA11FFDD7C9F79A936C7B5244D9C51AA39CDFDA1914CAB2","PASS_STATIC_SEMANTIC_BATCH_REPLAY_BUILD_DEFERRED_FOR_DEPENDENCY_CLOSURE","ACCEPTED"
"OLP-0084","84","9620cc73f9c8e0ad003c514a5d3748f29611c4c0","content/first-order-logic/natural-deduction/natural-deduction.tex","8fa1e5a3e1211ce9c55e0ff66acbb8d5a6a9af360529d7775587a626fbe49b8e","1032","56","78","true","true","84","canonical_complete_reader_reachable","Reached by ordered depth-first replay from content/open-logic-about.tex then content/content.tex through uncommented olimport edges.","chapter_driver","Natural Deduction","","13","content/first-order-logic/natural-deduction/rules-and-proofs.tex|content/first-order-logic/natural-deduction/propositional-rules.tex|content/first-order-logic/natural-deduction/quantifier-rules.tex|content/first-order-logic/natural-deduction/derivations.tex|content/first-order-logic/natural-deduction/proving-things.tex|content/first-order-logic/natural-deduction/proving-things-quant.tex|content/first-order-logic/natural-deduction/proof-theoretic-notions.tex|content/first-order-logic/natural-deduction/provability-consistency.tex|content/first-order-logic/natural-deduction/provability-propositional.tex|content/first-order-logic/natural-deduction/provability-quantifiers.tex|content/first-order-logic/natural-deduction/soundness.tex|content/first-order-logic/natural-deduction/identity.tex|content/first-order-logic/natural-deduction/soundness-identity.tex","","2","content/first-order-logic/first-order-logic.tex|content/propositional-logic/propositional-logic.tex","0","","2","document:1|editorial:1","0","2","0","0","0","0","0","0","0","0","0","0","0","0","0","0","0","locale/ar/content/first-order-logic/natural-deduction/natural-deduction.tex","ACCEPTED","20B022BFEA72CC8F639BD118DDE4E4E7308FA6536E58FFA1B9B44568EE9CADC8","PASS_STATIC_SEMANTIC_BATCH_REPLAY_BUILD_DEFERRED_FOR_DEPENDENCY_CLOSURE","locale/fa-IR/content/first-order-logic/natural-deduction/natural-deduction.tex","ACCEPTED","A5954C4BA585A21437FA635124CD7C37C619C0CE41EBF1868605CCD1751C2E3F","PASS_STATIC_SEMANTIC_BATCH_REPLAY_BUILD_DEFERRED_FOR_DEPENDENCY_CLOSURE","ACCEPTED"
"OLP-0085","85","9620cc73f9c8e0ad003c514a5d3748f29611c4c0","content/first-order-logic/natural-deduction/rules-and-proofs.tex","0556326eefd6fbb957243d9f94969fd23adefb4af69f80419d4a2818d53088f0","2113","53","249","true","true","85","canonical_complete_reader_reachable","Reached by ordered depth-first replay from content/open-logic-about.tex then content/content.tex through uncommented olimport edges.","reader_unit","","fol","0","","","1","content/first-order-logic/natural-deduction/natural-deduction.tex","0","","3","defn:1|document:1|explain:1","0","0","1","1","0","0","0","0","0","0","0","0","0","0","0","0","6","locale/ar/content/first-order-logic/natural-deduction/rules-and-proofs.tex","ACCEPTED","C4C91292611B79A4337E02C93C2581C6FBF6FC094CB674280CBB810977164700","PASS_STATIC_SEMANTIC_BATCH_REPLAY_BUILD_DEFERRED_FOR_DEPENDENCY_CLOSURE","locale/fa-IR/content/first-order-logic/natural-deduction/rules-and-proofs.tex","ACCEPTED","886EAEC9D5CB226E7D5D80948F6D1DEB0534B0186C81C5E6AA78E0794555B2ED","PASS_STATIC_SEMANTIC_BATCH_REPLAY_BUILD_DEFERRED_FOR_DEPENDENCY_CLOSURE","ACCEPTED"
"OLP-0086","86","9620cc73f9c8e0ad003c514a5d3748f29611c4c0","content/first-order-logic/natural-deduction/propositional-rules.tex","c22d2603cc9c4a79d630a4bc00b817c57c07b000e5d4bc443815e13b4f4cb515","2506","121","157","true","true","86","canonical_complete_reader_reachable","Reached by ordered depth-first replay from content/open-logic-about.tex then content/content.tex through uncommented olimport edges.","reader_unit","Propositional Rules","fol","0","","","1","content/first-order-logic/natural-deduction/natural-deduction.tex","0","","8","defish:5|document:1|tabular:2","0","0","6","0","0","0","0","0","0","0","0","0","0","0","0","0","48","locale/ar/content/first-order-logic/natural-deduction/propositional-rules.tex","ACCEPTED","AC4B17A00A47957411666C0F3E9A431C21E3B345BD10A9C028761CE5DA6ADF53","PASS_STATIC_SEMANTIC_BATCH_REPLAY_BUILD_DEFERRED_FOR_DEPENDENCY_CLOSURE","locale/fa-IR/content/first-order-logic/natural-deduction/propositional-rules.tex","ACCEPTED","D3480EA7393C831980EAD2A134F42863C365822A34E506AADAA19227BBCBD8A4","PASS_STATIC_SEMANTIC_BATCH_REPLAY_BUILD_DEFERRED_FOR_DEPENDENCY_CLOSURE","ACCEPTED"
"OLP-0087","87","9620cc73f9c8e0ad003c514a5d3748f29611c4c0","content/first-order-logic/natural-deduction/quantifier-rules.tex","5d9c3a507fe1b79e4d376963b5e3efca4a3352cc7cef7d18255c61e60592f71b","4112","112","479","true","true","87","canonical_complete_reader_reachable","Reached by ordered depth-first replay from content/open-logic-about.tex then content/content.tex through uncommented olimport edges.","reader_unit","Quantifier Rules","fol","0","","","1","content/first-order-logic/natural-deduction/natural-deduction.tex","0","","7","defish:2|document:1|explain:2|prooftree:2","0","0","3","0","0","0","0","0","0","0","0","0","0","0","0","0","57","locale/ar/content/first-order-logic/natural-deduction/quantifier-rules.tex","ACCEPTED","4A35F7A7A408828A889A9DF3233ADDCC625B4FF2551AF04AD4D8F0B248983B23","PASS_STATIC_SEMANTIC_BATCH_REPLAY_BUILD_DEFERRED_FOR_DEPENDENCY_CLOSURE","locale/fa-IR/content/first-order-logic/natural-deduction/quantifier-rules.tex","ACCEPTED","6E2F721BDC197B7742E7C9924584A77A19D4186B643F67653F4B88EE3A35F9AF","PASS_STATIC_SEMANTIC_BATCH_REPLAY_BUILD_DEFERRED_FOR_DEPENDENCY_CLOSURE","ACCEPTED"
"OLP-0088","88","9620cc73f9c8e0ad003c514a5d3748f29611c4c0","content/first-order-logic/natural-deduction/derivations.tex","04cdbaa301a71243b78d880551ce2f8edbf6f059764eceacd5b8910f0459cb26","3825","111","444","true","true","88","canonical_complete_reader_reachable","Reached by ordered depth-first replay from content/open-logic-about.tex then content/content.tex through uncommented olimport edges.","reader_unit","","fol","0","","","1","content/first-order-logic/natural-deduction/natural-deduction.tex","0","","10","defn:1|document:1|enumerate:1|ex:1|explain:1|prooftree:5","0","0","1","1","0","0","0","0","1","0","0","0","0","0","0","0","49","locale/ar/content/first-order-logic/natural-deduction/derivations.tex","ACCEPTED","A65E64FCB8BFF2653C24A194C86DEE8E2280B393A4A45CFAD72E914081F0B508","PASS_STATIC_SEMANTIC_BATCH_REPLAY_BUILD_DEFERRED_FOR_DEPENDENCY_CLOSURE","locale/fa-IR/content/first-order-logic/natural-deduction/derivations.tex","ACCEPTED","6D266E20619E05B57728F444F423E3534B1AB49F5AB092A084AC8E6D91F00800","PASS_STATIC_SEMANTIC_BATCH_REPLAY_BUILD_DEFERRED_FOR_DEPENDENCY_CLOSURE","ACCEPTED"
"OLP-0089","89","9620cc73f9c8e0ad003c514a5d3748f29611c4c0","content/first-order-logic/natural-deduction/proving-things.tex","ff58b86389a21dbc6f240f49e62d5fca0bdb4d3ba54e0d364792cdcddd34724f","11372","311","1026","true","true","89","canonical_complete_reader_reachable","Reached by ordered depth-first replay from content/open-logic-about.tex then content/content.tex through uncommented olimport edges.","reader_unit","","fol","0","","","1","content/first-order-logic/natural-deduction/natural-deduction.tex","0","","25","document:1|enumerate:3|ex:3|prob:3|prooftree:15","0","0","1","0","0","0","0","0","3","3","0","0","0","0","0","0","166","locale/ar/content/first-order-logic/natural-deduction/proving-things.tex","ACCEPTED","A3DEB1F81D03A7109683583542A9A36D320F180243893E9B7BE7B4DAC1E33F0F","PASS_STATIC_SEMANTIC_BATCH_REPLAY_BUILD_DEFERRED_FOR_DEPENDENCY_CLOSURE","locale/fa-IR/content/first-order-logic/natural-deduction/proving-things.tex","ACCEPTED","8583B8E3C176624DA9E4CD1171DCF82970E8014820DFD47BD3B6C0CE38BE48D0","PASS_STATIC_SEMANTIC_BATCH_REPLAY_BUILD_DEFERRED_FOR_DEPENDENCY_CLOSURE","ACCEPTED"
"OLP-0090","90","9620cc73f9c8e0ad003c514a5d3748f29611c4c0","content/first-order-logic/natural-deduction/proving-things-quant.tex","6f49b930a86f60a1cca318d70259378f7bc6b5ebb76f307665c4eb4363e8235f","9803","256","1063","true","true","90","canonical_complete_reader_reachable","Reached by ordered depth-first replay from content/open-logic-about.tex then content/content.tex through uncommented olimport edges.","reader_unit","","fol","0","","","1","content/first-order-logic/natural-deduction/natural-deduction.tex","0","","22","document:1|enumerate:2|ex:3|prob:2|prooftree:14","0","0","1","0","0","0","0","0","3","2","0","0","0","0","0","0","101","locale/ar/content/first-order-logic/natural-deduction/proving-things-quant.tex","ACCEPTED","9F01C8049503C2AD49F83C7D14A879380B8DAA50EFB73FC798A29A90EE410CDF","PASS_STATIC_SEMANTIC_BATCH_REPLAY_BUILD_DEFERRED_FOR_DEPENDENCY_CLOSURE","locale/fa-IR/content/first-order-logic/natural-deduction/proving-things-quant.tex","ACCEPTED","657CF2D6DFFF89560F4D9A126B33EFA64542D01E5FFF1E751414F99936BE2269","PASS_STATIC_SEMANTIC_BATCH_REPLAY_BUILD_DEFERRED_FOR_DEPENDENCY_CLOSURE","ACCEPTED"
"OLP-0091","91","9620cc73f9c8e0ad003c514a5d3748f29611c4c0","content/first-order-logic/natural-deduction/proof-theoretic-notions.tex","7e05743251dd0c5071685193a98c28baea1c77b06836f11e3f3e3aa6a6bd9198","5198","160","509","true","true","91","canonical_complete_reader_reachable","Reached by ordered depth-first replay from content/open-logic-about.tex then content/content.tex through uncommented olimport edges.","reader_unit","Proof-Theoretic Notions","fol","0","","","1","content/first-order-logic/natural-deduction/natural-deduction.tex","0","","22","defn:3|document:1|editorial:1|enumerate:3|explain:1|prob:2|proof:5|prooftree:1|prop:5","0","0","1","3","0","5","0","0","0","2","5","0","0","0","2","0","85","locale/ar/content/first-order-logic/natural-deduction/proof-theoretic-notions.tex","ACCEPTED","93B522DE754A9DA3B431C213E1F9FABC0D689D7BEBADF74D03FD49C62F21ADB9","PASS_STATIC_SEMANTIC_BATCH_REPLAY_BUILD_DEFERRED_FOR_DEPENDENCY_CLOSURE","locale/fa-IR/content/first-order-logic/natural-deduction/proof-theoretic-notions.tex","ACCEPTED","462E7EAE7F7167718D48DBEAA322F31D2D13A0372B71EA169812A9F284DCA178","PASS_STATIC_SEMANTIC_BATCH_REPLAY_BUILD_DEFERRED_FOR_DEPENDENCY_CLOSURE","ACCEPTED"
"OLP-0092","92","9620cc73f9c8e0ad003c514a5d3748f29611c4c0","content/first-order-logic/natural-deduction/provability-consistency.tex","9d967013e14c7f911bf612ddab65b22a2e5f8d90f182926741c0bf7cab5076bc","4037","132","284","true","true","92","canonical_complete_reader_reachable","Reached by ordered depth-first replay from content/open-logic-about.tex then content/content.tex through uncommented olimport edges.","reader_unit","","fol","0","","","1","content/first-order-logic/natural-deduction/natural-deduction.tex","0","","15","document:1|prob:1|proof:4|prooftree:5|prop:4","0","0","1","0","0","4","0","0","0","1","4","0","0","0","0","0","85","locale/ar/content/first-order-logic/natural-deduction/provability-consistency.tex","ACCEPTED","25A87713D6F92D6A7DFBE5905B79E8FE34700545B93E5E64AB5FCC537770F4D0","PASS_STATIC_SEMANTIC_BATCH_REPLAY_BUILD_DEFERRED_FOR_DEPENDENCY_CLOSURE","locale/fa-IR/content/first-order-logic/natural-deduction/provability-consistency.tex","ACCEPTED","4E280645E06A2DFCBFD741CA05A27C5EAB7341A2428018653BDEC075BD63C550","PASS_STATIC_SEMANTIC_BATCH_REPLAY_BUILD_DEFERRED_FOR_DEPENDENCY_CLOSURE","ACCEPTED"
"OLP-0093","93","9620cc73f9c8e0ad003c514a5d3748f29611c4c0","content/first-order-logic/natural-deduction/provability-propositional.tex","7be41cbf7877f1b7163f3cc9ad98867b4cf793b69f4a98e5734f731e3e802016","3950","134","252","true","true","93","canonical_complete_reader_reachable","Reached by ordered depth-first replay from content/open-logic-about.tex then content/content.tex through uncommented olimport edges.","reader_unit","","fol","0","","","1","content/first-order-logic/natural-deduction/natural-deduction.tex","0","","20","document:1|enumerate:6|explain:1|proof:3|prooftree:6|prop:3","0","0","1","0","0","3","0","0","0","0","3","0","0","0","0","0","47","locale/ar/content/first-order-logic/natural-deduction/provability-propositional.tex","ACCEPTED","D8DF8D5AB8D28BE6880CA2048F944C0A823F8AEB481C0BC61CF37DF2BAA7E7F1","PASS_STATIC_SEMANTIC_BATCH_REPLAY_BUILD_DEFERRED_FOR_DEPENDENCY_CLOSURE","locale/fa-IR/content/first-order-logic/natural-deduction/provability-propositional.tex","ACCEPTED","FE7466AB8C8514C5883D892F0186A6811EB07FE0CC497E97772F5724786554FA","PASS_STATIC_SEMANTIC_BATCH_REPLAY_BUILD_DEFERRED_FOR_DEPENDENCY_CLOSURE","ACCEPTED"
"OLP-0094","94","9620cc73f9c8e0ad003c514a5d3748f29611c4c0","content/first-order-logic/natural-deduction/provability-quantifiers.tex","c4a24bb64b2d02c75fcf5dcebe13d48c4684afd8f210da029ceefcb450990bf1","1796","64","161","true","true","94","canonical_complete_reader_reachable","Reached by ordered depth-first replay from content/open-logic-about.tex then content/content.tex through uncommented olimport edges.","reader_unit","","fol","0","","","1","content/first-order-logic/natural-deduction/natural-deduction.tex","0","","10","document:1|explain:1|proof:2|prooftree:2|prop:1|tagenumerate:2|thm:1","0","0","1","0","1","1","0","0","0","0","2","0","0","0","0","0","23","locale/ar/content/first-order-logic/natural-deduction/provability-quantifiers.tex","ACCEPTED","6CC805F61081042BA558F0EC4A77E7499747DB3DA0EC616F624F69AE1C4190D9","PASS_STATIC_SEMANTIC_BATCH_REPLAY_BUILD_DEFERRED_FOR_DEPENDENCY_CLOSURE","locale/fa-IR/content/first-order-logic/natural-deduction/provability-quantifiers.tex","ACCEPTED","5B3EA2C46B53E6B79000EF01DE7A608570185A3039D070060C1A76DDB44978D0","PASS_STATIC_SEMANTIC_BATCH_REPLAY_BUILD_DEFERRED_FOR_DEPENDENCY_CLOSURE","ACCEPTED"
"OLP-0095","95","9620cc73f9c8e0ad003c514a5d3748f29611c4c0","content/first-order-logic/natural-deduction/soundness.tex","e470b5e3a94dd4445dcedc0bbb2d4bb9c5520a3f79ea754f37e4ae1501376e35","13330","315","1381","true","true","95","canonical_complete_reader_reachable","Reached by ordered depth-first replay from content/open-logic-about.tex then content/content.tex through uncommented olimport edges.","reader_unit","Soundness","fol","0","","","1","content/first-order-logic/natural-deduction/natural-deduction.tex","0","","20","cor:2|document:1|enumerate:3|explain:1|prob:2|proof:2|prooftree:8|thm:1","0","0","1","0","1","0","0","2","0","2","2","0","0","0","9","0","228","locale/ar/content/first-order-logic/natural-deduction/soundness.tex","ACCEPTED","CE974DD52BD708407223C9BDDE2670AC1544010DAD1A07D2299B70E4C876AC39","PASS_STATIC_SEMANTIC_BATCH_REPLAY_BUILD_DEFERRED_FOR_DEPENDENCY_CLOSURE","locale/fa-IR/content/first-order-logic/natural-deduction/soundness.tex","ACCEPTED","4A62C60D2275696BDF949D3400F9606A6BD667CA6D85A00AD5C8437790B453AD","PASS_STATIC_SEMANTIC_BATCH_REPLAY_BUILD_DEFERRED_FOR_DEPENDENCY_CLOSURE","ACCEPTED"
"OLP-0096","96","9620cc73f9c8e0ad003c514a5d3748f29611c4c0","content/first-order-logic/natural-deduction/identity.tex","d5df1d1bb3818a275e2439a584a3851036870182afde592fa6e8f80b55c00add","3953","125","375","true","true","96","canonical_complete_reader_reachable","Reached by ordered depth-first replay from content/open-logic-about.tex then content/content.tex through uncommented olimport edges.","reader_unit","","fol","0","","","1","content/first-order-logic/natural-deduction/natural-deduction.tex","0","","13","align*:1|defish:1|document:1|enumerate:1|ex:2|prob:2|prooftree:4|tabular:1","0","0","1","0","0","0","0","0","2","2","0","0","0","0","0","0","49","locale/ar/content/first-order-logic/natural-deduction/identity.tex","ACCEPTED","C648F9C7438F95296C781248794D82BF081B8C36FFE6E91AEB0C5D6202DB8D2B","PASS_STATIC_SEMANTIC_BATCH_REPLAY_BUILD_DEFERRED_FOR_DEPENDENCY_CLOSURE","locale/fa-IR/content/first-order-logic/natural-deduction/identity.tex","ACCEPTED","C0D6D04938EF423560D0AD51D007AE755938A8A76DF71D4762DEFCFED3F0C971","PASS_STATIC_SEMANTIC_BATCH_REPLAY_BUILD_DEFERRED_FOR_DEPENDENCY_CLOSURE","ACCEPTED"
"OLP-0097","97","9620cc73f9c8e0ad003c514a5d3748f29611c4c0","content/first-order-logic/natural-deduction/soundness-identity.tex","2544f37fa6d7a3d81b12c7e7309e1416680df9ee0d8d4e033084299370da0bc8","1653","48","176","true","true","97","canonical_complete_reader_reachable","Reached by ordered depth-first replay from content/open-logic-about.tex then content/content.tex through uncommented olimport edges.","reader_unit","","fol","0","","","1","content/first-order-logic/natural-deduction/natural-deduction.tex","0","","4","document:1|proof:1|prooftree:1|prop:1","0","0","1","0","0","1","0","0","0","0","1","0","0","0","1","0","30","locale/ar/content/first-order-logic/natural-deduction/soundness-identity.tex","ACCEPTED","BA4075EF9E84B81AEB1A30774CEB8ACA892BF73ACBD75EBB436D805892E8B38E","PASS_STATIC_SEMANTIC_BATCH_REPLAY_BUILD_DEFERRED_FOR_DEPENDENCY_CLOSURE","locale/fa-IR/content/first-order-logic/natural-deduction/soundness-identity.tex","ACCEPTED","1BDC02B846BD03477F7381F09B00C0962B57A5B3950B97C8EA25C48438066FDD","PASS_STATIC_SEMANTIC_BATCH_REPLAY_BUILD_DEFERRED_FOR_DEPENDENCY_CLOSURE","ACCEPTED"
"OLP-0098","98","9620cc73f9c8e0ad003c514a5d3748f29611c4c0","content/first-order-logic/tableaux/tableaux.tex","eaf9e7719e1e71efb2b82fa80bae67063790e30ef901686a065a23536e253098","980","55","71","true","true","98","canonical_complete_reader_reachable","Reached by ordered depth-first replay from content/open-logic-about.tex then content/content.tex through uncommented olimport edges.","chapter_driver","Tableaux","","13","content/first-order-logic/tableaux/rules-and-proofs.tex|content/first-order-logic/tableaux/propositional-rules.tex|content/first-order-logic/tableaux/quantifier-rules.tex|content/first-order-logic/tableaux/derivations.tex|content/first-order-logic/tableaux/proving-things.tex|content/first-order-logic/tableaux/proving-things-quant.tex|content/first-order-logic/tableaux/proof-theoretic-notions.tex|content/first-order-logic/tableaux/provability-consistency.tex|content/first-order-logic/tableaux/provability-propositional.tex|content/first-order-logic/tableaux/provability-quantifiers.tex|content/first-order-logic/tableaux/soundness.tex|content/first-order-logic/tableaux/identity.tex|content/first-order-logic/tableaux/soundness-identity.tex","","2","content/first-order-logic/first-order-logic.tex|content/propositional-logic/propositional-logic.tex","0","","2","document:1|editorial:1","0","2","0","0","0","0","0","0","0","0","0","0","0","0","0","0","0","locale/ar/content/first-order-logic/tableaux/tableaux.tex","ACCEPTED","0802DECB8861D4AE4D24114AB134450B401495C593EB649687A65FAA8C62C3E1","PASS_STATIC_SEMANTIC_BATCH_REPLAY_BUILD_DEFERRED_FOR_DEPENDENCY_CLOSURE","locale/fa-IR/content/first-order-logic/tableaux/tableaux.tex","ACCEPTED","EFBE140738A1D8F8F8A54DA278E22C1535D82166FB0799C995AFAD86AB99BD39","PASS_STATIC_SEMANTIC_BATCH_REPLAY_BUILD_DEFERRED_FOR_DEPENDENCY_CLOSURE","ACCEPTED"
"OLP-0099","99","9620cc73f9c8e0ad003c514a5d3748f29611c4c0","content/first-order-logic/tableaux/rules-and-proofs.tex","93cbe7b304b8ad0c3140c23d139dccdf37df9fe8756cb25d8ca47efe1ee6f84d","2525","60","352","true","true","99","canonical_complete_reader_reachable","Reached by ordered depth-first replay from content/open-logic-about.tex then content/content.tex through uncommented olimport edges.","reader_unit","","fol","0","","","1","content/first-order-logic/tableaux/tableaux.tex","0","","2","defn:1|document:1","0","0","1","1","0","0","0","0","0","0","0","0","0","0","0","0","19","locale/ar/content/first-order-logic/tableaux/rules-and-proofs.tex","ACCEPTED","0C9C14EDF313B9A6F26FF14B594E087A011671F7BC00E57FF96EA7733537DCE7","PASS_STATIC_SEMANTIC_BATCH_REPLAY_BUILD_DEFERRED_FOR_DEPENDENCY_CLOSURE","locale/fa-IR/content/first-order-logic/tableaux/rules-and-proofs.tex","ACCEPTED","BD436E054EAC88B52269B302FC7AD5B18DB92C96189AED4323A421B27B97F566","PASS_STATIC_SEMANTIC_BATCH_REPLAY_BUILD_DEFERRED_FOR_DEPENDENCY_CLOSURE","ACCEPTED"
"OLP-0100","100","9620cc73f9c8e0ad003c514a5d3748f29611c4c0","content/first-order-logic/tableaux/propositional-rules.tex","0e0a8d69ddabb157d54f03e7ff21416fb0c818e481343f4ac00ee4ba1d5bf151","2339","94","127","true","true","100","canonical_complete_reader_reachable","Reached by ordered depth-first replay from content/open-logic-about.tex then content/content.tex through uncommented olimport edges.","reader_unit","Propositional Rules","fol","0","","","1","content/first-order-logic/tableaux/tableaux.tex","0","","6","defish:5|document:1","0","0","6","0","0","0","0","0","0","0","0","0","0","0","0","0","10","locale/ar/content/first-order-logic/tableaux/propositional-rules.tex","ACCEPTED","9C83D69BC827EBA5D0236FA4CC5B72ACB3958A30DABE83CE57290BEEFCF40C89","PASS_STATIC_SEMANTIC_BATCH_REPLAY_BUILD_DEFERRED_FOR_DEPENDENCY_CLOSURE","locale/fa-IR/content/first-order-logic/tableaux/propositional-rules.tex","ACCEPTED","8B69FD7A187E321921C8594BEB76C23A95861D3AC339C87525840E8756A3957E","PASS_STATIC_SEMANTIC_BATCH_REPLAY_BUILD_DEFERRED_FOR_DEPENDENCY_CLOSURE","ACCEPTED"
"OLP-0101","101","9620cc73f9c8e0ad003c514a5d3748f29611c4c0","content/first-order-logic/tableaux/quantifier-rules.tex","800bfbb72d36d3e2c8f6d652146a797235f1cc785ad66457e2500919e2cc7a80","3959","110","355","true","true","101","canonical_complete_reader_reachable","Reached by ordered depth-first replay from content/open-logic-about.tex then content/content.tex through uncommented olimport edges.","reader_unit","Quantifier Rules","fol","0","","","1","content/first-order-logic/tableaux/tableaux.tex","0","","8","center:1|defish:2|document:1|explain:2|prooftree:1|tableau:1","0","0","3","0","0","0","0","0","0","0","0","0","0","0","0","0","29","locale/ar/content/first-order-logic/tableaux/quantifier-rules.tex","ACCEPTED","045C65FB651E827C062BE5000ED33DBBA15078D85C262976BAF5AFA5ABAA022F","PASS_STATIC_SEMANTIC_BATCH_REPLAY_BUILD_DEFERRED_FOR_DEPENDENCY_CLOSURE","locale/fa-IR/content/first-order-logic/tableaux/quantifier-rules.tex","ACCEPTED","BDC939F7895AA3924BD0766F06425B5036A68A2E4E8384C5CF6CEC14127921F6","PASS_STATIC_SEMANTIC_BATCH_REPLAY_BUILD_DEFERRED_FOR_DEPENDENCY_CLOSURE","ACCEPTED"
"OLP-0102","102","9620cc73f9c8e0ad003c514a5d3748f29611c4c0","content/first-order-logic/tableaux/derivations.tex","3f3e041127342c4f2565632d33c855fcb7a87964d63beb38bd8313c8a71ad294","3883","97","443","true","true","102","canonical_complete_reader_reachable","Reached by ordered depth-first replay from content/open-logic-about.tex then content/content.tex through uncommented olimport edges.","reader_unit","","fol","0","","","1","content/first-order-logic/tableaux/tableaux.tex","0","","11","center:3|defn:1|document:1|enumerate:1|ex:1|explain:1|tableau:3","0","0","1","1","0","0","0","0","1","0","0","0","0","0","0","0","22","locale/ar/content/first-order-logic/tableaux/derivations.tex","ACCEPTED","DF91ECCE6CB5ACE0D39736844C24169BFEA8D95536DB3945CE27980CAEA80A88","PASS_STATIC_SEMANTIC_BATCH_REPLAY_BUILD_DEFERRED_FOR_DEPENDENCY_CLOSURE","locale/fa-IR/content/first-order-logic/tableaux/derivations.tex","ACCEPTED","481C35900852E58833349B0A736C9150EEF3BB11778F2EA325D91F088804A452","PASS_STATIC_SEMANTIC_BATCH_REPLAY_BUILD_DEFERRED_FOR_DEPENDENCY_CLOSURE","ACCEPTED"
"OLP-0103","103","9620cc73f9c8e0ad003c514a5d3748f29611c4c0","content/first-order-logic/tableaux/proving-things.tex","ba6a2d3c2f7c7504daa17942290c75084bbfab92663a492557ca6530a175d914","18685","461","1196","true","true","103","canonical_complete_reader_reachable","Reached by ordered depth-first replay from content/open-logic-about.tex then content/content.tex through uncommented olimport edges.","reader_unit","","fol","0","","","1","content/first-order-logic/tableaux/tableaux.tex","0","","24","document:1|enumerate:3|ex:3|oltableau:14|prob:3","0","0","1","0","0","0","0","0","3","3","0","0","0","0","0","0","61","locale/ar/content/first-order-logic/tableaux/proving-things.tex","ACCEPTED","3187A693DE69DCCCEE3388CF81F86A55734E8A9E800223DE1CAD0EA2AD494317","PASS_STATIC_SEMANTIC_BATCH_REPLAY_BUILD_DEFERRED_FOR_DEPENDENCY_CLOSURE","locale/fa-IR/content/first-order-logic/tableaux/proving-things.tex","ACCEPTED","F5B95D8113D697E8882AD76D5280651168D9853217EB3E84B0416D03E93F5FDA","PASS_STATIC_SEMANTIC_BATCH_REPLAY_BUILD_DEFERRED_FOR_DEPENDENCY_CLOSURE","ACCEPTED"
"OLP-0104","104","9620cc73f9c8e0ad003c514a5d3748f29611c4c0","content/first-order-logic/tableaux/proving-things-quant.tex","72370c12bee0766fb0e674ebae09ec7940f611ff7f9592284dadfe21516b4032","13575","345","1036","true","true","104","canonical_complete_reader_reachable","Reached by ordered depth-first replay from content/open-logic-about.tex then content/content.tex through uncommented olimport edges.","reader_unit","","fol","0","","","1","content/first-order-logic/tableaux/tableaux.tex","0","","23","document:1|enumerate:2|ex:3|oltableau:15|prob:2","0","0","1","0","0","0","0","0","3","2","0","0","0","0","0","0","53","locale/ar/content/first-order-logic/tableaux/proving-things-quant.tex","ACCEPTED","4CDF52840250F3472C3D112F23A59B77186ED4613292F1AC8A89A60F9BA24355","PASS_STATIC_SEMANTIC_BATCH_REPLAY_BUILD_DEFERRED_FOR_DEPENDENCY_CLOSURE","locale/fa-IR/content/first-order-logic/tableaux/proving-things-quant.tex","ACCEPTED","71FDDDEACE5622577C0963FBDB4294E21D9E11FFDBB5F72DDCF786A82F8BAD7D","PASS_STATIC_SEMANTIC_BATCH_REPLAY_BUILD_DEFERRED_FOR_DEPENDENCY_CLOSURE","ACCEPTED"
"OLP-0105","105","9620cc73f9c8e0ad003c514a5d3748f29611c4c0","content/first-order-logic/tableaux/proof-theoretic-notions.tex","bad25c1ba9db9de17f7c2ff5fffa2c4f9f00aa13d23c197e5337fe759d6fdd39","5711","191","565","true","true","105","canonical_complete_reader_reachable","Reached by ordered depth-first replay from content/open-logic-about.tex then content/content.tex through uncommented olimport edges.","reader_unit","Proof-Theoretic Notions","fol","0","","","1","content/first-order-logic/tableaux/tableaux.tex","0","","22","align*:1|defn:3|document:1|editorial:1|enumerate:2|explain:1|oltableau:1|prob:2|proof:5|prop:5","0","0","1","3","0","5","0","0","0","2","5","0","0","0","2","0","67","locale/ar/content/first-order-logic/tableaux/proof-theoretic-notions.tex","ACCEPTED","B52C1B982299DAF0D0A92EEB77306D95F029C0D88514FB7A37F42797DE51BC2C","PASS_STATIC_SEMANTIC_BATCH_REPLAY_BUILD_DEFERRED_FOR_DEPENDENCY_CLOSURE","locale/fa-IR/content/first-order-logic/tableaux/proof-theoretic-notions.tex","ACCEPTED","D921970AAA7B0A33B669FCBB7BD4DEDCDD54AD04EF681FBD7EB4377280B1E404","PASS_STATIC_SEMANTIC_BATCH_REPLAY_BUILD_DEFERRED_FOR_DEPENDENCY_CLOSURE","ACCEPTED"
"OLP-0106","106","9620cc73f9c8e0ad003c514a5d3748f29611c4c0","content/first-order-logic/tableaux/provability-consistency.tex","6d159d1c93f6b4bb24cf3d16e7f18096e15881679ef5f64db5b25cee57cccdef","6270","151","666","true","true","106","canonical_complete_reader_reachable","Reached by ordered depth-first replay from content/open-logic-about.tex then content/content.tex through uncommented olimport edges.","reader_unit","","fol","0","","","1","content/first-order-logic/tableaux/tableaux.tex","0","","12","align*:2|document:1|prob:1|proof:4|prop:4","0","0","1","0","0","4","0","0","0","1","4","0","0","0","0","0","71","locale/ar/content/first-order-logic/tableaux/provability-consistency.tex","ACCEPTED","D8463F0A2886CB9080551C57ACB71181DCDC84892BAB563F5CFBB500FCC54DEE","PASS_STATIC_SEMANTIC_BATCH_REPLAY_BUILD_DEFERRED_FOR_DEPENDENCY_CLOSURE","locale/fa-IR/content/first-order-logic/tableaux/provability-consistency.tex","ACCEPTED","E05CBDF3F35B9367F47773895B77EC5C61AFB2BAF3E23B26F6560D5190027E9E","PASS_STATIC_SEMANTIC_BATCH_REPLAY_BUILD_DEFERRED_FOR_DEPENDENCY_CLOSURE","ACCEPTED"
"OLP-0107","107","9620cc73f9c8e0ad003c514a5d3748f29611c4c0","content/first-order-logic/tableaux/provability-propositional.tex","5df9f0cf1b10689babb2051daad6426e2abee00e55001f14a896d1a37ae30446","6473","176","340","true","true","107","canonical_complete_reader_reachable","Reached by ordered depth-first replay from content/open-logic-about.tex then content/content.tex through uncommented olimport edges.","reader_unit","","fol","0","","","1","content/first-order-logic/tableaux/tableaux.tex","0","","23","document:1|enumerate:6|explain:1|oltableau:9|proof:3|prop:3","0","0","1","0","0","3","0","0","0","0","3","0","0","0","0","0","21","locale/ar/content/first-order-logic/tableaux/provability-propositional.tex","ACCEPTED","3503D8037148DA5CB8AD9BDE282AC4C182320DBAF3CF1607C0038F8B648DAB50","PASS_STATIC_SEMANTIC_BATCH_REPLAY_BUILD_DEFERRED_FOR_DEPENDENCY_CLOSURE","locale/fa-IR/content/first-order-logic/tableaux/provability-propositional.tex","ACCEPTED","B7110DFF4CA5B89500A40E7665AEC3137B2149E74A3852B121AD443BE4F28C10","PASS_STATIC_SEMANTIC_BATCH_REPLAY_BUILD_DEFERRED_FOR_DEPENDENCY_CLOSURE","ACCEPTED"
"OLP-0108","108","9620cc73f9c8e0ad003c514a5d3748f29611c4c0","content/first-order-logic/tableaux/provability-quantifiers.tex","e12b4c0aff44de0e26d0a5c1e9b7ec2a781be5677035cb2c79cad3a7487c32e3","3148","89","281","true","true","108","canonical_complete_reader_reachable","Reached by ordered depth-first replay from content/open-logic-about.tex then content/content.tex through uncommented olimport edges.","reader_unit","","fol","0","","","1","content/first-order-logic/tableaux/tableaux.tex","0","","14","align*:1|center:1|document:1|explain:1|oltableau:2|proof:2|prop:1|tableau:2|tagenumerate:2|thm:1","0","0","1","0","1","1","0","0","0","0","2","0","0","0","0","0","21","locale/ar/content/first-order-logic/tableaux/provability-quantifiers.tex","ACCEPTED","2712F76A3AA818EB8ABEB0D4611C83916AC9846A30DBC5CEA732B3174AE0DBD8","PASS_STATIC_SEMANTIC_BATCH_REPLAY_BUILD_DEFERRED_FOR_DEPENDENCY_CLOSURE","locale/fa-IR/content/first-order-logic/tableaux/provability-quantifiers.tex","ACCEPTED","EB81682546E501D319932946DF0F2EE7C703E9211BF54B5C06CE4541F75600EF","PASS_STATIC_SEMANTIC_BATCH_REPLAY_BUILD_DEFERRED_FOR_DEPENDENCY_CLOSURE","ACCEPTED"
"OLP-0109","109","9620cc73f9c8e0ad003c514a5d3748f29611c4c0","content/first-order-logic/tableaux/soundness.tex","49f119364f19485fa74c0c18e849f20b746e8edec9fdccb9e98a8aff7250a744","11066","241","1292","true","true","109","canonical_complete_reader_reachable","Reached by ordered depth-first replay from content/open-logic-about.tex then content/content.tex through uncommented olimport edges.","reader_unit","Soundness","fol","0","","","1","content/first-order-logic/tableaux/tableaux.tex","0","","15","cor:3|defn:1|document:1|enumerate:3|explain:1|prob:2|proof:3|thm:1","0","0","1","1","1","0","0","3","0","2","3","0","0","0","10","0","142","locale/ar/content/first-order-logic/tableaux/soundness.tex","ACCEPTED","AE87FEAC4AB6FD53772F3DDC561406264928C1333F5FB4581B5BA4F567BD1D56","PASS_STATIC_SEMANTIC_BATCH_REPLAY_BUILD_DEFERRED_FOR_DEPENDENCY_CLOSURE","locale/fa-IR/content/first-order-logic/tableaux/soundness.tex","ACCEPTED","9A2D673754F37E524141382606B5BB854EAF9A9B495D451442AB078BB3D996D5","PASS_STATIC_SEMANTIC_BATCH_REPLAY_BUILD_DEFERRED_FOR_DEPENDENCY_CLOSURE","ACCEPTED"
"OLP-0110","110","9620cc73f9c8e0ad003c514a5d3748f29611c4c0","content/first-order-logic/tableaux/identity.tex","b40df45226792d6995a13afbc4341601207236b40cdb11920e9d48d0c81b2088","3501","106","322","true","true","110","canonical_complete_reader_reachable","Reached by ordered depth-first replay from content/open-logic-about.tex then content/content.tex through uncommented olimport edges.","reader_unit","","fol","0","","","1","content/first-order-logic/tableaux/tableaux.tex","0","","8","defish:1|document:1|enumerate:1|ex:1|oltableau:3|prob:1","0","0","1","0","0","0","0","0","1","1","0","0","0","0","0","0","49","locale/ar/content/first-order-logic/tableaux/identity.tex","ACCEPTED","6E8393CC0276A94D683D5129FF63593DA6A17EFD6654A70DD7FDDE31502BF7C3","PASS_STATIC_SEMANTIC_BATCH_REPLAY_BUILD_DEFERRED_FOR_DEPENDENCY_CLOSURE","locale/fa-IR/content/first-order-logic/tableaux/identity.tex","ACCEPTED","627F86EDAD933B05BB55C55EBBC0F98FAFA3E62B42464C4E697688569FC68218","PASS_STATIC_SEMANTIC_BATCH_REPLAY_BUILD_DEFERRED_FOR_DEPENDENCY_CLOSURE","ACCEPTED"
"OLP-0111","111","9620cc73f9c8e0ad003c514a5d3748f29611c4c0","content/first-order-logic/tableaux/soundness-identity.tex","3e9430f5d59a07997815894a8a190147e796825fea24a326dd9f7af6767ad519","1745","46","219","true","true","111","canonical_complete_reader_reachable","Reached by ordered depth-first replay from content/open-logic-about.tex then content/content.tex through uncommented olimport edges.","reader_unit","","fol","0","","","1","content/first-order-logic/tableaux/tableaux.tex","0","","3","document:1|proof:1|prop:1","0","0","1","0","0","1","0","0","0","0","1","0","0","0","4","0","27","locale/ar/content/first-order-logic/tableaux/soundness-identity.tex","ACCEPTED","E87BA46F210C16558A6330B65FE105887B6CEC145D5AE6A960A2668D355E906C","PASS_STATIC_SEMANTIC_BATCH_REPLAY_BUILD_DEFERRED_FOR_DEPENDENCY_CLOSURE","locale/fa-IR/content/first-order-logic/tableaux/soundness-identity.tex","ACCEPTED","BF597E9A0B2B5D2FAA2735364A41AC7906D9921A247E3697EEFAE405387E4F4D","PASS_STATIC_SEMANTIC_BATCH_REPLAY_BUILD_DEFERRED_FOR_DEPENDENCY_CLOSURE","ACCEPTED"
"OLP-0112","112","9620cc73f9c8e0ad003c514a5d3748f29611c4c0","content/first-order-logic/axiomatic-deduction/axiomatic-deduction.tex","ba510c171a8d19895307b36b2b06d3f64970bc5d926cfad52412da2a0727db20","1273","60","108","true","true","112","canonical_complete_reader_reachable","Reached by ordered depth-first replay from content/open-logic-about.tex then content/content.tex through uncommented olimport edges.","chapter_driver","","","13","content/first-order-logic/axiomatic-deduction/rules-and-proofs.tex|content/first-order-logic/axiomatic-deduction/axioms-rules-propositional.tex|content/first-order-logic/axiomatic-deduction/axioms-rules-quantifiers.tex|content/first-order-logic/axiomatic-deduction/proving-things.tex|content/first-order-logic/axiomatic-deduction/proving-things-quant.tex|content/first-order-logic/axiomatic-deduction/proof-theoretic-notions.tex|content/first-order-logic/axiomatic-deduction/deduction-theorem.tex|content/first-order-logic/axiomatic-deduction/deduction-theorem-quantifiers.tex|content/first-order-logic/axiomatic-deduction/provability-consistency.tex|content/first-order-logic/axiomatic-deduction/provability-propositional.tex|content/first-order-logic/axiomatic-deduction/provability-quantifiers.tex|content/first-order-logic/axiomatic-deduction/soundness.tex|content/first-order-logic/axiomatic-deduction/identity.tex","","2","content/first-order-logic/first-order-logic.tex|content/propositional-logic/propositional-logic.tex","0","","2","document:1|editorial:1","0","2","0","0","0","0","0","0","0","0","0","0","0","0","0","0","1","locale/ar/content/first-order-logic/axiomatic-deduction/axiomatic-deduction.tex","ACCEPTED","D1140E631A6E96BF426A8B2B18748109FCBC22058CB402243F9D41D1C9187FB4","PASS_STATIC_SEMANTIC_BATCH_REPLAY_BUILD_DEFERRED_FOR_DEPENDENCY_CLOSURE","locale/fa-IR/content/first-order-logic/axiomatic-deduction/axiomatic-deduction.tex","ACCEPTED","A3A6CD1E408FC5E256B9976184AD31959CAB46E8FCE19A73C15FF0F23C55A708","PASS_STATIC_SEMANTIC_BATCH_REPLAY_BUILD_DEFERRED_FOR_DEPENDENCY_CLOSURE","ACCEPTED"
"OLP-0113","113","9620cc73f9c8e0ad003c514a5d3748f29611c4c0","content/first-order-logic/axiomatic-deduction/rules-and-proofs.tex","c630189af9db5f45a849e5d1b6362895bf575dd6d2236a169eb5e0fdba9ed439","3668","97","537","true","true","113","canonical_complete_reader_reachable","Reached by ordered depth-first replay from content/open-logic-about.tex then content/content.tex through uncommented olimport edges.","reader_unit","","fol","0","","","1","content/first-order-logic/axiomatic-deduction/axiomatic-deduction.tex","0","","11","defn:4|document:1|enumerate:2|explain:1|quote:3","0","0","1","4","0","0","0","0","0","0","0","0","0","0","0","0","57","locale/ar/content/first-order-logic/axiomatic-deduction/rules-and-proofs.tex","ACCEPTED","884C91915930372B58896F9D8D8ADED3FE6A9519E6A9E9117B5A56194D955675","PASS_STATIC_SEMANTIC_BATCH_REPLAY_BUILD_DEFERRED_FOR_DEPENDENCY_CLOSURE","locale/fa-IR/content/first-order-logic/axiomatic-deduction/rules-and-proofs.tex","ACCEPTED","D362DBE9F54278ACCE5C4C58C2B39EA7EE865884C322D82552F38CA504CFFFE1","PASS_STATIC_SEMANTIC_BATCH_REPLAY_BUILD_DEFERRED_FOR_DEPENDENCY_CLOSURE","ACCEPTED"
"OLP-0114","114","9620cc73f9c8e0ad003c514a5d3748f29611c4c0","content/first-order-logic/axiomatic-deduction/axioms-rules-propositional.tex","8d19f7612edbb87db30f052b75e8208638a5c68570ef05faf6332111fbbc69fe","1512","44","145","true","true","114","canonical_complete_reader_reachable","Reached by ordered depth-first replay from content/open-logic-about.tex then content/content.tex through uncommented olimport edges.","reader_unit","Axioms and Rules for the Propositional Connectives","fol","0","","","1","content/first-order-logic/axiomatic-deduction/axiomatic-deduction.tex","0","","4","align:1|defn:2|document:1","0","0","1","2","0","0","0","0","0","0","0","0","0","0","0","0","5","locale/ar/content/first-order-logic/axiomatic-deduction/axioms-rules-propositional.tex","ACCEPTED","9C278CDEC87283299D8F4587ECC23A5802693FFCC8FA48E557114B305299B702","PASS_STATIC_SEMANTIC_BATCH_REPLAY_BUILD_DEFERRED_FOR_DEPENDENCY_CLOSURE","locale/fa-IR/content/first-order-logic/axiomatic-deduction/axioms-rules-propositional.tex","ACCEPTED","2A8EB49DA5DD1ECEDB43756BBD1501627AB03CB355D56CC7189647CA460AC6C4","PASS_STATIC_SEMANTIC_BATCH_REPLAY_BUILD_DEFERRED_FOR_DEPENDENCY_CLOSURE","ACCEPTED"
"OLP-0115","115","9620cc73f9c8e0ad003c514a5d3748f29611c4c0","content/first-order-logic/axiomatic-deduction/axioms-rules-quantifiers.tex","e860523ec9605b17fb155fccbb22e644837c26de84ab11439422af805a26e2b3","1007","35","114","true","true","115","canonical_complete_reader_reachable","Reached by ordered depth-first replay from content/open-logic-about.tex then content/content.tex through uncommented olimport edges.","reader_unit","Axioms and Rules for Quantifiers","fol","0","","","1","content/first-order-logic/axiomatic-deduction/axiomatic-deduction.tex","0","","4","align:1|defn:2|document:1","0","0","1","2","0","0","0","0","0","0","0","0","0","0","0","0","12","locale/ar/content/first-order-logic/axiomatic-deduction/axioms-rules-quantifiers.tex","ACCEPTED","FE00056DC829B0142E915E617416860D745C5BFDC736A4B45134EC70EEAA26A8","PASS_STATIC_SEMANTIC_BATCH_REPLAY_BUILD_DEFERRED_FOR_DEPENDENCY_CLOSURE","locale/fa-IR/content/first-order-logic/axiomatic-deduction/axioms-rules-quantifiers.tex","ACCEPTED","1266CC8835E3E9C58AFC762C0FF607528FB4127F39B34D6C92FA4817E155D72F","PASS_STATIC_SEMANTIC_BATCH_REPLAY_BUILD_DEFERRED_FOR_DEPENDENCY_CLOSURE","ACCEPTED"
"OLP-0116","116","9620cc73f9c8e0ad003c514a5d3748f29611c4c0","content/first-order-logic/axiomatic-deduction/proving-things.tex","ac5dc1913eb14bc8d0ba0adb9d45d08b0882f02c4d7f152b654fc153f61fb1a7","5603","133","723","true","true","116","canonical_complete_reader_reachable","Reached by ordered depth-first replay from content/open-logic-about.tex then content/content.tex through uncommented olimport edges.","reader_unit","","fol","0","","","1","content/first-order-logic/axiomatic-deduction/axiomatic-deduction.tex","0","","11","derivation:3|document:1|enumerate:1|ex:3|prob:1|proof:1|prop:1","0","0","1","0","0","1","0","0","3","1","1","0","0","0","17","0","79","locale/ar/content/first-order-logic/axiomatic-deduction/proving-things.tex","ACCEPTED","A110107581F11BA0E18F180352659FC1B4C25B4A27E0DCD065CCE80CE52A2436","PASS_STATIC_SEMANTIC_BATCH_REPLAY_BUILD_DEFERRED_FOR_DEPENDENCY_CLOSURE","locale/fa-IR/content/first-order-logic/axiomatic-deduction/proving-things.tex","ACCEPTED","4E1C3A6EC76EAD1EF3713AA83D826F68B098161DCE6444C6B0616ACE3DA6EA69","PASS_STATIC_SEMANTIC_BATCH_REPLAY_BUILD_DEFERRED_FOR_DEPENDENCY_CLOSURE","ACCEPTED"
"OLP-0117","117","9620cc73f9c8e0ad003c514a5d3748f29611c4c0","content/first-order-logic/axiomatic-deduction/proving-things-quant.tex","afb6d653daa62d083e07ff556fdde130783b2643fdd23270e1ae0e1ec0140767","1527","37","168","true","true","117","canonical_complete_reader_reachable","Reached by ordered depth-first replay from content/open-logic-about.tex then content/content.tex through uncommented olimport edges.","reader_unit","","fol","0","","","1","content/first-order-logic/axiomatic-deduction/axiomatic-deduction.tex","0","","3","align*:1|document:1|ex:1","0","0","1","0","0","0","0","0","1","0","0","0","0","0","7","0","2","locale/ar/content/first-order-logic/axiomatic-deduction/proving-things-quant.tex","ACCEPTED","A454FAA7F11C6E40B12F3E9A87A68D275012E62F179B67DCAB8BB860E99BC9DD","PASS_STATIC_SEMANTIC_BATCH_REPLAY_BUILD_DEFERRED_FOR_DEPENDENCY_CLOSURE","locale/fa-IR/content/first-order-logic/axiomatic-deduction/proving-things-quant.tex","ACCEPTED","DC5E71EC64EB760B136BFC4FC428079EA814740DC351BDBB0A925B160B0990C2","PASS_STATIC_SEMANTIC_BATCH_REPLAY_BUILD_DEFERRED_FOR_DEPENDENCY_CLOSURE","ACCEPTED"
"OLP-0118","118","9620cc73f9c8e0ad003c514a5d3748f29611c4c0","content/first-order-logic/axiomatic-deduction/proof-theoretic-notions.tex","d5cd7ef578090b935af9013ba65f020ea8c043b95ec17ed9a758a01129bbf859","4402","137","493","true","true","118","canonical_complete_reader_reachable","Reached by ordered depth-first replay from content/open-logic-about.tex then content/content.tex through uncommented olimport edges.","reader_unit","Proof-Theoretic Notions","fol","0","","","1","content/first-order-logic/axiomatic-deduction/axiomatic-deduction.tex","0","","19","defn:3|document:1|enumerate:2|explain:1|prob:2|proof:5|prop:5","0","0","1","3","0","5","0","0","0","2","5","0","0","0","2","0","70","locale/ar/content/first-order-logic/axiomatic-deduction/proof-theoretic-notions.tex","ACCEPTED","F16463D684035F232BCB517AC1E9B84FE69E339064F8D28E08BC26831B820F03","PASS_STATIC_SEMANTIC_BATCH_REPLAY_BUILD_DEFERRED_FOR_DEPENDENCY_CLOSURE","locale/fa-IR/content/first-order-logic/axiomatic-deduction/proof-theoretic-notions.tex","ACCEPTED","890CB4B76F37FFE75457DE8E79DADF4C53832328FD559EB48A6C1AAF8EAC6829","PASS_STATIC_SEMANTIC_BATCH_REPLAY_BUILD_DEFERRED_FOR_DEPENDENCY_CLOSURE","ACCEPTED"
"OLP-0119","119","9620cc73f9c8e0ad003c514a5d3748f29611c4c0","content/first-order-logic/axiomatic-deduction/deduction-theorem.tex","f74129e7541a9452530ebc0ab630c8763cd0d4177532baf43cd249c635642cd4","4859","133","542","true","true","119","canonical_complete_reader_reachable","Reached by ordered depth-first replay from content/open-logic-about.tex then content/content.tex through uncommented olimport edges.","reader_unit","The Deduction Theorem","fol","0","","","1","content/first-order-logic/axiomatic-deduction/axiomatic-deduction.tex","0","","11","align*:1|derivation:1|document:1|enumerate:1|prob:2|proof:2|prop:2|thm:1","0","0","1","0","1","2","0","0","0","2","2","0","0","0","16","0","59","locale/ar/content/first-order-logic/axiomatic-deduction/deduction-theorem.tex","ACCEPTED","2CABF30890512FA34807BE9FA83E883A8C6B96F34CB8534EE32C4815839F1E74","PASS_STATIC_SEMANTIC_BATCH_REPLAY_BUILD_DEFERRED_FOR_DEPENDENCY_CLOSURE","locale/fa-IR/content/first-order-logic/axiomatic-deduction/deduction-theorem.tex","ACCEPTED","B44D955F9A58CFFD0508E3091D4E213E01C7CF894880396F671503AA8F4FF182","PASS_STATIC_SEMANTIC_BATCH_REPLAY_BUILD_DEFERRED_FOR_DEPENDENCY_CLOSURE","ACCEPTED"
"OLP-0120","120","9620cc73f9c8e0ad003c514a5d3748f29611c4c0","content/first-order-logic/axiomatic-deduction/deduction-theorem-quantifiers.tex","0da5dfe61f218d9ef0820e07f1e6c0d71ef4e912d010e83e7484690bdd9af1e7","2234","59","269","true","true","120","canonical_complete_reader_reachable","Reached by ordered depth-first replay from content/open-logic-about.tex then content/content.tex through uncommented olimport edges.","reader_unit","The Deduction Theorem with Quantifiers","fol","0","","","1","content/first-order-logic/axiomatic-deduction/axiomatic-deduction.tex","0","","5","align*:1|document:1|prob:1|proof:1|thm:1","0","0","1","0","1","0","0","0","0","1","1","0","0","0","3","0","17","locale/ar/content/first-order-logic/axiomatic-deduction/deduction-theorem-quantifiers.tex","ACCEPTED","CDC490D3963C42569141D12C1F1923B06522C69C5A75F12C88D925EFD80AED1B","PASS_STATIC_SEMANTIC_BATCH_REPLAY_BUILD_DEFERRED_FOR_DEPENDENCY_CLOSURE","locale/fa-IR/content/first-order-logic/axiomatic-deduction/deduction-theorem-quantifiers.tex","ACCEPTED","30AFF66A0C7405DB6C69CC8DA6DC3FB4F30DAB4988D469B96808BD44DA4FA2B7","PASS_STATIC_SEMANTIC_BATCH_REPLAY_BUILD_DEFERRED_FOR_DEPENDENCY_CLOSURE","ACCEPTED"
"OLP-0121","121","9620cc73f9c8e0ad003c514a5d3748f29611c4c0","content/first-order-logic/axiomatic-deduction/provability-consistency.tex","069b652fa3cf1c8e7719ae95d355398b866c9ecf42ff747b755ddbf5fd3b6eef","2979","94","256","true","true","121","canonical_complete_reader_reachable","Reached by ordered depth-first replay from content/open-logic-about.tex then content/content.tex through uncommented olimport edges.","reader_unit","","fol","0","","","1","content/first-order-logic/axiomatic-deduction/axiomatic-deduction.tex","0","","12","document:1|prob:3|proof:4|prop:4","0","0","1","0","0","4","0","0","0","3","4","0","0","0","14","0","36","locale/ar/content/first-order-logic/axiomatic-deduction/provability-consistency.tex","ACCEPTED","97559D57F527670E3238939E6D6CE20F3EBE131FB2D066199FFE54CD0B2C1027","PASS_STATIC_SEMANTIC_BATCH_REPLAY_BUILD_DEFERRED_FOR_DEPENDENCY_CLOSURE","locale/fa-IR/content/first-order-logic/axiomatic-deduction/provability-consistency.tex","ACCEPTED","E452738A23AD1F13856418FF1AF21664C87BB55712BABD11C55FDA6B6AC6DD03","PASS_STATIC_SEMANTIC_BATCH_REPLAY_BUILD_DEFERRED_FOR_DEPENDENCY_CLOSURE","ACCEPTED"
"OLP-0122","122","9620cc73f9c8e0ad003c514a5d3748f29611c4c0","content/first-order-logic/axiomatic-deduction/provability-propositional.tex","4dd07507288e361d9d65dcbb7c3de67f4e3c83e9853b6d9032dcc9cba3cef187","2716","85","249","true","true","122","canonical_complete_reader_reachable","Reached by ordered depth-first replay from content/open-logic-about.tex then content/content.tex through uncommented olimport edges.","reader_unit","","fol","0","","","1","content/first-order-logic/axiomatic-deduction/axiomatic-deduction.tex","0","","15","derivation:1|document:1|enumerate:6|explain:1|proof:3|prop:3","0","0","1","0","0","3","0","0","0","0","3","0","0","0","9","0","21","locale/ar/content/first-order-logic/axiomatic-deduction/provability-propositional.tex","ACCEPTED","0B8DA69CE9DC5AB2E9976A7C4E26F69CE9A931AF9D3779C1689F46120AAC1B61","PASS_STATIC_SEMANTIC_BATCH_REPLAY_BUILD_DEFERRED_FOR_DEPENDENCY_CLOSURE","locale/fa-IR/content/first-order-logic/axiomatic-deduction/provability-propositional.tex","ACCEPTED","D8644212E9278E70655644BC29ADCB8844708DBA5FD12BE6CCBFEA8D813DF56F","PASS_STATIC_SEMANTIC_BATCH_REPLAY_BUILD_DEFERRED_FOR_DEPENDENCY_CLOSURE","ACCEPTED"
"OLP-0123","123","9620cc73f9c8e0ad003c514a5d3748f29611c4c0","content/first-order-logic/axiomatic-deduction/provability-quantifiers.tex","a0c03c490e2874b9946b5ff3942c8a4ba73696d13cca2b30e84a19d17dfb3066","1499","51","129","true","true","123","canonical_complete_reader_reachable","Reached by ordered depth-first replay from content/open-logic-about.tex then content/content.tex through uncommented olimport edges.","reader_unit","","fol","0","","","1","content/first-order-logic/axiomatic-deduction/axiomatic-deduction.tex","0","","8","document:1|explain:1|proof:2|prop:1|tagenumerate:2|thm:1","0","0","1","0","1","1","0","0","0","0","2","0","0","0","2","0","14","locale/ar/content/first-order-logic/axiomatic-deduction/provability-quantifiers.tex","ACCEPTED","61AB4325A0ACC691957420C213E5F1C5CA75655BC8843BBA3371EA57741FDA3B","PASS_STATIC_SEMANTIC_BATCH_REPLAY_BUILD_DEFERRED_FOR_DEPENDENCY_CLOSURE","locale/fa-IR/content/first-order-logic/axiomatic-deduction/provability-quantifiers.tex","ACCEPTED","83DC878D1C13093178AA3334D249525501B9854046D38E4AE8680B8D495F6A32","PASS_STATIC_SEMANTIC_BATCH_REPLAY_BUILD_DEFERRED_FOR_DEPENDENCY_CLOSURE","ACCEPTED"
"OLP-0124","124","9620cc73f9c8e0ad003c514a5d3748f29611c4c0","content/first-order-logic/axiomatic-deduction/soundness.tex","a3a783ae2add6b2420527ad65c82eb6a5e0c02ac8a44e3b34b757bc27985c1cf","5850","144","756","true","true","124","canonical_complete_reader_reachable","Reached by ordered depth-first replay from content/open-logic-about.tex then content/content.tex through uncommented olimport edges.","reader_unit","Soundness","fol","0","","","1","content/first-order-logic/axiomatic-deduction/axiomatic-deduction.tex","0","","11","cor:2|document:1|enumerate:1|explain:1|prob:1|proof:3|prop:1|thm:1","0","0","1","0","1","1","0","2","0","1","3","0","0","0","14","0","95","locale/ar/content/first-order-logic/axiomatic-deduction/soundness.tex","ACCEPTED","9CBE26F85697057BC93713FD1ADFCBC9EF18239C911A85A8C6292F3919AF0D84","PASS_STATIC_SEMANTIC_BATCH_REPLAY_BUILD_DEFERRED_FOR_DEPENDENCY_CLOSURE","locale/fa-IR/content/first-order-logic/axiomatic-deduction/soundness.tex","ACCEPTED","AA4EA2313DDDD1C5CF237046E68E9AF7CFF9BF798E26AC191307978C027F9051","PASS_STATIC_SEMANTIC_BATCH_REPLAY_BUILD_DEFERRED_FOR_DEPENDENCY_CLOSURE","ACCEPTED"
"OLP-0125","125","9620cc73f9c8e0ad003c514a5d3748f29611c4c0","content/first-order-logic/axiomatic-deduction/identity.tex","424d98f16806276deeb9cc0c5e0d1f70d25dd2026f0fe25f03d65d1cde1d69e1","1355","57","141","true","true","125","canonical_complete_reader_reachable","Reached by ordered depth-first replay from content/open-logic-about.tex then content/content.tex through uncommented olimport edges.","reader_unit","","fol","0","","","1","content/first-order-logic/axiomatic-deduction/axiomatic-deduction.tex","0","","9","align:1|defn:1|document:1|prob:1|proof:2|prop:3","0","0","1","1","0","3","0","0","0","1","2","0","0","0","4","0","13","locale/ar/content/first-order-logic/axiomatic-deduction/identity.tex","ACCEPTED","636256AB77D00814D94C893C325C02EE6AF6E3BDCC38362A605A3199A0132F23","PASS_STATIC_SEMANTIC_BATCH_REPLAY_BUILD_DEFERRED_FOR_DEPENDENCY_CLOSURE","locale/fa-IR/content/first-order-logic/axiomatic-deduction/identity.tex","ACCEPTED","A88457F33DE295D546BDFFD829818C43FC184151C93847F1C0FECAE7DA4923E1","PASS_STATIC_SEMANTIC_BATCH_REPLAY_BUILD_DEFERRED_FOR_DEPENDENCY_CLOSURE","ACCEPTED"
"OLP-0126","126","9620cc73f9c8e0ad003c514a5d3748f29611c4c0","content/first-order-logic/completeness/completeness.tex","35cbcfc7f12046ceabc5c4407c43817d71d3907e9e9d57a1b5928fcbe10c672c","695","43","41","true","true","126","canonical_complete_reader_reachable","Reached by ordered depth-first replay from content/open-logic-about.tex then content/content.tex through uncommented olimport edges.","chapter_driver","The Completeness Theorem","","11","content/first-order-logic/completeness/introduction.tex|content/first-order-logic/completeness/outline.tex|content/first-order-logic/completeness/complete-consistent-sets.tex|content/first-order-logic/completeness/henkin-expansions.tex|content/first-order-logic/completeness/lindenbaums-lemma.tex|content/first-order-logic/completeness/construction-of-model.tex|content/first-order-logic/completeness/identity.tex|content/first-order-logic/completeness/completeness-thm.tex|content/first-order-logic/completeness/compactness.tex|content/first-order-logic/completeness/compactness-direct.tex|content/first-order-logic/completeness/downward-ls.tex","","2","content/first-order-logic/first-order-logic.tex|content/propositional-logic/propositional-logic.tex","0","","1","document:1","0","2","0","0","0","0","0","0","0","0","0","0","0","0","0","0","0","locale/ar/content/first-order-logic/completeness/completeness.tex","ACCEPTED","66E202E666607B6D38013C30CE62BBD959C19E4F68BCDCE9C1E29E40F144B0B6","PASS_STATIC_SEMANTIC_BATCH_REPLAY_BUILD_DEFERRED_FOR_DEPENDENCY_CLOSURE","locale/fa-IR/content/first-order-logic/completeness/completeness.tex","ACCEPTED","A021DCFDBF602B261291F5BED4CB653C76ED6306FFCB1AB8477397509D5AC2CE","PASS_STATIC_SEMANTIC_BATCH_REPLAY_BUILD_DEFERRED_FOR_DEPENDENCY_CLOSURE","ACCEPTED"
"OLP-0127","127","9620cc73f9c8e0ad003c514a5d3748f29611c4c0","content/first-order-logic/completeness/introduction.tex","40a994a78343dccb102c8347722a6eb85fd3a12dd4c6565a37960f7b24673500","3774","76","529","true","true","127","canonical_complete_reader_reachable","Reached by ordered depth-first replay from content/open-logic-about.tex then content/content.tex through uncommented olimport edges.","reader_unit","Introduction","fol","0","","","1","content/first-order-logic/completeness/completeness.tex","0","","2","document:1|quote:1","0","0","1","0","0","0","0","0","0","0","0","0","0","0","0","0","14","locale/ar/content/first-order-logic/completeness/introduction.tex","ACCEPTED","2031E653718513B1A7185DFE3243F541D5E54FA8AF1DE160C637D8F97044E390","PASS_STATIC_SEMANTIC_BATCH_REPLAY_BUILD_DEFERRED_FOR_DEPENDENCY_CLOSURE","locale/fa-IR/content/first-order-logic/completeness/introduction.tex","ACCEPTED","4670CF4F21AC98DCB0914F10C75FE9F8EC49AD362C1A4F41112C2C9A7D1EA005","PASS_STATIC_SEMANTIC_BATCH_REPLAY_BUILD_DEFERRED_FOR_DEPENDENCY_CLOSURE","ACCEPTED"
"OLP-0128","128","9620cc73f9c8e0ad003c514a5d3748f29611c4c0","content/first-order-logic/completeness/outline.tex","e86bb4893ff5da65af4fa5b8b7eebec5807e0b4aa0562ca5388fac369aec642e","9532","171","1407","true","true","128","canonical_complete_reader_reachable","Reached by ordered depth-first replay from content/open-logic-about.tex then content/content.tex through uncommented olimport edges.","reader_unit","Outline of the Proof","fol","0","","","1","content/first-order-logic/completeness/completeness.tex","0","","1","document:1","0","0","1","0","0","0","0","0","0","0","0","0","0","0","9","0","132","locale/ar/content/first-order-logic/completeness/outline.tex","ACCEPTED","6AFEDCA342041022772446795A835B81CD9EC94890FA23D32D0733039AB7FFF0","PASS_STATIC_SEMANTIC_BATCH_REPLAY_BUILD_DEFERRED_FOR_DEPENDENCY_CLOSURE","locale/fa-IR/content/first-order-logic/completeness/outline.tex","ACCEPTED","F9BC98BF385B5A1EB10472506A8C881A14CA8301738022D22AD83D5FE56FEA40","PASS_STATIC_SEMANTIC_BATCH_REPLAY_BUILD_DEFERRED_FOR_DEPENDENCY_CLOSURE","ACCEPTED"
"OLP-0129","129","9620cc73f9c8e0ad003c514a5d3748f29611c4c0","content/first-order-logic/completeness/complete-consistent-sets.tex","cf7d517de5d2d257492c66f2cf16347fce490f2d932681a3f6ebd2386e9b1ffd","9125","224","1086","true","true","129","canonical_complete_reader_reachable","Reached by ordered depth-first replay from content/open-logic-about.tex then content/content.tex through uncommented olimport edges.","reader_unit","","fol","0","","","1","content/first-order-logic/completeness/completeness.tex","0","","10","defn:1|document:1|enumerate:2|explain:2|prob:2|proof:1|prop:1","0","0","1","1","0","1","0","0","0","2","1","0","0","0","8","0","88","locale/ar/content/first-order-logic/completeness/complete-consistent-sets.tex","ACCEPTED","5D1C844CC230E37CEC8596D99585BD75CFA18B8293955220BBFC24C8DD4A10F2","PASS_STATIC_SEMANTIC_BATCH_REPLAY_BUILD_DEFERRED_FOR_DEPENDENCY_CLOSURE","locale/fa-IR/content/first-order-logic/completeness/complete-consistent-sets.tex","ACCEPTED","766C98FBCDC6280B96B0E0281DA04953E5839C5FD97D589F725F467846F20B62","PASS_STATIC_SEMANTIC_BATCH_REPLAY_BUILD_DEFERRED_FOR_DEPENDENCY_CLOSURE","ACCEPTED"
"OLP-0130","130","9620cc73f9c8e0ad003c514a5d3748f29611c4c0","content/first-order-logic/completeness/henkin-expansions.tex","a42f0551e062db3102c47f082be24cd4f8506504989a0008df4b87564e1f9335","8969","214","1156","true","true","130","canonical_complete_reader_reachable","Reached by ordered depth-first replay from content/open-logic-about.tex then content/content.tex through uncommented olimport edges.","reader_unit","Henkin Expansion","fol","0","","","1","content/first-order-logic/completeness/completeness.tex","0","","13","align*:1|defn:2|document:1|explain:2|lem:1|proof:2|prop:2|tagenumerate:2","0","0","1","2","0","2","1","0","0","0","2","0","0","0","9","0","126","locale/ar/content/first-order-logic/completeness/henkin-expansions.tex","ACCEPTED","02D8346892889949BADDBC1D044101044651ECAF9425AA166405A4C695DEF0E5","PASS_STATIC_SEMANTIC_BATCH_REPLAY_BUILD_DEFERRED_FOR_DEPENDENCY_CLOSURE","locale/fa-IR/content/first-order-logic/completeness/henkin-expansions.tex","ACCEPTED","E02505784EF885510484AC52AA50E6381EAC989EA7D10794CFE6768846DCD09B","PASS_STATIC_SEMANTIC_BATCH_REPLAY_BUILD_DEFERRED_FOR_DEPENDENCY_CLOSURE","ACCEPTED"
"OLP-0131","131","9620cc73f9c8e0ad003c514a5d3748f29611c4c0","content/first-order-logic/completeness/lindenbaums-lemma.tex","1ee3d9dd14df1c3368c3e7a12d68e4d6627b9e92030a00820270b75ceb4bdf78","4286","100","535","true","true","131","canonical_complete_reader_reachable","Reached by ordered depth-first replay from content/open-logic-about.tex then content/content.tex through uncommented olimport edges.","reader_unit","Lindenbaum's Lemma","fol","0","","","1","content/first-order-logic/completeness/completeness.tex","0","","5","cases:1|document:1|explain:1|lem:1|proof:1","0","0","1","0","0","0","1","0","0","0","1","0","0","0","0","0","63","locale/ar/content/first-order-logic/completeness/lindenbaums-lemma.tex","ACCEPTED","0D8DC6C844A2C5BDF7A8659F8B7ED76F0EC44A64745DEB369A4E9FF69A263EF4","PASS_STATIC_SEMANTIC_BATCH_REPLAY_BUILD_DEFERRED_FOR_DEPENDENCY_CLOSURE","locale/fa-IR/content/first-order-logic/completeness/lindenbaums-lemma.tex","ACCEPTED","A1374177D35F044BFC14B559BC1E8A57F814A6F15D34EE0A7965B1840D1EEA76","PASS_STATIC_SEMANTIC_BATCH_REPLAY_BUILD_DEFERRED_FOR_DEPENDENCY_CLOSURE","ACCEPTED"
"OLP-0132","132","9620cc73f9c8e0ad003c514a5d3748f29611c4c0","content/first-order-logic/completeness/construction-of-model.tex","e8f3c25a2b378ac1996cc9cebb1192b2bdc2527df547e922008dad3822d29969","11290","280","1255","true","true","132","canonical_complete_reader_reachable","Reached by ordered depth-first replay from content/open-logic-about.tex then content/content.tex through uncommented olimport edges.","reader_unit","Construction of a Model","fol","0","","","1","content/first-order-logic/completeness/completeness.tex","0","","20","align*:1|cases:1|defn:2|document:1|enumerate:2|explain:2|lem:2|prob:3|proof:3|prop:1|tagenumerate:2","0","0","1","2","0","1","2","0","0","3","3","0","0","0","21","0","153","locale/ar/content/first-order-logic/completeness/construction-of-model.tex","ACCEPTED","560CE36EC87566837DB5A04EDBCE4C93DB56783C15E927C11893F9BDEB88752D","PASS_STATIC_SEMANTIC_BATCH_REPLAY_BUILD_DEFERRED_FOR_DEPENDENCY_CLOSURE","locale/fa-IR/content/first-order-logic/completeness/construction-of-model.tex","ACCEPTED","E6BD9A7E7492AAAA2A6FC35833FAD1EAF873BA9234A6943DC4E465E37BD8E7F4","PASS_STATIC_SEMANTIC_BATCH_REPLAY_BUILD_DEFERRED_FOR_DEPENDENCY_CLOSURE","ACCEPTED"
"OLP-0133","133","9620cc73f9c8e0ad003c514a5d3748f29611c4c0","content/first-order-logic/completeness/identity.tex","2b497ead07aad76f2db101bd56768abd9bc71df7c819164edf0183656d148e7d","8036","206","894","true","true","133","canonical_complete_reader_reachable","Reached by ordered depth-first replay from content/open-logic-about.tex then content/content.tex through uncommented olimport edges.","reader_unit","Identity","fol","0","","","1","content/first-order-logic/completeness/completeness.tex","0","","23","align*:1|defn:3|digress:1|document:1|enumerate:4|explain:2|lem:2|multline*:1|prob:2|proof:4|prop:2","0","0","1","3","0","2","2","0","0","2","4","0","0","0","7","0","124","locale/ar/content/first-order-logic/completeness/identity.tex","ACCEPTED","8E53C55E46E551E917A20F03330921922CAEDD9FC1D7E9DEC5E4BD208456685C","PASS_STATIC_SEMANTIC_BATCH_REPLAY_BUILD_DEFERRED_FOR_DEPENDENCY_CLOSURE","locale/fa-IR/content/first-order-logic/completeness/identity.tex","ACCEPTED","C3731EEAF405D2703C54D6EC9D8CE460404DC07F4EA814A0E9E264F9F4BD2FEE","PASS_STATIC_SEMANTIC_BATCH_REPLAY_BUILD_DEFERRED_FOR_DEPENDENCY_CLOSURE","ACCEPTED"
"OLP-0134","134","9620cc73f9c8e0ad003c514a5d3748f29611c4c0","content/first-order-logic/completeness/completeness-thm.tex","5510644c6a3ff18e97d5e97a928d00cb0b091506e8c10bafa504c1b2c38b242b","4768","126","577","true","true","134","canonical_complete_reader_reachable","Reached by ordered depth-first replay from content/open-logic-about.tex then content/content.tex through uncommented olimport edges.","reader_unit","The Completeness Theorem","fol","0","","","1","content/first-order-logic/completeness/completeness.tex","0","","10","cor:1|document:1|explain:1|prob:4|proof:2|thm:1","0","0","1","0","1","0","0","1","0","4","2","0","0","0","15","0","41","locale/ar/content/first-order-logic/completeness/completeness-thm.tex","ACCEPTED","72FDCF2059CDF57ECF2D20DF7BFC1CBD4E52E8DA17CD6216EC749FB933E7FC2B","PASS_STATIC_SEMANTIC_BATCH_REPLAY_BUILD_DEFERRED_FOR_DEPENDENCY_CLOSURE","locale/fa-IR/content/first-order-logic/completeness/completeness-thm.tex","ACCEPTED","4370050417C2FF10046B2BE295AC534A39B47B25D583B1465ED8C5A6F5901EDC","PASS_STATIC_SEMANTIC_BATCH_REPLAY_BUILD_DEFERRED_FOR_DEPENDENCY_CLOSURE","ACCEPTED"
"OLP-0135","135","9620cc73f9c8e0ad003c514a5d3748f29611c4c0","content/first-order-logic/completeness/compactness.tex","a872b7018576b26eb53179792e27b5b0af3338b5220712086e1be7d928b3d65c","9051","200","1124","true","true","135","canonical_complete_reader_reachable","Reached by ordered depth-first replay from content/open-logic-about.tex then content/content.tex through uncommented olimport edges.","reader_unit","The Compactness Theorem","fol","0","","","1","content/first-order-logic/completeness/completeness.tex","0","","11","defn:1|document:1|enumerate:1|ex:3|prob:3|proof:1|thm:1","0","0","1","1","1","0","0","0","3","3","1","0","0","0","3","0","142","locale/ar/content/first-order-logic/completeness/compactness.tex","ACCEPTED","51F53AB528D857312751738CFF4014824A1663604CCCB1B8B84F1F1199ACCAAD","PASS_STATIC_SEMANTIC_BATCH_REPLAY_BUILD_DEFERRED_FOR_DEPENDENCY_CLOSURE","locale/fa-IR/content/first-order-logic/completeness/compactness.tex","ACCEPTED","D191EB1CEDB1055F29A3298F21BA9C75205870AB231C535053DE116421841E8D","PASS_STATIC_SEMANTIC_BATCH_REPLAY_BUILD_DEFERRED_FOR_DEPENDENCY_CLOSURE","ACCEPTED"
"OLP-0136","136","9620cc73f9c8e0ad003c514a5d3748f29611c4c0","content/first-order-logic/completeness/compactness-direct.tex","e6398fcc96ac7a2e787c5128d1b2dbf8f515dbd0e780004831abcfd0c3f327d8","5558","162","637","true","true","136","canonical_complete_reader_reachable","Reached by ordered depth-first replay from content/open-logic-about.tex then content/content.tex through uncommented olimport edges.","reader_unit","A Direct Proof of the Compactness Theorem","fol","0","","","1","content/first-order-logic/completeness/completeness.tex","0","","17","document:1|enumerate:1|lem:2|prob:8|proof:1|prop:2|tagenumerate:1|thm:1","0","0","1","0","1","2","2","0","0","8","1","0","0","0","19","0","57","locale/ar/content/first-order-logic/completeness/compactness-direct.tex","ACCEPTED","80F5DED2E2FAC8E3C2B391B2736474AF559E8E46DBFB9EE3A10DBAC03B4018C8","PASS_STATIC_SEMANTIC_BATCH_REPLAY_BUILD_DEFERRED_FOR_DEPENDENCY_CLOSURE","locale/fa-IR/content/first-order-logic/completeness/compactness-direct.tex","ACCEPTED","89A5D444F688876A8A77ED8610586A50E4B8B58CBC3904FDB653C1F9DBF40CED","PASS_STATIC_SEMANTIC_BATCH_REPLAY_BUILD_DEFERRED_FOR_DEPENDENCY_CLOSURE","ACCEPTED"
"OLP-0137","137","9620cc73f9c8e0ad003c514a5d3748f29611c4c0","content/first-order-logic/completeness/downward-ls.tex","6f442281e52dd720acdd540039544c4e8b998906154aa5c4cf7f5da0d9500c48","2658","64","366","true","true","137","canonical_complete_reader_reachable","Reached by ordered depth-first replay from content/open-logic-about.tex then content/content.tex through uncommented olimport edges.","reader_unit","The L\""owenheim--Skolem Theorem","fol","0","","","1","content/first-order-logic/completeness/completeness.tex","0","","6","document:1|ex:1|proof:2|thm:2","0","0","1","0","2","0","0","0","1","0","2","0","0","0","0","0","19","locale/ar/content/first-order-logic/completeness/downward-ls.tex","ACCEPTED","88CBC9D9207239A94E77D6A2A9619679C8045A167E704E41F588675B05A0FAC4","PASS_STATIC_SEMANTIC_BATCH_REPLAY_BUILD_DEFERRED_FOR_DEPENDENCY_CLOSURE","locale/fa-IR/content/first-order-logic/completeness/downward-ls.tex","ACCEPTED","6A1709967D160DCD4C35F7ED299B73E31BBC1E85DA5413EE359C472BBC881174","PASS_STATIC_SEMANTIC_BATCH_REPLAY_BUILD_DEFERRED_FOR_DEPENDENCY_CLOSURE","ACCEPTED"
"OLP-0138","138","9620cc73f9c8e0ad003c514a5d3748f29611c4c0","content/first-order-logic/first-order-logic.tex","3fee444ae39c4094bd1bb1963010c0bf6350b5702c79d9e8bc62c430592f527e","1660","60","183","true","true","138","canonical_complete_reader_reachable","Reached by ordered depth-first replay from content/open-logic-about.tex then content/content.tex through uncommented olimport edges.","part_driver","First-order Logic","","11","content/first-order-logic/introduction/introduction.tex|content/first-order-logic/syntax-and-semantics/syntax.tex|content/first-order-logic/syntax-and-semantics/semantics.tex|content/first-order-logic/models-theories/models-theories.tex|content/first-order-logic/proof-systems/proof-systems.tex|content/first-order-logic/sequent-calculus/sequent-calculus.tex|content/first-order-logic/natural-deduction/natural-deduction.tex|content/first-order-logic/tableaux/tableaux.tex|content/first-order-logic/axiomatic-deduction/axiomatic-deduction.tex|content/first-order-logic/completeness/completeness.tex|content/first-order-logic/beyond/beyond.tex","","1","content/content.tex","0","","2","document:1|editorial:1","1","0","0","0","0","0","0","0","0","0","0","0","0","0","0","0","2","locale/ar/content/first-order-logic/first-order-logic.tex","ACCEPTED","80DFDD864FC591886D0D05A434F59D7482AE4D5BC66309274DD839A766E045BE","PASS_STATIC_SEMANTIC_BATCH_REPLAY_BUILD_DEFERRED_FOR_DEPENDENCY_CLOSURE","locale/fa-IR/content/first-order-logic/first-order-logic.tex","ACCEPTED","390270E5899A03858EA0F46BB7B8AAEC0338BB59D13504C61D27DC298B83F3FC","PASS_STATIC_SEMANTIC_BATCH_REPLAY_BUILD_DEFERRED_FOR_DEPENDENCY_CLOSURE","ACCEPTED"
"OLP-0139","139","9620cc73f9c8e0ad003c514a5d3748f29611c4c0","content/first-order-logic/introduction/introduction.tex","3da46f27a563094a0904eacf23838c601ce3a22b0db9d82cfe33d95d8a507b95","487","31","28","true","true","139","canonical_complete_reader_reachable","Reached by ordered depth-first replay from content/open-logic-about.tex then content/content.tex through uncommented olimport edges.","chapter_driver","Introduction to First-Order Logic","","9","content/first-order-logic/introduction/first-order-logic.tex|content/first-order-logic/introduction/syntax.tex|content/first-order-logic/introduction/formulas.tex|content/first-order-logic/introduction/satisfaction.tex|content/first-order-logic/introduction/sentences.tex|content/first-order-logic/introduction/semantic-notions.tex|content/first-order-logic/introduction/substitution.tex|content/first-order-logic/introduction/models-theories.tex|content/first-order-logic/introduction/soundness-completeness.tex","","1","content/first-order-logic/first-order-logic.tex","0","","1","document:1","0","1","0","0","0","0","0","0","0","0","0","0","0","0","0","0","0","locale/ar/content/first-order-logic/introduction/introduction.tex","ACCEPTED","A3D6317C72951AB63C70684D47D384EB9B7DD93554E9F477561308E63ACE20F9","PASS_STATIC_SEMANTIC_BATCH_REPLAY_BUILD_DEFERRED_FOR_DEPENDENCY_CLOSURE","locale/fa-IR/content/first-order-logic/introduction/introduction.tex","ACCEPTED","736354C6BCBB1D0750E7C1D707F769E640FCCD4342986300E7C565AED1ECCF5E","PASS_STATIC_SEMANTIC_BATCH_REPLAY_BUILD_DEFERRED_FOR_DEPENDENCY_CLOSURE","ACCEPTED"
"OLP-0140","140","9620cc73f9c8e0ad003c514a5d3748f29611c4c0","content/first-order-logic/introduction/first-order-logic.tex","32887943e2083de8ae7402ced896b1e5c85beee1c52df199a5dce311cdc91627","4773","89","712","true","true","140","canonical_complete_reader_reachable","Reached by ordered depth-first replay from content/open-logic-about.tex then content/content.tex through uncommented olimport edges.","reader_unit","First-Order Logic","fol","0","","","1","content/first-order-logic/introduction/introduction.tex","0","","2","document:1|itemize:1","0","0","1","0","0","0","0","0","0","0","0","0","0","0","0","1","34","locale/ar/content/first-order-logic/introduction/first-order-logic.tex","ACCEPTED","FF291D1987ADBE9E51BACB954893295010C8DDD1429CA134CAFA8629EDBBE106","PASS_STATIC_SEMANTIC_BATCH_REPLAY_BUILD_DEFERRED_FOR_DEPENDENCY_CLOSURE","locale/fa-IR/content/first-order-logic/introduction/first-order-logic.tex","ACCEPTED","B5BCC7D0F7378F67E5C18B658A47955C8D6FE8A82ABEE009BB5552A3CC7BF58F","PASS_STATIC_SEMANTIC_BATCH_REPLAY_BUILD_DEFERRED_FOR_DEPENDENCY_CLOSURE","ACCEPTED"
"OLP-0141","141","9620cc73f9c8e0ad003c514a5d3748f29611c4c0","content/first-order-logic/introduction/syntax.tex","91d8aaea25b2d821af6aa8016f994b2e0abbf5cd2debdef7354409fa8ce767d8","2894","55","433","true","true","141","canonical_complete_reader_reachable","Reached by ordered depth-first replay from content/open-logic-about.tex then content/content.tex through uncommented olimport edges.","reader_unit","Syntax","fol","0","","","1","content/first-order-logic/introduction/introduction.tex","0","","1","document:1","0","0","1","0","0","0","0","0","0","0","0","0","0","0","0","0","16","locale/ar/content/first-order-logic/introduction/syntax.tex","ACCEPTED","87CC8B169B96A915472BFAAEF38033205F2D14BBEC56742AA9A577439536E8E0","PASS_STATIC_SEMANTIC_BATCH_REPLAY_BUILD_DEFERRED_FOR_DEPENDENCY_CLOSURE","locale/fa-IR/content/first-order-logic/introduction/syntax.tex","ACCEPTED","6A3A75004962D96B7C5780375172B77B08085E1C59E56ECF04B9B9C1C925FB7D","PASS_STATIC_SEMANTIC_BATCH_REPLAY_BUILD_DEFERRED_FOR_DEPENDENCY_CLOSURE","ACCEPTED"
"OLP-0142","142","9620cc73f9c8e0ad003c514a5d3748f29611c4c0","content/first-order-logic/introduction/formulas.tex","43b36e58c2cf5bd1c22018eb0a758d0ed31ab304dc1b3d5532358f6e9703a7c1","4365","90","608","true","true","142","canonical_complete_reader_reachable","Reached by ordered depth-first replay from content/open-logic-about.tex then content/content.tex through uncommented olimport edges.","reader_unit","","fol","0","","","1","content/first-order-logic/introduction/introduction.tex","0","","3","defn:1|document:1|enumerate:1","0","0","1","1","0","0","0","0","0","0","0","0","0","0","7","0","38","locale/ar/content/first-order-logic/introduction/formulas.tex","ACCEPTED","51A9AB24FC5AD9A3152644C514FCC8DED9DA68C65F26D7AAB012A2A22BCE36EA","PASS_STATIC_SEMANTIC_BATCH_REPLAY_BUILD_DEFERRED_FOR_DEPENDENCY_CLOSURE","locale/fa-IR/content/first-order-logic/introduction/formulas.tex","ACCEPTED","A0F564B6E27EEB89615AC982FB2FE84158D980EDC577A630D1B08CA683D25BB1","PASS_STATIC_SEMANTIC_BATCH_REPLAY_BUILD_DEFERRED_FOR_DEPENDENCY_CLOSURE","ACCEPTED"
"OLP-0143","143","9620cc73f9c8e0ad003c514a5d3748f29611c4c0","content/first-order-logic/introduction/satisfaction.tex","7131c06390c685ff0af79611754cf0b98a22dd8a77256a332c84bf39e2f5cc0a","6008","115","836","true","true","143","canonical_complete_reader_reachable","Reached by ordered depth-first replay from content/open-logic-about.tex then content/content.tex through uncommented olimport edges.","reader_unit","Satisfaction","fol","0","","","1","content/first-order-logic/introduction/introduction.tex","0","","4","document:1|enumerate:3","0","0","1","0","0","0","0","0","0","0","0","0","0","0","0","0","103","locale/ar/content/first-order-logic/introduction/satisfaction.tex","ACCEPTED","F3DEE26B3BD0AA97514EAF5E198CEF904473333781493BA6157BDE31C59500C9","PASS_STATIC_SEMANTIC_BATCH_REPLAY_BUILD_DEFERRED_FOR_DEPENDENCY_CLOSURE","locale/fa-IR/content/first-order-logic/introduction/satisfaction.tex","ACCEPTED","6F2AD0F414F468507F6039FDA3E53C45D60F1DCB7396AE378C99E2F79FEF56A4","PASS_STATIC_SEMANTIC_BATCH_REPLAY_BUILD_DEFERRED_FOR_DEPENDENCY_CLOSURE","ACCEPTED"
"OLP-0144","144","9620cc73f9c8e0ad003c514a5d3748f29611c4c0","content/first-order-logic/introduction/sentences.tex","e02b1d562648ce99867d653622b5c8bcb4cd4eeb9e02d335fa59715e193b3cc9","2790","59","429","true","true","144","canonical_complete_reader_reachable","Reached by ordered depth-first replay from content/open-logic-about.tex then content/content.tex through uncommented olimport edges.","reader_unit","","fol","0","","","1","content/first-order-logic/introduction/introduction.tex","0","","2","document:1|enumerate:1","0","0","1","0","0","0","0","0","0","0","0","0","0","0","0","0","33","locale/ar/content/first-order-logic/introduction/sentences.tex","ACCEPTED","8D5C180FD5022D475A779EEAA4D8A5C565D2159358E62DF014D76937F77F8613","PASS_STATIC_SEMANTIC_BATCH_REPLAY_BUILD_DEFERRED_FOR_DEPENDENCY_CLOSURE","locale/fa-IR/content/first-order-logic/introduction/sentences.tex","ACCEPTED","D0E136FF972DDA6D236CE9F0CB19A6FDA0C1C9A1F28C5A430F18825538E61D41","PASS_STATIC_SEMANTIC_BATCH_REPLAY_BUILD_DEFERRED_FOR_DEPENDENCY_CLOSURE","ACCEPTED"
"OLP-0145","145","9620cc73f9c8e0ad003c514a5d3748f29611c4c0","content/first-order-logic/introduction/semantic-notions.tex","5b59ab9c84aad202080a9a834229b1310ba7fb18cbc6891024c072723b9fbadd","2402","49","363","true","true","145","canonical_complete_reader_reachable","Reached by ordered depth-first replay from content/open-logic-about.tex then content/content.tex through uncommented olimport edges.","reader_unit","Semantic Notions","fol","0","","","1","content/first-order-logic/introduction/introduction.tex","0","","1","document:1","0","0","1","0","0","0","0","0","0","0","0","0","0","0","0","0","17","locale/ar/content/first-order-logic/introduction/semantic-notions.tex","ACCEPTED","2A42224750A7B71AA55F4FF7FD073B08A771A320261FE74C303888497F8A651A","PASS_STATIC_SEMANTIC_BATCH_REPLAY_BUILD_DEFERRED_FOR_DEPENDENCY_CLOSURE","locale/fa-IR/content/first-order-logic/introduction/semantic-notions.tex","ACCEPTED","CCD05A5730BC15E42CBCC2EEDB5D1549C46365E559CCE32E23C660141E3592A4","PASS_STATIC_SEMANTIC_BATCH_REPLAY_BUILD_DEFERRED_FOR_DEPENDENCY_CLOSURE","ACCEPTED"
"OLP-0146","146","9620cc73f9c8e0ad003c514a5d3748f29611c4c0","content/first-order-logic/introduction/substitution.tex","d1e27e94b43fda8329176530bfa9528c859d444123257a7408d5a979151b8941","2335","48","364","true","true","146","canonical_complete_reader_reachable","Reached by ordered depth-first replay from content/open-logic-about.tex then content/content.tex through uncommented olimport edges.","reader_unit","Substitution","fol","0","","","1","content/first-order-logic/introduction/introduction.tex","0","","1","document:1","0","0","1","0","0","0","0","0","0","0","0","0","0","0","0","0","36","locale/ar/content/first-order-logic/introduction/substitution.tex","ACCEPTED","1D1B15EC84724451C4A79BB6B42C552EA48B2D5F67A04ED866AC3B403F0EED0A","PASS_STATIC_SEMANTIC_BATCH_REPLAY_BUILD_DEFERRED_FOR_DEPENDENCY_CLOSURE","locale/fa-IR/content/first-order-logic/introduction/substitution.tex","ACCEPTED","1A03079F16D6DFCF3D6484F3227B6C579C33B566BF182E4A16FF43B0B0C7C4B0","PASS_STATIC_SEMANTIC_BATCH_REPLAY_BUILD_DEFERRED_FOR_DEPENDENCY_CLOSURE","ACCEPTED"
"OLP-0147","147","9620cc73f9c8e0ad003c514a5d3748f29611c4c0","content/first-order-logic/introduction/models-theories.tex","9207639415c1946c70ead4464cefaec9ed2972f35121e88272980b6c9a076ca8","3830","71","567","true","true","147","canonical_complete_reader_reachable","Reached by ordered depth-first replay from content/open-logic-about.tex then content/content.tex through uncommented olimport edges.","reader_unit","Models and Theories","fol","0","","","1","content/first-order-logic/introduction/introduction.tex","0","","2","align*:1|document:1","0","0","1","0","0","0","0","0","0","0","0","0","0","0","0","0","34","locale/ar/content/first-order-logic/introduction/models-theories.tex","ACCEPTED","B3EF59A0A02410EB5F56974A93289BD64D3225A26CD5F0AB3CEEE68C9171CEC6","PASS_STATIC_SEMANTIC_BATCH_REPLAY_BUILD_DEFERRED_FOR_DEPENDENCY_CLOSURE","locale/fa-IR/content/first-order-logic/introduction/models-theories.tex","ACCEPTED","785C099EE144DC8011FD0A3FB26BFD8A344119E4FDC68B30B2DBBAE9A74FF482","PASS_STATIC_SEMANTIC_BATCH_REPLAY_BUILD_DEFERRED_FOR_DEPENDENCY_CLOSURE","ACCEPTED"
"OLP-0148","148","9620cc73f9c8e0ad003c514a5d3748f29611c4c0","content/first-order-logic/introduction/soundness-completeness.tex","49f9a2fb437d680d3e796d72b46d1bc1c5a60c58e3e13ac2e19e6bac6976336e","3544","69","495","true","true","148","canonical_complete_reader_reachable","Reached by ordered depth-first replay from content/open-logic-about.tex then content/content.tex through uncommented olimport edges.","reader_unit","Soundness and Completeness","fol","0","","","1","content/first-order-logic/introduction/introduction.tex","0","","1","document:1","0","0","1","0","0","0","0","0","0","0","0","0","0","0","0","0","21","locale/ar/content/first-order-logic/introduction/soundness-completeness.tex","ACCEPTED","C5A4B8AE3A364E788D46EB23686CF5EA8356871891FF77A816A8E69F5472E2EA","PASS_STATIC_SEMANTIC_BATCH_REPLAY_BUILD_DEFERRED_FOR_DEPENDENCY_CLOSURE","locale/fa-IR/content/first-order-logic/introduction/soundness-completeness.tex","ACCEPTED","E96790B68F4107021B6F191571C06E59C884504876AC4CD7342671A38A3666C6","PASS_STATIC_SEMANTIC_BATCH_REPLAY_BUILD_DEFERRED_FOR_DEPENDENCY_CLOSURE","ACCEPTED"
"OLP-0149","149","9620cc73f9c8e0ad003c514a5d3748f29611c4c0","content/first-order-logic/syntax-and-semantics/syntax.tex","75c0e56b3d2f9557e39b9006855f371e6c8f04e8ef9817affd70a793613930ab","497","31","32","true","true","149","canonical_complete_reader_reachable","Reached by ordered depth-first replay from content/open-logic-about.tex then content/content.tex through uncommented olimport edges.","chapter_driver","Syntax of First-Order Logic","","9","content/first-order-logic/syntax-and-semantics/intro-syntax.tex|content/first-order-logic/syntax-and-semantics/first-order-languages.tex|content/first-order-logic/syntax-and-semantics/terms-formulas.tex|content/first-order-logic/syntax-and-semantics/unique-readability.tex|content/first-order-logic/syntax-and-semantics/main-operator.tex|content/first-order-logic/syntax-and-semantics/subformulas.tex|content/first-order-logic/syntax-and-semantics/formation-sequences.tex|content/first-order-logic/syntax-and-semantics/free-vars-sentences.tex|content/first-order-logic/syntax-and-semantics/substitution.tex","","1","content/first-order-logic/first-order-logic.tex","0","","1","document:1","0","1","0","0","0","0","0","0","0","0","0","0","0","0","0","0","0","locale/ar/content/first-order-logic/syntax-and-semantics/syntax.tex","ACCEPTED","F52B91EA89EC8518EA113FC30B7FC148B241CDA3E241BEF90985324E91A46DE1","PASS_STATIC_SEMANTIC_BATCH_REPLAY_BUILD_DEFERRED_FOR_DEPENDENCY_CLOSURE","locale/fa-IR/content/first-order-logic/syntax-and-semantics/syntax.tex","ACCEPTED","6919315189E5E7AC9B32859100DF6652C0B246C9E83F34C124E3607A4CDF70C4","PASS_STATIC_SEMANTIC_BATCH_REPLAY_BUILD_DEFERRED_FOR_DEPENDENCY_CLOSURE","ACCEPTED"
"OLP-0150","150","9620cc73f9c8e0ad003c514a5d3748f29611c4c0","content/first-order-logic/syntax-and-semantics/intro-syntax.tex","ba7dcce5f1e3340374ff693a1c22c5bf4ccb0c2709cd8c6d50474d4982f7cdfc","1473","34","203","true","true","150","canonical_complete_reader_reachable","Reached by ordered depth-first replay from content/open-logic-about.tex then content/content.tex through uncommented olimport edges.","reader_unit","Introduction","fol","0","","","1","content/first-order-logic/syntax-and-semantics/syntax.tex","0","","1","document:1","0","0","1","0","0","0","0","0","0","0","0","0","0","0","0","0","0","locale/ar/content/first-order-logic/syntax-and-semantics/intro-syntax.tex","ACCEPTED","F953D00E28DEA677CB82798DCE12FFA2C6ED58340BDB559060194E4B516E8731","PASS_STATIC_SEMANTIC_BATCH_REPLAY_BUILD_DEFERRED_FOR_DEPENDENCY_CLOSURE","locale/fa-IR/content/first-order-logic/syntax-and-semantics/intro-syntax.tex","ACCEPTED","6AC0FB1D18A9E04A8D495A0B95E54E0685C50DE6743C8767732D12798A4ADBCC","PASS_STATIC_SEMANTIC_BATCH_REPLAY_BUILD_DEFERRED_FOR_DEPENDENCY_CLOSURE","ACCEPTED"
"OLP-0151","151","9620cc73f9c8e0ad003c514a5d3748f29611c4c0","content/first-order-logic/syntax-and-semantics/first-order-languages.tex","582ea4b3b243fe2ee4eb627630172f77f014d4f7d7c93cd13fdb2bb70844c447","6879","160","752","true","true","151","canonical_complete_reader_reachable","Reached by ordered depth-first replay from content/open-logic-about.tex then content/content.tex through uncommented olimport edges.","reader_unit","First-Order Languages","fol","0","","","2","content/first-order-logic/syntax-and-semantics/syntax-and-semantics.tex|content/first-order-logic/syntax-and-semantics/syntax.tex","0","","12","document:1|enumerate:3|ex:3|explain:3|intro:1|tagblock:1","0","0","1","0","0","0","0","0","3","0","0","0","0","0","0","0","95","locale/ar/content/first-order-logic/syntax-and-semantics/first-order-languages.tex","ACCEPTED","8DDE190F5EEA5F8653D979E466A934DFC89C9E084D219C514F2E35CA26D37B80","PASS_STATIC_SEMANTIC_BATCH_REPLAY_BUILD_DEFERRED_FOR_DEPENDENCY_CLOSURE","locale/fa-IR/content/first-order-logic/syntax-and-semantics/first-order-languages.tex","ACCEPTED","B08F0854B691D0690FA52BB51A4954184489D5C4E4CE689EC5AAC2F590A2F29D","PASS_STATIC_SEMANTIC_BATCH_REPLAY_BUILD_DEFERRED_FOR_DEPENDENCY_CLOSURE","ACCEPTED"
"OLP-0152","152","9620cc73f9c8e0ad003c514a5d3748f29611c4c0","content/first-order-logic/syntax-and-semantics/terms-formulas.tex","0b607ce2324ca66b23b164684f4f35b127107b903bbbd567eb25e94c2ce70210","9146","238","1166","true","true","152","canonical_complete_reader_reachable","Reached by ordered depth-first replay from content/open-logic-about.tex then content/content.tex through uncommented olimport edges.","reader_unit","","fol","0","","","2","content/first-order-logic/syntax-and-semantics/syntax-and-semantics.tex|content/first-order-logic/syntax-and-semantics/syntax.tex","0","","17","defn:4|document:1|enumerate:4|explain:2|intro:1|lem:2|prob:1|tagblock:1|tagenumerate:1","0","0","1","4","0","0","2","0","0","1","0","0","0","0","1","0","154","locale/ar/content/first-order-logic/syntax-and-semantics/terms-formulas.tex","ACCEPTED","8975F248160CFF5AE3B930036B2183DDCAD74BC484E7F4D651D681E0698899BC","PASS_STATIC_SEMANTIC_BATCH_REPLAY_BUILD_DEFERRED_FOR_DEPENDENCY_CLOSURE","locale/fa-IR/content/first-order-logic/syntax-and-semantics/terms-formulas.tex","ACCEPTED","FA873263331B17F84C71C7A96204D66FD8D336234E8A2A08CA2C9687ADA42DF1","PASS_STATIC_SEMANTIC_BATCH_REPLAY_BUILD_DEFERRED_FOR_DEPENDENCY_CLOSURE","ACCEPTED"
"OLP-0153","153","9620cc73f9c8e0ad003c514a5d3748f29611c4c0","content/first-order-logic/syntax-and-semantics/unique-readability.tex","f2ad2961312808ef6c8dedc884c9f8e00a2be9ef993cfb7be748a9d253d84e66","7867","204","1104","true","true","153","canonical_complete_reader_reachable","Reached by ordered depth-first replay from content/open-logic-about.tex then content/content.tex through uncommented olimport edges.","reader_unit","Unique Readability","fol","0","","","2","content/first-order-logic/syntax-and-semantics/syntax-and-semantics.tex|content/first-order-logic/syntax-and-semantics/syntax.tex","0","","19","defn:1|document:1|enumerate:4|explain:1|lem:2|prob:3|proof:4|prop:2|quote:1","0","0","1","1","0","2","2","0","0","3","4","0","0","0","4","0","130","locale/ar/content/first-order-logic/syntax-and-semantics/unique-readability.tex","ACCEPTED","7CBE1AFA46A80FFED2B9D03FD06FAF603CE1329296AB1888A4E497B7F78A6597","PASS_STATIC_SEMANTIC_BATCH_REPLAY_BUILD_DEFERRED_FOR_DEPENDENCY_CLOSURE","locale/fa-IR/content/first-order-logic/syntax-and-semantics/unique-readability.tex","ACCEPTED","2DFBE7997A1E0D50CF005E31636BA58AFB5370B689DD8B55CEFA024D80BC6B8E","PASS_STATIC_SEMANTIC_BATCH_REPLAY_BUILD_DEFERRED_FOR_DEPENDENCY_CLOSURE","ACCEPTED"
"OLP-0154","154","9620cc73f9c8e0ad003c514a5d3748f29611c4c0","content/first-order-logic/syntax-and-semantics/main-operator.tex","1bc4cc76cc670fdb1069ca53312d13dfcf2ea8444adbb3d9ef4b8d31a5da41fc","3728","102","428","true","true","154","canonical_complete_reader_reachable","Reached by ordered depth-first replay from content/open-logic-about.tex then content/content.tex through uncommented olimport edges.","reader_unit","","fol","0","","","2","content/first-order-logic/syntax-and-semantics/syntax-and-semantics.tex|content/first-order-logic/syntax-and-semantics/syntax.tex","0","","7","defn:1|document:1|enumerate:1|explain:2|table:1|tabular:1","0","0","1","1","0","0","0","0","0","0","0","0","0","0","2","0","52","locale/ar/content/first-order-logic/syntax-and-semantics/main-operator.tex","ACCEPTED","F0728FBCEFD24D035536647031B917FE8527488FC845B4B172D866ABB9C1ED7E","PASS_STATIC_SEMANTIC_BATCH_REPLAY_BUILD_DEFERRED_FOR_DEPENDENCY_CLOSURE","locale/fa-IR/content/first-order-logic/syntax-and-semantics/main-operator.tex","ACCEPTED","078C098AE970335BABB46498F6B4A5023C4CFEA364095A24C6E220C182DA19CE","PASS_STATIC_SEMANTIC_BATCH_REPLAY_BUILD_DEFERRED_FOR_DEPENDENCY_CLOSURE","ACCEPTED"
"OLP-0155","155","9620cc73f9c8e0ad003c514a5d3748f29611c4c0","content/first-order-logic/syntax-and-semantics/subformulas.tex","4c43825e4c236e55d25092ff1f5b68ed38a3f1e9ae8ed12fc2e14f3a03fc6c77","4078","112","536","true","true","155","canonical_complete_reader_reachable","Reached by ordered depth-first replay from content/open-logic-about.tex then content/content.tex through uncommented olimport edges.","reader_unit","","fol","0","","","2","content/first-order-logic/syntax-and-semantics/syntax-and-semantics.tex|content/first-order-logic/syntax-and-semantics/syntax.tex","0","","12","defn:3|document:1|enumerate:2|explain:2|prob:2|prop:2","0","0","1","3","0","2","0","0","0","2","0","0","0","0","2","0","49","locale/ar/content/first-order-logic/syntax-and-semantics/subformulas.tex","ACCEPTED","701625F68550ECF7E3DA2EB78BF6AB0180BE0232CC6A4940FACC4EF066482C76","PASS_STATIC_SEMANTIC_BATCH_REPLAY_BUILD_DEFERRED_FOR_DEPENDENCY_CLOSURE","locale/fa-IR/content/first-order-logic/syntax-and-semantics/subformulas.tex","ACCEPTED","D36687D1B561EAEFFC6B0649260C2AB9689AF61D9A18546CA53BFC52DE30199D","PASS_STATIC_SEMANTIC_BATCH_REPLAY_BUILD_DEFERRED_FOR_DEPENDENCY_CLOSURE","ACCEPTED"
"OLP-0156","156","9620cc73f9c8e0ad003c514a5d3748f29611c4c0","content/first-order-logic/syntax-and-semantics/formation-sequences.tex","dc1735bb077f5086c6fd6e2f968591415a9cba90b65bc0a3d412742cc62bc6ff","10352","279","1342","true","true","156","canonical_complete_reader_reachable","Reached by ordered depth-first replay from content/open-logic-about.tex then content/content.tex through uncommented olimport edges.","reader_unit","Formation Sequences","fol","0","","","2","content/first-order-logic/syntax-and-semantics/syntax-and-semantics.tex|content/first-order-logic/syntax-and-semantics/syntax.tex","0","","27","defn:4|document:1|enumerate:4|ex:3|history:1|lem:1|multline*:1|prob:3|proof:5|prop:3|thm:1","0","0","1","4","1","3","1","0","3","3","5","0","0","0","6","2","138","locale/ar/content/first-order-logic/syntax-and-semantics/formation-sequences.tex","ACCEPTED","FDB708940E8CB0439A6D9A33DE3981516EB2E58F58819F5A2817ED3DCD0D0731","PASS_STATIC_SEMANTIC_BATCH_REPLAY_BUILD_DEFERRED_FOR_DEPENDENCY_CLOSURE","locale/fa-IR/content/first-order-logic/syntax-and-semantics/formation-sequences.tex","ACCEPTED","F92273F0AB7F884FF144D45A6E0173E8F1C787CE180A6E9E16CE85E3B5C8E6CE","PASS_STATIC_SEMANTIC_BATCH_REPLAY_BUILD_DEFERRED_FOR_DEPENDENCY_CLOSURE","ACCEPTED"
"OLP-0157","157","9620cc73f9c8e0ad003c514a5d3748f29611c4c0","content/first-order-logic/syntax-and-semantics/free-vars-sentences.tex","ea6bea6e587867742143e68dd69a2674fc1544ffaae27236ba1f517fe516bf1f","3835","103","455","true","true","157","canonical_complete_reader_reachable","Reached by ordered depth-first replay from content/open-logic-about.tex then content/content.tex through uncommented olimport edges.","reader_unit","","fol","0","","","2","content/first-order-logic/syntax-and-semantics/syntax-and-semantics.tex|content/first-order-logic/syntax-and-semantics/syntax.tex","0","","8","defn:4|document:1|enumerate:1|ex:1|prob:1","0","0","1","4","0","0","0","0","1","1","0","0","0","0","1","0","67","locale/ar/content/first-order-logic/syntax-and-semantics/free-vars-sentences.tex","ACCEPTED","03F6C2CAA9E29D3121EF085802A3DE900ADE02C6EA8F09352196ACBB0AB00342","PASS_STATIC_SEMANTIC_BATCH_REPLAY_BUILD_DEFERRED_FOR_DEPENDENCY_CLOSURE","locale/fa-IR/content/first-order-logic/syntax-and-semantics/free-vars-sentences.tex","ACCEPTED","A6365FD9C663F0AC7806A6EA46E95693BFB25F932540617B0F0103374F2944B4","PASS_STATIC_SEMANTIC_BATCH_REPLAY_BUILD_DEFERRED_FOR_DEPENDENCY_CLOSURE","ACCEPTED"
"OLP-0158","158","9620cc73f9c8e0ad003c514a5d3748f29611c4c0","content/first-order-logic/syntax-and-semantics/substitution.tex","19393c28f5f036da9c43ce10bfb5f1b2f330dca8cb2ad950d98eab5b1b7e83b2","4835","127","634","true","true","158","canonical_complete_reader_reachable","Reached by ordered depth-first replay from content/open-logic-about.tex then content/content.tex through uncommented olimport edges.","reader_unit","Substitution","fol","0","","","2","content/first-order-logic/syntax-and-semantics/syntax-and-semantics.tex|content/first-order-logic/syntax-and-semantics/syntax.tex","0","","9","defn:3|document:1|enumerate:3|ex:1|explain:1","0","0","1","3","0","0","0","0","1","0","0","0","0","0","0","0","109","locale/ar/content/first-order-logic/syntax-and-semantics/substitution.tex","ACCEPTED","4EA05CCA3163A19CBEAC3C2D7511E77D034F4B489EB35F0A9D7CB13C10B96E6B","PASS_STATIC_SEMANTIC_BATCH_REPLAY_BUILD_DEFERRED_FOR_DEPENDENCY_CLOSURE","locale/fa-IR/content/first-order-logic/syntax-and-semantics/substitution.tex","ACCEPTED","63862EAA9F38BDEE154389573296EE06B3DE4FB91E3C4549D2B95C81AB3735B1","PASS_STATIC_SEMANTIC_BATCH_REPLAY_BUILD_DEFERRED_FOR_DEPENDENCY_CLOSURE","ACCEPTED"
"OLP-0159","159","9620cc73f9c8e0ad003c514a5d3748f29611c4c0","content/first-order-logic/syntax-and-semantics/semantics.tex","d863c375746602be962b1b45545d8a51e72f9d0d9dca516f434152131b4107ec","430","27","24","true","true","159","canonical_complete_reader_reachable","Reached by ordered depth-first replay from content/open-logic-about.tex then content/content.tex through uncommented olimport edges.","chapter_driver","Semantics of First-Order Logic","","7","content/first-order-logic/syntax-and-semantics/intro-semantics.tex|content/first-order-logic/syntax-and-semantics/structures.tex|content/first-order-logic/syntax-and-semantics/covered-structures.tex|content/first-order-logic/syntax-and-semantics/satisfaction.tex|content/first-order-logic/syntax-and-semantics/assignments.tex|content/first-order-logic/syntax-and-semantics/extensionality.tex|content/first-order-logic/syntax-and-semantics/semantic-notions.tex","","1","content/first-order-logic/first-order-logic.tex","0","","1","document:1","0","1","0","0","0","0","0","0","0","0","0","0","0","0","0","0","0","locale/ar/content/first-order-logic/syntax-and-semantics/semantics.tex","ACCEPTED","AC82CDE90D16631191FAFC7143276D9696717186CE64C8FB7AE10745AD199144","PASS_STATIC_SEMANTIC_BATCH_REPLAY_BUILD_DEFERRED_FOR_DEPENDENCY_CLOSURE","locale/fa-IR/content/first-order-logic/syntax-and-semantics/semantics.tex","ACCEPTED","4D191A2F113881DEFFF354FCC290A0D9E3CC0350C3DFF7AA0FB8AAB2E7D29369","PASS_STATIC_SEMANTIC_BATCH_REPLAY_BUILD_DEFERRED_FOR_DEPENDENCY_CLOSURE","ACCEPTED"
"OLP-0160","160","9620cc73f9c8e0ad003c514a5d3748f29611c4c0","content/first-order-logic/syntax-and-semantics/intro-semantics.tex","0bcf5a399c46716183aba26ed6d331abae45bdb63ed5bb26b3a7085b840e86e4","2415","48","351","true","true","160","canonical_complete_reader_reachable","Reached by ordered depth-first replay from content/open-logic-about.tex then content/content.tex through uncommented olimport edges.","reader_unit","Introduction","fol","0","","","1","content/first-order-logic/syntax-and-semantics/semantics.tex","0","","1","document:1","0","0","1","0","0","0","0","0","0","0","0","0","0","0","0","0","13","locale/ar/content/first-order-logic/syntax-and-semantics/intro-semantics.tex","ACCEPTED","59D442BFFB5EEB6956C4AA4014D95BB350B54F9F781890F99B3DBDC2A7339CAD","PASS_STATIC_SEMANTIC_BATCH_REPLAY_BUILD_DEFERRED_FOR_DEPENDENCY_CLOSURE","locale/fa-IR/content/first-order-logic/syntax-and-semantics/intro-semantics.tex","ACCEPTED","F5818A7E1B2840834CE4624E15D08F91EA00598DF228757967F3507C7B266B4A","PASS_STATIC_SEMANTIC_BATCH_REPLAY_BUILD_DEFERRED_FOR_DEPENDENCY_CLOSURE","ACCEPTED"
"OLP-0161","161","9620cc73f9c8e0ad003c514a5d3748f29611c4c0","content/first-order-logic/syntax-and-semantics/structures.tex","653be0fbc8ef1d61d9f39e7515bd1b1b1911f42147e0131a3235670e677cc241","5060","110","616","true","true","161","canonical_complete_reader_reachable","Reached by ordered depth-first replay from content/open-logic-about.tex then content/content.tex through uncommented olimport edges.","reader_unit","","fol","0","","","2","content/first-order-logic/syntax-and-semantics/semantics.tex|content/first-order-logic/syntax-and-semantics/syntax-and-semantics.tex","0","","9","defn:1|digress:1|document:1|enumerate:3|ex:2|explain:1","0","0","1","1","0","0","0","0","2","0","0","0","0","0","0","0","68","locale/ar/content/first-order-logic/syntax-and-semantics/structures.tex","ACCEPTED","6751AB4AEC54B6B1938DDB7A7DE88588534866DC76E060A0D4622679008610C6","PASS_STATIC_SEMANTIC_BATCH_REPLAY_BUILD_DEFERRED_FOR_DEPENDENCY_CLOSURE","locale/fa-IR/content/first-order-logic/syntax-and-semantics/structures.tex","ACCEPTED","A4CFF7A52E193A272B30D56FA26E26FBDACB939AA74308D8BDD529F0227C2772","PASS_STATIC_SEMANTIC_BATCH_REPLAY_BUILD_DEFERRED_FOR_DEPENDENCY_CLOSURE","ACCEPTED"
"OLP-0162","162","9620cc73f9c8e0ad003c514a5d3748f29611c4c0","content/first-order-logic/syntax-and-semantics/covered-structures.tex","47b8c3e2f2455d6fdefbf11157cae904e95c858545997fd9b22e7a2a8a1948d7","2718","73","278","true","true","162","canonical_complete_reader_reachable","Reached by ordered depth-first replay from content/open-logic-about.tex then content/content.tex through uncommented olimport edges.","reader_unit","","fol","0","","","2","content/first-order-logic/syntax-and-semantics/semantics.tex|content/first-order-logic/syntax-and-semantics/syntax-and-semantics.tex","0","","9","aligned:1|defn:2|document:1|enumerate:1|ex:1|explain:1|multline*:1|prob:1","0","0","1","2","0","0","0","0","1","1","0","0","0","0","0","0","42","locale/ar/content/first-order-logic/syntax-and-semantics/covered-structures.tex","ACCEPTED","950D0D131CC3844CA5FED2AE1128A084CD1641B136AACAF6F4DD5089F653A15B","PASS_STATIC_SEMANTIC_BATCH_REPLAY_BUILD_DEFERRED_FOR_DEPENDENCY_CLOSURE","locale/fa-IR/content/first-order-logic/syntax-and-semantics/covered-structures.tex","ACCEPTED","1C1118B5651B0549084629D8FB3DF4E86CE0194CA47C10645E0B9B6ED0C0E446","PASS_STATIC_SEMANTIC_BATCH_REPLAY_BUILD_DEFERRED_FOR_DEPENDENCY_CLOSURE","ACCEPTED"
"OLP-0163","163","9620cc73f9c8e0ad003c514a5d3748f29611c4c0","content/first-order-logic/syntax-and-semantics/satisfaction.tex","e44b0bea8c5d130077516bc8d757f46d4b337517aab77049841581313820fd32","17320","422","2442","true","true","163","canonical_complete_reader_reachable","Reached by ordered depth-first replay from content/open-logic-about.tex then content/content.tex through uncommented olimport edges.","reader_unit","","fol","0","","","2","content/first-order-logic/syntax-and-semantics/semantics.tex|content/first-order-logic/syntax-and-semantics/syntax-and-semantics.tex","0","","26","align*:3|cases:1|defn:5|document:1|enumerate:4|ex:1|explain:4|prob:3|proof:2|prop:2","0","0","1","5","0","2","0","0","1","3","2","0","0","0","2","0","284","locale/ar/content/first-order-logic/syntax-and-semantics/satisfaction.tex","ACCEPTED","B24611B8A5C5FF925DA5FA62EC6EB894A527E20836BDE333FD4DF226A3A3EA45","PASS_STATIC_SEMANTIC_BATCH_REPLAY_BUILD_DEFERRED_FOR_DEPENDENCY_CLOSURE","locale/fa-IR/content/first-order-logic/syntax-and-semantics/satisfaction.tex","ACCEPTED","EE9B249B60C839E0C0487DC9A5B458F6591DCE7208914174489477E0185104A7","PASS_STATIC_SEMANTIC_BATCH_REPLAY_BUILD_DEFERRED_FOR_DEPENDENCY_CLOSURE","ACCEPTED"
"OLP-0164","164","9620cc73f9c8e0ad003c514a5d3748f29611c4c0","content/first-order-logic/syntax-and-semantics/assignments.tex","158d852e2ead50b060a48332cac8c72c475cfc206d3dab7aac24a01be3ff1771","14486","354","1872","true","true","164","canonical_complete_reader_reachable","Reached by ordered depth-first replay from content/open-logic-about.tex then content/content.tex through uncommented olimport edges.","reader_unit","Variable Assignments","fol","0","","","2","content/first-order-logic/syntax-and-semantics/semantics.tex|content/first-order-logic/syntax-and-semantics/syntax-and-semantics.tex","0","","26","align*:2|cor:1|defn:2|document:1|enumerate:3|explain:2|prob:4|probtag:1|proof:5|prop:4|tagenumerate:1","0","0","1","2","0","4","0","1","0","4","5","0","0","0","7","0","287","locale/ar/content/first-order-logic/syntax-and-semantics/assignments.tex","ACCEPTED","87E526451B5463C66CF22E7FA0FE5B7C7EFBE0124D09C02C80395B18C210EBC2","PASS_STATIC_SEMANTIC_BATCH_REPLAY_BUILD_DEFERRED_FOR_DEPENDENCY_CLOSURE","locale/fa-IR/content/first-order-logic/syntax-and-semantics/assignments.tex","ACCEPTED","B177DA8800CBD10172D1174075C55A2F5ECD68B6231451CA4847F785B8F4DEA7","PASS_STATIC_SEMANTIC_BATCH_REPLAY_BUILD_DEFERRED_FOR_DEPENDENCY_CLOSURE","ACCEPTED"
"OLP-0165","165","9620cc73f9c8e0ad003c514a5d3748f29611c4c0","content/first-order-logic/syntax-and-semantics/extensionality.tex","b96be00c844c1a06be3dc8c18e237fdb595ed60b18462b01bca43e6886d1da4d","5350","138","715","true","true","165","canonical_complete_reader_reachable","Reached by ordered depth-first replay from content/open-logic-about.tex then content/content.tex through uncommented olimport edges.","reader_unit","Extensionality","fol","0","","","2","content/first-order-logic/syntax-and-semantics/semantics.tex|content/first-order-logic/syntax-and-semantics/syntax-and-semantics.tex","0","","16","aligned:1|cor:1|document:1|enumerate:1|explain:2|multline*:1|prob:2|proof:4|prop:3","0","0","1","0","0","3","0","1","0","2","4","0","0","0","7","0","85","locale/ar/content/first-order-logic/syntax-and-semantics/extensionality.tex","ACCEPTED","D9B322E49D7978E78E068D632AAE4A67DB21F864B0013A5E010EAF309D021E45","PASS_STATIC_SEMANTIC_BATCH_REPLAY_BUILD_DEFERRED_FOR_DEPENDENCY_CLOSURE","locale/fa-IR/content/first-order-logic/syntax-and-semantics/extensionality.tex","ACCEPTED","D74041167152DA05317CB088D33AAFB03D596909D59147BC747951EBED3A5F81","PASS_STATIC_SEMANTIC_BATCH_REPLAY_BUILD_DEFERRED_FOR_DEPENDENCY_CLOSURE","ACCEPTED"
"OLP-0166","166","9620cc73f9c8e0ad003c514a5d3748f29611c4c0","content/first-order-logic/syntax-and-semantics/semantic-notions.tex","8b8740c064a3a876ff0cdf5dacd51bb8d3bbba87256fe49180de5f7c80fe08dd","6179","158","686","true","true","166","canonical_complete_reader_reachable","Reached by ordered depth-first replay from content/open-logic-about.tex then content/content.tex through uncommented olimport edges.","reader_unit","Semantic Notions","fol","0","","","2","content/first-order-logic/syntax-and-semantics/semantics.tex|content/first-order-logic/syntax-and-semantics/syntax-and-semantics.tex","0","","20","defn:3|document:1|enumerate:1|explain:1|prob:1|probtag:1|proof:5|prop:4|tagenumerate:2|thm:1","0","0","1","3","1","4","0","0","0","1","5","0","0","0","6","0","121","locale/ar/content/first-order-logic/syntax-and-semantics/semantic-notions.tex","ACCEPTED","A95E2F24D3D3B4D5578AA5C096E1365DE82F05514BBAAB8013AD89D8DBA6097E","PASS_STATIC_SEMANTIC_BATCH_REPLAY_BUILD_DEFERRED_FOR_DEPENDENCY_CLOSURE","locale/fa-IR/content/first-order-logic/syntax-and-semantics/semantic-notions.tex","ACCEPTED","EE80EF2D2079DF8BCC00CD2D46EC4302F89BCF0EFD65B7C0CDB05DC12ACB5108","PASS_STATIC_SEMANTIC_BATCH_REPLAY_BUILD_DEFERRED_FOR_DEPENDENCY_CLOSURE","ACCEPTED"
"OLP-0167","167","9620cc73f9c8e0ad003c514a5d3748f29611c4c0","content/first-order-logic/models-theories/models-theories.tex","a3a51cfc65725adf5e09f41af5e24114847757effad8d2c49827bb427e16da6f","418","25","26","true","true","167","canonical_complete_reader_reachable","Reached by ordered depth-first replay from content/open-logic-about.tex then content/content.tex through uncommented olimport edges.","chapter_driver","Theories and Their Models","","6","content/first-order-logic/models-theories/introduction.tex|content/first-order-logic/models-theories/expressing-props-of-structures.tex|content/first-order-logic/models-theories/theories.tex|content/first-order-logic/models-theories/expressing-relations.tex|content/first-order-logic/models-theories/set-theory.tex|content/first-order-logic/models-theories/size-of-structures.tex","","1","content/first-order-logic/first-order-logic.tex","0","","1","document:1","0","1","0","0","0","0","0","0","0","0","0","0","0","0","0","0","0","locale/ar/content/first-order-logic/models-theories/models-theories.tex","ACCEPTED","C5ED6891F3AB4B1DC3C4308587870F9461F1B1CCAD1FCCA17F23A4DAD5598FD5","PASS_STATIC_SEMANTIC_BATCH_REPLAY_BUILD_DEFERRED_FOR_DEPENDENCY_CLOSURE","locale/fa-IR/content/first-order-logic/models-theories/models-theories.tex","ACCEPTED","3AFC84B92344EBD8F553D92358BBBA4B96F76A82EEDFFB96BB9BB4D95E508144","PASS_STATIC_SEMANTIC_BATCH_REPLAY_BUILD_DEFERRED_FOR_DEPENDENCY_CLOSURE","ACCEPTED"
"OLP-0168","168","9620cc73f9c8e0ad003c514a5d3748f29611c4c0","content/first-order-logic/models-theories/introduction.tex","56518e9cb660f5393a035d369656023c1e2301db8eb220c642131a14a5cdc8d8","5215","102","782","true","true","168","canonical_complete_reader_reachable","Reached by ordered depth-first replay from content/open-logic-about.tex then content/content.tex through uncommented olimport edges.","reader_unit","Introduction","fol","0","","","1","content/first-order-logic/models-theories/models-theories.tex","0","","5","defn:1|document:1|enumerate:1|explain:2","0","0","1","1","0","0","0","0","0","0","0","0","0","0","0","0","28","locale/ar/content/first-order-logic/models-theories/introduction.tex","ACCEPTED","80D7DAF4275549EC0EE7243969E84249AB10B7309026AE338ECD6364ED785054","PASS_STATIC_SEMANTIC_BATCH_REPLAY_BUILD_DEFERRED_FOR_DEPENDENCY_CLOSURE","locale/fa-IR/content/first-order-logic/models-theories/introduction.tex","ACCEPTED","B616E41522DB10BB608059DB8437B73A1FDCA53C378368F68F422132D8AA8D90","PASS_STATIC_SEMANTIC_BATCH_REPLAY_BUILD_DEFERRED_FOR_DEPENDENCY_CLOSURE","ACCEPTED"
"OLP-0169","169","9620cc73f9c8e0ad003c514a5d3748f29611c4c0","content/first-order-logic/models-theories/expressing-props-of-structures.tex","939bbd9f240291eefaf1926db84c710e635642e1c0b083d6bb8fd7c62b302db0","2967","66","403","true","true","169","canonical_complete_reader_reachable","Reached by ordered depth-first replay from content/open-logic-about.tex then content/content.tex through uncommented olimport edges.","reader_unit","","fol","0","","","1","content/first-order-logic/models-theories/models-theories.tex","0","","5","align*:1|defn:1|document:1|ex:1|explain:1","0","0","1","1","0","0","0","0","1","0","0","0","0","0","0","0","25","locale/ar/content/first-order-logic/models-theories/expressing-props-of-structures.tex","ACCEPTED","F9394965BD374858BC0C3D5198C957A81A780865E2F5F2FFB1474048461F8F59","PASS_STATIC_SEMANTIC_BATCH_REPLAY_BUILD_DEFERRED_FOR_DEPENDENCY_CLOSURE","locale/fa-IR/content/first-order-logic/models-theories/expressing-props-of-structures.tex","ACCEPTED","1303434A2ED9B15AA74A35667F5334E85954DB5E185714ACF5A285CBD189578F","PASS_STATIC_SEMANTIC_BATCH_REPLAY_BUILD_DEFERRED_FOR_DEPENDENCY_CLOSURE","ACCEPTED"
"OLP-0170","170","9620cc73f9c8e0ad003c514a5d3748f29611c4c0","content/first-order-logic/models-theories/theories.tex","0d47cc25cb7555009033f6dd8131beddfe7a36d514989154d241d98c3ae92536","6253","144","858","true","true","170","canonical_complete_reader_reachable","Reached by ordered depth-first replay from content/open-logic-about.tex then content/content.tex through uncommented olimport edges.","reader_unit","Examples of First-Order Theories","fol","0","","","1","content/first-order-logic/models-theories/models-theories.tex","0","","11","align*:5|document:1|ex:5","0","0","1","0","0","0","0","0","5","0","0","0","0","0","0","0","40","locale/ar/content/first-order-logic/models-theories/theories.tex","ACCEPTED","E1D101B277A61292EF8EE6B4811E6BB054B072DD0BF6B0AAF87DDCD0205E744C","PASS_STATIC_SEMANTIC_BATCH_REPLAY_BUILD_DEFERRED_FOR_DEPENDENCY_CLOSURE","locale/fa-IR/content/first-order-logic/models-theories/theories.tex","ACCEPTED","7F02B5BDE82EFAC75E0B3FB8B9DC80A7633C831EB0B7EDB5617560F18254AF8A","PASS_STATIC_SEMANTIC_BATCH_REPLAY_BUILD_DEFERRED_FOR_DEPENDENCY_CLOSURE","ACCEPTED"
"OLP-0171","171","9620cc73f9c8e0ad003c514a5d3748f29611c4c0","content/first-order-logic/models-theories/expressing-relations.tex","4463b194f95a1e7649f0ee833e2851273e78e760d9db32f67f925c8d551daa7d","5120","123","655","true","true","171","canonical_complete_reader_reachable","Reached by ordered depth-first replay from content/open-logic-about.tex then content/content.tex through uncommented olimport edges.","reader_unit","","fol","0","","","1","content/first-order-logic/models-theories/models-theories.tex","0","","11","defn:1|document:1|enumerate:3|ex:1|explain:2|prob:3","0","0","1","1","0","0","0","0","1","3","0","0","0","0","0","0","92","locale/ar/content/first-order-logic/models-theories/expressing-relations.tex","ACCEPTED","3212B6C201A1575D6865FEF969D9C51FD19C33FFE930A6263C25B99CF3ED23F7","PASS_STATIC_SEMANTIC_BATCH_REPLAY_BUILD_DEFERRED_FOR_DEPENDENCY_CLOSURE","locale/fa-IR/content/first-order-logic/models-theories/expressing-relations.tex","ACCEPTED","6B1F3C7E68F8982B6EAA7CE2624BA78BBB35D8B4431151E56F2F9CE9131C75E9","PASS_STATIC_SEMANTIC_BATCH_REPLAY_BUILD_DEFERRED_FOR_DEPENDENCY_CLOSURE","ACCEPTED"
"OLP-0172","172","9620cc73f9c8e0ad003c514a5d3748f29611c4c0","content/first-order-logic/models-theories/set-theory.tex","c252116bc14449400e362e11e002d865f58e59177215cab085ceaec7ae9d2aa3","8490","183","1283","true","true","172","canonical_complete_reader_reachable","Reached by ordered depth-first replay from content/open-logic-about.tex then content/content.tex through uncommented olimport edges.","reader_unit","The Theory of Sets","fol","0","","","1","content/first-order-logic/models-theories/models-theories.tex","0","","5","align*:2|document:1|multline*:1|prob:1","0","0","1","0","0","0","0","0","0","1","0","0","0","0","0","0","110","locale/ar/content/first-order-logic/models-theories/set-theory.tex","ACCEPTED","F060743240B712FCACEEE0B524A8C651946F13E8E46CD7A6558E55CA6E58B628","PASS_STATIC_SEMANTIC_BATCH_REPLAY_BUILD_DEFERRED_FOR_DEPENDENCY_CLOSURE","locale/fa-IR/content/first-order-logic/models-theories/set-theory.tex","ACCEPTED","94CF2F819DD22C26AD605696CDC88469DC835A0936AD61F2F1583B1EF7A81F8E","PASS_STATIC_SEMANTIC_BATCH_REPLAY_BUILD_DEFERRED_FOR_DEPENDENCY_CLOSURE","ACCEPTED"
"OLP-0173","173","9620cc73f9c8e0ad003c514a5d3748f29611c4c0","content/first-order-logic/models-theories/size-of-structures.tex","b63fc24a59388785180fe06e738b2b2e0e61c05896050bbfb1959fd6ddcf0060","2448","73","276","true","true","173","canonical_complete_reader_reachable","Reached by ordered depth-first replay from content/open-logic-about.tex then content/content.tex through uncommented olimport edges.","reader_unit","","fol","0","","","1","content/first-order-logic/models-theories/models-theories.tex","0","","9","aligned:2|document:1|explain:1|multline*:2|prop:3","0","0","1","0","0","3","0","0","0","0","0","0","0","0","0","0","15","locale/ar/content/first-order-logic/models-theories/size-of-structures.tex","ACCEPTED","50FDE69C3E01977AE12AF6147A4F4E4CF245BA444013798884B1E39AABE742E5","PASS_STATIC_SEMANTIC_BATCH_REPLAY_BUILD_DEFERRED_FOR_DEPENDENCY_CLOSURE","locale/fa-IR/content/first-order-logic/models-theories/size-of-structures.tex","ACCEPTED","BE3EFCE0DEA9703D56A920BA383016124725084CEC7A6610315805A0B86E09FE","PASS_STATIC_SEMANTIC_BATCH_REPLAY_BUILD_DEFERRED_FOR_DEPENDENCY_CLOSURE","ACCEPTED"
"OLP-0174","174","9620cc73f9c8e0ad003c514a5d3748f29611c4c0","content/first-order-logic/beyond/beyond.tex","01c5b0b8dfff784fd345633ad6f9ec678b48cd6185a6912e8fc9ab317f61403e","856","36","91","true","true","174","canonical_complete_reader_reachable","Reached by ordered depth-first replay from content/open-logic-about.tex then content/content.tex through uncommented olimport edges.","chapter_driver","Beyond First-order Logic","","7","content/first-order-logic/beyond/introduction.tex|content/first-order-logic/beyond/many-sorted-logic.tex|content/first-order-logic/beyond/second-order-logic.tex|content/first-order-logic/beyond/higher-order-logic.tex|content/first-order-logic/beyond/intuitionistic-logic.tex|content/first-order-logic/beyond/modal-logics.tex|content/first-order-logic/beyond/other-logics.tex","","1","content/first-order-logic/first-order-logic.tex","0","","2","document:1|editorial:1","0","1","0","0","0","0","0","0","0","0","0","0","0","0","0","0","0","locale/ar/content/first-order-logic/beyond/beyond.tex","ACCEPTED","BE963A9DBFDF072FB98D96F5ACCAEE771B049942515AC9AE022DF206C135D3C6","PASS_STATIC_SEMANTIC_BATCH_REPLAY_BUILD_DEFERRED_FOR_DEPENDENCY_CLOSURE","locale/fa-IR/content/first-order-logic/beyond/beyond.tex","ACCEPTED","73917DEC0502537EF092E2A6158CD75021B4B21A6AD28CB34AFBBFDFE1B3F44D","PASS_STATIC_SEMANTIC_BATCH_REPLAY_BUILD_DEFERRED_FOR_DEPENDENCY_CLOSURE","ACCEPTED"
"OLP-0175","175","9620cc73f9c8e0ad003c514a5d3748f29611c4c0","content/first-order-logic/beyond/introduction.tex","84223ddeb7093a489e9130870be10bf99d6082762db58dff7763044c3ce6039e","2558","51","385","true","true","175","canonical_complete_reader_reachable","Reached by ordered depth-first replay from content/open-logic-about.tex then content/content.tex through uncommented olimport edges.","reader_unit","Overview","fol","0","","","1","content/first-order-logic/beyond/beyond.tex","0","","1","document:1","0","0","1","0","0","0","0","0","0","0","0","0","0","0","0","0","0","locale/ar/content/first-order-logic/beyond/introduction.tex","ACCEPTED","2AA518B6DA0BBCCF5B5BAE0176AD803679F7C29DD0051967E17A1DCA3FFAF079","PASS_STATIC_SEMANTIC_BATCH_REPLAY_BUILD_DEFERRED_FOR_DEPENDENCY_CLOSURE","locale/fa-IR/content/first-order-logic/beyond/introduction.tex","ACCEPTED","D4C00E78875870B9981C4309D0415A019167E46872D93F3F93CB1F82AC431E2E","PASS_STATIC_SEMANTIC_BATCH_REPLAY_BUILD_DEFERRED_FOR_DEPENDENCY_CLOSURE","ACCEPTED"
"OLP-0176","176","9620cc73f9c8e0ad003c514a5d3748f29611c4c0","content/first-order-logic/beyond/many-sorted-logic.tex","00d702a1e3ddd4f8e98ddb1f01b5ddffe140ce3e32a40acad54dbe1e4ba64f98","3269","68","472","true","true","176","canonical_complete_reader_reachable","Reached by ordered depth-first replay from content/open-logic-about.tex then content/content.tex through uncommented olimport edges.","reader_unit","Many-Sorted Logic","fol","0","","","1","content/first-order-logic/beyond/beyond.tex","0","","1","document:1","0","0","1","0","0","0","0","0","0","0","0","0","0","0","0","0","14","locale/ar/content/first-order-logic/beyond/many-sorted-logic.tex","ACCEPTED","852409E62CDE53D7B19D4EEEDC5FAD1CE8AB00F0842F7192955BF6CDB1BF1BE6","PASS_STATIC_SEMANTIC_BATCH_REPLAY_BUILD_DEFERRED_FOR_DEPENDENCY_CLOSURE","locale/fa-IR/content/first-order-logic/beyond/many-sorted-logic.tex","ACCEPTED","835F4106B594BA45FF929DC02F7798A050F9B819485B312C0D39E8BBD307BC76","PASS_STATIC_SEMANTIC_BATCH_REPLAY_BUILD_DEFERRED_FOR_DEPENDENCY_CLOSURE","ACCEPTED"
"OLP-0177","177","9620cc73f9c8e0ad003c514a5d3748f29611c4c0","content/first-order-logic/beyond/second-order-logic.tex","c5a38313f00a864f10c9f7005a8f8ad4ef9ca2289690f0222f66cae6fa2af8cf","12655","246","1872","true","true","177","canonical_complete_reader_reachable","Reached by ordered depth-first replay from content/open-logic-about.tex then content/content.tex through uncommented olimport edges.","reader_unit","Second-Order logic","fol","0","","","1","content/first-order-logic/beyond/beyond.tex","0","","4","document:1|enumerate:3","0","0","1","0","0","0","0","0","0","0","0","0","0","0","0","0","103","locale/ar/content/first-order-logic/beyond/second-order-logic.tex","ACCEPTED","D6282105FA6D283A4EC46F43DFDF5034380C86B8C5A7DB332E210684961D8FF7","PASS_STATIC_SEMANTIC_BATCH_REPLAY_BUILD_DEFERRED_FOR_DEPENDENCY_CLOSURE","locale/fa-IR/content/first-order-logic/beyond/second-order-logic.tex","ACCEPTED","74CF9B96CD1E84594F586BCFFC5DCE4D9E88D6DADAD7DF1A9D77E80944F3CFD2","PASS_STATIC_SEMANTIC_BATCH_REPLAY_BUILD_DEFERRED_FOR_DEPENDENCY_CLOSURE","ACCEPTED"
"OLP-0178","178","9620cc73f9c8e0ad003c514a5d3748f29611c4c0","content/first-order-logic/beyond/higher-order-logic.tex","52968463dd9b903b6ad2bcf76b0cb5c71d222d2c439855672f5216fac8335692","6298","126","918","true","true","178","canonical_complete_reader_reachable","Reached by ordered depth-first replay from content/open-logic-about.tex then content/content.tex through uncommented olimport edges.","reader_unit","Higher-Order logic","fol","0","","","1","content/first-order-logic/beyond/beyond.tex","0","","5","align*:1|document:1|enumerate:2|quote:1","0","0","1","0","0","0","0","0","0","0","0","0","0","0","0","0","90","locale/ar/content/first-order-logic/beyond/higher-order-logic.tex","ACCEPTED","01FF022FD835F61E0ABA14D1E327AD2E31848EC42BE9879846E4BE5A6F3BF77B","PASS_STATIC_SEMANTIC_BATCH_REPLAY_BUILD_DEFERRED_FOR_DEPENDENCY_CLOSURE","locale/fa-IR/content/first-order-logic/beyond/higher-order-logic.tex","ACCEPTED","85D2552B53010A9177AE220BD3BD5A63B6F0495B9EA8EA939481B3EBCE59CA9F","PASS_STATIC_SEMANTIC_BATCH_REPLAY_BUILD_DEFERRED_FOR_DEPENDENCY_CLOSURE","ACCEPTED"
"OLP-0179","179","9620cc73f9c8e0ad003c514a5d3748f29611c4c0","content/first-order-logic/beyond/intuitionistic-logic.tex","3230d39434d6ecdbf0e6cd7e0c8b1df843b991e8e2106b1ecd91db9ea4f94cc0","10746","225","1579","true","true","179","canonical_complete_reader_reachable","Reached by ordered depth-first replay from content/open-logic-about.tex then content/content.tex through uncommented olimport edges.","reader_unit","Intuitionistic Logic","fol","0","","","1","content/first-order-logic/beyond/beyond.tex","0","","10","align*:1|document:1|enumerate:3|proof:1|thm:4","0","0","1","0","4","0","0","0","0","0","1","0","0","0","0","0","94","locale/ar/content/first-order-logic/beyond/intuitionistic-logic.tex","ACCEPTED","D9F18E27EC7B07AC855760CE9F89A11D52E8FBC28B419BE3C7BCA8A6E3E69B63","PASS_STATIC_SEMANTIC_BATCH_REPLAY_BUILD_DEFERRED_FOR_DEPENDENCY_CLOSURE","locale/fa-IR/content/first-order-logic/beyond/intuitionistic-logic.tex","ACCEPTED","FF0733F6AA24EEBEB90981C6C6A4CCBD878FC197C2ABB79649ADB5B082824F91","PASS_STATIC_SEMANTIC_BATCH_REPLAY_BUILD_DEFERRED_FOR_DEPENDENCY_CLOSURE","ACCEPTED"
"OLP-0180","180","9620cc73f9c8e0ad003c514a5d3748f29611c4c0","content/first-order-logic/beyond/modal-logics.tex","3bfc4f07de2027fd339884563522915e040c5105207a857a65e2b033fef4a1d1","4379","92","637","true","true","180","canonical_complete_reader_reachable","Reached by ordered depth-first replay from content/open-logic-about.tex then content/content.tex through uncommented olimport edges.","reader_unit","Modal Logics","fol","0","","","1","content/first-order-logic/beyond/beyond.tex","0","","4","align*:1|document:1|enumerate:1|quote:1","0","0","1","0","0","0","0","0","0","0","0","0","0","0","0","0","36","locale/ar/content/first-order-logic/beyond/modal-logics.tex","ACCEPTED","F550955BBCDA1035D4118B4DE85F5C17DAA52AA6460EF2E25312B13D8ACE6F3E","PASS_STATIC_SEMANTIC_BATCH_REPLAY_BUILD_DEFERRED_FOR_DEPENDENCY_CLOSURE","locale/fa-IR/content/first-order-logic/beyond/modal-logics.tex","ACCEPTED","47B263BCF4DA43C9F390B7E5A8C8C285F5EBB7B91E17B4E7FDB92DB62F9A8929","PASS_STATIC_SEMANTIC_BATCH_REPLAY_BUILD_DEFERRED_FOR_DEPENDENCY_CLOSURE","ACCEPTED"
"OLP-0181","181","9620cc73f9c8e0ad003c514a5d3748f29611c4c0","content/first-order-logic/beyond/other-logics.tex","bc7394b6a16921b5a7b2dc8129b1a6c8a2b2900dc3a30b886a06ab2028ea7691","1876","43","265","true","true","181","canonical_complete_reader_reachable","Reached by ordered depth-first replay from content/open-logic-about.tex then content/content.tex through uncommented olimport edges.","reader_unit","Other Logics","fol","0","","","1","content/first-order-logic/beyond/beyond.tex","0","","1","document:1","0","0","1","0","0","0","0","0","0","0","0","0","0","0","0","0","0","locale/ar/content/first-order-logic/beyond/other-logics.tex","ACCEPTED","B6A4B6292C8BCC190DF500CB3534D0662305A9E0E65079D310C979F2B4E3DD9D","PASS_STATIC_SEMANTIC_BATCH_REPLAY_BUILD_DEFERRED_FOR_DEPENDENCY_CLOSURE","locale/fa-IR/content/first-order-logic/beyond/other-logics.tex","ACCEPTED","C81AEBE121D32FEB1812037903EFDA2E9146BA1AFFB5673C68BB8956BAB7F410","PASS_STATIC_SEMANTIC_BATCH_REPLAY_BUILD_DEFERRED_FOR_DEPENDENCY_CLOSURE","ACCEPTED"
"OLP-0182","182","9620cc73f9c8e0ad003c514a5d3748f29611c4c0","content/model-theory/model-theory.tex","d344ffda1bed36ff693a10b8093066703e9f00ce0ca64babaea50d5a2d25613f","821","30","88","true","true","182","canonical_complete_reader_reachable","Reached by ordered depth-first replay from content/open-logic-about.tex then content/content.tex through uncommented olimport edges.","part_driver","Model Theory","","4","content/model-theory/basics/basics.tex|content/model-theory/models-of-arithmetic/models-of-arithmetic.tex|content/model-theory/interpolation/interpolation.tex|content/model-theory/lindstrom/lindstrom.tex","","1","content/content.tex","0","","2","document:1|editorial:1","1","0","0","0","0","0","0","0","0","0","0","0","0","0","0","0","0","locale/ar/content/model-theory/model-theory.tex","ACCEPTED","3DA3C749F8E65E009DE03CB4E1F9558958B5433844A88BB584B96A496AFD204D","PASS_STATIC_SEMANTIC_BATCH_REPLAY_BUILD_DEFERRED_FOR_DEPENDENCY_CLOSURE","locale/fa-IR/content/model-theory/model-theory.tex","ACCEPTED","5D69DF84023CAF1403778DC3C097C923D688F6FBCC265B09C0B24B710E66AAE7","PASS_STATIC_SEMANTIC_BATCH_REPLAY_BUILD_DEFERRED_FOR_DEPENDENCY_CLOSURE","ACCEPTED"
"OLP-0183","183","9620cc73f9c8e0ad003c514a5d3748f29611c4c0","content/model-theory/basics/basics.tex","dbaab317a40a064d1325f5f071b3be75c7a3fa581423f7a2551cf9f4b06873b4","436","29","25","true","true","183","canonical_complete_reader_reachable","Reached by ordered depth-first replay from content/open-logic-about.tex then content/content.tex through uncommented olimport edges.","chapter_driver","Basics of Model Theory","","7","content/model-theory/basics/reducts-and-expansions.tex|content/model-theory/basics/substructures.tex|content/model-theory/basics/overspill.tex|content/model-theory/basics/isomorphism.tex|content/model-theory/basics/theory-of-m.tex|content/model-theory/basics/partial-iso.tex|content/model-theory/basics/dlo.tex","","1","content/model-theory/model-theory.tex","0","","1","document:1","0","1","0","0","0","0","0","0","0","0","0","0","0","0","0","0","0","locale/ar/content/model-theory/basics/basics.tex","ACCEPTED","231DF975C3A42894FF80F9A0A134C122818EB21498143FB7E4334E4E27697433","PASS_STATIC_SEMANTIC_BATCH_REPLAY_BUILD_DEFERRED_FOR_DEPENDENCY_CLOSURE","locale/fa-IR/content/model-theory/basics/basics.tex","ACCEPTED","D74C4F9EB0BF8BBE29A624C0F766EB04B210B11DCBDE4D932C361314A7DA07F8","PASS_STATIC_SEMANTIC_BATCH_REPLAY_BUILD_DEFERRED_FOR_DEPENDENCY_CLOSURE","ACCEPTED"
"OLP-0184","184","9620cc73f9c8e0ad003c514a5d3748f29611c4c0","content/model-theory/basics/reducts-and-expansions.tex","f570b7501195fe1f9f137521c31af6e33c31c6d87d304e82649408b523aec20d","2342","68","276","true","true","184","canonical_complete_reader_reachable","Reached by ordered depth-first replay from content/open-logic-about.tex then content/content.tex through uncommented olimport edges.","reader_unit","","mod","0","","","1","content/model-theory/basics/basics.tex","0","","7","defn:2|document:1|enumerate:1|prob:1|proof:1|prop:1","0","0","1","2","0","1","0","0","0","1","1","0","0","0","1","0","47","locale/ar/content/model-theory/basics/reducts-and-expansions.tex","ACCEPTED","D11E46D413CFE175346AF1F929120982F0F2550CBDAE9A483802F74B6BC2E932","PASS_STATIC_SEMANTIC_BATCH_REPLAY_BUILD_DEFERRED_FOR_DEPENDENCY_CLOSURE","locale/fa-IR/content/model-theory/basics/reducts-and-expansions.tex","ACCEPTED","F291C4BBD1E778A492AEA7D23DA8D754115E56540DE279B48555B00FE75D153D","PASS_STATIC_SEMANTIC_BATCH_REPLAY_BUILD_DEFERRED_FOR_DEPENDENCY_CLOSURE","ACCEPTED"
"OLP-0185","185","9620cc73f9c8e0ad003c514a5d3748f29611c4c0","content/model-theory/basics/substructures.tex","2c47b8add212cb4b0f9029d4d68acb4e56e8827a7da2e44ea2c5914b2f6f27d1","1809","50","194","true","true","185","canonical_complete_reader_reachable","Reached by ordered depth-first replay from content/open-logic-about.tex then content/content.tex through uncommented olimport edges.","reader_unit","","mod","0","","","1","content/model-theory/basics/basics.tex","0","","4","defn:1|document:1|enumerate:1|rem:1","0","0","1","1","0","0","0","0","0","0","0","0","0","0","0","0","35","locale/ar/content/model-theory/basics/substructures.tex","ACCEPTED","EAF33CC655DB1DA31A827A95050D2F8F03D4CE473A78F3E5C79889CE54E24179","PASS_STATIC_SEMANTIC_BATCH_REPLAY_BUILD_DEFERRED_FOR_DEPENDENCY_CLOSURE","locale/fa-IR/content/model-theory/basics/substructures.tex","ACCEPTED","A5B52AEB08638212671375D67A4F8BA272A5DF43D15164B80AC082A468340998","PASS_STATIC_SEMANTIC_BATCH_REPLAY_BUILD_DEFERRED_FOR_DEPENDENCY_CLOSURE","ACCEPTED"
"OLP-0186","186","9620cc73f9c8e0ad003c514a5d3748f29611c4c0","content/model-theory/basics/overspill.tex","c0bcbf30f27166ac4d28caa048c645701e64a64407184b553c37666ecdf7fbc5","1468","43","191","true","true","186","canonical_complete_reader_reachable","Reached by ordered depth-first replay from content/open-logic-about.tex then content/content.tex through uncommented olimport edges.","reader_unit","Overspill","mod","0","","","1","content/model-theory/basics/basics.tex","0","","5","document:1|proof:2|prop:1|thm:1","0","0","1","0","1","1","0","0","0","0","2","0","0","0","1","0","19","locale/ar/content/model-theory/basics/overspill.tex","ACCEPTED","683DF6BD3D1F0D539B5EE9B91A80961B8BBB3B28D911E152E44A3B20CC332483","PASS_STATIC_SEMANTIC_BATCH_REPLAY_BUILD_DEFERRED_FOR_DEPENDENCY_CLOSURE","locale/fa-IR/content/model-theory/basics/overspill.tex","ACCEPTED","BAD6CCC14DB2A2B95F864CBBE4C48FFBEFF0C9892440F3746CA5278F7884085D","PASS_STATIC_SEMANTIC_BATCH_REPLAY_BUILD_DEFERRED_FOR_DEPENDENCY_CLOSURE","ACCEPTED"
"OLP-0187","187","9620cc73f9c8e0ad003c514a5d3748f29611c4c0","content/model-theory/basics/isomorphism.tex","400ced4b63fe2ab03f95db16b1169e3bfa382ae0b4346c839c36220f51aac563","5316","132","724","true","true","187","canonical_complete_reader_reachable","Reached by ordered depth-first replay from content/open-logic-about.tex then content/content.tex through uncommented olimport edges.","reader_unit","Isomorphic Structures","mod","0","","","1","content/model-theory/basics/basics.tex","0","","13","align:1|align*:1|defn:3|document:1|enumerate:3|prob:2|proof:1|thm:1","0","0","1","3","1","0","0","0","0","2","1","0","0","0","8","0","78","locale/ar/content/model-theory/basics/isomorphism.tex","ACCEPTED","C267C07E57B45E0DDB962F804772EE1B008F8A8B78BA4A60CC65EC6C35382796","PASS_STATIC_SEMANTIC_BATCH_REPLAY_BUILD_DEFERRED_FOR_DEPENDENCY_CLOSURE","locale/fa-IR/content/model-theory/basics/isomorphism.tex","ACCEPTED","9F8C3E0407DC2D588AE249D5671432D863567DB5624BDE79495DF33FC870B290","PASS_STATIC_SEMANTIC_BATCH_REPLAY_BUILD_DEFERRED_FOR_DEPENDENCY_CLOSURE","ACCEPTED"
"OLP-0188","188","9620cc73f9c8e0ad003c514a5d3748f29611c4c0","content/model-theory/basics/theory-of-m.tex","29fadddc04faea7888457a0eb536fbbef4d9942e4076a14f9ed186b61813e7a7","2322","65","268","true","true","188","canonical_complete_reader_reachable","Reached by ordered depth-first replay from content/open-logic-about.tex then content/content.tex through uncommented olimport edges.","reader_unit","","mod","0","","","1","content/model-theory/basics/basics.tex","0","","7","defn:1|document:1|proof:2|prop:2|rem:1","0","0","1","1","0","2","0","0","0","0","2","0","0","0","2","0","36","locale/ar/content/model-theory/basics/theory-of-m.tex","ACCEPTED","ACB69F95855CD33B9BB1F84A52972FE7FC8EDD8BEC314526B47DF4EE264EC110","PASS_STATIC_SEMANTIC_BATCH_REPLAY_BUILD_DEFERRED_FOR_DEPENDENCY_CLOSURE","locale/fa-IR/content/model-theory/basics/theory-of-m.tex","ACCEPTED","7B88FE442DC2F487068241AE49548C1FE2766F74A4F9D9EDD28CB93CD74D3B1A","PASS_STATIC_SEMANTIC_BATCH_REPLAY_BUILD_DEFERRED_FOR_DEPENDENCY_CLOSURE","ACCEPTED"
"OLP-0189","189","9620cc73f9c8e0ad003c514a5d3748f29611c4c0","content/model-theory/basics/partial-iso.tex","9233c0428a52f321404fd272342e7e2ad90b16efcc7c6a0c5d766717eb739e97","9702","224","1325","true","true","189","canonical_complete_reader_reachable","Reached by ordered depth-first replay from content/open-logic-about.tex then content/content.tex through uncommented olimport edges.","reader_unit","","mod","0","","","1","content/model-theory/basics/basics.tex","0","","22","cor:1|defn:6|document:1|enumerate:4|prob:1|proof:4|prop:1|rem:1|thm:3","0","0","1","6","3","1","0","1","0","1","4","0","0","0","3","0","212","locale/ar/content/model-theory/basics/partial-iso.tex","ACCEPTED","13D2AC1E08718252F352730F9FAEF8258E83AAC4B9AC5B7AA96E487F9E775844","PASS_STATIC_SEMANTIC_BATCH_REPLAY_BUILD_DEFERRED_FOR_DEPENDENCY_CLOSURE","locale/fa-IR/content/model-theory/basics/partial-iso.tex","ACCEPTED","AA71FC106040223B8424224C94BA01FE26A823916C0DD7C46873FBD8F469D43C","PASS_STATIC_SEMANTIC_BATCH_REPLAY_BUILD_DEFERRED_FOR_DEPENDENCY_CLOSURE","ACCEPTED"
"OLP-0190","190","9620cc73f9c8e0ad003c514a5d3748f29611c4c0","content/model-theory/basics/dlo.tex","2176d8add7d120c359c3a1f83010e0dcbcfa8a70c3d7595bf87931eb67354a8a","3593","85","418","true","true","190","canonical_complete_reader_reachable","Reached by ordered depth-first replay from content/open-logic-about.tex then content/content.tex through uncommented olimport edges.","reader_unit","","mod","0","","","1","content/model-theory/basics/basics.tex","0","","8","defn:1|document:1|enumerate:2|prob:1|proof:1|rem:1|thm:1","0","0","1","1","1","0","0","0","0","1","1","0","0","0","5","0","54","locale/ar/content/model-theory/basics/dlo.tex","ACCEPTED","66B753804A7DE8110585465D496A4806F15B6A7324EF9886AA6A7DF2CAE357A7","PASS_STATIC_SEMANTIC_BATCH_REPLAY_BUILD_DEFERRED_FOR_DEPENDENCY_CLOSURE","locale/fa-IR/content/model-theory/basics/dlo.tex","ACCEPTED","EF8AB626BA913BC841F4F043B941DDD0C9B07A1544821740CECCE509CE17187F","PASS_STATIC_SEMANTIC_BATCH_REPLAY_BUILD_DEFERRED_FOR_DEPENDENCY_CLOSURE","ACCEPTED"
"OLP-0191","191","9620cc73f9c8e0ad003c514a5d3748f29611c4c0","content/model-theory/models-of-arithmetic/models-of-arithmetic.tex","3805d7a115d7d90554f1a29916190b1f050d1b5caedeb071e3226f6d38ee2100","401","25","26","true","true","191","canonical_complete_reader_reachable","Reached by ordered depth-first replay from content/open-logic-about.tex then content/content.tex through uncommented olimport edges.","chapter_driver","Models of Arithmetic","","6","content/model-theory/models-of-arithmetic/introduction.tex|content/model-theory/models-of-arithmetic/standard-models.tex|content/model-theory/models-of-arithmetic/non-standard-models.tex|content/model-theory/models-of-arithmetic/models-of-q.tex|content/model-theory/models-of-arithmetic/models-of-pa.tex|content/model-theory/models-of-arithmetic/computable-models.tex","","1","content/model-theory/model-theory.tex","0","","1","document:1","0","1","0","0","0","0","0","0","0","0","0","0","0","0","0","0","0","locale/ar/content/model-theory/models-of-arithmetic/models-of-arithmetic.tex","ACCEPTED","AAD16BCA00F29314705940CF1B23CC03D7DD953D48393B0AF5C10D5F591C9C1F","PASS_STATIC_SEMANTIC_BATCH_REPLAY_BUILD_DEFERRED_FOR_DEPENDENCY_CLOSURE","locale/fa-IR/content/model-theory/models-of-arithmetic/models-of-arithmetic.tex","ACCEPTED","36486380BB559CFFAA2A1A8459F4208CB09DC9A633414CB5F2A9DFB3FA7B739F","PASS_STATIC_SEMANTIC_BATCH_REPLAY_BUILD_DEFERRED_FOR_DEPENDENCY_CLOSURE","ACCEPTED"
"OLP-0192","192","9620cc73f9c8e0ad003c514a5d3748f29611c4c0","content/model-theory/models-of-arithmetic/introduction.tex","2d070e63927f9c2ea50bf5074fd6b3f15bff465398575601d3b7ed8bc9867cbb","3256","73","397","true","true","192","canonical_complete_reader_reachable","Reached by ordered depth-first replay from content/open-logic-about.tex then content/content.tex through uncommented olimport edges.","reader_unit","","mod","0","","","1","content/model-theory/models-of-arithmetic/models-of-arithmetic.tex","0","","3","align*:2|document:1","0","0","1","0","0","0","0","0","0","0","0","0","0","0","0","0","49","locale/ar/content/model-theory/models-of-arithmetic/introduction.tex","ACCEPTED","B4AB0F3EA99EF032F8D4D6AF0B55484CDA7AF0F2571BB06A1105FFB4668B1D21","PASS_STATIC_SEMANTIC_BATCH_REPLAY_BUILD_DEFERRED_FOR_DEPENDENCY_CLOSURE","locale/fa-IR/content/model-theory/models-of-arithmetic/introduction.tex","ACCEPTED","D857C9B0C951169E1D11530DC5CFE21070B312AF5BB0AC179B6D229421DE04ED","PASS_STATIC_SEMANTIC_BATCH_REPLAY_BUILD_DEFERRED_FOR_DEPENDENCY_CLOSURE","ACCEPTED"
"OLP-0193","193","9620cc73f9c8e0ad003c514a5d3748f29611c4c0","content/model-theory/models-of-arithmetic/standard-models.tex","27e39b49bb28308233f0874de2d15ff5f33d61cc294acfa635bde0bbe4710019","8027","175","1027","true","true","193","canonical_complete_reader_reachable","Reached by ordered depth-first replay from content/open-logic-about.tex then content/content.tex through uncommented olimport edges.","reader_unit","Standard Models of Arithmetic","mod","0","","","1","content/model-theory/models-of-arithmetic/models-of-arithmetic.tex","0","","14","align*:1|defn:1|document:1|enumerate:1|explain:3|prob:1|proof:3|prop:3","0","0","1","1","0","3","0","0","0","1","3","0","0","0","2","0","161","locale/ar/content/model-theory/models-of-arithmetic/standard-models.tex","ACCEPTED","0DC1501C2DEB28BF56B5283D3C38F3CC7C029D1F00A332379CB7E6E6BD7C612E","PASS_STATIC_SEMANTIC_BATCH_REPLAY_BUILD_DEFERRED_FOR_DEPENDENCY_CLOSURE","locale/fa-IR/content/model-theory/models-of-arithmetic/standard-models.tex","ACCEPTED","F5D94A2DFF491CC5F6D8A6BB3869EA96E1ABE7AC5B3A8125461E482A1FEEE039","PASS_STATIC_SEMANTIC_BATCH_REPLAY_BUILD_DEFERRED_FOR_DEPENDENCY_CLOSURE","ACCEPTED"
"OLP-0194","194","9620cc73f9c8e0ad003c514a5d3748f29611c4c0","content/model-theory/models-of-arithmetic/non-standard-models.tex","0895b776d3e5ded7c9695e63ec9f268dd0e096b38040c558624f4784c3024fcc","4779","116","605","true","true","194","canonical_complete_reader_reachable","Reached by ordered depth-first replay from content/open-logic-about.tex then content/content.tex through uncommented olimport edges.","reader_unit","","mod","0","","","1","content/model-theory/models-of-arithmetic/models-of-arithmetic.tex","0","","12","align*:1|defn:1|document:1|enumerate:1|explain:3|prob:1|proof:2|prop:2","0","0","1","1","0","2","0","0","0","1","2","0","0","0","1","0","95","locale/ar/content/model-theory/models-of-arithmetic/non-standard-models.tex","ACCEPTED","5185439FDF9300F0355C3D6F94065DDB30B8348967CFE56433209BD04CFE0375","PASS_STATIC_SEMANTIC_BATCH_REPLAY_BUILD_DEFERRED_FOR_DEPENDENCY_CLOSURE","locale/fa-IR/content/model-theory/models-of-arithmetic/non-standard-models.tex","ACCEPTED","FCB2C4C768C455E74FA9DB9D6E570727E94D8724A418661C42CEBBC59D23860B","PASS_STATIC_SEMANTIC_BATCH_REPLAY_BUILD_DEFERRED_FOR_DEPENDENCY_CLOSURE","ACCEPTED"
"OLP-0195","195","9620cc73f9c8e0ad003c514a5d3748f29611c4c0","content/model-theory/models-of-arithmetic/models-of-q.tex","e7f932a05807df4e416bb015cc0aac662de3fb3f0a9f8e3e0ea1a9a4f1283aa7","8047","206","972","true","true","195","canonical_complete_reader_reachable","Reached by ordered depth-first replay from content/open-logic-about.tex then content/content.tex through uncommented olimport edges.","reader_unit","","mod","0","","","1","content/model-theory/models-of-arithmetic/models-of-arithmetic.tex","0","","21","align*:5|array:5|cases:3|document:1|ex:2|explain:2|prob:3","0","0","1","0","0","0","0","0","2","3","0","0","0","0","5","0","159","locale/ar/content/model-theory/models-of-arithmetic/models-of-q.tex","ACCEPTED","6B0024532DA80CA22814F58B6FDBB8CB7EF636684B4B818304FCEA75635334FC","PASS_STATIC_SEMANTIC_BATCH_REPLAY_BUILD_DEFERRED_FOR_DEPENDENCY_CLOSURE","locale/fa-IR/content/model-theory/models-of-arithmetic/models-of-q.tex","ACCEPTED","23B0E7CDD99B5B71E5F0702FCA5BFD3852D264AD13F6F393B7FE43A2A93F2BE8","PASS_STATIC_SEMANTIC_BATCH_REPLAY_BUILD_DEFERRED_FOR_DEPENDENCY_CLOSURE","ACCEPTED"
"OLP-0196","196","9620cc73f9c8e0ad003c514a5d3748f29611c4c0","content/model-theory/models-of-arithmetic/models-of-pa.tex","8c4dec337b74d9a8dd3cb6a65065ba12e883518dba2a17834041d01d85c219be","10747","261","1434","true","true","196","canonical_complete_reader_reachable","Reached by ordered depth-first replay from content/open-logic-about.tex then content/content.tex through uncommented olimport edges.","reader_unit","","mod","0","","","1","content/model-theory/models-of-arithmetic/models-of-arithmetic.tex","0","","29","cor:1|document:1|enumerate:2|explain:3|prob:3|proof:10|prop:9","0","0","1","0","0","9","0","1","0","3","10","0","0","0","2","0","246","locale/ar/content/model-theory/models-of-arithmetic/models-of-pa.tex","ACCEPTED","7327383F14CE466C12039B4C4E1D544AB37A1C6C4ADDB2AB2AE82B7F7F4AFD13","PASS_STATIC_SEMANTIC_BATCH_REPLAY_BUILD_DEFERRED_FOR_DEPENDENCY_CLOSURE","locale/fa-IR/content/model-theory/models-of-arithmetic/models-of-pa.tex","ACCEPTED","0CEF62E066F5F1F253ED9027286AC24B25101D958FE06272643558D64C14BF17","PASS_STATIC_SEMANTIC_BATCH_REPLAY_BUILD_DEFERRED_FOR_DEPENDENCY_CLOSURE","ACCEPTED"
"OLP-0197","197","9620cc73f9c8e0ad003c514a5d3748f29611c4c0","content/model-theory/models-of-arithmetic/computable-models.tex","79a6a13d59f055788182e0fe9117c3e98782317a71ac747db0e7483ca118cac5","4759","124","583","true","true","197","canonical_complete_reader_reachable","Reached by ordered depth-first replay from content/open-logic-about.tex then content/content.tex through uncommented olimport edges.","reader_unit","","mod","0","","","1","content/model-theory/models-of-arithmetic/models-of-arithmetic.tex","0","","14","align*:2|cases:5|defn:1|document:1|ex:1|explain:2|prob:1|thm:1","0","0","1","1","1","0","0","0","1","1","0","0","0","0","2","0","85","locale/ar/content/model-theory/models-of-arithmetic/computable-models.tex","ACCEPTED","DE327884EF4D03E2A02F5F76C5AC1B1589AB00C2BB4162211C91D8F19BCEEECC","PASS_STATIC_SEMANTIC_BATCH_REPLAY_BUILD_DEFERRED_FOR_DEPENDENCY_CLOSURE","locale/fa-IR/content/model-theory/models-of-arithmetic/computable-models.tex","ACCEPTED","6BA0AB922C81F21A79549B1EDFF715201B34B159D2861ECB8E01D2CCEC263279","PASS_STATIC_SEMANTIC_BATCH_REPLAY_BUILD_DEFERRED_FOR_DEPENDENCY_CLOSURE","ACCEPTED"
"OLP-0198","198","9620cc73f9c8e0ad003c514a5d3748f29611c4c0","content/model-theory/interpolation/interpolation.tex","30f05b67fa5f7ad8fd9e9c59fed138ddb53cdca1fbd9fb65a4c58aeda6b7342a","336","21","17","true","true","198","canonical_complete_reader_reachable","Reached by ordered depth-first replay from content/open-logic-about.tex then content/content.tex through uncommented olimport edges.","chapter_driver","The Interpolation Theorem","","4","content/model-theory/interpolation/introduction.tex|content/model-theory/interpolation/separation.tex|content/model-theory/interpolation/interpolation-proof.tex|content/model-theory/interpolation/definability.tex","","1","content/model-theory/model-theory.tex","0","","1","document:1","0","1","0","0","0","0","0","0","0","0","0","0","0","0","0","0","0","locale/ar/content/model-theory/interpolation/interpolation.tex","ACCEPTED","1C7A6BEB9440291691569FF25CA70752294C3166E150018C65C87C45A40DED7C","PASS_STATIC_SEMANTIC_BATCH_REPLAY_BUILD_DEFERRED_FOR_DEPENDENCY_CLOSURE","locale/fa-IR/content/model-theory/interpolation/interpolation.tex","ACCEPTED","455D8331CF22546AB13E090A9E13398F8629EAC4F5579E9EC91DD48D7AD06C1B","PASS_STATIC_SEMANTIC_BATCH_REPLAY_BUILD_DEFERRED_FOR_DEPENDENCY_CLOSURE","ACCEPTED"
"OLP-0199","199","9620cc73f9c8e0ad003c514a5d3748f29611c4c0","content/model-theory/interpolation/introduction.tex","bf9e45873cb4e5c18fc57a8c51cd7ed5d94dbd1bdfd6f89f0c1bad630ae22044","991","28","121","true","true","199","canonical_complete_reader_reachable","Reached by ordered depth-first replay from content/open-logic-about.tex then content/content.tex through uncommented olimport edges.","reader_unit","Introduction","mod","0","","","1","content/model-theory/interpolation/interpolation.tex","0","","1","document:1","0","0","1","0","0","0","0","0","0","0","0","0","0","0","0","0","11","locale/ar/content/model-theory/interpolation/introduction.tex","ACCEPTED","F48CC0CBEC51970D357D23782F14B5ECC85546ABDBF0AC90847327A26F71C60E","PASS_STATIC_SEMANTIC_BATCH_REPLAY_BUILD_DEFERRED_FOR_DEPENDENCY_CLOSURE","locale/fa-IR/content/model-theory/interpolation/introduction.tex","ACCEPTED","F33D4D6C0018EF5ED4E73E486018821891CE9694A0A23818A7DE02BEBC6BF679","PASS_STATIC_SEMANTIC_BATCH_REPLAY_BUILD_DEFERRED_FOR_DEPENDENCY_CLOSURE","ACCEPTED"
"OLP-0200","200","9620cc73f9c8e0ad003c514a5d3748f29611c4c0","content/model-theory/interpolation/separation.tex","0850da6cb374079c24cd947ce17cf85604551f825be405676e97fe2779b0a2f6","5121","120","544","true","true","200","canonical_complete_reader_reachable","Reached by ordered depth-first replay from content/open-logic-about.tex then content/content.tex through uncommented olimport edges.","reader_unit","","mod","0","","","1","content/model-theory/interpolation/interpolation.tex","0","","11","align*:2|defn:1|document:1|enumerate:1|figure:1|lem:2|proof:2|tikzpicture:1","0","0","1","1","0","0","2","0","0","0","2","1","1","0","0","0","103","locale/ar/content/model-theory/interpolation/separation.tex","ACCEPTED","0B09E178672B62A50FF89F844F6B3DC4C6626EA13DAAF08ABBACB500FEE20E15","PASS_STATIC_SEMANTIC_BATCH_REPLAY_BUILD_DEFERRED_FOR_DEPENDENCY_CLOSURE","locale/fa-IR/content/model-theory/interpolation/separation.tex","ACCEPTED","74EC326B0BFCB84EF0D36D0736729E911E773AC44AEF7817CBB0B0DC56519C98","PASS_STATIC_SEMANTIC_BATCH_REPLAY_BUILD_DEFERRED_FOR_DEPENDENCY_CLOSURE","ACCEPTED"
"OLP-0201","201","9620cc73f9c8e0ad003c514a5d3748f29611c4c0","content/model-theory/interpolation/interpolation-proof.tex","c2b53950362da168a87e66758d2c91729041cc28a49ea78374283d46459bade2","9455","193","1103","true","true","201","canonical_complete_reader_reachable","Reached by ordered depth-first replay from content/open-logic-about.tex then content/content.tex through uncommented olimport edges.","reader_unit","Craig's Interpolation Theorem","mod","0","","","1","content/model-theory/interpolation/interpolation.tex","0","","10","align*:3|document:1|enumerate:4|proof:1|thm:1","0","0","1","0","1","0","0","0","0","0","1","0","0","0","18","0","213","locale/ar/content/model-theory/interpolation/interpolation-proof.tex","ACCEPTED","4E768D339E5A386E61A90470EEF8040EAA9BB8082083BBE5217736875DBF5E59","PASS_STATIC_SEMANTIC_BATCH_REPLAY_BUILD_DEFERRED_FOR_DEPENDENCY_CLOSURE","locale/fa-IR/content/model-theory/interpolation/interpolation-proof.tex","ACCEPTED","61469442A6F5653F8F43B90521F70921417344D06EA7E7CCBC9415D58786ADB2","PASS_STATIC_SEMANTIC_BATCH_REPLAY_BUILD_DEFERRED_FOR_DEPENDENCY_CLOSURE","ACCEPTED"
"OLP-0202","202","9620cc73f9c8e0ad003c514a5d3748f29611c4c0","content/model-theory/interpolation/definability.tex","8e89c08c0e211d3bd52c05cbd1d09b148df444855e4165df71e43461e84cbaca","5096","130","665","true","true","202","canonical_complete_reader_reachable","Reached by ordered depth-first replay from content/open-logic-about.tex then content/content.tex through uncommented olimport edges.","reader_unit","The Definability Theorem","mod","0","","","1","content/model-theory/interpolation/interpolation.tex","0","","7","align*:2|defn:2|document:1|proof:1|thm:1","0","0","1","2","1","0","0","0","0","0","1","0","0","0","0","0","86","locale/ar/content/model-theory/interpolation/definability.tex","ACCEPTED","327554383A5F43A0BFAD7C64D25322C0883F60E11FA99985E06D9585464121C8","PASS_STATIC_SEMANTIC_BATCH_REPLAY_BUILD_DEFERRED_FOR_DEPENDENCY_CLOSURE","locale/fa-IR/content/model-theory/interpolation/definability.tex","ACCEPTED","354ED83A47752F447F9C3FC6CAACD655FC6C8383F052828DD636DC57A01223EC","PASS_STATIC_SEMANTIC_BATCH_REPLAY_BUILD_DEFERRED_FOR_DEPENDENCY_CLOSURE","ACCEPTED"
"OLP-0203","203","9620cc73f9c8e0ad003c514a5d3748f29611c4c0","content/model-theory/lindstrom/lindstrom.tex","ea726cb752c7aa9832bf45f4b2ded0c69d9dcb376549c93bc2af7df4aacddc8a","328","21","19","true","true","203","canonical_complete_reader_reachable","Reached by ordered depth-first replay from content/open-logic-about.tex then content/content.tex through uncommented olimport edges.","chapter_driver","Lindstr\""om's Theorem","","4","content/model-theory/lindstrom/introduction.tex|content/model-theory/lindstrom/abstract-logics.tex|content/model-theory/lindstrom/ls-property.tex|content/model-theory/lindstrom/lindstrom-proof.tex","","1","content/model-theory/model-theory.tex","0","","1","document:1","0","1","0","0","0","0","0","0","0","0","0","0","0","0","0","0","0","locale/ar/content/model-theory/lindstrom/lindstrom.tex","ACCEPTED","0C8CFC6AEF9F7A873FC7BD3A6385FFBDE8E1DE84CED3D3C9DBC1695F4D93231B","PASS_STATIC_SEMANTIC_BATCH_REPLAY_BUILD_DEFERRED_FOR_DEPENDENCY_CLOSURE","locale/fa-IR/content/model-theory/lindstrom/lindstrom.tex","ACCEPTED","472F5F1DCBDFA64E8F0D0339C210B9EE054F13C909052634DEFEFBE63E0DEF30","PASS_STATIC_SEMANTIC_BATCH_REPLAY_BUILD_DEFERRED_FOR_DEPENDENCY_CLOSURE","ACCEPTED"
"OLP-0204","204","9620cc73f9c8e0ad003c514a5d3748f29611c4c0","content/model-theory/lindstrom/introduction.tex","c37aac04a5f7e6123c558cd7ce3ca7c8159fad3bce92c2a47aa40ebf810baa52","809","24","97","true","true","204","canonical_complete_reader_reachable","Reached by ordered depth-first replay from content/open-logic-about.tex then content/content.tex through uncommented olimport edges.","reader_unit","","mod","0","","","1","content/model-theory/lindstrom/lindstrom.tex","0","","1","document:1","0","0","1","0","0","0","0","0","0","0","0","0","0","0","2","0","0","locale/ar/content/model-theory/lindstrom/introduction.tex","ACCEPTED","5A7950DE5100F9E1B3EB552CA3C4B486AEDCE7B9A923C69AB69CFFB3A4D0AF24","PASS_STATIC_SEMANTIC_BATCH_REPLAY_BUILD_DEFERRED_FOR_DEPENDENCY_CLOSURE","locale/fa-IR/content/model-theory/lindstrom/introduction.tex","ACCEPTED","66E2ACF05006D28EA7B1DABD92BE49CD8A305D2A90741954464A57E5479939DB","PASS_STATIC_SEMANTIC_BATCH_REPLAY_BUILD_DEFERRED_FOR_DEPENDENCY_CLOSURE","ACCEPTED"
"OLP-0205","205","9620cc73f9c8e0ad003c514a5d3748f29611c4c0","content/model-theory/lindstrom/abstract-logics.tex","ab605690e24fffb499ee9523a80e4cb422d9e7ac7beb0b86cdd7a4eba6edba9b","6807","138","880","true","true","205","canonical_complete_reader_reachable","Reached by ordered depth-first replay from content/open-logic-about.tex then content/content.tex through uncommented olimport edges.","reader_unit","Abstract Logics","mod","0","","","1","content/model-theory/lindstrom/lindstrom.tex","0","","7","defn:4|document:1|enumerate:1|rem:1","0","0","1","4","0","0","0","0","0","0","0","0","0","0","1","0","128","locale/ar/content/model-theory/lindstrom/abstract-logics.tex","ACCEPTED","C4B97294A032C3F98206F8C4987B923078EBE215F89346D9639492415E79DD19","PASS_STATIC_SEMANTIC_BATCH_REPLAY_BUILD_DEFERRED_FOR_DEPENDENCY_CLOSURE","locale/fa-IR/content/model-theory/lindstrom/abstract-logics.tex","ACCEPTED","1B4FB6F802862BCC7F938CE41982B95583258E5B5493A4F4C36268A49E45013A","PASS_STATIC_SEMANTIC_BATCH_REPLAY_BUILD_DEFERRED_FOR_DEPENDENCY_CLOSURE","ACCEPTED"
"OLP-0206","206","9620cc73f9c8e0ad003c514a5d3748f29611c4c0","content/model-theory/lindstrom/ls-property.tex","3e7b3f84adf951cd912972a2d7ac5908d7d3c0130f881caf70eec03a5080efe3","5780","125","701","true","true","206","canonical_complete_reader_reachable","Reached by ordered depth-first replay from content/open-logic-about.tex then content/content.tex through uncommented olimport edges.","reader_unit","Compactness and L\""owenheim--Skolem Properties","mod","0","","","1","content/model-theory/lindstrom/lindstrom.tex","0","","7","defn:2|document:1|figure:1|proof:1|thm:1|tikzpicture:1","0","0","1","2","1","0","0","0","0","0","1","1","1","0","4","0","95","locale/ar/content/model-theory/lindstrom/ls-property.tex","ACCEPTED","926DDDDC39D2E2B0A1C852E2516C248A6F9AD6F0870930594D90461DDFAB5C8B","PASS_STATIC_SEMANTIC_BATCH_REPLAY_BUILD_DEFERRED_FOR_DEPENDENCY_CLOSURE","locale/fa-IR/content/model-theory/lindstrom/ls-property.tex","ACCEPTED","21040A57FA83DF913783EF3A9E69825B1CE6F84E14E985199C886D073C7039D3","PASS_STATIC_SEMANTIC_BATCH_REPLAY_BUILD_DEFERRED_FOR_DEPENDENCY_CLOSURE","ACCEPTED"
"OLP-0207","207","9620cc73f9c8e0ad003c514a5d3748f29611c4c0","content/model-theory/lindstrom/lindstrom-proof.tex","8e407658f1e11431ad859dd166b2de535e6bab8da9b1a28b9549fd97b2ec87fc","6169","125","830","true","true","207","canonical_complete_reader_reachable","Reached by ordered depth-first replay from content/open-logic-about.tex then content/content.tex through uncommented olimport edges.","reader_unit","Lindstr\""om's Theorem","mod","0","","","1","content/model-theory/lindstrom/lindstrom.tex","0","","6","align*:1|document:1|lem:1|proof:2|thm:1","0","0","1","0","1","0","1","0","0","0","2","0","0","0","5","0","123","locale/ar/content/model-theory/lindstrom/lindstrom-proof.tex","ACCEPTED","602BE2FC6FB85693D139343F6967E7923F7C3BF8D22BABA48569D6592D25F19A","PASS_STATIC_SEMANTIC_BATCH_REPLAY_BUILD_DEFERRED_FOR_DEPENDENCY_CLOSURE","locale/fa-IR/content/model-theory/lindstrom/lindstrom-proof.tex","ACCEPTED","3ECB1CC1AC3BF6FD8C6F5B8DD4C495E3FE49735F585B0BFF8F27E9FC0BC75749","PASS_STATIC_SEMANTIC_BATCH_REPLAY_BUILD_DEFERRED_FOR_DEPENDENCY_CLOSURE","ACCEPTED"
"OLP-0208","208","9620cc73f9c8e0ad003c514a5d3748f29611c4c0","content/computability/computability.tex","efc0b0d0a189854db40ac8fc626a19327d6cf0b22e1a8eb3b74bcb727efcd8e0","557","23","52","true","true","208","canonical_complete_reader_reachable","Reached by ordered depth-first replay from content/open-logic-about.tex then content/content.tex through uncommented olimport edges.","part_driver","Computability","","2","content/computability/recursive-functions/recursive-functions.tex|content/computability/computability-theory/computability-theory.tex","","1","content/content.tex","0","","2","document:1|editorial:1","1","0","0","0","0","0","0","0","0","0","0","0","0","0","0","0","0","locale/ar/content/computability/computability.tex","ACCEPTED","F593F64473153861BF74AECB2D8935535E56DAF42DA3C7E602D6EABF6B4BCBA6","PASS_STATIC_SEMANTIC_BATCH_REPLAY_BUILD_DEFERRED_FOR_DEPENDENCY_CLOSURE","locale/fa-IR/content/computability/computability.tex","ACCEPTED","272E2E807A097483AD2353E50AB83442046746CF79DCB7FBC4A3A1639A3082A1","PASS_STATIC_SEMANTIC_BATCH_REPLAY_BUILD_DEFERRED_FOR_DEPENDENCY_CLOSURE","ACCEPTED"
"OLP-0209","209","9620cc73f9c8e0ad003c514a5d3748f29611c4c0","content/computability/recursive-functions/recursive-functions.tex","567feffca9844be257c54e521e882775439f227be7b8277ddfdae9fe5333e45e","1046","58","83","true","true","209","canonical_complete_reader_reachable","Reached by ordered depth-first replay from content/open-logic-about.tex then content/content.tex through uncommented olimport edges.","chapter_driver","Recursive Functions","","18","content/computability/recursive-functions/introduction.tex|content/computability/recursive-functions/primitive-recursion.tex|content/computability/recursive-functions/composition.tex|content/computability/recursive-functions/pr-functions.tex|content/computability/recursive-functions/notation-pr-functions.tex|content/computability/recursive-functions/pr-functions-computable.tex|content/computability/recursive-functions/examples.tex|content/computability/recursive-functions/pr-relations.tex|content/computability/recursive-functions/bounded-minimization.tex|content/computability/recursive-functions/primes.tex|content/computability/recursive-functions/sequences.tex|content/computability/recursive-functions/trees.tex|content/computability/recursive-functions/other-recursions.tex|content/computability/recursive-functions/non-pr-functions.tex|content/computability/recursive-functions/partial-functions.tex|content/computability/recursive-functions/normal-form.tex|content/computability/recursive-functions/halting-problem.tex|content/computability/recursive-functions/general-recursive-functions.tex","","1","content/computability/computability.tex","0","","2","document:1|editorial:1","0","1","0","0","0","0","0","0","0","0","0","0","0","0","0","0","0","locale/ar/content/computability/recursive-functions/recursive-functions.tex","ACCEPTED","5B8D091E0F87D1A1DEE1149470A77A512A02CAC8FA1E05E65A66719E269453AB","PASS_STATIC_SEMANTIC_BATCH_REPLAY_BUILD_DEFERRED_FOR_DEPENDENCY_CLOSURE","locale/fa-IR/content/computability/recursive-functions/recursive-functions.tex","ACCEPTED","8D97A25EB315EDB04CEF0C65160F8D9800334D7DC2C3AA6D9F01A61CE0D9BD1E","PASS_STATIC_SEMANTIC_BATCH_REPLAY_BUILD_DEFERRED_FOR_DEPENDENCY_CLOSURE","ACCEPTED"
"OLP-0210","210","9620cc73f9c8e0ad003c514a5d3748f29611c4c0","content/computability/recursive-functions/introduction.tex","aa5da3312ed4236449827261edddc5393a2d17306bca57e36284c368f5fa3bc8","2862","56","388","true","true","210","canonical_complete_reader_reachable","Reached by ordered depth-first replay from content/open-logic-about.tex then content/content.tex through uncommented olimport edges.","reader_unit","Introduction","cmp","0","","","1","content/computability/recursive-functions/recursive-functions.tex","0","","1","document:1","0","0","1","0","0","0","0","0","0","0","0","0","0","0","0","0","4","locale/ar/content/computability/recursive-functions/introduction.tex","ACCEPTED","98BCA3C70FB3FC4AB47EF6BE0697CA9989F9FD20039208DB67A43E343D4641C7","PASS_STATIC_SEMANTIC_BATCH_REPLAY_BUILD_DEFERRED_FOR_DEPENDENCY_CLOSURE","locale/fa-IR/content/computability/recursive-functions/introduction.tex","ACCEPTED","96BC17103D9EB3CC7E9315F655D7BB804FC5A717C5E844030C51C08FD305D7D0","PASS_STATIC_SEMANTIC_BATCH_REPLAY_BUILD_DEFERRED_FOR_DEPENDENCY_CLOSURE","ACCEPTED"
"OLP-0211","211","9620cc73f9c8e0ad003c514a5d3748f29611c4c0","content/computability/recursive-functions/primitive-recursion.tex","e98c274a0ab979761d083f4c9ad1486d440c7933a13c1c0d99ac1a52d8996fcc","5960","133","831","true","true","211","canonical_complete_reader_reachable","Reached by ordered depth-first replay from content/open-logic-about.tex then content/content.tex through uncommented olimport edges.","reader_unit","Primitive Recursion","cmp","0","","","1","content/computability/recursive-functions/recursive-functions.tex","0","","9","align*:8|document:1","0","0","1","0","0","0","0","0","0","0","0","0","0","0","0","0","99","locale/ar/content/computability/recursive-functions/primitive-recursion.tex","ACCEPTED","5EE95F75E9B6060C3AE31E2F3EB7690A9CC8AA11CA76DB0B6C647EDB81A08A4E","PASS_STATIC_SEMANTIC_PAIRED_DIRECT_FILE_REPLAY_BUILD_DEFERRED_FOR_DEPENDENCY_CLOSURE","locale/fa-IR/content/computability/recursive-functions/primitive-recursion.tex","ACCEPTED","8B168F2E7D456E05C54241D66FAAD93D7B697E2A66E737C4BC3A58C9C2843093","PASS_STATIC_SEMANTIC_PAIRED_DIRECT_FILE_REPLAY_BUILD_DEFERRED_FOR_DEPENDENCY_CLOSURE","ACCEPTED"
"OLP-0212","212","9620cc73f9c8e0ad003c514a5d3748f29611c4c0","content/computability/recursive-functions/composition.tex","76ed2309d26b936b5eb1cb6a7c90f58e40043d38aa3afd1b7ad2e98d836245f0","3535","91","535","true","true","212","canonical_complete_reader_reachable","Reached by ordered depth-first replay from content/open-logic-about.tex then content/content.tex through uncommented olimport edges.","reader_unit","Composition","cmp","0","","","1","content/computability/recursive-functions/recursive-functions.tex","0","","1","document:1","0","0","1","0","0","0","0","0","0","0","0","0","0","0","0","0","82","locale/ar/content/computability/recursive-functions/composition.tex","ACCEPTED","AC3E99CB00DA57D745E1CE13F2D2B027BD57ACBE300B5007C74733E1CB79A335","PASS_STATIC_SEMANTIC_PAIRED_DIRECT_FILE_REPLAY_BUILD_DEFERRED_FOR_DEPENDENCY_CLOSURE","locale/fa-IR/content/computability/recursive-functions/composition.tex","ACCEPTED","6CA17AB59715FCF933D22C42E579B1C024965DF4D22C0AF4C1D6F721CD8C486A","PASS_STATIC_SEMANTIC_PAIRED_DIRECT_FILE_REPLAY_BUILD_DEFERRED_FOR_DEPENDENCY_CLOSURE","ACCEPTED"
"OLP-0213","213","9620cc73f9c8e0ad003c514a5d3748f29611c4c0","content/computability/recursive-functions/pr-functions.tex","1bb48caec3680c643d88cee6a910542ce36852e8f97b4e1728d4b5fc59d8f22f","6082","165","821","true","true","213","canonical_complete_reader_reachable","Reached by ordered depth-first replay from content/open-logic-about.tex then content/content.tex through uncommented olimport edges.","reader_unit","Primitive Recursion Functions","cmp","0","","","1","content/computability/recursive-functions/recursive-functions.tex","0","","17","align*:5|defn:3|document:1|enumerate:1|ex:1|explain:1|prob:1|proof:2|prop:2","0","0","1","3","0","2","0","0","1","1","2","0","0","0","4","0","105","locale/ar/content/computability/recursive-functions/pr-functions.tex","ACCEPTED","366EEA5CF31A57A6AC4935BA5591461134F49FE532A9A703C4E6AF6238A8F53F","PASS_STATIC_SEMANTIC_PAIRED_DIRECT_FILE_REPLAY_BUILD_DEFERRED_FOR_DEPENDENCY_CLOSURE","locale/fa-IR/content/computability/recursive-functions/pr-functions.tex","ACCEPTED","9C0C5996592A72B8B047118FE5FC6A99504020CD9881BC0BBFA3ED72826D89CE","PASS_STATIC_SEMANTIC_PAIRED_DIRECT_FILE_REPLAY_BUILD_DEFERRED_FOR_DEPENDENCY_CLOSURE","ACCEPTED"
"OLP-0214","214","9620cc73f9c8e0ad003c514a5d3748f29611c4c0","content/computability/recursive-functions/notation-pr-functions.tex","6018c8fb8ec86201286b019a60163a63ca076925d3044dde7060394822241272","2134","52","274","true","true","214","canonical_complete_reader_reachable","Reached by ordered depth-first replay from content/open-logic-about.tex then content/content.tex through uncommented olimport edges.","reader_unit","Primitive Recursion Notations","cmp","0","","","1","content/computability/recursive-functions/recursive-functions.tex","0","","3","align*:1|document:1|prob:1","0","0","1","0","0","0","0","0","0","1","0","0","0","0","0","0","39","locale/ar/content/computability/recursive-functions/notation-pr-functions.tex","ACCEPTED","5E9D9C77558F65967E4382A6C65BF1A27CC733F986211074FBF28802B51A2F88","PASS_STATIC_SEMANTIC_PAIRED_DIRECT_FILE_REPLAY_BUILD_DEFERRED_FOR_DEPENDENCY_CLOSURE","locale/fa-IR/content/computability/recursive-functions/notation-pr-functions.tex","ACCEPTED","C2D66649E2C24A8670465F999E66C990D24BEA32CBFD29BFAF0CC3E5E69DB46E","PASS_STATIC_SEMANTIC_PAIRED_DIRECT_FILE_REPLAY_BUILD_DEFERRED_FOR_DEPENDENCY_CLOSURE","ACCEPTED"
"OLP-0215","215","9620cc73f9c8e0ad003c514a5d3748f29611c4c0","content/computability/recursive-functions/pr-functions-computable.tex","10a26513e18c31ee991a53c54bc10682710d93b5766f0ee758cc766b38e321c9","1861","43","236","true","true","215","canonical_complete_reader_reachable","Reached by ordered depth-first replay from content/open-logic-about.tex then content/content.tex through uncommented olimport edges.","reader_unit","Primitive Recursive Functions are Computable","cmp","0","","","1","content/computability/recursive-functions/recursive-functions.tex","0","","3","align*:1|document:1|eqnarray*:1","0","0","1","0","0","0","0","0","0","0","0","0","0","0","0","0","23","locale/ar/content/computability/recursive-functions/pr-functions-computable.tex","ACCEPTED","DCC545FE2CB61964C30A443B789C498D4972685CF41A36A68D92CCD67CE94A79","PASS_STATIC_SEMANTIC_PAIRED_DIRECT_FILE_REPLAY_BUILD_DEFERRED_FOR_DEPENDENCY_CLOSURE","locale/fa-IR/content/computability/recursive-functions/pr-functions-computable.tex","ACCEPTED","D127966C509381EEF04695D8AC3014EAA5C399B87D7267EC337956FA2C00E0AD","PASS_STATIC_SEMANTIC_PAIRED_DIRECT_FILE_REPLAY_BUILD_DEFERRED_FOR_DEPENDENCY_CLOSURE","ACCEPTED"
"OLP-0216","216","9620cc73f9c8e0ad003c514a5d3748f29611c4c0","content/computability/recursive-functions/examples.tex","431b72df17cd6de28a2f475f360742639cc40b5abc1a68d0d7e91794a88188d9","5988","197","736","true","true","216","canonical_complete_reader_reachable","Reached by ordered depth-first replay from content/open-logic-about.tex then content/content.tex through uncommented olimport edges.","reader_unit","Examples of Primitive Recursive Functions","cmp","0","","","1","content/computability/recursive-functions/recursive-functions.tex","0","","29","align*:6|cases:2|document:1|enumerate:1|prob:3|proof:8|prop:8","0","0","1","0","0","8","0","0","0","3","8","0","0","0","1","0","69","locale/ar/content/computability/recursive-functions/examples.tex","ACCEPTED","98E95D4CE1F3B5F2DDCA8B34E814C9F1177593FD2FE34211D4EE549C361880D3","PASS_STATIC_SEMANTIC_PAIRED_DIRECT_FILE_REPLAY_BUILD_DEFERRED_FOR_DEPENDENCY_CLOSURE","locale/fa-IR/content/computability/recursive-functions/examples.tex","ACCEPTED","C796F94FBACB739FACBC3F0433EEFFE7032777C8795E74665BB2809D78D21A30","PASS_STATIC_SEMANTIC_PAIRED_DIRECT_FILE_REPLAY_BUILD_DEFERRED_FOR_DEPENDENCY_CLOSURE","ACCEPTED"
"OLP-0217","217","9620cc73f9c8e0ad003c514a5d3748f29611c4c0","content/computability/recursive-functions/pr-relations.tex","8323a8010f1d1faed641b5efc44c46956e1264fc4120c95e67edc26fbaa4ace2","5700","168","671","true","true","217","canonical_complete_reader_reachable","Reached by ordered depth-first replay from content/open-logic-about.tex then content/content.tex through uncommented olimport edges.","reader_unit","Primitive Recursive Relations","cmp","0","","","1","content/computability/recursive-functions/recursive-functions.tex","0","","21","align*:5|array:1|cases:4|defn:1|document:1|enumerate:2|prob:1|proof:3|prop:3","0","0","1","1","0","3","0","0","0","1","3","0","0","0","0","0","74","locale/ar/content/computability/recursive-functions/pr-relations.tex","ACCEPTED","4A393E4217F63FC8CF31110B674C2CDE77284E7F8B14DE5FDA1A1A463074A684","PASS_STATIC_SEMANTIC_PAIRED_DIRECT_FILE_REPLAY_BUILD_DEFERRED_FOR_DEPENDENCY_CLOSURE","locale/fa-IR/content/computability/recursive-functions/pr-relations.tex","ACCEPTED","7B7E4EE0D26E2A0318BE6ED6782CD90899993F19B34C01139B0399C26826188B","PASS_STATIC_SEMANTIC_PAIRED_DIRECT_FILE_REPLAY_BUILD_DEFERRED_FOR_DEPENDENCY_CLOSURE","ACCEPTED"
"OLP-0218","218","9620cc73f9c8e0ad003c514a5d3748f29611c4c0","content/computability/recursive-functions/bounded-minimization.tex","e92c4c37e242325519960ad6cc05f288cac99a3422e3eec6557f70325ce4a75e","2593","72","398","true","true","218","canonical_complete_reader_reachable","Reached by ordered depth-first replay from content/open-logic-about.tex then content/content.tex through uncommented olimport edges.","reader_unit","Bounded Minimization","cmp","0","","","1","content/computability/recursive-functions/recursive-functions.tex","0","","8","align*:1|cases:1|document:1|enumerate:1|explain:1|prob:1|proof:1|prop:1","0","0","1","0","0","1","0","0","0","1","1","0","0","0","0","0","51","locale/ar/content/computability/recursive-functions/bounded-minimization.tex","ACCEPTED","A89C769448E1F7F045756E704EDEAC7414128C5DCE043D4DD469644FD9082724","PASS_STATIC_SEMANTIC_PAIRED_DIRECT_FILE_REPLAY_BUILD_DEFERRED_FOR_DEPENDENCY_CLOSURE","locale/fa-IR/content/computability/recursive-functions/bounded-minimization.tex","ACCEPTED","62460559B6C2CD32CB7914BA7E76846154FA6471DFC581732C82994772DA2B00","PASS_STATIC_SEMANTIC_PAIRED_DIRECT_FILE_REPLAY_BUILD_DEFERRED_FOR_DEPENDENCY_CLOSURE","ACCEPTED"
"OLP-0219","219","9620cc73f9c8e0ad003c514a5d3748f29611c4c0","content/computability/recursive-functions/primes.tex","02365c0e9de7f0df4bfae770dc311f59c8947e48422a8570de4c5e2c2d6a9157","3434","81","518","true","true","219","canonical_complete_reader_reachable","Reached by ordered depth-first replay from content/open-logic-about.tex then content/content.tex through uncommented olimport edges.","reader_unit","Primes","cmp","0","","","1","content/computability/recursive-functions/recursive-functions.tex","0","","3","align*:1|document:1|prob:1","0","0","1","0","0","0","0","0","0","1","0","0","0","0","0","0","93","locale/ar/content/computability/recursive-functions/primes.tex","ACCEPTED","0F77CC4DB2F640C34470AD336E6C760942B15AB6F35AA2CE7BD94FAE9592AB43","PASS_STATIC_SEMANTIC_PAIRED_DIRECT_FILE_REPLAY_BUILD_DEFERRED_FOR_DEPENDENCY_CLOSURE","locale/fa-IR/content/computability/recursive-functions/primes.tex","ACCEPTED","33F99186D0F56DCC8255C7D9DA09C7079FCCFE9920374CD7759574C3995CFC29","PASS_STATIC_SEMANTIC_PAIRED_DIRECT_FILE_REPLAY_BUILD_DEFERRED_FOR_DEPENDENCY_CLOSURE","ACCEPTED"
"OLP-0220","220","9620cc73f9c8e0ad003c514a5d3748f29611c4c0","content/computability/recursive-functions/sequences.tex","8199ddcf003b44e0e6d5a050d32ddbb13322d6a62bfe998b075c493d8a905dee","6799","204","937","true","true","220","canonical_complete_reader_reachable","Reached by ordered depth-first replay from content/open-logic-about.tex then content/content.tex through uncommented olimport edges.","reader_unit","Sequences","cmp","0","","","1","content/computability/recursive-functions/recursive-functions.tex","0","","20","align*:3|cases:3|document:1|prob:3|proof:5|prop:5","0","0","1","0","0","5","0","0","0","3","5","0","0","0","1","0","101","locale/ar/content/computability/recursive-functions/sequences.tex","ACCEPTED","2D0AE85DBB697102026738C5F8C1368858A7C868E1C200C178A35F0381C2317F","PASS_STATIC_SEMANTIC_PAIRED_DIRECT_FILE_REPLAY_BUILD_DEFERRED_FOR_DEPENDENCY_CLOSURE","locale/fa-IR/content/computability/recursive-functions/sequences.tex","ACCEPTED","BB59145B1E2AAEB2129422762FFCC5695CF46F532B7114049CB555179BDD2EF8","PASS_STATIC_SEMANTIC_PAIRED_DIRECT_FILE_REPLAY_BUILD_DEFERRED_FOR_DEPENDENCY_CLOSURE","ACCEPTED"
"OLP-0221","221","9620cc73f9c8e0ad003c514a5d3748f29611c4c0","content/computability/recursive-functions/trees.tex","894b0c7adc8dcd90f8dcf342c07f0a1255861174f73b004c1fcd56c90b314d3a","3488","79","513","true","true","221","canonical_complete_reader_reachable","Reached by ordered depth-first replay from content/open-logic-about.tex then content/content.tex through uncommented olimport edges.","reader_unit","Trees","cmp","0","","","1","content/computability/recursive-functions/recursive-functions.tex","0","","6","align*:2|document:1|prob:1|proof:1|prop:1","0","0","1","0","0","1","0","0","0","1","1","0","0","0","1","0","37","locale/ar/content/computability/recursive-functions/trees.tex","ACCEPTED","9DA10F43CA5DAF23179D4383D2FC385A522EBBC4CF013D26115340E02739C9B8","PASS_STATIC_SEMANTIC_PAIRED_DIRECT_FILE_REPLAY_BUILD_DEFERRED_FOR_DEPENDENCY_CLOSURE","locale/fa-IR/content/computability/recursive-functions/trees.tex","ACCEPTED","BC2CC2543473D9C144BBB8D4FE66096BC47DE77B0337835F5BC40A2479BF3F55","PASS_STATIC_SEMANTIC_PAIRED_DIRECT_FILE_REPLAY_BUILD_DEFERRED_FOR_DEPENDENCY_CLOSURE","ACCEPTED"
"OLP-0222","222","9620cc73f9c8e0ad003c514a5d3748f29611c4c0","content/computability/recursive-functions/other-recursions.tex","f3e558032c6f1e11bfe8710653a5a544ab28a3344e14b0606efb8d8c42f5942e","2725","69","394","true","true","222","canonical_complete_reader_reachable","Reached by ordered depth-first replay from content/open-logic-about.tex then content/content.tex through uncommented olimport edges.","reader_unit","Other Recursions","cmp","0","","","1","content/computability/recursive-functions/recursive-functions.tex","0","","7","align*:4|cases:1|document:1|prob:1","0","0","1","0","0","0","0","0","0","1","0","0","0","0","0","0","27","locale/ar/content/computability/recursive-functions/other-recursions.tex","ACCEPTED","24BEF64EDED3186949E5BE2F98A91EC1539857C6327D0FCE826EEDE238411045","PASS_STATIC_SEMANTIC_PAIRED_DIRECT_FILE_REPLAY_BUILD_DEFERRED_FOR_DEPENDENCY_CLOSURE","locale/fa-IR/content/computability/recursive-functions/other-recursions.tex","ACCEPTED","8BBF43B9205F7ACB6542F6A29055F76B29B1AA654010A5E7F145713DB3F7F431","PASS_STATIC_SEMANTIC_PAIRED_DIRECT_FILE_REPLAY_BUILD_DEFERRED_FOR_DEPENDENCY_CLOSURE","ACCEPTED"
"OLP-0223","223","9620cc73f9c8e0ad003c514a5d3748f29611c4c0","content/computability/recursive-functions/non-pr-functions.tex","78d19b1607382b6e44c4c225c853b34634e4342b5998e3857be2360cb5f6d8d2","4482","99","698","true","true","223","canonical_complete_reader_reachable","Reached by ordered depth-first replay from content/open-logic-about.tex then content/content.tex through uncommented olimport edges.","reader_unit","Non-Primitive Recursive Functions","cmp","0","","","1","content/computability/recursive-functions/recursive-functions.tex","0","","6","digress:1|document:1|eqnarray*:3|tagblock:1","0","0","1","0","0","0","0","0","0","0","0","0","0","0","0","0","42","locale/ar/content/computability/recursive-functions/non-pr-functions.tex","ACCEPTED","6B374606E0A8DDDFE393629645EF2DB3BCEA97FDEBFA7606584B9D7C7786B714","PASS_STATIC_SEMANTIC_PAIRED_DIRECT_FILE_REPLAY_BUILD_DEFERRED_FOR_DEPENDENCY_CLOSURE","locale/fa-IR/content/computability/recursive-functions/non-pr-functions.tex","ACCEPTED","10DCDAAB6EECB79858C6C2A12E051094F7A321E480BF7EE96E6BFC0686FFBB9E","PASS_STATIC_SEMANTIC_PAIRED_DIRECT_FILE_REPLAY_BUILD_DEFERRED_FOR_DEPENDENCY_CLOSURE","ACCEPTED"
"OLP-0224","224","9620cc73f9c8e0ad003c514a5d3748f29611c4c0","content/computability/recursive-functions/partial-functions.tex","8bc40ad81d6d9df66dfcfd82b0a8ba732528ab0fa870d2706a7a80b89caa6a7c","5447","120","830","true","true","224","canonical_complete_reader_reachable","Reached by ordered depth-first replay from content/open-logic-about.tex then content/content.tex through uncommented olimport edges.","reader_unit","Partial Recursive Functions","cmp","0","","","1","content/computability/recursive-functions/recursive-functions.tex","0","","6","defn:2|document:1|enumerate:1|explain:1|quote:1","0","0","1","2","0","0","0","0","0","0","0","0","0","0","0","0","49","locale/ar/content/computability/recursive-functions/partial-functions.tex","ACCEPTED","DFAE18209999B3B079B8B4770DD55EF704976D9DF0E5B75771D62C63C97834A0","PASS_STATIC_SEMANTIC_PAIRED_DIRECT_FILE_REPLAY_BUILD_DEFERRED_FOR_DEPENDENCY_CLOSURE","locale/fa-IR/content/computability/recursive-functions/partial-functions.tex","ACCEPTED","36609ED052C67BB5A39DD41DB7D443224B39078BABC8A4B5367D2A35EB561BFF","PASS_STATIC_SEMANTIC_PAIRED_DIRECT_FILE_REPLAY_BUILD_DEFERRED_FOR_DEPENDENCY_CLOSURE","ACCEPTED"
"OLP-0225","225","9620cc73f9c8e0ad003c514a5d3748f29611c4c0","content/computability/recursive-functions/normal-form.tex","bcaadbcfece9d45963ac5e9e66176efecc7d014aba49c3924522e14c2f6058b2","1942","48","284","true","true","225","canonical_complete_reader_reachable","Reached by ordered depth-first replay from content/open-logic-about.tex then content/content.tex through uncommented olimport edges.","reader_unit","The Normal Form Theorem","cmp","0","","","1","content/computability/recursive-functions/recursive-functions.tex","0","","3","document:1|explain:1|thm:1","0","0","1","0","1","0","0","0","0","0","0","0","0","0","0","0","27","locale/ar/content/computability/recursive-functions/normal-form.tex","ACCEPTED","A38AD6AD70B312C4D11DAC3ACDE6626BF256A5CE232A1529F0B5B8052EC3FB50","PASS_STATIC_SEMANTIC_PAIRED_DIRECT_FILE_REPLAY_BUILD_DEFERRED_FOR_DEPENDENCY_CLOSURE","locale/fa-IR/content/computability/recursive-functions/normal-form.tex","ACCEPTED","4354369F9C5DC03BDACAB16484C59CF13DDA5FD6F6D00EA38245F59BC4C78AC6","PASS_STATIC_SEMANTIC_PAIRED_DIRECT_FILE_REPLAY_BUILD_DEFERRED_FOR_DEPENDENCY_CLOSURE","ACCEPTED"
"OLP-0226","226","9620cc73f9c8e0ad003c514a5d3748f29611c4c0","content/computability/recursive-functions/halting-problem.tex","45ec5638665a104724a6591813603a2162182ffedef2288f210e4c99eb035d00","3320","95","490","true","true","226","canonical_complete_reader_reachable","Reached by ordered depth-first replay from content/open-logic-about.tex then content/content.tex through uncommented olimport edges.","reader_unit","The Halting Problem","cmp","0","","","1","content/computability/recursive-functions/recursive-functions.tex","0","","8","cases:3|document:1|enumerate:2|proof:1|thm:1","0","0","1","0","1","0","0","0","0","0","1","0","0","0","0","0","61","locale/ar/content/computability/recursive-functions/halting-problem.tex","ACCEPTED","992A4A9530AB135355D761C6E5B7598DEDF2B17E43427ACBA2A32765E0DE44DC","PASS_STATIC_SEMANTIC_PAIRED_DIRECT_FILE_REPLAY_BUILD_DEFERRED_FOR_DEPENDENCY_CLOSURE","locale/fa-IR/content/computability/recursive-functions/halting-problem.tex","ACCEPTED","56F67E1F0F3BB70829894E42D4B6D7629AC435FEA7D1EEE544BA5A4AE997B6A5","PASS_STATIC_SEMANTIC_PAIRED_DIRECT_FILE_REPLAY_BUILD_DEFERRED_FOR_DEPENDENCY_CLOSURE","ACCEPTED"
"OLP-0227","227","9620cc73f9c8e0ad003c514a5d3748f29611c4c0","content/computability/recursive-functions/general-recursive-functions.tex","ec031b368a8b22f20144e845280e876ef9012cb3bfa524c01785d423519feaee","1731","43","231","true","true","227","canonical_complete_reader_reachable","Reached by ordered depth-first replay from content/open-logic-about.tex then content/content.tex through uncommented olimport edges.","reader_unit","General Recursive Functions","cmp","0","","","1","content/computability/recursive-functions/recursive-functions.tex","0","","2","defn:1|document:1","0","0","1","1","0","0","0","0","0","0","0","0","0","0","4","0","4","locale/ar/content/computability/recursive-functions/general-recursive-functions.tex","ACCEPTED","BCBED01C41A177817F962E0A1E568AB48905664D3A1CE03F749853F206247E16","PASS_STATIC_SEMANTIC_PAIRED_DIRECT_FILE_REPLAY_BUILD_DEFERRED_FOR_DEPENDENCY_CLOSURE","locale/fa-IR/content/computability/recursive-functions/general-recursive-functions.tex","ACCEPTED","A82DA196184999D8BA8043EE6C9CB5D7B8CEC417116146D96B33CA739BC5933D","PASS_STATIC_SEMANTIC_PAIRED_DIRECT_FILE_REPLAY_BUILD_DEFERRED_FOR_DEPENDENCY_CLOSURE","ACCEPTED"
"OLP-0228","228","9620cc73f9c8e0ad003c514a5d3748f29611c4c0","content/computability/computability-theory/computability-theory.tex","455935eba9c7e9c84dfbac734f6d7d99c9e1d1d29e1bfec82df6a04af662f376","1040","64","83","true","true","228","canonical_complete_reader_reachable","Reached by ordered depth-first replay from content/open-logic-about.tex then content/content.tex through uncommented olimport edges.","chapter_driver","Computability Theory","","23","content/computability/computability-theory/introduction.tex|content/computability/computability-theory/coding-computations.tex|content/computability/computability-theory/normal-form.tex|content/computability/computability-theory/s-m-n.tex|content/computability/computability-theory/universal-part-function.tex|content/computability/computability-theory/no-universal-function.tex|content/computability/computability-theory/halting-problem.tex|content/computability/computability-theory/russells-paradox.tex|content/computability/computability-theory/computable-sets.tex|content/computability/computability-theory/ce-sets.tex|content/computability/computability-theory/equiv-ce-defs.tex|content/computability/computability-theory/non-comp-set.tex|content/computability/computability-theory/ce-closed-cup-cap.tex|content/computability/computability-theory/complement-ce.tex|content/computability/computability-theory/reducibility.tex|content/computability/computability-theory/prop-reduce.tex|content/computability/computability-theory/complete-ce-sets.tex|content/computability/computability-theory/k-1.tex|content/computability/computability-theory/total.tex|content/computability/computability-theory/rice-theorem.tex|content/computability/computability-theory/fixed-point-thm.tex|content/computability/computability-theory/application-fixed-point.tex|content/computability/computability-theory/def-functions-self-reference.tex","","1","content/computability/computability.tex","0","","2","document:1|editorial:1","0","1","0","0","0","0","0","0","0","0","0","0","0","0","0","0","0","locale/ar/content/computability/computability-theory/computability-theory.tex","ACCEPTED","987136AACE6CB7E2EE879C94AAFF99BD1C50638BCCFECDEAA66AD4986B89C0D7","PASS_STATIC_SEMANTIC_PAIRED_DIRECT_FILE_REPLAY_BUILD_DEFERRED_FOR_DEPENDENCY_CLOSURE","locale/fa-IR/content/computability/computability-theory/computability-theory.tex","ACCEPTED","13155707367177611693FABF6642D3D7B83AB1686516211E81820CD3EC3ECCFC","PASS_STATIC_SEMANTIC_PAIRED_DIRECT_FILE_REPLAY_BUILD_DEFERRED_FOR_DEPENDENCY_CLOSURE","ACCEPTED"
"OLP-0229","229","9620cc73f9c8e0ad003c514a5d3748f29611c4c0","content/computability/computability-theory/introduction.tex","c3419c9d239782b621f14aae61fde98a1ecaa1a8e146d8d042d87476cd826107","3266","69","498","true","true","229","canonical_complete_reader_reachable","Reached by ordered depth-first replay from content/open-logic-about.tex then content/content.tex through uncommented olimport edges.","reader_unit","Introduction","cmp","0","","","1","content/computability/computability-theory/computability-theory.tex","0","","2","document:1|enumerate:1","0","0","1","0","0","0","0","0","0","0","0","0","0","0","0","0","41","locale/ar/content/computability/computability-theory/introduction.tex","ACCEPTED","468353CA62217E039A9256EE872574017777B4E3DC3D1AE14C89064B1A53A6AF","PASS_STATIC_SEMANTIC_PAIRED_DIRECT_FILE_REPLAY_BUILD_DEFERRED_FOR_DEPENDENCY_CLOSURE","locale/fa-IR/content/computability/computability-theory/introduction.tex","ACCEPTED","761B986B0EDABC6694B6986B231B65B008B71AE04007EF760A73887ACA1E2F00","PASS_STATIC_SEMANTIC_PAIRED_DIRECT_FILE_REPLAY_BUILD_DEFERRED_FOR_DEPENDENCY_CLOSURE","ACCEPTED"
"OLP-0230","230","9620cc73f9c8e0ad003c514a5d3748f29611c4c0","content/computability/computability-theory/coding-computations.tex","a7f410fc4df20dc8a33e389d77fef080bc442c898f66fc6c7f2b416563aac620","2114","47","299","true","true","230","canonical_complete_reader_reachable","Reached by ordered depth-first replay from content/open-logic-about.tex then content/content.tex through uncommented olimport edges.","reader_unit","Coding Computations","cmp","0","","","1","content/computability/computability-theory/computability-theory.tex","0","","2","document:1|enumerate:1","0","0","1","0","0","0","0","0","0","0","0","0","0","0","0","0","4","locale/ar/content/computability/computability-theory/coding-computations.tex","ACCEPTED","1D28F1504D2E8D8CDAD56EED137CE35723A7FBD6B8143ECA66B6A991BAD855E0","PASS_STATIC_SEMANTIC_PAIRED_DIRECT_FILE_REPLAY_BUILD_DEFERRED_FOR_DEPENDENCY_CLOSURE","locale/fa-IR/content/computability/computability-theory/coding-computations.tex","ACCEPTED","973C24A523D0AD5F4258E0FC1B8B526B4073AD5092E6AC134703FE0265B4A8AE","PASS_STATIC_SEMANTIC_PAIRED_DIRECT_FILE_REPLAY_BUILD_DEFERRED_FOR_DEPENDENCY_CLOSURE","ACCEPTED"
"OLP-0231","231","9620cc73f9c8e0ad003c514a5d3748f29611c4c0","content/computability/computability-theory/normal-form.tex","275b05d5a1731214ddec611571a58c1a0d1587409ae68462852e3cb253a800dc","4077","100","622","true","true","231","canonical_complete_reader_reachable","Reached by ordered depth-first replay from content/open-logic-about.tex then content/content.tex through uncommented olimport edges.","reader_unit","The Normal Form Theorem","cmp","0","","","1","content/computability/computability-theory/computability-theory.tex","0","","7","document:1|enumerate:2|explain:1|proof:1|thm:2","0","0","1","0","2","0","0","0","0","0","1","0","0","0","0","0","44","locale/ar/content/computability/computability-theory/normal-form.tex","ACCEPTED","B68ACBE692DC943FC8DD1EE7D3A7236D37E9E51E7C6169F5FD77E6564E6CC5B6","PASS_STATIC_SEMANTIC_PAIRED_DIRECT_FILE_REPLAY_BUILD_DEFERRED_FOR_DEPENDENCY_CLOSURE","locale/fa-IR/content/computability/computability-theory/normal-form.tex","ACCEPTED","B2D5A05F2429BB86C9EDAC51B180648612164C4DA182280585240B46F74F4F49","PASS_STATIC_SEMANTIC_PAIRED_DIRECT_FILE_REPLAY_BUILD_DEFERRED_FOR_DEPENDENCY_CLOSURE","ACCEPTED"
"OLP-0232","232","9620cc73f9c8e0ad003c514a5d3748f29611c4c0","content/computability/computability-theory/s-m-n.tex","4a1c61fd8f0426b389b529ee9052fcab5d28e67895f48a95572804c92fec995c","1579","45","237","true","true","232","canonical_complete_reader_reachable","Reached by ordered depth-first replay from content/open-logic-about.tex then content/content.tex through uncommented olimport edges.","reader_unit","The $s$-$m$-$n$ Theorem","cmp","0","","","1","content/computability/computability-theory/computability-theory.tex","0","","4","document:1|explain:2|thm:1","0","0","1","0","1","0","0","0","0","0","0","0","0","0","0","0","31","locale/ar/content/computability/computability-theory/s-m-n.tex","ACCEPTED","6C31A15425766D6DCCA08D96A4DC750D31AF86E3E52143ED86F1AC22878FEE85","PASS_STATIC_SEMANTIC_PAIRED_DIRECT_FILE_REPLAY_BUILD_DEFERRED_FOR_DEPENDENCY_CLOSURE","locale/fa-IR/content/computability/computability-theory/s-m-n.tex","ACCEPTED","E9DE9A54785BE0B19AD2EE26CE8EBE6C13B01090C615A14D9DE69E0655C3B78F","PASS_STATIC_SEMANTIC_PAIRED_DIRECT_FILE_REPLAY_BUILD_DEFERRED_FOR_DEPENDENCY_CLOSURE","ACCEPTED"
"OLP-0233","233","9620cc73f9c8e0ad003c514a5d3748f29611c4c0","content/computability/computability-theory/universal-part-function.tex","ad8a25c4b89efb3fb744ac5e31eb93e36e89ac7890f892a30dd0ca5886df9ec4","1601","43","227","true","true","233","canonical_complete_reader_reachable","Reached by ordered depth-first replay from content/open-logic-about.tex then content/content.tex through uncommented olimport edges.","reader_unit","The Universal Partial Computable Function","cmp","0","","","1","content/computability/computability-theory/computability-theory.tex","0","","5","document:1|enumerate:1|explain:1|proof:1|thm:1","0","0","1","0","1","0","0","0","0","0","1","0","0","0","1","0","21","locale/ar/content/computability/computability-theory/universal-part-function.tex","ACCEPTED","777F5895CD08CFFEA18A787B18A7BCB745A6A52A6BF78E43C227009353CB6C1F","PASS_STATIC_SEMANTIC_PAIRED_DIRECT_FILE_REPLAY_BUILD_DEFERRED_FOR_DEPENDENCY_CLOSURE","locale/fa-IR/content/computability/computability-theory/universal-part-function.tex","ACCEPTED","ED6871309F516238636CA7331D4D804E9ED881F84265F97276C24DC194A7C779","PASS_STATIC_SEMANTIC_PAIRED_DIRECT_FILE_REPLAY_BUILD_DEFERRED_FOR_DEPENDENCY_CLOSURE","ACCEPTED"
"OLP-0234","234","9620cc73f9c8e0ad003c514a5d3748f29611c4c0","content/computability/computability-theory/no-universal-function.tex","21cdbc8e03343aed5b966aa8df3cb1670e06ff46bc95d6f70a25a45d68edb8c0","1832","53","263","true","true","234","canonical_complete_reader_reachable","Reached by ordered depth-first replay from content/open-logic-about.tex then content/content.tex through uncommented olimport edges.","reader_unit","No Universal Computable Function","cmp","0","","","1","content/computability/computability-theory/computability-theory.tex","0","","5","document:1|explain:1|prob:1|proof:1|thm:1","0","0","1","0","1","0","0","0","0","1","1","0","0","0","2","0","19","locale/ar/content/computability/computability-theory/no-universal-function.tex","ACCEPTED","8D6C18232D12625E8ABD1EADE1137C3397EA7A5D83F2AC60E3CC04A6C6C84BF2","PASS_STATIC_SEMANTIC_PAIRED_DIRECT_FILE_REPLAY_BUILD_DEFERRED_FOR_DEPENDENCY_CLOSURE","locale/fa-IR/content/computability/computability-theory/no-universal-function.tex","ACCEPTED","7B682BDE8291CEBCCC6D03F71FAD80107D04CD3EB7FABD01411C4711AA4F4680","PASS_STATIC_SEMANTIC_PAIRED_DIRECT_FILE_REPLAY_BUILD_DEFERRED_FOR_DEPENDENCY_CLOSURE","ACCEPTED"
"OLP-0235","235","9620cc73f9c8e0ad003c514a5d3748f29611c4c0","content/computability/computability-theory/halting-problem.tex","07a2761be56b61fdf53a8059c14ccc93f9e10e467834f49086bf1033b3325da2","3650","102","564","true","true","235","canonical_complete_reader_reachable","Reached by ordered depth-first replay from content/open-logic-about.tex then content/content.tex through uncommented olimport edges.","reader_unit","The Halting Problem","cmp","0","","","1","content/computability/computability-theory/computability-theory.tex","0","","10","align*:1|cases:3|document:1|explain:1|proof:2|tagblock:1|thm:1","0","0","1","0","1","0","0","0","0","0","2","0","0","0","1","0","64","locale/ar/content/computability/computability-theory/halting-problem.tex","ACCEPTED","00BB93BDB0A5456E47C2AE1110266F5FE11387475A35D01A10582E569D977E9D","PASS_STATIC_SEMANTIC_PAIRED_DIRECT_FILE_REPLAY_BUILD_DEFERRED_FOR_DEPENDENCY_CLOSURE","locale/fa-IR/content/computability/computability-theory/halting-problem.tex","ACCEPTED","DB1075C168225242B610E83A8F7A91E55F0106E2414F4946812ECFF01AECC34D","PASS_STATIC_SEMANTIC_PAIRED_DIRECT_FILE_REPLAY_BUILD_DEFERRED_FOR_DEPENDENCY_CLOSURE","ACCEPTED"
"OLP-0236","236","9620cc73f9c8e0ad003c514a5d3748f29611c4c0","content/computability/computability-theory/russells-paradox.tex","8cdf210d5f1554d2c000429a6d18ad27ee2e81a264a1b66530ba061c7eb66d07","2787","76","378","true","true","236","canonical_complete_reader_reachable","Reached by ordered depth-first replay from content/open-logic-about.tex then content/content.tex through uncommented olimport edges.","reader_unit","Comparison with Russell's Paradox","cmp","0","","","1","content/computability/computability-theory/computability-theory.tex","0","","5","cases:2|document:1|enumerate:2","0","0","1","0","0","0","0","0","0","0","0","0","0","0","0","0","29","locale/ar/content/computability/computability-theory/russells-paradox.tex","ACCEPTED","4B20317CC29EC29AA1801D25E973C42819EDC0C882F1FB17501167A3E3C09CCA","PASS_STATIC_SEMANTIC_PAIRED_DIRECT_FILE_REPLAY_BUILD_DEFERRED_FOR_DEPENDENCY_CLOSURE","locale/fa-IR/content/computability/computability-theory/russells-paradox.tex","ACCEPTED","189B74A6F2ACBE1616267805D7628AF4CC84A8E1E8DF3238AE67F7E560B5D78C","PASS_STATIC_SEMANTIC_PAIRED_DIRECT_FILE_REPLAY_BUILD_DEFERRED_FOR_DEPENDENCY_CLOSURE","ACCEPTED"
"OLP-0237","237","9620cc73f9c8e0ad003c514a5d3748f29611c4c0","content/computability/computability-theory/computable-sets.tex","f5f564af892eaee08204f6b878e7172fa49bc45f8429fd5b91f1521fd116f222","1302","43","161","true","true","237","canonical_complete_reader_reachable","Reached by ordered depth-first replay from content/open-logic-about.tex then content/content.tex through uncommented olimport edges.","reader_unit","Computable Sets","cmp","0","","","1","content/computability/computability-theory/computability-theory.tex","0","","4","cases:1|defn:1|document:1|explain:1","0","0","1","1","0","0","0","0","0","0","0","0","0","0","0","0","9","locale/ar/content/computability/computability-theory/computable-sets.tex","ACCEPTED","327B014BA2E418BE899242BC49812A9D3B3BF560F4E2F77BE1DA35A55601B979","PASS_STATIC_SEMANTIC_PAIRED_DIRECT_FILE_REPLAY_BUILD_DEFERRED_FOR_DEPENDENCY_CLOSURE","locale/fa-IR/content/computability/computability-theory/computable-sets.tex","ACCEPTED","8E477D2C5E3A8B57457FC60A58D7A304C4CBDAA9ED547E512C656FF7B36E8CE5","PASS_STATIC_SEMANTIC_PAIRED_DIRECT_FILE_REPLAY_BUILD_DEFERRED_FOR_DEPENDENCY_CLOSURE","ACCEPTED"
"OLP-0238","238","9620cc73f9c8e0ad003c514a5d3748f29611c4c0","content/computability/computability-theory/ce-sets.tex","b738f332001dab70a842378f9ebcdd3c81f81a37d40093e9c3a12d724220031f","1646","54","222","true","true","238","canonical_complete_reader_reachable","Reached by ordered depth-first replay from content/open-logic-about.tex then content/content.tex through uncommented olimport edges.","reader_unit","Computably Enumerable Sets","cmp","0","","","1","content/computability/computability-theory/computability-theory.tex","0","","5","cases:1|defn:1|document:1|explain:1|history:1","0","0","1","1","0","0","0","0","0","0","0","0","0","0","0","0","23","locale/ar/content/computability/computability-theory/ce-sets.tex","ACCEPTED","65F9EDB198F8F0F933F97EE5C2BA7A5BE9227FE4761437395F6C8B702AD17BAE","PASS_STATIC_SEMANTIC_PAIRED_DIRECT_FILE_REPLAY_BUILD_DEFERRED_FOR_DEPENDENCY_CLOSURE","locale/fa-IR/content/computability/computability-theory/ce-sets.tex","ACCEPTED","EC89DA4C69664A8B2809A13859648E08CFFDB3DADA99F3E9667F3947010F938B","PASS_STATIC_SEMANTIC_PAIRED_DIRECT_FILE_REPLAY_BUILD_DEFERRED_FOR_DEPENDENCY_CLOSURE","ACCEPTED"
"OLP-0239","239","9620cc73f9c8e0ad003c514a5d3748f29611c4c0","content/computability/computability-theory/equiv-ce-defs.tex","a195b2f0b2d78a5121d2c5993e5b7c31b493aa02d4f8103804f1f6780e1dbb30","6341","166","987","true","true","239","canonical_complete_reader_reachable","Reached by ordered depth-first replay from content/open-logic-about.tex then content/content.tex through uncommented olimport edges.","reader_unit","Equivalent Defininitions of Computably Enumerable Sets","cmp","0","","","1","content/computability/computability-theory/computability-theory.tex","0","","9","cases:2|document:1|enumerate:1|explain:1|proof:2|thm:2","0","0","1","0","2","0","0","0","0","0","2","0","0","0","15","0","116","locale/ar/content/computability/computability-theory/equiv-ce-defs.tex","ACCEPTED","9882CB809920A56A02B985C322F766CCDC9F6E05553F956CEFBA5CB144D36661","PASS_STATIC_SEMANTIC_PAIRED_DIRECT_FILE_REPLAY_BUILD_DEFERRED_FOR_DEPENDENCY_CLOSURE","locale/fa-IR/content/computability/computability-theory/equiv-ce-defs.tex","ACCEPTED","1BB64B5B2C6736BF7F7299A10D5CF0BFDB0317B0518C187F848B8F1375F13743","PASS_STATIC_SEMANTIC_PAIRED_DIRECT_FILE_REPLAY_BUILD_DEFERRED_FOR_DEPENDENCY_CLOSURE","ACCEPTED"
"OLP-0240","240","9620cc73f9c8e0ad003c514a5d3748f29611c4c0","content/computability/computability-theory/non-comp-set.tex","ea2588e217e3df5956db0c8abd7cfbd46dde8ffeec2cc585354b43fef11bded2","2134","64","291","true","true","240","canonical_complete_reader_reachable","Reached by ordered depth-first replay from content/open-logic-about.tex then content/content.tex through uncommented olimport edges.","reader_unit","There Are Non-Computable Sets","cmp","0","","","1","content/computability/computability-theory/computability-theory.tex","0","","6","cases:1|document:1|proof:2|thm:2","0","0","1","0","2","0","0","0","0","0","2","0","0","0","1","0","34","locale/ar/content/computability/computability-theory/non-comp-set.tex","ACCEPTED","F68285D240FD7BB44F5E69771A8A8A80AA6B3407B93FAB6D20E38E2B00E64AF3","PASS_STATIC_SEMANTIC_PAIRED_DIRECT_FILE_REPLAY_BUILD_DEFERRED_FOR_DEPENDENCY_CLOSURE","locale/fa-IR/content/computability/computability-theory/non-comp-set.tex","ACCEPTED","FDF45CF5015B08AF350CC0673D7C37BE4B3E8172932DD3A4D470F2E15532DFC9","PASS_STATIC_SEMANTIC_PAIRED_DIRECT_FILE_REPLAY_BUILD_DEFERRED_FOR_DEPENDENCY_CLOSURE","ACCEPTED"
"OLP-0241","241","9620cc73f9c8e0ad003c514a5d3748f29611c4c0","content/computability/computability-theory/ce-closed-cup-cap.tex","6b5a606958985b35543ab2967d419a1894ea7bb37138594be5a8ebf997d75094","3224","94","505","true","true","241","canonical_complete_reader_reachable","Reached by ordered depth-first replay from content/open-logic-about.tex then content/content.tex through uncommented olimport edges.","reader_unit","Computably Enumerable Sets are Closed under Union and Intersection","cmp","0","","","1","content/computability/computability-theory/computability-theory.tex","0","","9","align*:1|cases:2|document:1|explain:3|proof:1|thm:1","0","0","1","0","1","0","0","0","0","0","1","0","0","0","1","0","70","locale/ar/content/computability/computability-theory/ce-closed-cup-cap.tex","ACCEPTED","465F929A1E405F5F3E220CDE19290E45D8C07D9BC6527E88CFCEB1944D0301E6","PASS_STATIC_SEMANTIC_PAIRED_DIRECT_FILE_REPLAY_BUILD_DEFERRED_FOR_DEPENDENCY_CLOSURE","locale/fa-IR/content/computability/computability-theory/ce-closed-cup-cap.tex","ACCEPTED","69EEC2CDBFC2B951C0666061191EC440B2BEF5EDBA6F141D0BAF00B7DF2BDAC1","PASS_STATIC_SEMANTIC_PAIRED_DIRECT_FILE_REPLAY_BUILD_DEFERRED_FOR_DEPENDENCY_CLOSURE","ACCEPTED"
"OLP-0242","242","9620cc73f9c8e0ad003c514a5d3748f29611c4c0","content/computability/computability-theory/complement-ce.tex","ae7fddd59fca662c90bb7e23a2af725a90dc7d9d95821eb3a55550f3f6b649d9","2302","63","322","true","true","242","canonical_complete_reader_reachable","Reached by ordered depth-first replay from content/open-logic-about.tex then content/content.tex through uncommented olimport edges.","reader_unit","Computably Enumerable Sets not Closed under Complement","cmp","0","","","1","content/computability/computability-theory/computability-theory.tex","0","","6","cor:1|document:1|explain:1|proof:2|thm:1","0","0","1","0","1","0","0","1","0","0","2","0","0","0","2","0","44","locale/ar/content/computability/computability-theory/complement-ce.tex","ACCEPTED","4E4A27F4C7A35338E44FEE4A590CBA80D74F25EDA528B0DA4CF85F42A896093B","PASS_STATIC_SEMANTIC_PAIRED_DIRECT_FILE_REPLAY_BUILD_DEFERRED_FOR_DEPENDENCY_CLOSURE","locale/fa-IR/content/computability/computability-theory/complement-ce.tex","ACCEPTED","D0F221DC9709CD26BDFCB97B39FE6BACA18F3569FBC491E8258E7111B0DBF3A6","PASS_STATIC_SEMANTIC_PAIRED_DIRECT_FILE_REPLAY_BUILD_DEFERRED_FOR_DEPENDENCY_CLOSURE","ACCEPTED"
"OLP-0243","243","9620cc73f9c8e0ad003c514a5d3748f29611c4c0","content/computability/computability-theory/reducibility.tex","9f392186d01baec03bd0c6cad875c8fc66231174ddb294c4a9a014c590f8ce22","3176","76","499","true","true","243","canonical_complete_reader_reachable","Reached by ordered depth-first replay from content/open-logic-about.tex then content/content.tex through uncommented olimport edges.","reader_unit","Reducibility","cmp","0","","","1","content/computability/computability-theory/computability-theory.tex","0","","4","defn:1|digress:1|document:1|explain:1","0","0","1","1","0","0","0","0","0","0","0","0","0","0","1","0","48","locale/ar/content/computability/computability-theory/reducibility.tex","ACCEPTED","B6F25392AC72F25F0567F9BB10BF1F9D7A1A6FB4B122254E2C66A7ADD0B736E9","PASS_STATIC_SEMANTIC_PAIRED_DIRECT_FILE_REPLAY_BUILD_DEFERRED_FOR_DEPENDENCY_CLOSURE","locale/fa-IR/content/computability/computability-theory/reducibility.tex","ACCEPTED","89859FEA659ADDC9E6D07478210E185DED534EE90E703B114BD8D8387AA0D99A","PASS_STATIC_SEMANTIC_PAIRED_DIRECT_FILE_REPLAY_BUILD_DEFERRED_FOR_DEPENDENCY_CLOSURE","ACCEPTED"
"OLP-0244","244","9620cc73f9c8e0ad003c514a5d3748f29611c4c0","content/computability/computability-theory/prop-reduce.tex","aba1c5594c0c29e062f0d40bd85948f4977a962cbdad14f492bc19b36e51504d","4102","103","619","true","true","244","canonical_complete_reader_reachable","Reached by ordered depth-first replay from content/open-logic-about.tex then content/content.tex through uncommented olimport edges.","reader_unit","Properties of Reducibility","cmp","0","","","1","content/computability/computability-theory/computability-theory.tex","0","","11","align*:1|digress:1|document:1|enumerate:1|prob:3|proof:2|prop:2","0","0","1","0","0","2","0","0","0","3","2","0","0","0","4","0","77","locale/ar/content/computability/computability-theory/prop-reduce.tex","ACCEPTED","AED194ED93D27638A5ECA2C2FBF55BDB604D9CFC0D56E93A7F36281E3B8A6759","PASS_STATIC_SEMANTIC_PAIRED_DIRECT_FILE_REPLAY_BUILD_DEFERRED_FOR_DEPENDENCY_CLOSURE","locale/fa-IR/content/computability/computability-theory/prop-reduce.tex","ACCEPTED","EB8E051082A6EB1899E860427B1AA19A502D133222F41CA39C21CD2E5241267F","PASS_STATIC_SEMANTIC_PAIRED_DIRECT_FILE_REPLAY_BUILD_DEFERRED_FOR_DEPENDENCY_CLOSURE","ACCEPTED"
"OLP-0245","245","9620cc73f9c8e0ad003c514a5d3748f29611c4c0","content/computability/computability-theory/complete-ce-sets.tex","f2b3d831482a977fe0d186eed0e916f4efa52c2aeb2cd828e29a1d012bb0c377","1925","62","264","true","true","245","canonical_complete_reader_reachable","Reached by ordered depth-first replay from content/open-logic-about.tex then content/content.tex through uncommented olimport edges.","reader_unit","Complete Computably Enumerable Sets","cmp","0","","","1","content/computability/computability-theory/computability-theory.tex","0","","7","defn:1|digress:1|document:1|enumerate:1|prob:1|proof:1|thm:1","0","0","1","1","1","0","0","0","0","1","1","0","0","0","2","0","26","locale/ar/content/computability/computability-theory/complete-ce-sets.tex","ACCEPTED","8E3BEEAA96700377F5CF084724643E4F2FBAEF6E790CCAF3D4C3AF746845AC05","PASS_STATIC_SEMANTIC_PAIRED_DIRECT_FILE_REPLAY_BUILD_DEFERRED_FOR_DEPENDENCY_CLOSURE","locale/fa-IR/content/computability/computability-theory/complete-ce-sets.tex","ACCEPTED","2BDB442E67811719C2407C24732BBE60A57EC1C8C3288AE9E83BAAA481090689","PASS_STATIC_SEMANTIC_PAIRED_DIRECT_FILE_REPLAY_BUILD_DEFERRED_FOR_DEPENDENCY_CLOSURE","ACCEPTED"
"OLP-0246","246","9620cc73f9c8e0ad003c514a5d3748f29611c4c0","content/computability/computability-theory/k-1.tex","553b765fd06bae91196dfd6a9404614f0b5c687d77d6eebf53205b30cba3ce2d","2648","84","396","true","true","246","canonical_complete_reader_reachable","Reached by ordered depth-first replay from content/open-logic-about.tex then content/content.tex through uncommented olimport edges.","reader_unit","An Example of Reducibility","cmp","0","","","1","content/computability/computability-theory/computability-theory.tex","0","","6","align*:1|document:1|explain:2|proof:1|prop:1","0","0","1","0","0","1","0","0","0","0","1","0","0","0","2","0","45","locale/ar/content/computability/computability-theory/k-1.tex","ACCEPTED","E0C664FA2B6D5BC942EAE299FE34B0E46D2A6E0B38C55C341DC3836863AD5E36","PASS_STATIC_SEMANTIC_PAIRED_DIRECT_FILE_REPLAY_BUILD_DEFERRED_FOR_DEPENDENCY_CLOSURE","locale/fa-IR/content/computability/computability-theory/k-1.tex","ACCEPTED","DDD0FFBB62BF421A3D4895115B252E0B6A73561DE4AEEE5C4B8EF0523BF96F0F","PASS_STATIC_SEMANTIC_PAIRED_DIRECT_FILE_REPLAY_BUILD_DEFERRED_FOR_DEPENDENCY_CLOSURE","ACCEPTED"
"OLP-0247","247","9620cc73f9c8e0ad003c514a5d3748f29611c4c0","content/computability/computability-theory/total.tex","d165286d41a2d24092135479b2fb302b460176ec3e7370375e4a88a7c2b74228","1782","62","243","true","true","247","canonical_complete_reader_reachable","Reached by ordered depth-first replay from content/open-logic-about.tex then content/content.tex through uncommented olimport edges.","reader_unit","Totality is Undecidable","cmp","0","","","1","content/computability/computability-theory/computability-theory.tex","0","","6","cases:2|digress:1|document:1|proof:1|prop:1","0","0","1","0","0","1","0","0","0","0","1","0","0","0","0","0","39","locale/ar/content/computability/computability-theory/total.tex","ACCEPTED","E95D78B10622DB4B6043AA0A0AC43A1B0AC1304998C4A4AA09264F5DB0AFC0E4","PASS_STATIC_SEMANTIC_PAIRED_DIRECT_FILE_REPLAY_BUILD_DEFERRED_FOR_DEPENDENCY_CLOSURE","locale/fa-IR/content/computability/computability-theory/total.tex","ACCEPTED","AA229851DC8E25BB2F164724576BC82197536277DCA64B3E5AFCA06678B40C2E","PASS_STATIC_SEMANTIC_PAIRED_DIRECT_FILE_REPLAY_BUILD_DEFERRED_FOR_DEPENDENCY_CLOSURE","ACCEPTED"
"OLP-0248","248","9620cc73f9c8e0ad003c514a5d3748f29611c4c0","content/computability/computability-theory/rice-theorem.tex","83b47def0c2b096e1a19487c7df09cd43e330933e58848efa68d431b606902d4","5635","128","874","true","true","248","canonical_complete_reader_reachable","Reached by ordered depth-first replay from content/open-logic-about.tex then content/content.tex through uncommented olimport edges.","reader_unit","Rice's Theorem","cmp","0","","","1","content/computability/computability-theory/computability-theory.tex","0","","8","cases:1|cor:1|document:1|enumerate:1|explain:1|proof:2|thm:1","0","0","1","0","1","0","0","1","0","0","2","0","0","0","1","0","102","locale/ar/content/computability/computability-theory/rice-theorem.tex","ACCEPTED","807BEDB32A1E4EA5D1C9F00DDA51FF5F7C1BEDD42392923065AF70200676E64E","PASS_STATIC_SEMANTIC_PAIRED_DIRECT_FILE_REPLAY_BUILD_DEFERRED_FOR_DEPENDENCY_CLOSURE","locale/fa-IR/content/computability/computability-theory/rice-theorem.tex","ACCEPTED","EF5748C43D0569AE370E38511B15830FE2F0E713BA9F531C2C2F6045781D6F73","PASS_STATIC_SEMANTIC_PAIRED_DIRECT_FILE_REPLAY_BUILD_DEFERRED_FOR_DEPENDENCY_CLOSURE","ACCEPTED"
"OLP-0249","249","9620cc73f9c8e0ad003c514a5d3748f29611c4c0","content/computability/computability-theory/fixed-point-thm.tex","fba78fdf1abfe96f69e5623ec0cfe75430b5e139d19fcb9e22484bb8dae38820","8022","244","1171","true","true","249","canonical_complete_reader_reachable","Reached by ordered depth-first replay from content/open-logic-about.tex then content/content.tex through uncommented olimport edges.","reader_unit","The Fixed-Point Theorem","cmp","0","","","1","content/computability/computability-theory/computability-theory.tex","0","","27","align*:4|cases:3|digress:1|document:1|enumerate:1|explain:2|lem:1|proof:2|quote:5|tagblock:1|thm:1|verbatim:5","0","0","1","0","1","0","1","0","0","0","2","0","0","0","2","0","110","locale/ar/content/computability/computability-theory/fixed-point-thm.tex","ACCEPTED","56E2B53475262F8057F5E6413097743ABE02E13323695AD277C86974D0941394","PASS_STATIC_SEMANTIC_PAIRED_DIRECT_FILE_REPLAY_BUILD_DEFERRED_FOR_DEPENDENCY_CLOSURE","locale/fa-IR/content/computability/computability-theory/fixed-point-thm.tex","ACCEPTED","22DE24DB7081692B17D3522BB0E5A8A4DCF1BCA4E0A44BB0C1063F5A56BAC24F","PASS_STATIC_SEMANTIC_PAIRED_DIRECT_FILE_REPLAY_BUILD_DEFERRED_FOR_DEPENDENCY_CLOSURE","ACCEPTED"
"OLP-0250","250","9620cc73f9c8e0ad003c514a5d3748f29611c4c0","content/computability/computability-theory/application-fixed-point.tex","864d0413932de8279b535e9aa047420dd88a8e7f86ba3caa338ac11429dfba47","2621","71","375","true","true","250","canonical_complete_reader_reachable","Reached by ordered depth-first replay from content/open-logic-about.tex then content/content.tex through uncommented olimport edges.","reader_unit","Applying the Fixed-Point Theorem","cmp","0","","","1","content/computability/computability-theory/computability-theory.tex","0","","5","cases:2|document:1|proof:1|thm:1","0","0","1","0","1","0","0","0","0","0","1","0","0","0","0","0","48","locale/ar/content/computability/computability-theory/application-fixed-point.tex","ACCEPTED","F3731712829A395092D19058E188AD57A643B64340553DB4BFD135AD09D95679","PASS_STATIC_SEMANTIC_PAIRED_DIRECT_FILE_REPLAY_BUILD_DEFERRED_FOR_DEPENDENCY_CLOSURE","locale/fa-IR/content/computability/computability-theory/application-fixed-point.tex","ACCEPTED","6B2AD38B125B9FCCB6DDF4365F1AB55C15AD575EACCEF8EDBA73EB0005466B20","PASS_STATIC_SEMANTIC_PAIRED_DIRECT_FILE_REPLAY_BUILD_DEFERRED_FOR_DEPENDENCY_CLOSURE","ACCEPTED"
"OLP-0251","251","9620cc73f9c8e0ad003c514a5d3748f29611c4c0","content/computability/computability-theory/def-functions-self-reference.tex","66f68fd888fbe9cd4e10f42a9943add43582bd0246e7c9c5f97ee151e9e85581","1935","58","271","true","true","251","canonical_complete_reader_reachable","Reached by ordered depth-first replay from content/open-logic-about.tex then content/content.tex through uncommented olimport edges.","reader_unit","Defining Functions using Self-Reference","cmp","0","","","1","content/computability/computability-theory/computability-theory.tex","0","","4","cases:3|document:1","0","0","1","0","0","0","0","0","0","0","0","0","0","0","0","0","23","locale/ar/content/computability/computability-theory/def-functions-self-reference.tex","ACCEPTED","EA45B68AD3392D3C54E2C90B765F063F3BEB5378D59DF7CBD7AF14A22F512FB1","PASS_STATIC_SEMANTIC_PAIRED_DIRECT_FILE_REPLAY_BUILD_DEFERRED_FOR_DEPENDENCY_CLOSURE","locale/fa-IR/content/computability/computability-theory/def-functions-self-reference.tex","ACCEPTED","A29832CA429E31878AAE03CDDEE1CCBD314D9737A97CC7DB189DEAE5D2B43369","PASS_STATIC_SEMANTIC_PAIRED_DIRECT_FILE_REPLAY_BUILD_DEFERRED_FOR_DEPENDENCY_CLOSURE","ACCEPTED"
"OLP-0252","252","9620cc73f9c8e0ad003c514a5d3748f29611c4c0","content/turing-machines/turing-machines.tex","8d2065d41cb0656e23a4e6ed368c115a62c5120fc297110dab109cecdcceac6d","277","16","16","true","true","252","canonical_complete_reader_reachable","Reached by ordered depth-first replay from content/open-logic-about.tex then content/content.tex through uncommented olimport edges.","part_driver","Turing Machines","","2","content/turing-machines/machines-computations/machines-computations.tex|content/turing-machines/undecidability/undecidability.tex","","1","content/content.tex","0","","1","document:1","1","0","0","0","0","0","0","0","0","0","0","0","0","0","0","0","0","locale/ar/content/turing-machines/turing-machines.tex","ACCEPTED","427F426519240DA443E326B1C0281F6B346140B4EE3C2E718B0A3EA702CC92AC","PASS_STATIC_SEMANTIC_PAIRED_DIRECT_FILE_REPLAY_BUILD_DEFERRED_FOR_DEPENDENCY_CLOSURE","locale/fa-IR/content/turing-machines/turing-machines.tex","ACCEPTED","6863F8C482AB90A21C6CA9CEAC2C048B80E0347230C23F5BA669327839D7217B","PASS_STATIC_SEMANTIC_PAIRED_DIRECT_FILE_REPLAY_BUILD_DEFERRED_FOR_DEPENDENCY_CLOSURE","ACCEPTED"
"OLP-0253","253","9620cc73f9c8e0ad003c514a5d3748f29611c4c0","content/turing-machines/machines-computations/machines-computations.tex","b045db3918d73862a4c1456eb26c3d25ec32d6bd65489eedcaa9bd215bcc3ebc","535","33","30","true","true","253","canonical_complete_reader_reachable","Reached by ordered depth-first replay from content/open-logic-about.tex then content/content.tex through uncommented olimport edges.","chapter_driver","Turing Machine Computations","","10","content/turing-machines/machines-computations/introduction.tex|content/turing-machines/machines-computations/representing-tms.tex|content/turing-machines/machines-computations/turing-machines.tex|content/turing-machines/machines-computations/configuration.tex|content/turing-machines/machines-computations/unary-numbers.tex|content/turing-machines/machines-computations/halting-states.tex|content/turing-machines/machines-computations/disciplined-machines.tex|content/turing-machines/machines-computations/combining-machines.tex|content/turing-machines/machines-computations/variants.tex|content/turing-machines/machines-computations/church-turing-thesis.tex","","1","content/turing-machines/turing-machines.tex","0","","1","document:1","0","1","0","0","0","0","0","0","0","0","0","0","0","0","0","0","0","locale/ar/content/turing-machines/machines-computations/machines-computations.tex","ACCEPTED","26323FDCE1477AAB6790C310FC6C9BF25A5BB1BE52D15A995B8F8B2C6F86D0F6","PASS_STATIC_SEMANTIC_PAIRED_DIRECT_FILE_REPLAY_BUILD_DEFERRED_FOR_DEPENDENCY_CLOSURE","locale/fa-IR/content/turing-machines/machines-computations/machines-computations.tex","ACCEPTED","1E57F5D2393AE32B3BA66B2B609031F0549C7AE60B77F7B1CED32B9D2052ADB6","PASS_STATIC_SEMANTIC_PAIRED_DIRECT_FILE_REPLAY_BUILD_DEFERRED_FOR_DEPENDENCY_CLOSURE","ACCEPTED"
"OLP-0254","254","9620cc73f9c8e0ad003c514a5d3748f29611c4c0","content/turing-machines/machines-computations/introduction.tex","d6efd543cf956dac110b52d74254a61125fbe1b8866996da524d81fa8c4eda2f","6799","131","1016","true","true","254","canonical_complete_reader_reachable","Reached by ordered depth-first replay from content/open-logic-about.tex then content/content.tex through uncommented olimport edges.","reader_unit","Introduction","tur","0","","","1","content/turing-machines/machines-computations/machines-computations.tex","1","\olpath/assets/diagrams/turing-machine.tikz","6","digress:1|document:1|enumerate:1|explain:1|figure:1|history:1","0","0","1","0","0","0","0","0","0","0","0","1","0","0","1","0","41","locale/ar/content/turing-machines/machines-computations/introduction.tex","ACCEPTED","F82904D5D51785990450000289DFEE243CFAFD052818F12F9D919209F49FF1F9","PASS_STATIC_SEMANTIC_PAIRED_DIRECT_FILE_REPLAY_BUILD_DEFERRED_FOR_DEPENDENCY_CLOSURE","locale/fa-IR/content/turing-machines/machines-computations/introduction.tex","ACCEPTED","781ECBDFED515A50617C61805D440992C056DDFFA2654613DEB4B21D476874D0","PASS_STATIC_SEMANTIC_PAIRED_DIRECT_FILE_REPLAY_BUILD_DEFERRED_FOR_DEPENDENCY_CLOSURE","ACCEPTED"
"OLP-0255","255","9620cc73f9c8e0ad003c514a5d3748f29611c4c0","content/turing-machines/machines-computations/representing-tms.tex","e38cb6c2fa1059639fe3c8ebd00400a185526a9b17a2dd5dd4b1e9da0a927fa4","13199","298","1569","true","true","255","canonical_complete_reader_reachable","Reached by ordered depth-first replay from content/open-logic-about.tex then content/content.tex through uncommented olimport edges.","reader_unit","Representing Turing Machines","tur","0","","","1","content/turing-machines/machines-computations/machines-computations.tex","0","","22","align*:1|document:1|ex:4|explain:5|figure:1|prob:5|tabular:1|tikzpicture:4","0","0","1","0","0","0","0","0","4","5","0","1","4","0","2","0","121","locale/ar/content/turing-machines/machines-computations/representing-tms.tex","ACCEPTED","F84AAC4D32B5CEC4A1F511ADF8A0F68F6A49D1ADF589C5ADD02A617F217BD175","PASS_STATIC_SEMANTIC_PAIRED_DIRECT_FILE_REPLAY_BUILD_DEFERRED_FOR_DEPENDENCY_CLOSURE","locale/fa-IR/content/turing-machines/machines-computations/representing-tms.tex","ACCEPTED","5F883109E3B202D654F37D093D32B410768E83B778E6C201B7928F1E4B4DEFDD","PASS_STATIC_SEMANTIC_PAIRED_DIRECT_FILE_REPLAY_BUILD_DEFERRED_FOR_DEPENDENCY_CLOSURE","ACCEPTED"
"OLP-0256","256","9620cc73f9c8e0ad003c514a5d3748f29611c4c0","content/turing-machines/machines-computations/turing-machines.tex","7473c589e778e78e06486e8f7425c36b7d5a966124ccb562198ab94271cee23d","2418","63","263","true","true","256","canonical_complete_reader_reachable","Reached by ordered depth-first replay from content/open-logic-about.tex then content/content.tex through uncommented olimport edges.","reader_unit","Turing Machines","tur","0","","","1","content/turing-machines/machines-computations/machines-computations.tex","0","","7","align*:1|defn:1|document:1|enumerate:1|ex:1|explain:2","0","0","1","1","0","0","0","0","1","0","0","0","0","0","0","0","16","locale/ar/content/turing-machines/machines-computations/turing-machines.tex","ACCEPTED","5823A6EA1D5EE5524C3F703353AE7397A6E71888C9D52FAF7D23772F63C9AE8C","PASS_STATIC_SEMANTIC_PAIRED_DIRECT_FILE_REPLAY_BUILD_DEFERRED_FOR_DEPENDENCY_CLOSURE","locale/fa-IR/content/turing-machines/machines-computations/turing-machines.tex","ACCEPTED","0785E482292AABD4294379ADA2FEA46982692C0965FA499AEBA2700F25550A57","PASS_STATIC_SEMANTIC_PAIRED_DIRECT_FILE_REPLAY_BUILD_DEFERRED_FOR_DEPENDENCY_CLOSURE","ACCEPTED"
"OLP-0257","257","9620cc73f9c8e0ad003c514a5d3748f29611c4c0","content/turing-machines/machines-computations/configuration.tex","fab65b4f55e6bcf68cb56e54cf467fb53d36190707f3d0366011ff1b6dda2aad","4214","105","596","true","true","257","canonical_complete_reader_reachable","Reached by ordered depth-first replay from content/open-logic-about.tex then content/content.tex through uncommented olimport edges.","reader_unit","Configurations and Computations","cmp","0","","","1","content/turing-machines/machines-computations/machines-computations.tex","0","","12","defn:4|document:1|enumerate:3|explain:4","0","0","1","4","0","0","0","0","0","0","0","0","0","0","0","0","80","locale/ar/content/turing-machines/machines-computations/configuration.tex","ACCEPTED","636E1CE2E61B9E7A29311C5067D30AB023CDA45CA5A9AE0A06A4A3D485BFE1F2","PASS_STATIC_SEMANTIC_PAIRED_DIRECT_FILE_REPLAY_BUILD_DEFERRED_FOR_DEPENDENCY_CLOSURE","locale/fa-IR/content/turing-machines/machines-computations/configuration.tex","ACCEPTED","ED3BDBAE15DE5D9B809FC9D6AD8E27F6C97B380B2745EAB690016A01DD18DBD4","PASS_STATIC_SEMANTIC_PAIRED_DIRECT_FILE_REPLAY_BUILD_DEFERRED_FOR_DEPENDENCY_CLOSURE","ACCEPTED"
"OLP-0258","258","9620cc73f9c8e0ad003c514a5d3748f29611c4c0","content/turing-machines/machines-computations/unary-numbers.tex","409632297a69260d6b40f8831f3bd2a61f8254684e5bedf952b57088f393d4d0","10787","238","1146","true","true","258","canonical_complete_reader_reachable","Reached by ordered depth-first replay from content/open-logic-about.tex then content/content.tex through uncommented olimport edges.","reader_unit","Unary Representation of Numbers","tur","0","","","1","content/turing-machines/machines-computations/machines-computations.tex","0","","23","cases:1|defn:2|document:1|enumerate:1|ex:3|explain:2|figure:3|prob:6|tabular:1|tikzpicture:3","0","0","1","2","0","0","0","0","3","6","0","3","3","0","8","0","108","locale/ar/content/turing-machines/machines-computations/unary-numbers.tex","ACCEPTED","254CC896128ED8F19DB82A6584C204602A5064854D3EA8BDE79DC315E72B6617","PASS_STATIC_SEMANTIC_PAIRED_DIRECT_FILE_REPLAY_BUILD_DEFERRED_FOR_DEPENDENCY_CLOSURE","locale/fa-IR/content/turing-machines/machines-computations/unary-numbers.tex","ACCEPTED","52DDE7436E189751BC6E453CF43B342A4620C5801863AFE409E97CCF50D34244","PASS_STATIC_SEMANTIC_PAIRED_DIRECT_FILE_REPLAY_BUILD_DEFERRED_FOR_DEPENDENCY_CLOSURE","ACCEPTED"
"OLP-0259","259","9620cc73f9c8e0ad003c514a5d3748f29611c4c0","content/turing-machines/machines-computations/halting-states.tex","c7078c4e10055c1c7c8643e40c1cc75a772ad1ebce9f2c26cfae36ee66647ff0","3169","80","389","true","true","259","canonical_complete_reader_reachable","Reached by ordered depth-first replay from content/open-logic-about.tex then content/content.tex through uncommented olimport edges.","reader_unit","Halting States","tur","0","","","1","content/turing-machines/machines-computations/machines-computations.tex","0","","6","document:1|ex:1|explain:2|tikzpicture:2","0","0","1","0","0","0","0","0","1","0","0","0","2","0","0","0","14","locale/ar/content/turing-machines/machines-computations/halting-states.tex","ACCEPTED","4A3F4415041D682ADA512B4774E5A7B39534EFD5810E758FEA618E0C9284E914","PASS_STATIC_SEMANTIC_PAIRED_DIRECT_FILE_REPLAY_BUILD_DEFERRED_FOR_DEPENDENCY_CLOSURE","locale/fa-IR/content/turing-machines/machines-computations/halting-states.tex","ACCEPTED","245A396DE5DA6BD5CF6D38EB3CAC86500FFC6776A34CB1C30FDDFE68433E631C","PASS_STATIC_SEMANTIC_PAIRED_DIRECT_FILE_REPLAY_BUILD_DEFERRED_FOR_DEPENDENCY_CLOSURE","ACCEPTED"
"OLP-0260","260","9620cc73f9c8e0ad003c514a5d3748f29611c4c0","content/turing-machines/machines-computations/disciplined-machines.tex","a58be19fe04f48aa1e0941f4c9a3f59fc6e5ae7673e96987062cda5dcccf6a0f","4226","97","528","true","true","260","canonical_complete_reader_reachable","Reached by ordered depth-first replay from content/open-logic-about.tex then content/content.tex through uncommented olimport edges.","reader_unit","Disciplined Machines","tur","0","","","1","content/turing-machines/machines-computations/machines-computations.tex","0","","11","defn:1|document:1|enumerate:1|ex:1|explain:2|figure:1|prob:2|prop:1|tikzpicture:1","0","0","1","1","0","1","0","0","1","2","0","1","1","2","3","0","35","locale/ar/content/turing-machines/machines-computations/disciplined-machines.tex","ACCEPTED","3D59FCC5A7525042FE6D6C925FC8CBA20416061AA169A18237975C719848952D","PASS_STATIC_SEMANTIC_PAIRED_DIRECT_FILE_REPLAY_BUILD_DEFERRED_FOR_DEPENDENCY_CLOSURE","locale/fa-IR/content/turing-machines/machines-computations/disciplined-machines.tex","ACCEPTED","BABF82D188928D34EB028FCB4D2336B3356BD732671A5C3F2F4D9FE32442EFEE","PASS_STATIC_SEMANTIC_PAIRED_DIRECT_FILE_REPLAY_BUILD_DEFERRED_FOR_DEPENDENCY_CLOSURE","ACCEPTED"
"OLP-0261","261","9620cc73f9c8e0ad003c514a5d3748f29611c4c0","content/turing-machines/machines-computations/combining-machines.tex","a76bb5aa1ed05ffecb0f7a120f2077099c74c009e36b09792505e8c274b8d541","8392","172","945","true","true","261","canonical_complete_reader_reachable","Reached by ordered depth-first replay from content/open-logic-about.tex then content/content.tex through uncommented olimport edges.","reader_unit","Combining Turing Machines","tur","0","","","1","content/turing-machines/machines-computations/machines-computations.tex","0","","12","cases:1|document:1|enumerate:1|ex:1|explain:1|figure:1|prob:1|proof:1|prop:1|tikzpicture:3","0","0","1","0","0","1","0","0","1","1","1","1","3","0","3","0","78","locale/ar/content/turing-machines/machines-computations/combining-machines.tex","ACCEPTED","1CBF5A03486CBDF2665309B763D86153C6A40D3FC0E98BB9D50D6CFE88ED9C2C","PASS_STATIC_SEMANTIC_PAIRED_DIRECT_FILE_REPLAY_BUILD_DEFERRED_FOR_DEPENDENCY_CLOSURE","locale/fa-IR/content/turing-machines/machines-computations/combining-machines.tex","ACCEPTED","8A9669B3CD22E5EB3646DC114DF70FC80618E308CB2F6EE246F1E0D9CE7A9B09","PASS_STATIC_SEMANTIC_PAIRED_DIRECT_FILE_REPLAY_BUILD_DEFERRED_FOR_DEPENDENCY_CLOSURE","ACCEPTED"
"OLP-0262","262","9620cc73f9c8e0ad003c514a5d3748f29611c4c0","content/turing-machines/machines-computations/variants.tex","d841e98805432884d2ba3c6f7a18ab1f24a9486edc6219f5e77c74040f3bae1e","4583","85","680","true","true","262","canonical_complete_reader_reachable","Reached by ordered depth-first replay from content/open-logic-about.tex then content/content.tex through uncommented olimport edges.","reader_unit","Variants of Turing Machines","tur","0","","","1","content/turing-machines/machines-computations/machines-computations.tex","0","","1","document:1","0","0","1","0","0","0","0","0","0","0","0","0","0","0","2","0","20","locale/ar/content/turing-machines/machines-computations/variants.tex","ACCEPTED","D5CBF53ECA464A2E82B514AA831181CD91343079779756B2D6302B0616654585","PASS_STATIC_SEMANTIC_PAIRED_DIRECT_FILE_REPLAY_BUILD_DEFERRED_FOR_DEPENDENCY_CLOSURE","locale/fa-IR/content/turing-machines/machines-computations/variants.tex","ACCEPTED","CEFDE3618AF37FD91E34F7F414EDB984A122BA15BC7AED36DF90F81B3569799B","PASS_STATIC_SEMANTIC_PAIRED_DIRECT_FILE_REPLAY_BUILD_DEFERRED_FOR_DEPENDENCY_CLOSURE","ACCEPTED"
"OLP-0263","263","9620cc73f9c8e0ad003c514a5d3748f29611c4c0","content/turing-machines/machines-computations/church-turing-thesis.tex","68df389e68cc00534436f8dffe8b5e68f8d3d8e50861c9c5dff18ddc2735949f","2248","48","339","true","true","263","canonical_complete_reader_reachable","Reached by ordered depth-first replay from content/open-logic-about.tex then content/content.tex through uncommented olimport edges.","reader_unit","The Church--Turing Thesis","tur","0","","","1","content/turing-machines/machines-computations/machines-computations.tex","0","","2","defn:1|document:1","0","0","1","1","0","0","0","0","0","0","0","0","0","0","0","0","0","locale/ar/content/turing-machines/machines-computations/church-turing-thesis.tex","ACCEPTED","1C162920C8ADB702B4D4B6954FCFF540C9A77A8C49186FA96628A32F719DF902","PASS_STATIC_SEMANTIC_PAIRED_DIRECT_FILE_REPLAY_BUILD_DEFERRED_FOR_DEPENDENCY_CLOSURE","locale/fa-IR/content/turing-machines/machines-computations/church-turing-thesis.tex","ACCEPTED","895B12B79FC157EA0CB0A6676E20ABF1E11BF6FC46B36B63880E11F0CDEBAD5D","PASS_STATIC_SEMANTIC_PAIRED_DIRECT_FILE_REPLAY_BUILD_DEFERRED_FOR_DEPENDENCY_CLOSURE","ACCEPTED"
"OLP-0264","264","9620cc73f9c8e0ad003c514a5d3748f29611c4c0","content/turing-machines/undecidability/undecidability.tex","3fcf08f0d93542d0041e99065bfbaa88437e9e2cb3644f2491a5aa9c408e2c2d","491","31","26","true","true","264","canonical_complete_reader_reachable","Reached by ordered depth-first replay from content/open-logic-about.tex then content/content.tex through uncommented olimport edges.","chapter_driver","Undecidability","","9","content/turing-machines/undecidability/introduction.tex|content/turing-machines/undecidability/enumerating-tms.tex|content/turing-machines/undecidability/universal-tm.tex|content/turing-machines/undecidability/halting-problem.tex|content/turing-machines/undecidability/decision-problem.tex|content/turing-machines/undecidability/representing-tms.tex|content/turing-machines/undecidability/verification.tex|content/turing-machines/undecidability/unsolvability-decision-problem.tex|content/turing-machines/undecidability/trakhtenbrot.tex","","1","content/turing-machines/turing-machines.tex","0","","1","document:1","0","1","0","0","0","0","0","0","0","0","0","0","0","0","0","0","0","locale/ar/content/turing-machines/undecidability/undecidability.tex","ACCEPTED","7EB58DA5BAB6351CDC1CA8B0CE5FDD5B76CA0B32FD036ADC9E4C02866798E752","PASS_STATIC_SEMANTIC_PAIRED_DIRECT_FILE_REPLAY_BUILD_DEFERRED_FOR_DEPENDENCY_CLOSURE","locale/fa-IR/content/turing-machines/undecidability/undecidability.tex","ACCEPTED","BC516AD4927D823C8F8F0B94EB7B92EF732433BA413ACFC75A8CB489CE636538","PASS_STATIC_SEMANTIC_PAIRED_DIRECT_FILE_REPLAY_BUILD_DEFERRED_FOR_DEPENDENCY_CLOSURE","ACCEPTED"
"OLP-0265","265","9620cc73f9c8e0ad003c514a5d3748f29611c4c0","content/turing-machines/undecidability/introduction.tex","885378c9749d0ab5d13ca636dbdba7231490877f9f4052f7f46fda11b36ddcca","5192","98","793","true","true","265","canonical_complete_reader_reachable","Reached by ordered depth-first replay from content/open-logic-about.tex then content/content.tex through uncommented olimport edges.","reader_unit","Introduction","tur","0","","","1","content/turing-machines/undecidability/undecidability.tex","0","","2","cases:1|document:1","0","0","1","0","0","0","0","0","0","0","0","0","0","0","0","0","23","locale/ar/content/turing-machines/undecidability/introduction.tex","ACCEPTED","410E68C79CEC0BB263F880AAB6CA459556CFB0DDFD22653212D0ABEA5FEE5623","PASS_STATIC_SEMANTIC_PAIRED_DIRECT_FILE_REPLAY_BUILD_DEFERRED_FOR_DEPENDENCY_CLOSURE","locale/fa-IR/content/turing-machines/undecidability/introduction.tex","ACCEPTED","5E06063E5B042FEB65BBBDBFC458AD39D6CB56731869CA64470428E9528F0655","PASS_STATIC_SEMANTIC_PAIRED_DIRECT_FILE_REPLAY_BUILD_DEFERRED_FOR_DEPENDENCY_CLOSURE; PASS_EXACT_SOURCE_GLOSSARY_CARRIER_RESTORATION_CONFIG_RESOLUTION_INDEPENDENT_AI_BUILD_DEFERRED_FOR_DEPENDENCY_CLOSURE; RECEIPT=QA_RECEIPT_FA_GLOSSARY_CARRIER_REPAIR_OLP0265_0282_20260816.md","ACCEPTED"
"OLP-0266","266","9620cc73f9c8e0ad003c514a5d3748f29611c4c0","content/turing-machines/undecidability/enumerating-tms.tex","a921bb03bf1688c6c0ee1bb3297dbb8a1a7473a9c1572426c461bafd98b083cb","7099","154","901","true","true","266","canonical_complete_reader_reachable","Reached by ordered depth-first replay from content/open-logic-about.tex then content/content.tex through uncommented olimport edges.","reader_unit","Enumerating Turing Machines","tur","0","","","1","content/turing-machines/undecidability/undecidability.tex","0","","11","center:1|document:1|explain:1|figure:2|prob:1|proof:1|thm:1|tikzpicture:3","0","0","1","0","1","0","0","0","0","1","1","2","3","0","4","0","73","locale/ar/content/turing-machines/undecidability/enumerating-tms.tex","ACCEPTED","A9F4518C019FFC5C579FCDFBA395BC0A1A01987E78C1C0C89D40745FA2DE394A","PASS_STATIC_SEMANTIC_PAIRED_DIRECT_FILE_REPLAY_BUILD_DEFERRED_FOR_DEPENDENCY_CLOSURE","locale/fa-IR/content/turing-machines/undecidability/enumerating-tms.tex","ACCEPTED","548F5F8153BEAC9FD5483D76A31E4177EE48888329A03CF535F96074E46F514D","PASS_STATIC_SEMANTIC_PAIRED_DIRECT_FILE_REPLAY_BUILD_DEFERRED_FOR_DEPENDENCY_CLOSURE; PASS_EXACT_SOURCE_GLOSSARY_CARRIER_RESTORATION_CONFIG_RESOLUTION_INDEPENDENT_AI_BUILD_DEFERRED_FOR_DEPENDENCY_CLOSURE; RECEIPT=QA_RECEIPT_FA_GLOSSARY_CARRIER_REPAIR_OLP0265_0282_20260816.md","ACCEPTED"
"OLP-0267","267","9620cc73f9c8e0ad003c514a5d3748f29611c4c0","content/turing-machines/undecidability/universal-tm.tex","f81d764047fdd2677ea371a5999c80b960cb2bb8f7eae8e51e28dd3ac73ee993","6998","140","1078","true","true","267","canonical_complete_reader_reachable","Reached by ordered depth-first replay from content/open-logic-about.tex then content/content.tex through uncommented olimport edges.","reader_unit","Universal Turing Machines","tur","0","","","1","content/turing-machines/undecidability/undecidability.tex","0","","6","defn:1|document:1|enumerate:2|proof:1|thm:1","0","0","1","1","1","0","0","0","0","0","1","0","0","0","2","0","101","locale/ar/content/turing-machines/undecidability/universal-tm.tex","ACCEPTED","458F3DF03030B55363EB8586F9DBDB811EC70DE5CC7C4645C3597AD0EE428D38","PASS_STATIC_SEMANTIC_PAIRED_DIRECT_FILE_REPLAY_BUILD_DEFERRED_FOR_DEPENDENCY_CLOSURE","locale/fa-IR/content/turing-machines/undecidability/universal-tm.tex","ACCEPTED","7FC0A70AAACCBDF6ECB21CF1F2DC686F65C4593F035922371F3DF5B6847967DF","PASS_STATIC_SEMANTIC_PAIRED_DIRECT_FILE_REPLAY_BUILD_DEFERRED_FOR_DEPENDENCY_CLOSURE; PASS_EXACT_SOURCE_GLOSSARY_CARRIER_RESTORATION_CONFIG_RESOLUTION_INDEPENDENT_AI_BUILD_DEFERRED_FOR_DEPENDENCY_CLOSURE; RECEIPT=QA_RECEIPT_FA_GLOSSARY_CARRIER_REPAIR_OLP0265_0282_20260816.md","ACCEPTED"
"OLP-0268","268","9620cc73f9c8e0ad003c514a5d3748f29611c4c0","content/turing-machines/undecidability/halting-problem.tex","f3ee453093e0f15ac6191d22345e7111e7533ddb3f004ccc1847a3b8d917a503","5950","150","918","true","true","268","canonical_complete_reader_reachable","Reached by ordered depth-first replay from content/open-logic-about.tex then content/content.tex through uncommented olimport edges.","reader_unit","The Halting Problem","tur","0","","","1","content/turing-machines/undecidability/undecidability.tex","0","","18","cases:3|defn:3|document:1|enumerate:1|explain:2|lem:1|prob:4|proof:2|thm:1","0","0","1","3","1","0","1","0","0","4","2","0","0","0","4","0","97","locale/ar/content/turing-machines/undecidability/halting-problem.tex","ACCEPTED","17146CC73C20509A50EEE1A557DB5D6D13898D6E3B8CCE4FCD6565DA3E115B93","PASS_STATIC_SEMANTIC_PAIRED_DIRECT_FILE_REPLAY_BUILD_DEFERRED_FOR_DEPENDENCY_CLOSURE","locale/fa-IR/content/turing-machines/undecidability/halting-problem.tex","ACCEPTED","0001093073DFFF6DE776730238123B2B84EA16803D05C24DE1E45F3F87527102","PASS_STATIC_SEMANTIC_PAIRED_DIRECT_FILE_REPLAY_BUILD_DEFERRED_FOR_DEPENDENCY_CLOSURE; PASS_EXACT_SOURCE_GLOSSARY_CARRIER_RESTORATION_CONFIG_RESOLUTION_INDEPENDENT_AI_BUILD_DEFERRED_FOR_DEPENDENCY_CLOSURE; RECEIPT=QA_RECEIPT_FA_GLOSSARY_CARRIER_REPAIR_OLP0265_0282_20260816.md","ACCEPTED"
"OLP-0269","269","9620cc73f9c8e0ad003c514a5d3748f29611c4c0","content/turing-machines/undecidability/decision-problem.tex","a94894e96e999458516410ad338a313876750a7ddeb798f7a1ad125e7f1b7b47","2312","51","355","true","true","269","canonical_complete_reader_reachable","Reached by ordered depth-first replay from content/open-logic-about.tex then content/content.tex through uncommented olimport edges.","reader_unit","The Decision Problem","tur","0","","","1","content/turing-machines/undecidability/undecidability.tex","0","","2","document:1|quote:1","0","0","1","0","0","0","0","0","0","0","0","0","0","0","0","0","24","locale/ar/content/turing-machines/undecidability/decision-problem.tex","ACCEPTED","AE1EE924C06AF2835DAE18C88C4346AC6B8430FF0DB0B0226F78C9C2624C2895","PASS_STATIC_SEMANTIC_PAIRED_DIRECT_FILE_REPLAY_BUILD_DEFERRED_FOR_DEPENDENCY_CLOSURE","locale/fa-IR/content/turing-machines/undecidability/decision-problem.tex","ACCEPTED","1FF4063085A30763DCAC71217414D2C07E39F97F9AA34AE5603D6B6ED3F8F613","PASS_STATIC_SEMANTIC_PAIRED_DIRECT_FILE_REPLAY_BUILD_DEFERRED_FOR_DEPENDENCY_CLOSURE; PASS_EXACT_SOURCE_GLOSSARY_CARRIER_RESTORATION_CONFIG_RESOLUTION_INDEPENDENT_AI_BUILD_DEFERRED_FOR_DEPENDENCY_CLOSURE; RECEIPT=QA_RECEIPT_FA_GLOSSARY_CARRIER_REPAIR_OLP0265_0282_20260816.md","ACCEPTED"
"OLP-0270","270","9620cc73f9c8e0ad003c514a5d3748f29611c4c0","content/turing-machines/undecidability/representing-tms.tex","e27aa694148cad6fa6ad74cd0326a4330b4e250068ca0455f8329be697bde72d","8257","212","1083","true","true","270","canonical_complete_reader_reachable","Reached by ordered depth-first replay from content/open-logic-about.tex then content/content.tex through uncommented olimport edges.","reader_unit","Representing Turing Machines","tur","0","","","1","content/turing-machines/undecidability/undecidability.tex","0","","15","align*:4|defn:1|document:1|enumerate:5|explain:1|prob:1|proof:1|prop:1","0","0","1","1","0","1","0","0","0","1","1","0","0","0","1","0","125","locale/ar/content/turing-machines/undecidability/representing-tms.tex","ACCEPTED","6235D67A51F4F765CB28F67732B73FCFF2707EB1D6CBDF00D55AEA8FFD94CF1F","PASS_STATIC_SEMANTIC_PAIRED_DIRECT_FILE_REPLAY_BUILD_DEFERRED_FOR_DEPENDENCY_CLOSURE","locale/fa-IR/content/turing-machines/undecidability/representing-tms.tex","ACCEPTED","CA7A53A7A3CFDFCF710164E1F527134511CE168F07BDDFFBC72A72478196BBB1","PASS_STATIC_SEMANTIC_PAIRED_DIRECT_FILE_REPLAY_BUILD_DEFERRED_FOR_DEPENDENCY_CLOSURE; PASS_EXACT_SOURCE_GLOSSARY_CARRIER_RESTORATION_CONFIG_RESOLUTION_INDEPENDENT_AI_BUILD_DEFERRED_FOR_DEPENDENCY_CLOSURE; RECEIPT=QA_RECEIPT_FA_GLOSSARY_CARRIER_REPAIR_OLP0265_0282_20260816.md","ACCEPTED"
"OLP-0271","271","9620cc73f9c8e0ad003c514a5d3748f29611c4c0","content/turing-machines/undecidability/verification.tex","05b5a11a1aac078e442c710f0d29815833f684b0a40140a1705dca43cbd65351","14313","323","1999","true","true","271","canonical_complete_reader_reachable","Reached by ordered depth-first replay from content/open-logic-about.tex then content/content.tex through uncommented olimport edges.","reader_unit","Verifying the Representation","tur","0","","","1","content/turing-machines/undecidability/undecidability.tex","0","","24","align*:3|array:2|defn:1|document:1|enumerate:3|explain:3|lem:4|prob:3|proof:4","0","0","1","1","0","0","4","0","0","3","4","0","0","0","12","0","262","locale/ar/content/turing-machines/undecidability/verification.tex","ACCEPTED","FF40A5560A520E3621D0FDE5E98D400C1D30A6FABB3F1D0C284FDE6DBF9B7E46","PASS_STATIC_SEMANTIC_PAIRED_DIRECT_FILE_REPLAY_BUILD_DEFERRED_FOR_DEPENDENCY_CLOSURE","locale/fa-IR/content/turing-machines/undecidability/verification.tex","ACCEPTED","900C482DFB497EEF8D03F22F627BA6EE7B574DD9C173B9C2E8BDB246732652FA","PASS_STATIC_SEMANTIC_PAIRED_DIRECT_FILE_REPLAY_BUILD_DEFERRED_FOR_DEPENDENCY_CLOSURE; PASS_EXACT_SOURCE_GLOSSARY_CARRIER_RESTORATION_CONFIG_RESOLUTION_INDEPENDENT_AI_BUILD_DEFERRED_FOR_DEPENDENCY_CLOSURE; RECEIPT=QA_RECEIPT_FA_GLOSSARY_CARRIER_REPAIR_OLP0265_0282_20260816.md","ACCEPTED"
"OLP-0272","272","9620cc73f9c8e0ad003c514a5d3748f29611c4c0","content/turing-machines/undecidability/unsolvability-decision-problem.tex","01fb69dbcc361212f2113d13554260f268d1cdba68a9bed0d7e9b8abd66f169b","4101","92","604","true","true","272","canonical_complete_reader_reachable","Reached by ordered depth-first replay from content/open-logic-about.tex then content/content.tex through uncommented olimport edges.","reader_unit","The Decision Problem is Unsolvable","tur","0","","","1","content/turing-machines/undecidability/undecidability.tex","0","","8","cor:1|document:1|explain:1|proof:3|thm:2","0","0","1","0","2","0","0","1","0","0","3","0","0","0","3","0","71","locale/ar/content/turing-machines/undecidability/unsolvability-decision-problem.tex","ACCEPTED","1E7F81846BFB89EF02E6CA16878EC97EFA9D64F379E1D92B14AC0ACB58455F04","PASS_STATIC_SEMANTIC_PAIRED_DIRECT_FILE_REPLAY_BUILD_DEFERRED_FOR_DEPENDENCY_CLOSURE","locale/fa-IR/content/turing-machines/undecidability/unsolvability-decision-problem.tex","ACCEPTED","80B7C8CAB2A434F817EEFBD8611C361D502C94F5DC97892B437C06AA6A5B7C92","PASS_STATIC_SEMANTIC_PAIRED_DIRECT_FILE_REPLAY_BUILD_DEFERRED_FOR_DEPENDENCY_CLOSURE; PASS_EXACT_SOURCE_GLOSSARY_CARRIER_RESTORATION_CONFIG_RESOLUTION_INDEPENDENT_AI_BUILD_DEFERRED_FOR_DEPENDENCY_CLOSURE; RECEIPT=QA_RECEIPT_FA_GLOSSARY_CARRIER_REPAIR_OLP0265_0282_20260816.md","ACCEPTED"
"OLP-0273","273","9620cc73f9c8e0ad003c514a5d3748f29611c4c0","content/turing-machines/undecidability/trakhtenbrot.tex","d0ab9328c29faabbc06e98c43cd4610a497b45d84b86ac33fbddd1abafac7665","11251","261","1400","true","true","273","canonical_complete_reader_reachable","Reached by ordered depth-first replay from content/open-logic-about.tex then content/content.tex through uncommented olimport edges.","reader_unit","Trakhtenbrot's Theorem","tur","0","","","1","content/turing-machines/undecidability/undecidability.tex","0","","23","align*:5|cases:2|cor:1|document:1|enumerate:2|explain:1|lem:2|prob:4|proof:4|thm:1","0","0","1","0","1","0","2","1","0","4","4","0","0","0","15","0","148","locale/ar/content/turing-machines/undecidability/trakhtenbrot.tex","ACCEPTED","A441C2895DB9FECA03AB741B1D4E7CF4006CC1BFA7F4724FBCC58C1D64A9A56D","PASS_STATIC_SEMANTIC_PAIRED_DIRECT_FILE_REPLAY_BUILD_DEFERRED_FOR_DEPENDENCY_CLOSURE","locale/fa-IR/content/turing-machines/undecidability/trakhtenbrot.tex","ACCEPTED","842BDFB7B060D3B09C37A16DB8580825097D00D76E5C37C3BA56ED14B20EA1AC","PASS_STATIC_SEMANTIC_PAIRED_DIRECT_FILE_REPLAY_BUILD_DEFERRED_FOR_DEPENDENCY_CLOSURE; PASS_EXACT_SOURCE_GLOSSARY_CARRIER_RESTORATION_CONFIG_RESOLUTION_INDEPENDENT_AI_BUILD_DEFERRED_FOR_DEPENDENCY_CLOSURE; RECEIPT=QA_RECEIPT_FA_GLOSSARY_CARRIER_REPAIR_OLP0265_0282_20260816.md","ACCEPTED"
"OLP-0274","274","9620cc73f9c8e0ad003c514a5d3748f29611c4c0","content/incompleteness/incompleteness.tex","a35dd35ed4de8a64ba4bbe335c420d98148bae58c83bf834d39b029de1a7d1e2","784","29","75","true","true","274","canonical_complete_reader_reachable","Reached by ordered depth-first replay from content/open-logic-about.tex then content/content.tex through uncommented olimport edges.","part_driver","Incompleteness","","5","content/incompleteness/introduction/introduction.tex|content/incompleteness/arithmetization-syntax/arithmetization-syntax.tex|content/incompleteness/representability-in-q/representability-in-q.tex|content/incompleteness/theories-computability/theories-computability.tex|content/incompleteness/incompleteness-provability/incompleteness-provability.tex","","1","content/content.tex","0","","2","document:1|editorial:1","1","0","0","0","0","0","0","0","0","0","0","0","0","0","0","0","0","locale/ar/content/incompleteness/incompleteness.tex","ACCEPTED","9A55C7DC59C4D2409129278131EF888360ED7DCE036C2F36C580C6C6B34387CE","PASS_STATIC_SEMANTIC_PAIRED_DIRECT_FILE_REPLAY_BUILD_DEFERRED_FOR_DEPENDENCY_CLOSURE","locale/fa-IR/content/incompleteness/incompleteness.tex","ACCEPTED","0128BCC3C86EAFEDA9DDFDE23593FF6BBB670AE980948B2F87A6C33776E5A970","PASS_STATIC_SEMANTIC_PAIRED_DIRECT_FILE_REPLAY_BUILD_DEFERRED_FOR_DEPENDENCY_CLOSURE","ACCEPTED"
"OLP-0275","275","9620cc73f9c8e0ad003c514a5d3748f29611c4c0","content/incompleteness/introduction/introduction.tex","c9c0f8f07cf9dfbb54c0b074ee2947df0a9c371077498432beb51735a819e083","351","21","17","true","true","275","canonical_complete_reader_reachable","Reached by ordered depth-first replay from content/open-logic-about.tex then content/content.tex through uncommented olimport edges.","chapter_driver","Introduction to Incompleteness","","4","content/incompleteness/introduction/historical-background.tex|content/incompleteness/introduction/definitions.tex|content/incompleteness/introduction/overview.tex|content/incompleteness/introduction/undecidability.tex","","1","content/incompleteness/incompleteness.tex","0","","1","document:1","0","1","0","0","0","0","0","0","0","0","0","0","0","0","0","0","0","locale/ar/content/incompleteness/introduction/introduction.tex","ACCEPTED","7A9F137CB7ED75B42E9DDD8359A8DC6B2CAB7F9F2A3CC58712EE677FB7600943","PASS_STATIC_SEMANTIC_PAIRED_DIRECT_FILE_REPLAY_BUILD_DEFERRED_FOR_DEPENDENCY_CLOSURE","locale/fa-IR/content/incompleteness/introduction/introduction.tex","ACCEPTED","E8BCE321C72F5818324B78E38FF9F6AE84C5652C5EA4D91F4EC0F5E4823BC05E","PASS_STATIC_SEMANTIC_PAIRED_DIRECT_FILE_REPLAY_BUILD_DEFERRED_FOR_DEPENDENCY_CLOSURE","ACCEPTED"
"OLP-0276","276","9620cc73f9c8e0ad003c514a5d3748f29611c4c0","content/incompleteness/introduction/historical-background.tex","9bd497cdf8765e7dac2be200146baf76f15e5809a840cbe35ee45c9e5d635ca3","12778","224","1897","true","true","276","canonical_complete_reader_reachable","Reached by ordered depth-first replay from content/open-logic-about.tex then content/content.tex through uncommented olimport edges.","reader_unit","Historical Background","inc","0","","","1","content/incompleteness/introduction/introduction.tex","0","","3","digress:1|document:1|enumerate:1","0","0","1","0","0","0","0","0","0","0","0","0","0","0","0","0","7","locale/ar/content/incompleteness/introduction/historical-background.tex","ACCEPTED","BE52AA4DD18785BE794A2E1EE8BC45AC09D8F91E9637E1D01C4B7F11BA2EC5DB","PASS_STATIC_SEMANTIC_PAIRED_DIRECT_FILE_REPLAY_BUILD_DEFERRED_FOR_DEPENDENCY_CLOSURE","locale/fa-IR/content/incompleteness/introduction/historical-background.tex","ACCEPTED","6A938EF3055C91E4FF5943939092EF4A1617179B500AC51A1F8E111CFF3D3F35","PASS_STATIC_SEMANTIC_PAIRED_DIRECT_FILE_REPLAY_BUILD_DEFERRED_FOR_DEPENDENCY_CLOSURE; PASS_EXACT_SOURCE_GLOSSARY_CARRIER_RESTORATION_CONFIG_RESOLUTION_INDEPENDENT_AI_BUILD_DEFERRED_FOR_DEPENDENCY_CLOSURE; RECEIPT=QA_RECEIPT_FA_GLOSSARY_CARRIER_REPAIR_OLP0265_0282_20260816.md","ACCEPTED"
"OLP-0277","277","9620cc73f9c8e0ad003c514a5d3748f29611c4c0","content/incompleteness/introduction/definitions.tex","def29ecca2555e477b8f2156bf8834dc08843ff774a10b4201895c9245a4b4dc","14469","314","2047","true","true","277","canonical_complete_reader_reachable","Reached by ordered depth-first replay from content/open-logic-about.tex then content/content.tex through uncommented olimport edges.","reader_unit","Definitions","inc","0","","","1","content/incompleteness/introduction/introduction.tex","0","","20","align*:1|defn:12|document:1|enumerate:3|ex:1|explain:2","0","0","1","12","0","0","0","0","1","0","0","0","0","0","0","0","221","locale/ar/content/incompleteness/introduction/definitions.tex","ACCEPTED","0CCA9EA803257694B9530DD0434B64FF239A95D25C209E6835FE3B3E666CED7F","PASS_STATIC_SEMANTIC_PAIRED_DIRECT_FILE_REPLAY_BUILD_DEFERRED_FOR_DEPENDENCY_CLOSURE","locale/fa-IR/content/incompleteness/introduction/definitions.tex","ACCEPTED","1DDFA34E9B61E179ACB60AECA32D5E52176ABCBC54ABFA72D0DA7A0473D2FB23","PASS_STATIC_SEMANTIC_PAIRED_DIRECT_FILE_REPLAY_BUILD_DEFERRED_FOR_DEPENDENCY_CLOSURE; PASS_EXACT_SOURCE_GLOSSARY_CARRIER_RESTORATION_CONFIG_RESOLUTION_INDEPENDENT_AI_BUILD_DEFERRED_FOR_DEPENDENCY_CLOSURE; RECEIPT=QA_RECEIPT_FA_GLOSSARY_CARRIER_REPAIR_OLP0265_0282_20260816.md","ACCEPTED"
"OLP-0278","278","9620cc73f9c8e0ad003c514a5d3748f29611c4c0","content/incompleteness/introduction/overview.tex","20acd88351dc8056f6dfa8074d85c8d4d1ec3130d213f5cae56d44bb40516875","5412","101","762","true","true","278","canonical_complete_reader_reachable","Reached by ordered depth-first replay from content/open-logic-about.tex then content/content.tex through uncommented olimport edges.","reader_unit","Overview of Incompleteness Results","inc","0","","","1","content/incompleteness/introduction/introduction.tex","0","","2","document:1|thm:1","0","0","1","0","1","0","0","0","0","0","0","0","0","0","0","0","44","locale/ar/content/incompleteness/introduction/overview.tex","ACCEPTED","D828F087208398B675847C68986F5035C1F3C7A0FCFFFF4B95F76D2C8FA9095E","PASS_STATIC_SEMANTIC_PAIRED_DIRECT_FILE_REPLAY_BUILD_DEFERRED_FOR_DEPENDENCY_CLOSURE","locale/fa-IR/content/incompleteness/introduction/overview.tex","ACCEPTED","8E8D3EC5A5F690A0FB6E4B0601DF147775F3B3390D0767633E9B72222C76BA4D","PASS_STATIC_SEMANTIC_PAIRED_DIRECT_FILE_REPLAY_BUILD_DEFERRED_FOR_DEPENDENCY_CLOSURE; PASS_EXACT_SOURCE_GLOSSARY_CARRIER_RESTORATION_CONFIG_RESOLUTION_INDEPENDENT_AI_BUILD_DEFERRED_FOR_DEPENDENCY_CLOSURE; RECEIPT=QA_RECEIPT_FA_GLOSSARY_CARRIER_REPAIR_OLP0265_0282_20260816.md","ACCEPTED"
"OLP-0279","279","9620cc73f9c8e0ad003c514a5d3748f29611c4c0","content/incompleteness/introduction/undecidability.tex","5f2510480cd5f60fcfcc684dd91fb900e682c13ed3b52aec44c22bb70397c4f8","6143","138","815","true","true","279","canonical_complete_reader_reachable","Reached by ordered depth-first replay from content/open-logic-about.tex then content/content.tex through uncommented olimport edges.","reader_unit","Undecidability and Incompleteness","inc","0","","","1","content/incompleteness/introduction/introduction.tex","0","","9","cor:1|document:1|explain:1|prob:1|proof:3|thm:2","0","0","1","0","2","0","0","1","0","1","3","0","0","0","0","0","82","locale/ar/content/incompleteness/introduction/undecidability.tex","ACCEPTED","C7CDF49F80058083473DB825C1923D322C2EAC27AEC79B3740254C210F5C5168","PASS_STATIC_SEMANTIC_PAIRED_DIRECT_FILE_REPLAY_BUILD_DEFERRED_FOR_DEPENDENCY_CLOSURE","locale/fa-IR/content/incompleteness/introduction/undecidability.tex","ACCEPTED","FE90031B66183182292F9A6586A9AE39311AFA39AAB9DB7FC36B1EA7E0B61176","PASS_STATIC_SEMANTIC_PAIRED_DIRECT_FILE_REPLAY_BUILD_DEFERRED_FOR_DEPENDENCY_CLOSURE; PASS_EXACT_SOURCE_GLOSSARY_CARRIER_RESTORATION_CONFIG_RESOLUTION_INDEPENDENT_AI_BUILD_DEFERRED_FOR_DEPENDENCY_CLOSURE; RECEIPT=QA_RECEIPT_FA_GLOSSARY_CARRIER_REPAIR_OLP0265_0282_20260816.md","ACCEPTED"
"OLP-0280","280","9620cc73f9c8e0ad003c514a5d3748f29611c4c0","content/incompleteness/arithmetization-syntax/arithmetization-syntax.tex","b2899fa7693d7e7de3f8b3204062207ba2d69e2df828d38b14004c0e7a2f69a9","635","39","44","true","true","280","canonical_complete_reader_reachable","Reached by ordered depth-first replay from content/open-logic-about.tex then content/content.tex through uncommented olimport edges.","chapter_driver","Arithmetization of Syntax","","8","content/incompleteness/arithmetization-syntax/introduction.tex|content/incompleteness/arithmetization-syntax/coding-symbols.tex|content/incompleteness/arithmetization-syntax/coding-terms.tex|content/incompleteness/arithmetization-syntax/coding-formulas.tex|content/incompleteness/arithmetization-syntax/substitution.tex|content/incompleteness/arithmetization-syntax/proofs-in-lk.tex|content/incompleteness/arithmetization-syntax/proofs-in-nd.tex|content/incompleteness/arithmetization-syntax/proofs-in-ax.tex","","1","content/incompleteness/incompleteness.tex","0","","2","document:1|editorial:1","0","1","0","0","0","0","0","0","0","0","0","0","0","0","0","0","0","locale/ar/content/incompleteness/arithmetization-syntax/arithmetization-syntax.tex","ACCEPTED","B37CE4913367093427262877A160822B89AAB069D457E707E4DB8C12FA32B74D","PASS_STATIC_SEMANTIC_PAIRED_DIRECT_FILE_REPLAY_BUILD_DEFERRED_FOR_DEPENDENCY_CLOSURE","locale/fa-IR/content/incompleteness/arithmetization-syntax/arithmetization-syntax.tex","ACCEPTED","02D37F9CCDDC197D9612DB54AEE0A58B6FB7924B9848C513D9BAC1DFF5D77953","PASS_STATIC_SEMANTIC_PAIRED_DIRECT_FILE_REPLAY_BUILD_DEFERRED_FOR_DEPENDENCY_CLOSURE","ACCEPTED"
"OLP-0281","281","9620cc73f9c8e0ad003c514a5d3748f29611c4c0","content/incompleteness/arithmetization-syntax/introduction.tex","9c7ac4c192c2bcbf4eb61257c231c889dad9f2c076ebcdb4e231b7edec489acd","5225","93","804","true","true","281","canonical_complete_reader_reachable","Reached by ordered depth-first replay from content/open-logic-about.tex then content/content.tex through uncommented olimport edges.","reader_unit","Introduction","inc","0","","","1","content/incompleteness/arithmetization-syntax/arithmetization-syntax.tex","0","","1","document:1","0","0","1","0","0","0","0","0","0","0","0","0","0","0","0","0","34","locale/ar/content/incompleteness/arithmetization-syntax/introduction.tex","ACCEPTED","C5EDDBC9CCF5075E7418185E1DCB827CE5BE7151F7203619168D9AF458D29D5A","PASS_STATIC_SEMANTIC_PAIRED_DIRECT_FILE_REPLAY_BUILD_DEFERRED_FOR_DEPENDENCY_CLOSURE","locale/fa-IR/content/incompleteness/arithmetization-syntax/introduction.tex","ACCEPTED","EB45894E0621D5A5DE30C0D88D67ACED24BDB8F15D86213B25CBD762EAFFAA5F","PASS_STATIC_SEMANTIC_PAIRED_DIRECT_FILE_REPLAY_BUILD_DEFERRED_FOR_DEPENDENCY_CLOSURE; PASS_EXACT_SOURCE_GLOSSARY_CARRIER_RESTORATION_CONFIG_RESOLUTION_INDEPENDENT_AI_BUILD_DEFERRED_FOR_DEPENDENCY_CLOSURE; RECEIPT=QA_RECEIPT_FA_GLOSSARY_CARRIER_REPAIR_OLP0265_0282_20260816.md","ACCEPTED"
"OLP-0282","282","9620cc73f9c8e0ad003c514a5d3748f29611c4c0","content/incompleteness/arithmetization-syntax/coding-symbols.tex","7336944ea3fa7b3d1b8b74f6ebf49ffff81c8baafbad35f279428a638872b6d3","4447","112","485","true","true","282","canonical_complete_reader_reachable","Reached by ordered depth-first replay from content/open-logic-about.tex then content/content.tex through uncommented olimport edges.","reader_unit","Coding Symbols","inc","0","","","1","content/incompleteness/arithmetization-syntax/arithmetization-syntax.tex","0","","10","array:1|defn:2|document:1|enumerate:2|ex:1|explain:1|multline*:1|prop:1","0","0","1","2","0","1","0","0","1","0","0","0","0","0","0","0","69","locale/ar/content/incompleteness/arithmetization-syntax/coding-symbols.tex","ACCEPTED","7EF2DB5561E7FB25412D92829F1DF44953633A585B204CEEE26F2B514DE8922D","PASS_STATIC_SEMANTIC_PAIRED_DIRECT_FILE_REPLAY_BUILD_DEFERRED_FOR_DEPENDENCY_CLOSURE","locale/fa-IR/content/incompleteness/arithmetization-syntax/coding-symbols.tex","ACCEPTED","F6BDF57E5F5BF78A54D0816D89DD364D85FA19D9CEA1E9EE180F684942AF2742","PASS_STATIC_SEMANTIC_PAIRED_DIRECT_FILE_REPLAY_BUILD_DEFERRED_FOR_DEPENDENCY_CLOSURE; PASS_EXACT_SOURCE_GLOSSARY_CARRIER_RESTORATION_CONFIG_RESOLUTION_INDEPENDENT_AI_BUILD_DEFERRED_FOR_DEPENDENCY_CLOSURE; RECEIPT=QA_RECEIPT_FA_GLOSSARY_CARRIER_REPAIR_OLP0265_0282_20260816.md","ACCEPTED"
"OLP-0283","283","9620cc73f9c8e0ad003c514a5d3748f29611c4c0","content/incompleteness/arithmetization-syntax/coding-terms.tex","9b178e3ceebb5293c82d56e355ca312aec3bfe3be553f09f7c23df9119dc78b8","4771","114","708","true","true","283","canonical_complete_reader_reachable","Reached by ordered depth-first replay from content/open-logic-about.tex then content/content.tex through uncommented olimport edges.","reader_unit","Coding Terms","inc","0","","","1","content/incompleteness/arithmetization-syntax/arithmetization-syntax.tex","0","","11","align*:2|document:1|enumerate:2|explain:1|prob:1|proof:2|prop:2","0","0","1","0","0","2","0","0","0","1","2","0","0","0","0","0","83","locale/ar/content/incompleteness/arithmetization-syntax/coding-terms.tex","ACCEPTED","7CF6713EEBBB3CF04D46EB5F8B09F63A3B2A1088A3F82027F641DD08C8DC1383","PASS_STATIC_SEMANTIC_SOURCE_CARRIER_EXPANSION_MORPHOLOGY_PAIRED_DIRECT_FILE_REPLAY_BUILD_DEFERRED_FOR_DEPENDENCY_CLOSURE","locale/fa-IR/content/incompleteness/arithmetization-syntax/coding-terms.tex","ACCEPTED","A794ACC7B1905B5983870348B77C97679385125D3CB207A76837D28B14C5F737","PASS_STATIC_SEMANTIC_SOURCE_CARRIER_EXPANSION_MORPHOLOGY_PAIRED_DIRECT_FILE_REPLAY_BUILD_DEFERRED_FOR_DEPENDENCY_CLOSURE","ACCEPTED"
"OLP-0284","284","9620cc73f9c8e0ad003c514a5d3748f29611c4c0","content/incompleteness/arithmetization-syntax/coding-formulas.tex","4109b6c1085f27ff1e2410537f29cd688c22cc4446e3978572b7dd93b0cf32f3","2818","94","368","true","true","284","canonical_complete_reader_reachable","Reached by ordered depth-first replay from content/open-logic-about.tex then content/content.tex through uncommented olimport edges.","reader_unit","","inc","0","","","1","content/incompleteness/arithmetization-syntax/arithmetization-syntax.tex","0","","13","document:1|enumerate:1|multline*:1|prob:2|proof:4|prop:4","0","0","1","0","0","4","0","0","0","2","4","0","0","0","3","0","37","locale/ar/content/incompleteness/arithmetization-syntax/coding-formulas.tex","ACCEPTED","4A6BDBAC6C15DF390772E4AFDB60867764449F85273DAB8D055F384392872805","PASS_STATIC_SEMANTIC_SOURCE_CARRIER_EXPANSION_MORPHOLOGY_PAIRED_DIRECT_FILE_REPLAY_BUILD_DEFERRED_FOR_DEPENDENCY_CLOSURE","locale/fa-IR/content/incompleteness/arithmetization-syntax/coding-formulas.tex","ACCEPTED","564514FAB13436AE5BCF7486EFEA4BAF41E89E4FE38A09292AD0961BC8A9E9A2","PASS_STATIC_SEMANTIC_SOURCE_CARRIER_EXPANSION_MORPHOLOGY_PAIRED_DIRECT_FILE_REPLAY_BUILD_DEFERRED_FOR_DEPENDENCY_CLOSURE","ACCEPTED"
"OLP-0285","285","9620cc73f9c8e0ad003c514a5d3748f29611c4c0","content/incompleteness/arithmetization-syntax/substitution.tex","bc67d981609236a40000a6a0a162ca22b3de0ade1a3b41911a7fc7089649e74a","1614","57","200","true","true","285","canonical_complete_reader_reachable","Reached by ordered depth-first replay from content/open-logic-about.tex then content/content.tex through uncommented olimport edges.","reader_unit","Substitution","inc","0","","","1","content/incompleteness/arithmetization-syntax/arithmetization-syntax.tex","0","","9","aligned:1|cases:1|document:1|multline*:1|prob:1|proof:2|prop:2","0","0","1","0","0","2","0","0","0","1","2","0","0","0","1","0","15","locale/ar/content/incompleteness/arithmetization-syntax/substitution.tex","ACCEPTED","590782B0E2FEF10FD0B3B663F81FA58BE8768E1291FB27E728DA7FC0BE73C0E9","PASS_STATIC_SEMANTIC_SOURCE_CARRIER_EXPANSION_MORPHOLOGY_PAIRED_DIRECT_FILE_REPLAY_BUILD_DEFERRED_FOR_DEPENDENCY_CLOSURE","locale/fa-IR/content/incompleteness/arithmetization-syntax/substitution.tex","ACCEPTED","3A9EE368453AE5D89590F3CFF63500B263CCE449A6FE18775F7746F97D28ED9F","PASS_STATIC_SEMANTIC_SOURCE_CARRIER_EXPANSION_MORPHOLOGY_PAIRED_DIRECT_FILE_REPLAY_BUILD_DEFERRED_FOR_DEPENDENCY_CLOSURE","ACCEPTED"
"OLP-0286","286","9620cc73f9c8e0ad003c514a5d3748f29611c4c0","content/incompleteness/arithmetization-syntax/proofs-in-lk.tex","cfe9c7d281dffc120412291224ee312054c74d3f5bcd677079dc81a5dc0378d7","11888","287","1266","true","true","286","canonical_complete_reader_reachable","Reached by ordered depth-first replay from content/open-logic-about.tex then content/content.tex through uncommented olimport edges.","reader_unit","","inc","0","","","1","content/incompleteness/arithmetization-syntax/arithmetization-syntax.tex","0","","23","align*:5|defn:1|document:1|enumerate:2|ex:1|explain:2|multline*:1|prob:1|proof:3|prooftree:2|prop:3|tabular:1","0","0","1","1","0","3","0","0","1","1","3","0","0","0","1","0","173","locale/ar/content/incompleteness/arithmetization-syntax/proofs-in-lk.tex","ACCEPTED","94F058B49F00845BD9F035C7643B212F6FA04CB72E819E12B041E145E11351A0","PASS_STATIC_SEMANTIC_SOURCE_CARRIER_EXPANSION_MORPHOLOGY_PAIRED_DIRECT_FILE_REPLAY_BUILD_DEFERRED_FOR_DEPENDENCY_CLOSURE","locale/fa-IR/content/incompleteness/arithmetization-syntax/proofs-in-lk.tex","ACCEPTED","4823606ADA159FFD5E68E9B9680761B0674FEC0A79CF3570FB2D58DEA3C6D7CD","PASS_STATIC_SEMANTIC_SOURCE_CARRIER_EXPANSION_MORPHOLOGY_PAIRED_DIRECT_FILE_REPLAY_BUILD_DEFERRED_FOR_DEPENDENCY_CLOSURE","ACCEPTED"
"OLP-0287","287","9620cc73f9c8e0ad003c514a5d3748f29611c4c0","content/incompleteness/arithmetization-syntax/proofs-in-nd.tex","55474c8446caeca99377485d8c57460c3a492300243be06d64952f220fdd432f","14424","334","1671","true","true","287","canonical_complete_reader_reachable","Reached by ordered depth-first replay from content/open-logic-about.tex then content/content.tex through uncommented olimport edges.","reader_unit","","inc","0","","","1","content/incompleteness/arithmetization-syntax/arithmetization-syntax.tex","0","","31","align*:2|defn:1|document:1|enumerate:4|ex:1|explain:2|multline*:6|prob:1|proof:5|prooftree:2|prop:5|tabular:1","0","0","1","1","0","5","0","0","1","1","5","0","0","0","4","0","200","locale/ar/content/incompleteness/arithmetization-syntax/proofs-in-nd.tex","ACCEPTED","5878DED562DC5122BD7A1C09232646F47310AC5D4F39ACF55C637BEE958E76EA","PASS_STATIC_SEMANTIC_SOURCE_CARRIER_EXPANSION_MORPHOLOGY_PAIRED_DIRECT_FILE_REPLAY_BUILD_DEFERRED_FOR_DEPENDENCY_CLOSURE","locale/fa-IR/content/incompleteness/arithmetization-syntax/proofs-in-nd.tex","ACCEPTED","6A7E2A9B12BCB590D1A1F5BEC2F54842C9D04247675E791CC70B2C1FA12C1A50","PASS_STATIC_SEMANTIC_SOURCE_CARRIER_EXPANSION_MORPHOLOGY_PAIRED_DIRECT_FILE_REPLAY_BUILD_DEFERRED_FOR_DEPENDENCY_CLOSURE","ACCEPTED"
"OLP-0288","288","9620cc73f9c8e0ad003c514a5d3748f29611c4c0","content/incompleteness/arithmetization-syntax/proofs-in-ax.tex","08e0df4fde4ac32dee1672b4135f83e835033c845a64820692ce821ebcb1fb8e","9616","217","1299","true","true","288","canonical_complete_reader_reachable","Reached by ordered depth-first replay from content/open-logic-about.tex then content/content.tex through uncommented olimport edges.","reader_unit","","inc","0","","","1","content/incompleteness/arithmetization-syntax/arithmetization-syntax.tex","0","","20","align*:2|defn:1|derivation:1|document:1|enumerate:4|ex:1|explain:2|multline*:3|prob:1|proof:2|prop:2","0","0","1","1","0","2","0","0","1","1","2","0","0","0","1","0","140","locale/ar/content/incompleteness/arithmetization-syntax/proofs-in-ax.tex","ACCEPTED","CD720690B14BE4C0B11454E09D1280FAEB0B6B1A166F295824C9C6DCAA9A2585","PASS_STATIC_SEMANTIC_SOURCE_CARRIER_EXPANSION_MORPHOLOGY_PAIRED_DIRECT_FILE_REPLAY_BUILD_DEFERRED_FOR_DEPENDENCY_CLOSURE","locale/fa-IR/content/incompleteness/arithmetization-syntax/proofs-in-ax.tex","ACCEPTED","4D0A05852C8077EE95202BAEFBC335F80FB923436313507A7012EC041954A798","PASS_STATIC_SEMANTIC_SOURCE_CARRIER_EXPANSION_MORPHOLOGY_PAIRED_DIRECT_FILE_REPLAY_BUILD_DEFERRED_FOR_DEPENDENCY_CLOSURE","ACCEPTED"
"OLP-0289","289","9620cc73f9c8e0ad003c514a5d3748f29611c4c0","content/incompleteness/representability-in-q/representability-in-q.tex","59e2f7d0837e00f86a04179d0e67f19dbc25e15b2a11a6899e7ef42f87e3708c","595","35","32","true","true","289","canonical_complete_reader_reachable","Reached by ordered depth-first replay from content/open-logic-about.tex then content/content.tex through uncommented olimport edges.","chapter_driver","","","11","content/incompleteness/representability-in-q/introduction.tex|content/incompleteness/representability-in-q/representable-comp.tex|content/incompleteness/representability-in-q/beta-function.tex|content/incompleteness/representability-in-q/prim-rec.tex|content/incompleteness/representability-in-q/basic-representable.tex|content/incompleteness/representability-in-q/composition-representable.tex|content/incompleteness/representability-in-q/minimization-representable.tex|content/incompleteness/representability-in-q/comp-representable.tex|content/incompleteness/representability-in-q/representing-relations.tex|content/incompleteness/representability-in-q/undecidability.tex|content/incompleteness/representability-in-q/sigma1-completeness.tex","","1","content/incompleteness/incompleteness.tex","0","","1","document:1","0","1","0","0","0","0","0","0","0","0","0","0","0","0","0","0","1","locale/ar/content/incompleteness/representability-in-q/representability-in-q.tex","ACCEPTED","0E922D5AF49F283BABB78A626C844A94AE540939F3F0EC5005A791044E9A386A","PASS_STATIC_SEMANTIC_SOURCE_CARRIER_EXPANSION_MORPHOLOGY_PAIRED_DIRECT_FILE_REPLAY_BUILD_DEFERRED_FOR_DEPENDENCY_CLOSURE","locale/fa-IR/content/incompleteness/representability-in-q/representability-in-q.tex","ACCEPTED","093C373F0A8B03826F6A7DCB4CB2F1B5BD1230DCA104495F0323BBCA95C8D43A","PASS_STATIC_SEMANTIC_SOURCE_CARRIER_EXPANSION_MORPHOLOGY_PAIRED_DIRECT_FILE_REPLAY_BUILD_DEFERRED_FOR_DEPENDENCY_CLOSURE","ACCEPTED"
"OLP-0290","290","9620cc73f9c8e0ad003c514a5d3748f29611c4c0","content/incompleteness/representability-in-q/introduction.tex","cdd4ffb67dcdea1ac1aca3664789f6a45a641bc81f85d26c98b770971ff2d03c","6317","129","866","true","true","290","canonical_complete_reader_reachable","Reached by ordered depth-first replay from content/open-logic-about.tex then content/content.tex through uncommented olimport edges.","reader_unit","Introduction","inc","0","","","1","content/incompleteness/representability-in-q/representability-in-q.tex","0","","6","align*:1|defn:1|document:1|enumerate:1|quote:1|thm:1","0","0","1","1","1","0","0","0","0","0","0","0","0","0","0","0","60","locale/ar/content/incompleteness/representability-in-q/introduction.tex","ACCEPTED","84E01EAF25E5479C0B4155CEC966EB18C16B8411FE278974132F5A808FFB93F2","PASS_STATIC_SEMANTIC_SOURCE_CARRIER_EXPANSION_MORPHOLOGY_PAIRED_DIRECT_FILE_REPLAY_BUILD_DEFERRED_FOR_DEPENDENCY_CLOSURE","locale/fa-IR/content/incompleteness/representability-in-q/introduction.tex","ACCEPTED","E91A08D4BA60BE3E529A76218E521F12E8255EC6716A62DFC341BDA9373FD820","PASS_STATIC_SEMANTIC_SOURCE_CARRIER_EXPANSION_MORPHOLOGY_PAIRED_DIRECT_FILE_REPLAY_BUILD_DEFERRED_FOR_DEPENDENCY_CLOSURE","ACCEPTED"
"OLP-0291","291","9620cc73f9c8e0ad003c514a5d3748f29611c4c0","content/incompleteness/representability-in-q/representable-comp.tex","c8e840a3bbc2a09898ce9db3ac72e6e04d2d03f727b9dd0ba2fc1ceb291d56b8","5042","114","721","true","true","291","canonical_complete_reader_reachable","Reached by ordered depth-first replay from content/open-logic-about.tex then content/content.tex through uncommented olimport edges.","reader_unit","","inc","0","","","1","content/incompleteness/representability-in-q/representability-in-q.tex","0","","6","document:1|lem:2|multline*:1|proof:2","0","0","1","0","0","0","2","0","0","0","2","0","0","0","12","0","62","locale/ar/content/incompleteness/representability-in-q/representable-comp.tex","ACCEPTED","4F5B4101EDB130E6A72E95763A8CD647C032C281CEA34388424DE2615EDEBAE4","PASS_STATIC_SEMANTIC_SOURCE_CARRIER_EXPANSION_MORPHOLOGY_PAIRED_DIRECT_FILE_REPLAY_BUILD_DEFERRED_FOR_DEPENDENCY_CLOSURE","locale/fa-IR/content/incompleteness/representability-in-q/representable-comp.tex","ACCEPTED","B26D7D621222BDE6E68EEEE0E192970AF22ED81AAE50EBB4208DC20632BF8EFE","PASS_STATIC_SEMANTIC_SOURCE_CARRIER_EXPANSION_MORPHOLOGY_PAIRED_DIRECT_FILE_REPLAY_BUILD_DEFERRED_FOR_DEPENDENCY_CLOSURE","ACCEPTED"
"OLP-0292","292","9620cc73f9c8e0ad003c514a5d3748f29611c4c0","content/incompleteness/representability-in-q/beta-function.tex","4ba46568ec3fc0ac66b9769d4ecf30f4cfce1bf09e4b27bd99540bbfd9eff9ed","6993","182","988","true","true","292","canonical_complete_reader_reachable","Reached by ordered depth-first replay from content/open-logic-about.tex then content/content.tex through uncommented olimport edges.","reader_unit","The Beta Function Lemma","inc","0","","","1","content/incompleteness/representability-in-q/representability-in-q.tex","0","","15","align*:7|defn:2|document:1|enumerate:2|lem:1|prob:1|thm:1","0","0","1","2","1","0","1","0","0","1","0","0","0","0","4","0","110","locale/ar/content/incompleteness/representability-in-q/beta-function.tex","ACCEPTED","791C6A783CB14B2BFF50F9CB0FF6D9A738BD0D6C6856633CF606E2C0DFC894B4","PASS_STATIC_SEMANTIC_SOURCE_CARRIER_EXPANSION_MORPHOLOGY_PAIRED_DIRECT_FILE_REPLAY_BUILD_DEFERRED_FOR_DEPENDENCY_CLOSURE","locale/fa-IR/content/incompleteness/representability-in-q/beta-function.tex","ACCEPTED","0EFC06CEE0FC6D80AD78C585DA032351E8277B88E5832BDD739ED5E8143C57E6","PASS_STATIC_SEMANTIC_SOURCE_CARRIER_EXPANSION_MORPHOLOGY_PAIRED_DIRECT_FILE_REPLAY_BUILD_DEFERRED_FOR_DEPENDENCY_CLOSURE","ACCEPTED"
"OLP-0293","293","9620cc73f9c8e0ad003c514a5d3748f29611c4c0","content/incompleteness/representability-in-q/prim-rec.tex","0697fa5e74302609f8fb33e4d1fc67e0c1f64591cbac3f980131804069e0a0d8","2069","60","275","true","true","293","canonical_complete_reader_reachable","Reached by ordered depth-first replay from content/open-logic-about.tex then content/content.tex through uncommented olimport edges.","reader_unit","Simulating Primitive Recursion","inc","0","","","1","content/incompleteness/representability-in-q/representability-in-q.tex","0","","5","align*:1|document:1|enumerate:1|lem:1|proof:1","0","0","1","0","0","0","1","0","0","0","1","0","0","0","1","0","35","locale/ar/content/incompleteness/representability-in-q/prim-rec.tex","ACCEPTED","6442B3687F81C19E494E3851B6ACC74361DAD649757896663DDCF97C5951CB01","PASS_STATIC_SEMANTIC_SOURCE_CARRIER_EXPANSION_MORPHOLOGY_PAIRED_DIRECT_FILE_REPLAY_BUILD_DEFERRED_FOR_DEPENDENCY_CLOSURE","locale/fa-IR/content/incompleteness/representability-in-q/prim-rec.tex","ACCEPTED","BE8ABAEF20AEB9FA9E785D82F6247863CC5948C2DDA6062FBDA2EF0EE32D9140","PASS_STATIC_SEMANTIC_SOURCE_CARRIER_EXPANSION_MORPHOLOGY_PAIRED_DIRECT_FILE_REPLAY_BUILD_DEFERRED_FOR_DEPENDENCY_CLOSURE","ACCEPTED"
"OLP-0294","294","9620cc73f9c8e0ad003c514a5d3748f29611c4c0","content/incompleteness/representability-in-q/basic-representable.tex","05adb7ef6d0558b05056834a66c31d87dcf5f8e0f90ebf2afb26b5f0cc9b1be3","8619","232","1099","true","true","294","canonical_complete_reader_reachable","Reached by ordered depth-first replay from content/open-logic-about.tex then content/content.tex through uncommented olimport edges.","reader_unit","","inc","0","","","1","content/incompleteness/representability-in-q/representability-in-q.tex","0","","23","align*:1|cases:1|document:1|explain:2|lem:3|prob:3|proof:6|prop:6","0","0","1","0","0","6","3","0","0","3","6","0","0","0","8","0","147","locale/ar/content/incompleteness/representability-in-q/basic-representable.tex","ACCEPTED","C1A9F144F539BA6F2593E85CCF22C3503E5F0085476927FFFB0773CCA88DCA4C","PASS_STATIC_SEMANTIC_SOURCE_CARRIER_EXPANSION_MORPHOLOGY_PAIRED_DIRECT_FILE_REPLAY_BUILD_DEFERRED_FOR_DEPENDENCY_CLOSURE","locale/fa-IR/content/incompleteness/representability-in-q/basic-representable.tex","ACCEPTED","34B3EB41B35B143139FA2C4338532628A5D08C88BD8901AC8B55F7FC2B36BF76","PASS_STATIC_SEMANTIC_SOURCE_CARRIER_EXPANSION_MORPHOLOGY_PAIRED_DIRECT_FILE_REPLAY_BUILD_DEFERRED_FOR_DEPENDENCY_CLOSURE","ACCEPTED"
"OLP-0295","295","9620cc73f9c8e0ad003c514a5d3748f29611c4c0","content/incompleteness/representability-in-q/composition-representable.tex","d22633ee0bf189ad4dbc0e58588cbab3293ba97014a16064c2804f4db38fd6ab","3550","102","505","true","true","295","canonical_complete_reader_reachable","Reached by ordered depth-first replay from content/open-logic-about.tex then content/content.tex through uncommented olimport edges.","reader_unit","","inc","0","","","1","content/incompleteness/representability-in-q/representability-in-q.tex","0","","11","align*:2|document:1|multline*:1|prob:1|proof:3|prop:3","0","0","1","0","0","3","0","0","0","1","3","0","0","0","3","0","64","locale/ar/content/incompleteness/representability-in-q/composition-representable.tex","ACCEPTED","E8C637DE0B57F72440C298A8D0FBF6F216A68FFEA7FC7D3138A3B3F4596AC18D","PASS_STATIC_SEMANTIC_SOURCE_CARRIER_UNICODE_PAIRED_DIRECT_FILE_REPLAY_BUILD_DEFERRED_FOR_DEPENDENCY_CLOSURE","locale/fa-IR/content/incompleteness/representability-in-q/composition-representable.tex","ACCEPTED","AB093FEC3DE76C31B117E2FA0B20ACE643055FC8D447C2D006BB63C3D78B4B8C","PASS_STATIC_SEMANTIC_SOURCE_CARRIER_UNICODE_PAIRED_DIRECT_FILE_REPLAY_BUILD_DEFERRED_FOR_DEPENDENCY_CLOSURE","ACCEPTED"
"OLP-0296","296","9620cc73f9c8e0ad003c514a5d3748f29611c4c0","content/incompleteness/representability-in-q/minimization-representable.tex","b7f3bb0efb885aff8c77c3647e79599b28c37f7c92e1107d7ef0dbbbd8fbb43c","10043","245","1282","true","true","296","canonical_complete_reader_reachable","Reached by ordered depth-first replay from content/open-logic-about.tex then content/content.tex through uncommented olimport edges.","reader_unit","","inc","0","","","1","content/incompleteness/representability-in-q/representability-in-q.tex","0","","15","align:3|align*:1|document:1|lem:4|proof:5|prop:1","0","0","1","0","0","1","4","0","0","0","5","0","0","0","10","0","217","locale/ar/content/incompleteness/representability-in-q/minimization-representable.tex","ACCEPTED","DA45EE54746927EC6B064DF30936E7D9DBC81C98B4D08FF15B7B5747D440E3E6","PASS_STATIC_SEMANTIC_SOURCE_CARRIER_UNICODE_PAIRED_DIRECT_FILE_REPLAY_BUILD_DEFERRED_FOR_DEPENDENCY_CLOSURE","locale/fa-IR/content/incompleteness/representability-in-q/minimization-representable.tex","ACCEPTED","939CEFECA82C50FF7791C4566171FF203ACFC0607212A95C48D2E2A5C984B4DC","PASS_STATIC_SEMANTIC_SOURCE_CARRIER_UNICODE_PAIRED_DIRECT_FILE_REPLAY_BUILD_DEFERRED_FOR_DEPENDENCY_CLOSURE","ACCEPTED"
"OLP-0297","297","9620cc73f9c8e0ad003c514a5d3748f29611c4c0","content/incompleteness/representability-in-q/comp-representable.tex","be50d1a03debb27586b79493bd638bdb91a1bebc13fccadd2e90adceff5a4376","2802","60","376","true","true","297","canonical_complete_reader_reachable","Reached by ordered depth-first replay from content/open-logic-about.tex then content/content.tex through uncommented olimport edges.","reader_unit","","inc","0","","","1","content/incompleteness/representability-in-q/representability-in-q.tex","0","","4","document:1|explain:1|proof:1|thm:1","0","0","1","0","1","0","0","0","0","0","1","0","0","0","4","0","27","locale/ar/content/incompleteness/representability-in-q/comp-representable.tex","ACCEPTED","339295D6F4D0BF240078CDC63856BEEF1F6B2B20F103D1C892C64642F77A5768","PASS_STATIC_SEMANTIC_SOURCE_CARRIER_UNICODE_PAIRED_DIRECT_FILE_REPLAY_BUILD_DEFERRED_FOR_DEPENDENCY_CLOSURE","locale/fa-IR/content/incompleteness/representability-in-q/comp-representable.tex","ACCEPTED","F5DC89DAC4247A1F53922183B72D749ABB70408820DEA8766E1EC60C83FB1863","PASS_STATIC_SEMANTIC_SOURCE_CARRIER_UNICODE_PAIRED_DIRECT_FILE_REPLAY_BUILD_DEFERRED_FOR_DEPENDENCY_CLOSURE","ACCEPTED"
"OLP-0298","298","9620cc73f9c8e0ad003c514a5d3748f29611c4c0","content/incompleteness/representability-in-q/representing-relations.tex","aa293645fefba6b196a4c52f9de43e69a86f3e0747e6420573add3349236d3f6","2471","63","334","true","true","298","canonical_complete_reader_reachable","Reached by ordered depth-first replay from content/open-logic-about.tex then content/content.tex through uncommented olimport edges.","reader_unit","Representing Relations","inc","0","","","1","content/incompleteness/representability-in-q/representability-in-q.tex","0","","5","defn:1|document:1|prob:1|proof:1|thm:1","0","0","1","1","1","0","0","0","0","1","1","0","0","0","1","0","43","locale/ar/content/incompleteness/representability-in-q/representing-relations.tex","ACCEPTED","86C02C3621EB2FCFFCE03347DA5AF5B66D3DE350D2D8AE1CE47FFD27013589F7","PASS_STATIC_SEMANTIC_SOURCE_CARRIER_UNICODE_PAIRED_DIRECT_FILE_REPLAY_BUILD_DEFERRED_FOR_DEPENDENCY_CLOSURE","locale/fa-IR/content/incompleteness/representability-in-q/representing-relations.tex","ACCEPTED","B94111C7BFA00CA1687557C320D139262DF53D29F4FD7B82222F64BA93FB7753","PASS_STATIC_SEMANTIC_SOURCE_CARRIER_UNICODE_PAIRED_DIRECT_FILE_REPLAY_BUILD_DEFERRED_FOR_DEPENDENCY_CLOSURE","ACCEPTED"
"OLP-0299","299","9620cc73f9c8e0ad003c514a5d3748f29611c4c0","content/incompleteness/representability-in-q/undecidability.tex","e9567629e542b1b65f73b9e600c876dd4064766f8ff167980371f8ac6e5eb1b5","2915","75","406","true","true","299","canonical_complete_reader_reachable","Reached by ordered depth-first replay from content/open-logic-about.tex then content/content.tex through uncommented olimport edges.","reader_unit","Undecidability","inc","0","","","1","content/incompleteness/representability-in-q/representability-in-q.tex","0","","6","cases:1|cor:1|document:1|proof:2|thm:1","0","0","1","0","1","0","0","1","0","0","2","0","0","0","2","0","57","locale/ar/content/incompleteness/representability-in-q/undecidability.tex","ACCEPTED","CFF82AADF320A28883C652CDD7D2FE1BA4551E7EA8CF6DFEAF7D95643A906DF7","PASS_STATIC_SEMANTIC_SOURCE_CARRIER_UNICODE_PAIRED_DIRECT_FILE_REPLAY_BUILD_DEFERRED_FOR_DEPENDENCY_CLOSURE","locale/fa-IR/content/incompleteness/representability-in-q/undecidability.tex","ACCEPTED","C11A11B1ABB9FCEC8D40EC270F958589A0CF02C77824690E8992E5324D783A86","PASS_STATIC_SEMANTIC_SOURCE_CARRIER_UNICODE_PAIRED_DIRECT_FILE_REPLAY_BUILD_DEFERRED_FOR_DEPENDENCY_CLOSURE","ACCEPTED"
"OLP-0300","300","9620cc73f9c8e0ad003c514a5d3748f29611c4c0","content/incompleteness/representability-in-q/sigma1-completeness.tex","769ec60e34823143347732bbf659035f00c18a93d627e795cc597b3442bc11fe","11879","301","1540","true","true","300","canonical_complete_reader_reachable","Reached by ordered depth-first replay from content/open-logic-about.tex then content/content.tex through uncommented olimport edges.","reader_unit","","inc","0","","","1","content/incompleteness/representability-in-q/representability-in-q.tex","0","","19","defn:2|document:1|enumerate:3|lem:4|prob:3|proof:5|thm:1","0","0","1","2","1","0","4","0","0","3","5","0","0","0","16","0","231","locale/ar/content/incompleteness/representability-in-q/sigma1-completeness.tex","ACCEPTED","DF8A39B8194D2263C74A9084161A120539A605245A06F98166D5C0AFDDF31F9C","PASS_STATIC_SEMANTIC_SOURCE_CARRIER_UNICODE_PAIRED_DIRECT_FILE_REPLAY_BUILD_DEFERRED_FOR_DEPENDENCY_CLOSURE","locale/fa-IR/content/incompleteness/representability-in-q/sigma1-completeness.tex","ACCEPTED","636A5B5A500510A2FAE4F7589582B44512A298FF66E7FDA31123BE32039CFF86","PASS_STATIC_SEMANTIC_SOURCE_CARRIER_UNICODE_PAIRED_DIRECT_FILE_REPLAY_BUILD_DEFERRED_FOR_DEPENDENCY_CLOSURE","ACCEPTED"
"OLP-0301","301","9620cc73f9c8e0ad003c514a5d3748f29611c4c0","content/incompleteness/theories-computability/theories-computability.tex","412c43bd1865412b5cc1ed4133725393165b82d941aa413632888049d9b75208","841","40","77","true","true","301","canonical_complete_reader_reachable","Reached by ordered depth-first replay from content/open-logic-about.tex then content/content.tex through uncommented olimport edges.","chapter_driver","Theories and Computability","","10","content/incompleteness/theories-computability/introduction.tex|content/incompleteness/theories-computability/q-is-ce.tex|content/incompleteness/theories-computability/oconsis-ext-of-q-undec.tex|content/incompleteness/theories-computability/extensions-of-q-not-decidable.tex|content/incompleteness/theories-computability/computably-axiomatizable.tex|content/incompleteness/theories-computability/complete-decidable.tex|content/incompleteness/theories-computability/first-incompleteness.tex|content/incompleteness/theories-computability/inseparability.tex|content/incompleteness/theories-computability/consis-with-q.tex|content/incompleteness/theories-computability/interpretability.tex","","1","content/incompleteness/incompleteness.tex","0","","2","document:1|editorial:1","0","1","0","0","0","0","0","0","0","0","0","0","0","0","0","0","0","locale/ar/content/incompleteness/theories-computability/theories-computability.tex","ACCEPTED","4E3C9D568A263065BABBBE9C94A9D4DD921E842D824AB76C93A932D5E65AF8EA","PASS_STATIC_SEMANTIC_SOURCE_CARRIER_UNICODE_PAIRED_DIRECT_FILE_REPLAY_BUILD_DEFERRED_FOR_DEPENDENCY_CLOSURE","locale/fa-IR/content/incompleteness/theories-computability/theories-computability.tex","ACCEPTED","B96F2DECFA098DF4656466655134943F806EAA438E38E35B4C2F2B93124E1987","PASS_STATIC_SEMANTIC_SOURCE_CARRIER_UNICODE_PAIRED_DIRECT_FILE_REPLAY_BUILD_DEFERRED_FOR_DEPENDENCY_CLOSURE","ACCEPTED"
"OLP-0302","302","9620cc73f9c8e0ad003c514a5d3748f29611c4c0","content/incompleteness/theories-computability/introduction.tex","0e1c97bb1022504a5f9c1c59f71e71561fb452b6f7477359c24b34875d480818","1619","43","217","true","true","302","canonical_complete_reader_reachable","Reached by ordered depth-first replay from content/open-logic-about.tex then content/content.tex through uncommented olimport edges.","reader_unit","Introduction","inc","0","","","1","content/incompleteness/theories-computability/theories-computability.tex","0","","3","document:1|editorial:1|enumerate:1","0","0","1","0","0","0","0","0","0","0","0","0","0","0","5","0","13","locale/ar/content/incompleteness/theories-computability/introduction.tex","ACCEPTED","DC2C75FFED2004940C50409AD9CEF8DD2790DB3D598477685F841B42A9DD9302","PASS_STATIC_SEMANTIC_SOURCE_CARRIER_UNICODE_PAIRED_DIRECT_FILE_REPLAY_BUILD_DEFERRED_FOR_DEPENDENCY_CLOSURE","locale/fa-IR/content/incompleteness/theories-computability/introduction.tex","ACCEPTED","9D2E877522B4D6E348DBA998BEF2EC8A1A1732B410B48A2FBDFA7F1794F2E2E9","PASS_STATIC_SEMANTIC_SOURCE_CARRIER_UNICODE_PAIRED_DIRECT_FILE_REPLAY_BUILD_DEFERRED_FOR_DEPENDENCY_CLOSURE","ACCEPTED"
"OLP-0303","303","9620cc73f9c8e0ad003c514a5d3748f29611c4c0","content/incompleteness/theories-computability/q-is-ce.tex","c36b9bef34b404a88fb91da7437b1abb3850a856d5c9907ff139c2f269d97eea","1977","55","302","true","true","303","canonical_complete_reader_reachable","Reached by ordered depth-first replay from content/open-logic-about.tex then content/content.tex through uncommented olimport edges.","reader_unit","","inc","0","","","1","content/incompleteness/theories-computability/theories-computability.tex","0","","4","align*:1|document:1|proof:1|thm:1","0","0","1","0","1","0","0","0","0","0","1","0","0","0","0","0","39","locale/ar/content/incompleteness/theories-computability/q-is-ce.tex","ACCEPTED","F8A06BF96131F6D77BE66E80F224735DDB45ED02DE5FC3399D9989479FA42DFE","PASS_STATIC_SEMANTIC_SOURCE_CARRIER_UNICODE_PAIRED_DIRECT_FILE_REPLAY_BUILD_DEFERRED_FOR_DEPENDENCY_CLOSURE","locale/fa-IR/content/incompleteness/theories-computability/q-is-ce.tex","ACCEPTED","3C07987AB2421E398A72A7FF05C0677BA31A4B97E9E1358372D8EBBDAAEA3DDB","PASS_STATIC_SEMANTIC_SOURCE_CARRIER_UNICODE_PAIRED_DIRECT_FILE_REPLAY_BUILD_DEFERRED_FOR_DEPENDENCY_CLOSURE","ACCEPTED"
"OLP-0304","304","9620cc73f9c8e0ad003c514a5d3748f29611c4c0","content/incompleteness/theories-computability/oconsis-ext-of-q-undec.tex","60e9baa196cb0f7c48184cb7d0772008bfe52675ff72cead3cd02c23bed3d17e","1983","51","243","true","true","304","canonical_complete_reader_reachable","Reached by ordered depth-first replay from content/open-logic-about.tex then content/content.tex through uncommented olimport edges.","reader_unit","","inc","0","","","1","content/incompleteness/theories-computability/theories-computability.tex","0","","5","defn:1|document:1|explain:1|proof:1|thm:1","0","0","1","1","1","0","0","0","0","0","1","0","0","0","0","0","38","locale/ar/content/incompleteness/theories-computability/oconsis-ext-of-q-undec.tex","ACCEPTED","2A1CAB29EDE8E2433189BE833E89C712E93E36F1B879892091AD6ABDF4F9D0F0","PASS_STATIC_SEMANTIC_SOURCE_CARRIER_UNICODE_PAIRED_DIRECT_FILE_REPLAY_BUILD_DEFERRED_FOR_DEPENDENCY_CLOSURE","locale/fa-IR/content/incompleteness/theories-computability/oconsis-ext-of-q-undec.tex","ACCEPTED","359857E7986F7FF49E145EE51F4A945C2D46285A4707B79C0B561926A79CA9EF","PASS_STATIC_SEMANTIC_SOURCE_CARRIER_UNICODE_PAIRED_DIRECT_FILE_REPLAY_BUILD_DEFERRED_FOR_DEPENDENCY_CLOSURE","ACCEPTED"
"OLP-0305","305","9620cc73f9c8e0ad003c514a5d3748f29611c4c0","content/incompleteness/theories-computability/extensions-of-q-not-decidable.tex","5372b80c77f5200c4e3de043785b6750a9fabf65cd5a2c925d483684cc2419e8","3008","88","418","true","true","305","canonical_complete_reader_reachable","Reached by ordered depth-first replay from content/open-logic-about.tex then content/content.tex through uncommented olimport edges.","reader_unit","","inc","0","","","1","content/incompleteness/theories-computability/theories-computability.tex","0","","10","cor:1|document:1|eqnarray*:2|explain:1|lem:1|proof:2|quote:1|thm:1","0","0","1","0","1","0","1","1","0","0","2","0","0","0","1","0","47","locale/ar/content/incompleteness/theories-computability/extensions-of-q-not-decidable.tex","ACCEPTED","136994827FB8BF5F9B6D63A70D6EA764B9986CB203C0D10E52197C2284FD54A0","PASS_STATIC_SEMANTIC_SOURCE_CARRIER_UNICODE_PAIRED_DIRECT_FILE_REPLAY_BUILD_DEFERRED_FOR_DEPENDENCY_CLOSURE","locale/fa-IR/content/incompleteness/theories-computability/extensions-of-q-not-decidable.tex","ACCEPTED","D87120C8B52C8830321C5B9534B7B3C208A6DFB631435DBB0C9AB1D529B88EDE","PASS_STATIC_SEMANTIC_SOURCE_CARRIER_UNICODE_PAIRED_DIRECT_FILE_REPLAY_BUILD_DEFERRED_FOR_DEPENDENCY_CLOSURE","ACCEPTED"
"OLP-0306","306","9620cc73f9c8e0ad003c514a5d3748f29611c4c0","content/incompleteness/theories-computability/computably-axiomatizable.tex","a0c56dc47495d20b0c78105b896cbb2ef12a99c7f71f9bf4d18fd04edf4f4440","1296","38","166","true","true","306","canonical_complete_reader_reachable","Reached by ordered depth-first replay from content/open-logic-about.tex then content/content.tex through uncommented olimport edges.","reader_unit","","inc","0","","","1","content/incompleteness/theories-computability/theories-computability.tex","0","","3","document:1|lem:1|proof:1","0","0","1","0","0","0","1","0","0","0","1","0","0","0","0","0","17","locale/ar/content/incompleteness/theories-computability/computably-axiomatizable.tex","ACCEPTED","41E27F477E256FC05286E2DC2870D0EEBE4EB4048AEFD86162B72D5E8EDE637C","PASS_STATIC_SEMANTIC_SOURCE_CARRIER_UNICODE_PAIRED_DIRECT_FILE_REPLAY_BUILD_DEFERRED_FOR_DEPENDENCY_CLOSURE","locale/fa-IR/content/incompleteness/theories-computability/computably-axiomatizable.tex","ACCEPTED","9722D7BB7927448A7F2339AD2AB33222E8DAE0C36FD9BF95DE3306A2D7F9C419","PASS_STATIC_SEMANTIC_SOURCE_CARRIER_UNICODE_PAIRED_DIRECT_FILE_REPLAY_BUILD_DEFERRED_FOR_DEPENDENCY_CLOSURE","ACCEPTED"
"OLP-0307","307","9620cc73f9c8e0ad003c514a5d3748f29611c4c0","content/incompleteness/theories-computability/complete-decidable.tex","3f0ac3119196cb3e19a0ae0de850e46aa5d0965ca1b0b225b7656e5133156136","1400","40","190","true","true","307","canonical_complete_reader_reachable","Reached by ordered depth-first replay from content/open-logic-about.tex then content/content.tex through uncommented olimport edges.","reader_unit","","inc","0","","","1","content/incompleteness/theories-computability/theories-computability.tex","0","","3","document:1|lem:1|proof:1","0","0","1","0","0","0","1","0","0","0","1","0","0","0","0","0","25","locale/ar/content/incompleteness/theories-computability/complete-decidable.tex","ACCEPTED","019C5760D4462A5CD6081C244EF79DB9768941A9A7E425407434145A54DE8DC9","PASS_STATIC_SEMANTIC_SOURCE_CARRIER_EXPANSION_MORPHOLOGY_UNICODE_PAIRED_DIRECT_FILE_REPLAY_BUILD_DEFERRED_FOR_DEPENDENCY_CLOSURE","locale/fa-IR/content/incompleteness/theories-computability/complete-decidable.tex","ACCEPTED","442B6224E1EF20B50C253C97780062EBE6501F0BF0F41E3DE65A07CB0997ED1E","PASS_STATIC_SEMANTIC_SOURCE_CARRIER_EXPANSION_MORPHOLOGY_UNICODE_PAIRED_DIRECT_FILE_REPLAY_BUILD_DEFERRED_FOR_DEPENDENCY_CLOSURE","ACCEPTED"
"OLP-0308","308","9620cc73f9c8e0ad003c514a5d3748f29611c4c0","content/incompleteness/theories-computability/first-incompleteness.tex","1e592928ee6e538cdeb4ce5e44884f4d6c7acc0a6d9ac6f0939963f9b0bcf507","1726","46","216","true","true","308","canonical_complete_reader_reachable","Reached by ordered depth-first replay from content/open-logic-about.tex then content/content.tex through uncommented olimport edges.","reader_unit","","inc","0","","","1","content/incompleteness/theories-computability/theories-computability.tex","0","","4","document:1|explain:1|proof:1|thm:1","0","0","1","0","1","0","0","0","0","0","1","0","0","0","0","0","7","locale/ar/content/incompleteness/theories-computability/first-incompleteness.tex","ACCEPTED","E53E304C7DBC694064B1D507F910AB3FD4760858D297BBB888299C05B3F0D50C","PASS_STATIC_SEMANTIC_SOURCE_CARRIER_EXPANSION_MORPHOLOGY_UNICODE_PAIRED_DIRECT_FILE_REPLAY_BUILD_DEFERRED_FOR_DEPENDENCY_CLOSURE","locale/fa-IR/content/incompleteness/theories-computability/first-incompleteness.tex","ACCEPTED","BCC4191358571D0F0092F40209B3176C992C7E76CDCE494B15CDC7EF830CDA30","PASS_STATIC_SEMANTIC_SOURCE_CARRIER_EXPANSION_MORPHOLOGY_UNICODE_PAIRED_DIRECT_FILE_REPLAY_BUILD_DEFERRED_FOR_DEPENDENCY_CLOSURE","ACCEPTED"
"OLP-0309","309","9620cc73f9c8e0ad003c514a5d3748f29611c4c0","content/incompleteness/theories-computability/inseparability.tex","e1a84bba2fbc91a669bc9357184630f93b97ddbd91cef4a319431eacda6734fb","1493","49","177","true","true","309","canonical_complete_reader_reachable","Reached by ordered depth-first replay from content/open-logic-about.tex then content/content.tex through uncommented olimport edges.","reader_unit","","inc","0","","","1","content/incompleteness/theories-computability/theories-computability.tex","0","","6","document:1|eqnarray*:2|lem:1|proof:1|quote:1","0","0","1","0","0","0","1","0","0","0","1","0","0","0","0","0","25","locale/ar/content/incompleteness/theories-computability/inseparability.tex","ACCEPTED","7C6E0C804B03C9662EF084CE47A9FB600546A769B35B4B665BCA04AE449569EA","PASS_STATIC_SEMANTIC_SOURCE_CARRIER_EXPANSION_MORPHOLOGY_UNICODE_PAIRED_DIRECT_FILE_REPLAY_BUILD_DEFERRED_FOR_DEPENDENCY_CLOSURE","locale/fa-IR/content/incompleteness/theories-computability/inseparability.tex","ACCEPTED","270C6AED627BA77C32F1CEA5C5D4CB9C8121422421CB2F4348EA5CA93EB7E325","PASS_STATIC_SEMANTIC_SOURCE_CARRIER_EXPANSION_MORPHOLOGY_UNICODE_PAIRED_DIRECT_FILE_REPLAY_BUILD_DEFERRED_FOR_DEPENDENCY_CLOSURE","ACCEPTED"
"OLP-0310","310","9620cc73f9c8e0ad003c514a5d3748f29611c4c0","content/incompleteness/theories-computability/consis-with-q.tex","09a1983ac2c41fce429da84abcb128479b46db10773d75cd461daf651bba72ef","2176","63","303","true","true","310","canonical_complete_reader_reachable","Reached by ordered depth-first replay from content/open-logic-about.tex then content/content.tex through uncommented olimport edges.","reader_unit","","inc","0","","","1","content/incompleteness/theories-computability/theories-computability.tex","0","","5","cor:1|document:1|proof:2|thm:1","0","0","1","0","1","0","0","1","0","0","2","0","0","0","0","0","48","locale/ar/content/incompleteness/theories-computability/consis-with-q.tex","ACCEPTED","D58C73D12B0184F2261C00D47EEE6FF8E37F3D1F919CA1D360DCA555B2B1C31B","PASS_STATIC_SEMANTIC_SOURCE_CARRIER_EXPANSION_MORPHOLOGY_UNICODE_PAIRED_DIRECT_FILE_REPLAY_BUILD_DEFERRED_FOR_DEPENDENCY_CLOSURE","locale/fa-IR/content/incompleteness/theories-computability/consis-with-q.tex","ACCEPTED","5502412FE505E7CA0CE3166579B6E7E46B3C0205F1C4FE5BE7B496F5E5DD076A","PASS_STATIC_SEMANTIC_SOURCE_CARRIER_EXPANSION_MORPHOLOGY_UNICODE_PAIRED_DIRECT_FILE_REPLAY_BUILD_DEFERRED_FOR_DEPENDENCY_CLOSURE","ACCEPTED"
"OLP-0311","311","9620cc73f9c8e0ad003c514a5d3748f29611c4c0","content/incompleteness/theories-computability/interpretability.tex","f113c9d84625731b1c4473e6178a2169249ae2399ed183b097d3840eca16f9e5","2790","70","390","true","true","311","canonical_complete_reader_reachable","Reached by ordered depth-first replay from content/open-logic-about.tex then content/content.tex through uncommented olimport edges.","reader_unit","","inc","0","","","1","content/incompleteness/theories-computability/theories-computability.tex","0","","5","cor:3|document:1|thm:1","0","0","1","0","1","0","0","3","0","0","0","0","0","0","0","0","36","locale/ar/content/incompleteness/theories-computability/interpretability.tex","ACCEPTED","E1191057A1669A1043C0BD0E29449FD2EF5D1CB32B956EFF134D354956B59DEE","PASS_STATIC_SEMANTIC_SOURCE_CARRIER_EXPANSION_MORPHOLOGY_UNICODE_PAIRED_DIRECT_FILE_REPLAY_BUILD_DEFERRED_FOR_DEPENDENCY_CLOSURE","locale/fa-IR/content/incompleteness/theories-computability/interpretability.tex","ACCEPTED","2545E6427166F9D0C65CE4E6BC3153265584B435D8E6951B0B4FE80CAB8243CD","PASS_STATIC_SEMANTIC_SOURCE_CARRIER_EXPANSION_MORPHOLOGY_UNICODE_PAIRED_DIRECT_FILE_REPLAY_BUILD_DEFERRED_FOR_DEPENDENCY_CLOSURE","ACCEPTED"
"OLP-0312","312","9620cc73f9c8e0ad003c514a5d3748f29611c4c0","content/incompleteness/incompleteness-provability/incompleteness-provability.tex","37ec6b0d2ed4993622d45347dbda0816fab6bb02f4665b63babac6658ee236c7","511","31","32","true","true","312","canonical_complete_reader_reachable","Reached by ordered depth-first replay from content/open-logic-about.tex then content/content.tex through uncommented olimport edges.","chapter_driver","Incompleteness and Provability","","9","content/incompleteness/incompleteness-provability/introduction.tex|content/incompleteness/incompleteness-provability/fixed-point-lemma.tex|content/incompleteness/incompleteness-provability/first-incompleteness-thm.tex|content/incompleteness/incompleteness-provability/rosser-thm.tex|content/incompleteness/incompleteness-provability/godels-paper.tex|content/incompleteness/incompleteness-provability/provability-conditions.tex|content/incompleteness/incompleteness-provability/second-incompleteness-thm.tex|content/incompleteness/incompleteness-provability/lob-thm.tex|content/incompleteness/incompleteness-provability/tarski-thm.tex","","1","content/incompleteness/incompleteness.tex","0","","1","document:1","0","1","0","0","0","0","0","0","0","0","0","0","0","0","0","0","0","locale/ar/content/incompleteness/incompleteness-provability/incompleteness-provability.tex","ACCEPTED","629B085FC967FA16613D17D8772613C441F782001569F115E1CE20C662DDB20C","PASS_STATIC_SEMANTIC_SOURCE_CARRIER_EXPANSION_MORPHOLOGY_UNICODE_PAIRED_DIRECT_FILE_REPLAY_BUILD_DEFERRED_FOR_DEPENDENCY_CLOSURE","locale/fa-IR/content/incompleteness/incompleteness-provability/incompleteness-provability.tex","ACCEPTED","D5145D5638CFAE39D13BAC52386C356F549495AFE1AE15D41C8CFD6F3272B39E","PASS_STATIC_SEMANTIC_SOURCE_CARRIER_EXPANSION_MORPHOLOGY_UNICODE_PAIRED_DIRECT_FILE_REPLAY_BUILD_DEFERRED_FOR_DEPENDENCY_CLOSURE","ACCEPTED"
"OLP-0313","313","9620cc73f9c8e0ad003c514a5d3748f29611c4c0","content/incompleteness/incompleteness-provability/introduction.tex","60feb5bf5ea6aa27385212d6746d33b74e4c70fd4b80dfcca666614eba6c4301","4606","95","672","true","true","313","canonical_complete_reader_reachable","Reached by ordered depth-first replay from content/open-logic-about.tex then content/content.tex through uncommented olimport edges.","reader_unit","Introduction","inc","0","","","1","content/incompleteness/incompleteness-provability/incompleteness-provability.tex","0","","4","document:1|enumerate:1|lem:1|quote:1","0","0","1","0","0","0","1","0","0","0","0","0","0","0","0","0","30","locale/ar/content/incompleteness/incompleteness-provability/introduction.tex","ACCEPTED","CEB528C2E024587DF4B411293AEC75BC7D3AF5668A83EE5949B1274AEBD8EA22","PASS_STATIC_SEMANTIC_SOURCE_CARRIER_EXPANSION_MORPHOLOGY_UNICODE_PAIRED_DIRECT_FILE_REPLAY_BUILD_DEFERRED_FOR_DEPENDENCY_CLOSURE","locale/fa-IR/content/incompleteness/incompleteness-provability/introduction.tex","ACCEPTED","617763E16AC185726F5D88967F723591B6D458E433B5718D14A4C593C04A5386","PASS_STATIC_SEMANTIC_SOURCE_CARRIER_EXPANSION_MORPHOLOGY_UNICODE_PAIRED_DIRECT_FILE_REPLAY_BUILD_DEFERRED_FOR_DEPENDENCY_CLOSURE","ACCEPTED"
"OLP-0314","314","9620cc73f9c8e0ad003c514a5d3748f29611c4c0","content/incompleteness/incompleteness-provability/fixed-point-lemma.tex","d329f0cdc9aee3a35e49a487c9ee01fed67c4811ba6dc455a05646bc3a326dd3","6195","141","914","true","true","314","canonical_complete_reader_reachable","Reached by ordered depth-first replay from content/open-logic-about.tex then content/content.tex through uncommented olimport edges.","reader_unit","The Fixed-Point Lemma","inc","0","","","1","content/incompleteness/incompleteness-provability/incompleteness-provability.tex","0","","9","align:1|align*:2|digress:1|document:1|explain:1|lem:1|prob:1|proof:1","0","0","1","0","0","0","1","0","0","1","1","0","0","0","2","0","91","locale/ar/content/incompleteness/incompleteness-provability/fixed-point-lemma.tex","ACCEPTED","717D49A82BC498D746C3991373756C24617A72857B4C82E7C1A290AB999179B3","PASS_STATIC_SEMANTIC_SOURCE_CARRIER_EXPANSION_MORPHOLOGY_UNICODE_PAIRED_DIRECT_FILE_REPLAY_BUILD_DEFERRED_FOR_DEPENDENCY_CLOSURE","locale/fa-IR/content/incompleteness/incompleteness-provability/fixed-point-lemma.tex","ACCEPTED","5D1229B302AB31AE19654D4FEF9A1466B8CE706125F893F7C55D70925427DAC5","PASS_STATIC_SEMANTIC_SOURCE_CARRIER_EXPANSION_MORPHOLOGY_UNICODE_PAIRED_DIRECT_FILE_REPLAY_BUILD_DEFERRED_FOR_DEPENDENCY_CLOSURE","ACCEPTED"
"OLP-0315","315","9620cc73f9c8e0ad003c514a5d3748f29611c4c0","content/incompleteness/incompleteness-provability/first-incompleteness-thm.tex","eeedd9cfee28ead98ba638711d797b37b8a1069af1c2a5ffb6c1427572651114","5764","129","768","true","true","315","canonical_complete_reader_reachable","Reached by ordered depth-first replay from content/open-logic-about.tex then content/content.tex through uncommented olimport edges.","reader_unit","The First Incompleteness Theorem","inc","0","","","1","content/incompleteness/incompleteness-provability/incompleteness-provability.tex","0","","10","defn:1|document:1|equation:1|lem:2|prob:1|proof:3|thm:1","0","0","1","1","1","0","2","0","0","1","3","0","0","0","5","0","109","locale/ar/content/incompleteness/incompleteness-provability/first-incompleteness-thm.tex","ACCEPTED","CD93891B50A24818A74D44EBB0DC4EDE86942DC970660874F85CBC7E17B24E27","PASS_STATIC_SEMANTIC_SOURCE_CARRIER_EXPANSION_MORPHOLOGY_UNICODE_PAIRED_DIRECT_FILE_REPLAY_BUILD_DEFERRED_FOR_DEPENDENCY_CLOSURE","locale/fa-IR/content/incompleteness/incompleteness-provability/first-incompleteness-thm.tex","ACCEPTED","54EF263C5D8DC91E53548DD1530EB7DA280481BD20A5F0186438956223E0992B","PASS_STATIC_SEMANTIC_SOURCE_CARRIER_EXPANSION_MORPHOLOGY_UNICODE_PAIRED_DIRECT_FILE_REPLAY_BUILD_DEFERRED_FOR_DEPENDENCY_CLOSURE","ACCEPTED"
"OLP-0316","316","9620cc73f9c8e0ad003c514a5d3748f29611c4c0","content/incompleteness/incompleteness-provability/rosser-thm.tex","41f6fcc111f4df5f50827d2c5e46ffda33b3477a165915bd5b3c8122f0445dad","6840","137","870","true","true","316","canonical_complete_reader_reachable","Reached by ordered depth-first replay from content/open-logic-about.tex then content/content.tex through uncommented olimport edges.","reader_unit","Rosser's Theorem","inc","0","","","1","content/incompleteness/incompleteness-provability/incompleteness-provability.tex","0","","7","align*:2|document:1|equation:1|prob:1|proof:1|thm:1","0","0","1","0","1","0","0","0","0","1","1","0","0","0","5","0","119","locale/ar/content/incompleteness/incompleteness-provability/rosser-thm.tex","ACCEPTED","1EFA034A40F479CDF664CB91CF4A0C0DB180D768A596D49296ACEBD4CC6AB967","PASS_STATIC_SEMANTIC_SOURCE_CARRIER_EXPANSION_MORPHOLOGY_UNICODE_PAIRED_DIRECT_FILE_REPLAY_BUILD_DEFERRED_FOR_DEPENDENCY_CLOSURE","locale/fa-IR/content/incompleteness/incompleteness-provability/rosser-thm.tex","ACCEPTED","5E7D1B9EB630878E149850FBD13C7315C3E2EBF130D34459F64AC3E9C637CBBF","PASS_STATIC_SEMANTIC_SOURCE_CARRIER_EXPANSION_MORPHOLOGY_UNICODE_PAIRED_DIRECT_FILE_REPLAY_BUILD_DEFERRED_FOR_DEPENDENCY_CLOSURE","ACCEPTED"
"OLP-0317","317","9620cc73f9c8e0ad003c514a5d3748f29611c4c0","content/incompleteness/incompleteness-provability/godels-paper.tex","d7b4d0f735a8bd1c09bc0bf17f3f153cfa6505603cd8ea688fe51481e1c4e58b","1335","31","194","true","true","317","canonical_complete_reader_reachable","Reached by ordered depth-first replay from content/open-logic-about.tex then content/content.tex through uncommented olimport edges.","reader_unit","Comparison with G\""odel's Original Paper","inc","0","","","1","content/incompleteness/incompleteness-provability/incompleteness-provability.tex","0","","1","document:1","0","0","1","0","0","0","0","0","0","0","0","0","0","0","0","0","6","locale/ar/content/incompleteness/incompleteness-provability/godels-paper.tex","ACCEPTED","B87D105FBBDEB9892FD72EEB3AC03815ECADC5443138D3568A1819193D9318B2","PASS_STATIC_SEMANTIC_SOURCE_CARRIER_EXPANSION_MORPHOLOGY_UNICODE_PAIRED_DIRECT_FILE_REPLAY_BUILD_DEFERRED_FOR_DEPENDENCY_CLOSURE","locale/fa-IR/content/incompleteness/incompleteness-provability/godels-paper.tex","ACCEPTED","8FBA5B50F8FDBBAAF018EF5D556336DF2DB77B7099DBD2AEC53820B5664E50D9","PASS_STATIC_SEMANTIC_SOURCE_CARRIER_EXPANSION_MORPHOLOGY_UNICODE_PAIRED_DIRECT_FILE_REPLAY_BUILD_DEFERRED_FOR_DEPENDENCY_CLOSURE","ACCEPTED"
"OLP-0318","318","9620cc73f9c8e0ad003c514a5d3748f29611c4c0","content/incompleteness/incompleteness-provability/provability-conditions.tex","e2b3e768411a61327ef6e195f7123b07c69624eabbd8583a20fbc721792afdf3","3413","79","461","true","true","318","canonical_complete_reader_reachable","Reached by ordered depth-first replay from content/open-logic-about.tex then content/content.tex through uncommented olimport edges.","reader_unit","","inc","0","","","1","content/incompleteness/incompleteness-provability/incompleteness-provability.tex","0","","4","digress:1|document:1|enumerate:2","0","0","1","0","0","0","0","0","0","0","0","0","0","0","0","0","34","locale/ar/content/incompleteness/incompleteness-provability/provability-conditions.tex","ACCEPTED","FBC1032B0874015BD857FA9732B83F14535C067AA94979298E116A77E9230E17","PASS_STATIC_SEMANTIC_SOURCE_CARRIER_EXPANSION_MORPHOLOGY_UNICODE_PAIRED_DIRECT_FILE_REPLAY_BUILD_DEFERRED_FOR_DEPENDENCY_CLOSURE","locale/fa-IR/content/incompleteness/incompleteness-provability/provability-conditions.tex","ACCEPTED","262537842844F0B6FCEABB585D668A9C515D1B03FDAC1701EEEDE1676172E758","PASS_STATIC_SEMANTIC_SOURCE_CARRIER_EXPANSION_MORPHOLOGY_UNICODE_PAIRED_DIRECT_FILE_REPLAY_BUILD_DEFERRED_FOR_DEPENDENCY_CLOSURE","ACCEPTED"
"OLP-0319","319","9620cc73f9c8e0ad003c514a5d3748f29611c4c0","content/incompleteness/incompleteness-provability/second-incompleteness-thm.tex","3ea221f4e1886b84738ce9a3268717630946305a41a6dfb8f74266d969f7a762","5784","129","661","true","true","319","canonical_complete_reader_reachable","Reached by ordered depth-first replay from content/open-logic-about.tex then content/content.tex through uncommented olimport edges.","reader_unit","The Second Incompleteness Theorem","inc","0","","","1","content/incompleteness/incompleteness-provability/incompleteness-provability.tex","0","","6","align:1|digress:1|document:1|prob:1|thm:2","0","0","1","0","2","0","0","0","0","1","0","0","0","0","15","0","60","locale/ar/content/incompleteness/incompleteness-provability/second-incompleteness-thm.tex","ACCEPTED","64BF0DB8A6367EA7782AAEDB36DBE355DAED6B229D87BDEEECA45229F9137025","PASS_STATIC_SEMANTIC_SOURCE_CARRIER_EXPANSION_MORPHOLOGY_UNICODE_PAIRED_DIRECT_FILE_REPLAY_BUILD_DEFERRED_FOR_DEPENDENCY_CLOSURE","locale/fa-IR/content/incompleteness/incompleteness-provability/second-incompleteness-thm.tex","ACCEPTED","6044D8CB00A56A3FCF3AFB51F479943558418A128F040AAC5E58FF5863A8689B","PASS_STATIC_SEMANTIC_SOURCE_CARRIER_EXPANSION_MORPHOLOGY_UNICODE_PAIRED_DIRECT_FILE_REPLAY_BUILD_DEFERRED_FOR_DEPENDENCY_CLOSURE","ACCEPTED"
"OLP-0320","320","9620cc73f9c8e0ad003c514a5d3748f29611c4c0","content/incompleteness/incompleteness-provability/lob-thm.tex","f9e81b079e6b7209d6d6dc94d2ab89273a16ff791a9c03e8a3104a1ce805125e","7358","154","857","true","true","320","canonical_complete_reader_reachable","Reached by ordered depth-first replay from content/open-logic-about.tex then content/content.tex through uncommented olimport edges.","reader_unit","L\""ob's Theorem","inc","0","","","1","content/incompleteness/incompleteness-provability/incompleteness-provability.tex","0","","9","align:1|align*:1|document:1|enumerate:2|explain:1|prob:1|proof:1|thm:1","0","0","1","0","1","0","0","0","0","1","1","0","0","0","16","0","77","locale/ar/content/incompleteness/incompleteness-provability/lob-thm.tex","ACCEPTED","7A9F400AA0DB275269F5499E5661FF19D34644704FCD4ACA2A2A9723236942A6","PASS_STATIC_SEMANTIC_SOURCE_CARRIER_EXPANSION_MORPHOLOGY_UNICODE_PAIRED_DIRECT_FILE_REPLAY_BUILD_DEFERRED_FOR_DEPENDENCY_CLOSURE","locale/fa-IR/content/incompleteness/incompleteness-provability/lob-thm.tex","ACCEPTED","7DE9E6C9821EEC39F81D072107F4ECFD94853A028D56D55405262D04D5BDF2AC","PASS_STATIC_SEMANTIC_SOURCE_CARRIER_EXPANSION_MORPHOLOGY_UNICODE_PAIRED_DIRECT_FILE_REPLAY_BUILD_DEFERRED_FOR_DEPENDENCY_CLOSURE","ACCEPTED"
"OLP-0321","321","9620cc73f9c8e0ad003c514a5d3748f29611c4c0","content/incompleteness/incompleteness-provability/tarski-thm.tex","b83d5521afa3dd7e7c72318f242a6e78267addb406ccaa463c646b9cd5527dfd","4452","118","662","true","true","321","canonical_complete_reader_reachable","Reached by ordered depth-first replay from content/open-logic-about.tex then content/content.tex through uncommented olimport edges.","reader_unit","The Undefinability of Truth","inc","0","","","1","content/incompleteness/incompleteness-provability/incompleteness-provability.tex","0","","11","defn:1|document:1|lem:2|prob:1|proof:3|quote:2|thm:1","0","0","1","1","1","0","2","0","0","1","3","0","0","0","0","0","58","locale/ar/content/incompleteness/incompleteness-provability/tarski-thm.tex","ACCEPTED","9A4BC55BF1247AC4676933445C1FD81F1BB87F1DE05E681C566D4C6D0A70DEE2","PASS_STATIC_SEMANTIC_SOURCE_CARRIER_EXPANSION_MORPHOLOGY_UNICODE_PAIRED_DIRECT_FILE_REPLAY_BUILD_DEFERRED_FOR_DEPENDENCY_CLOSURE","locale/fa-IR/content/incompleteness/incompleteness-provability/tarski-thm.tex","ACCEPTED","36206ACDF6DD46566650C43F1B07039570502791951F7511FE821D8880D59338","PASS_STATIC_SEMANTIC_SOURCE_CARRIER_EXPANSION_MORPHOLOGY_UNICODE_PAIRED_DIRECT_FILE_REPLAY_BUILD_DEFERRED_FOR_DEPENDENCY_CLOSURE","ACCEPTED"
"OLP-0322","322","9620cc73f9c8e0ad003c514a5d3748f29611c4c0","content/second-order-logic/second-order-logic.tex","5dc498c263d32773d1a40ecf5abca697d57f13526cb5272e907d5487b9636640","421","22","40","true","true","322","canonical_complete_reader_reachable","Reached by ordered depth-first replay from content/open-logic-about.tex then content/content.tex through uncommented olimport edges.","part_driver","Second-order Logic","","3","content/second-order-logic/syntax-and-semantics/syntax-and-semantics.tex|content/second-order-logic/metatheory/metatheory.tex|content/second-order-logic/sol-and-set-theory/sol-and-set-theory.tex","","1","content/content.tex","0","","2","document:1|editorial:1","1","0","0","0","0","0","0","0","0","0","0","0","0","0","0","0","0","locale/ar/content/second-order-logic/second-order-logic.tex","ACCEPTED","1FDE7C12F5E202DD27C914E538D27A2A3D52A435C2B65B9164D996A5A4F93A92","PASS_STATIC_SEMANTIC_SOURCE_CARRIER_EXPANSION_MORPHOLOGY_UNICODE_PAIRED_DIRECT_FILE_REPLAY_BUILD_DEFERRED_FOR_DEPENDENCY_CLOSURE","locale/fa-IR/content/second-order-logic/second-order-logic.tex","ACCEPTED","338E2C9F68D8C7EDE919E460A89D6673E44065B4E08D4853D6E4FBDF78C902A0","PASS_STATIC_SEMANTIC_SOURCE_CARRIER_EXPANSION_MORPHOLOGY_UNICODE_PAIRED_DIRECT_FILE_REPLAY_BUILD_DEFERRED_FOR_DEPENDENCY_CLOSURE","ACCEPTED"
"OLP-0323","323","9620cc73f9c8e0ad003c514a5d3748f29611c4c0","content/second-order-logic/syntax-and-semantics/syntax-and-semantics.tex","a403b5ca94c5e700e42e6f315a81d19d6d3ca098e1c1998bf40e181aa82cdc82","675","32","64","true","true","323","canonical_complete_reader_reachable","Reached by ordered depth-first replay from content/open-logic-about.tex then content/content.tex through uncommented olimport edges.","chapter_driver","Syntax and Semantics","","6","content/second-order-logic/syntax-and-semantics/introduction.tex|content/second-order-logic/syntax-and-semantics/terms-formulas.tex|content/second-order-logic/syntax-and-semantics/satisfaction.tex|content/second-order-logic/syntax-and-semantics/semantic-notions.tex|content/second-order-logic/syntax-and-semantics/expressive-power.tex|content/second-order-logic/syntax-and-semantics/inf-count.tex","","1","content/second-order-logic/second-order-logic.tex","0","","2","document:1|editorial:1","0","1","0","0","0","0","0","0","0","0","0","0","0","0","0","0","0","locale/ar/content/second-order-logic/syntax-and-semantics/syntax-and-semantics.tex","ACCEPTED","5297F098EEA64975D3187C9DEBAF9A2A01EF73EF650CE27A7EE40533A9B016DE","PASS_STATIC_SEMANTIC_SOURCE_CARRIER_EXPANSION_MORPHOLOGY_UNICODE_PAIRED_DIRECT_FILE_REPLAY_BUILD_DEFERRED_FOR_DEPENDENCY_CLOSURE","locale/fa-IR/content/second-order-logic/syntax-and-semantics/syntax-and-semantics.tex","ACCEPTED","203EBAB20BE0C37A66C7778E2891C5CCBE99C6968B4B44B012B57F189C7CA8A3","PASS_STATIC_SEMANTIC_SOURCE_CARRIER_EXPANSION_MORPHOLOGY_UNICODE_PAIRED_DIRECT_FILE_REPLAY_BUILD_DEFERRED_FOR_DEPENDENCY_CLOSURE","ACCEPTED"
"OLP-0324","324","9620cc73f9c8e0ad003c514a5d3748f29611c4c0","content/second-order-logic/syntax-and-semantics/introduction.tex","e62d0693e430a7e79acd8cb1f75d4ccf29dabb85c8fb583f682bf45cd8a3ea06","3125","60","417","true","true","324","canonical_complete_reader_reachable","Reached by ordered depth-first replay from content/open-logic-about.tex then content/content.tex through uncommented olimport edges.","reader_unit","Introduction","sol","0","","","1","content/second-order-logic/syntax-and-semantics/syntax-and-semantics.tex","0","","1","document:1","0","0","1","0","0","0","0","0","0","0","0","0","0","0","0","0","28","locale/ar/content/second-order-logic/syntax-and-semantics/introduction.tex","ACCEPTED","BD9D4448E47A3B58A2EC52E65B28C1DA8747B962D00C21EBAD5262EBCFADFF70","PASS_STATIC_SEMANTIC_SOURCE_CARRIER_EXPANSION_MORPHOLOGY_UNICODE_PAIRED_DIRECT_FILE_REPLAY_BUILD_DEFERRED_FOR_DEPENDENCY_CLOSURE","locale/fa-IR/content/second-order-logic/syntax-and-semantics/introduction.tex","ACCEPTED","5042E261178D748CC87924AA6DC4B7CC53CFAAAE2457FA3B22ADF5D17EB1C5F4","PASS_STATIC_SEMANTIC_SOURCE_CARRIER_EXPANSION_MORPHOLOGY_UNICODE_PAIRED_DIRECT_FILE_REPLAY_BUILD_DEFERRED_FOR_DEPENDENCY_CLOSURE","ACCEPTED"
"OLP-0325","325","9620cc73f9c8e0ad003c514a5d3748f29611c4c0","content/second-order-logic/syntax-and-semantics/terms-formulas.tex","f19ecb7317cc7ec85e9f3886efcce65c85b4f88a7c839779516443e9fca053ff","3689","90","522","true","true","325","canonical_complete_reader_reachable","Reached by ordered depth-first replay from content/open-logic-about.tex then content/content.tex through uncommented olimport edges.","reader_unit","","sol","0","","","1","content/second-order-logic/syntax-and-semantics/syntax-and-semantics.tex","0","","8","defn:2|document:1|enumerate:3|explain:2","0","0","1","2","0","0","0","0","0","0","0","0","0","0","2","0","50","locale/ar/content/second-order-logic/syntax-and-semantics/terms-formulas.tex","ACCEPTED","0474E9292915C6E9DDEE433CDC481B3A2F55C3E80E4E635FBB1B502DBE9E2BD3","PASS_STATIC_SEMANTIC_SOURCE_CARRIER_EXPANSION_MORPHOLOGY_UNICODE_PAIRED_DIRECT_FILE_REPLAY_BUILD_DEFERRED_FOR_DEPENDENCY_CLOSURE","locale/fa-IR/content/second-order-logic/syntax-and-semantics/terms-formulas.tex","ACCEPTED","AEFE7B3E909A1F6425E7533AB776C72B8B48B7EC3C7D4D902B2BDECB8D731AFE","PASS_STATIC_SEMANTIC_SOURCE_CARRIER_EXPANSION_MORPHOLOGY_UNICODE_PAIRED_DIRECT_FILE_REPLAY_BUILD_DEFERRED_FOR_DEPENDENCY_CLOSURE","ACCEPTED"
"OLP-0326","326","9620cc73f9c8e0ad003c514a5d3748f29611c4c0","content/second-order-logic/syntax-and-semantics/satisfaction.tex","888d180bad24363cba4c5e08a0d00fbe06e004f11b1278072379532764145302","8889","211","1138","true","true","326","canonical_complete_reader_reachable","Reached by ordered depth-first replay from content/open-logic-about.tex then content/content.tex through uncommented olimport edges.","reader_unit","Satisfaction","sol","0","","","1","content/second-order-logic/syntax-and-semantics/syntax-and-semantics.tex","0","","19","cases:3|defn:5|document:1|enumerate:3|ex:3|explain:2|prob:1|quote:1","0","0","1","5","0","0","0","0","3","1","0","0","0","0","1","0","144","locale/ar/content/second-order-logic/syntax-and-semantics/satisfaction.tex","ACCEPTED","2E145D41AB40F5F31ABADF4A6BD7CED648AB653E440D30EAD4AA4AC9D57BDE6E","PASS_STATIC_SEMANTIC_SOURCE_CARRIER_EXPANSION_MORPHOLOGY_UNICODE_PAIRED_DIRECT_FILE_REPLAY_BUILD_DEFERRED_FOR_DEPENDENCY_CLOSURE","locale/fa-IR/content/second-order-logic/syntax-and-semantics/satisfaction.tex","ACCEPTED","BA9BF5CCDC41C2D22085C6C8E5AD3DF64FBE5904668A8622F80F3AFD4730EB4C","PASS_STATIC_SEMANTIC_SOURCE_CARRIER_EXPANSION_MORPHOLOGY_UNICODE_PAIRED_DIRECT_FILE_REPLAY_BUILD_DEFERRED_FOR_DEPENDENCY_CLOSURE","ACCEPTED"
"OLP-0327","327","9620cc73f9c8e0ad003c514a5d3748f29611c4c0","content/second-order-logic/syntax-and-semantics/semantic-notions.tex","af3f9a4dbdca12dee2cc40cfb2fb1612af00df377a220f9af76eb395c2ea3dcd","1263","39","133","true","true","327","canonical_complete_reader_reachable","Reached by ordered depth-first replay from content/open-logic-about.tex then content/content.tex through uncommented olimport edges.","reader_unit","Semantic Notions","sol","0","","","1","content/second-order-logic/syntax-and-semantics/syntax-and-semantics.tex","0","","5","defn:3|document:1|explain:1","0","0","1","3","0","0","0","0","0","0","0","0","0","0","0","0","14","locale/ar/content/second-order-logic/syntax-and-semantics/semantic-notions.tex","ACCEPTED","82E134B6071A8A8198CC058A39B7DEF711A8C75357E25E085F7933E379E9A3DA","PASS_STATIC_SEMANTIC_SOURCE_CARRIER_EXPANSION_MORPHOLOGY_UNICODE_PAIRED_DIRECT_FILE_REPLAY_BUILD_DEFERRED_FOR_DEPENDENCY_CLOSURE","locale/fa-IR/content/second-order-logic/syntax-and-semantics/semantic-notions.tex","ACCEPTED","B306080B91A104E6FBFCA22FDAC0AD1C008835034027A17C603D047D6D0A26C9","PASS_STATIC_SEMANTIC_SOURCE_CARRIER_EXPANSION_MORPHOLOGY_UNICODE_PAIRED_DIRECT_FILE_REPLAY_BUILD_DEFERRED_FOR_DEPENDENCY_CLOSURE","ACCEPTED"
"OLP-0328","328","9620cc73f9c8e0ad003c514a5d3748f29611c4c0","content/second-order-logic/syntax-and-semantics/expressive-power.tex","012d62525a1dcefa38d5d70eb605f5d33e6ddff6b616ecb530beaa4aa3f42af2","4197","96","643","true","true","328","canonical_complete_reader_reachable","Reached by ordered depth-first replay from content/open-logic-about.tex then content/content.tex through uncommented olimport edges.","reader_unit","Expressive Power","sol","0","","","1","content/second-order-logic/syntax-and-semantics/syntax-and-semantics.tex","0","","7","defn:1|document:1|ex:2|explain:1|multline*:1|prob:1","0","0","1","1","0","0","0","0","2","1","0","0","0","0","0","0","69","locale/ar/content/second-order-logic/syntax-and-semantics/expressive-power.tex","ACCEPTED","08D79710F56A27DB08370AA0DBD051A8C57C023272AB7A49ADDA7677200AA5E8","PASS_STATIC_SEMANTIC_SOURCE_CARRIER_EXPANSION_MORPHOLOGY_UNICODE_PAIRED_DIRECT_FILE_REPLAY_BUILD_DEFERRED_FOR_DEPENDENCY_CLOSURE","locale/fa-IR/content/second-order-logic/syntax-and-semantics/expressive-power.tex","ACCEPTED","492A5F1369B76DDAA0213EFBEE1846705541F0B913A5E94543A50ED9C8F943C9","PASS_STATIC_SEMANTIC_SOURCE_CARRIER_EXPANSION_MORPHOLOGY_UNICODE_PAIRED_DIRECT_FILE_REPLAY_BUILD_DEFERRED_FOR_DEPENDENCY_CLOSURE","ACCEPTED"
"OLP-0329","329","9620cc73f9c8e0ad003c514a5d3748f29611c4c0","content/second-order-logic/syntax-and-semantics/inf-count.tex","05941ff3223be4d1e2085b995ead321b0ac32c4e70ea95a76a5cb2f48c5a526c","5628","134","810","true","true","329","canonical_complete_reader_reachable","Reached by ordered depth-first replay from content/open-logic-about.tex then content/content.tex through uncommented olimport edges.","reader_unit","","sol","0","","","1","content/second-order-logic/syntax-and-semantics/syntax-and-semantics.tex","0","","6","document:1|prob:1|proof:2|prop:2","0","0","1","0","0","2","0","0","0","1","2","0","0","0","0","0","100","locale/ar/content/second-order-logic/syntax-and-semantics/inf-count.tex","ACCEPTED","14CA7C9447BF8CFBFD70E1A4025A65E0D0039D7C8677C5D9FBADE3C6EB0471B3","PASS_STATIC_SEMANTIC_SOURCE_CARRIER_EXPANSION_MORPHOLOGY_UNICODE_PAIRED_DIRECT_FILE_REPLAY_BUILD_DEFERRED_FOR_DEPENDENCY_CLOSURE","locale/fa-IR/content/second-order-logic/syntax-and-semantics/inf-count.tex","ACCEPTED","2D37D22F987DBFEC2684F770DBC1192C45DAEC4C626E9DA5695A19CC5EBA9A0A","PASS_STATIC_SEMANTIC_SOURCE_CARRIER_EXPANSION_MORPHOLOGY_UNICODE_PAIRED_DIRECT_FILE_REPLAY_BUILD_DEFERRED_FOR_DEPENDENCY_CLOSURE","ACCEPTED"
"OLP-0330","330","9620cc73f9c8e0ad003c514a5d3748f29611c4c0","content/second-order-logic/metatheory/metatheory.tex","e6c796f24ea9b73db8e26828c1067d34be85ea7458607c0572746d22ce0584e2","406","23","24","true","true","330","canonical_complete_reader_reachable","Reached by ordered depth-first replay from content/open-logic-about.tex then content/content.tex through uncommented olimport edges.","chapter_driver","Metatheory of Second-order Logic","","5","content/second-order-logic/metatheory/introduction.tex|content/second-order-logic/metatheory/second-order-arithmetic.tex|content/second-order-logic/metatheory/undecidability-and-axiomatizability.tex|content/second-order-logic/metatheory/compactness.tex|content/second-order-logic/metatheory/loewenheim-skolem.tex","","1","content/second-order-logic/second-order-logic.tex","0","","1","document:1","0","1","0","0","0","0","0","0","0","0","0","0","0","0","0","0","0","locale/ar/content/second-order-logic/metatheory/metatheory.tex","ACCEPTED","01E62D8291DCD9733C8DB3E2E993036A6747093F0FF9DF32D2786383DF7395FB","PASS_STATIC_SEMANTIC_SOURCE_CARRIER_EXPANSION_MORPHOLOGY_UNICODE_PAIRED_DIRECT_FILE_REPLAY_BUILD_DEFERRED_FOR_DEPENDENCY_CLOSURE","locale/fa-IR/content/second-order-logic/metatheory/metatheory.tex","ACCEPTED","7E11B28FA04B65C3BCFA4485DE20A95FDBF7A1DC90ADE227A78E6EE97EB15027","PASS_STATIC_SEMANTIC_SOURCE_CARRIER_EXPANSION_MORPHOLOGY_UNICODE_PAIRED_DIRECT_FILE_REPLAY_BUILD_DEFERRED_FOR_DEPENDENCY_CLOSURE","ACCEPTED"
"OLP-0331","331","9620cc73f9c8e0ad003c514a5d3748f29611c4c0","content/second-order-logic/metatheory/introduction.tex","f6757be05c96c6b70e89d4be689be8a5a206fe1c946d3538e1deab0bb2741e8f","1949","41","280","true","true","331","canonical_complete_reader_reachable","Reached by ordered depth-first replay from content/open-logic-about.tex then content/content.tex through uncommented olimport edges.","reader_unit","Introduction","sol","0","","","1","content/second-order-logic/metatheory/metatheory.tex","0","","1","document:1","0","0","1","0","0","0","0","0","0","0","0","0","0","0","0","0","11","locale/ar/content/second-order-logic/metatheory/introduction.tex","ACCEPTED","804654A5EB85472D2C7F66A53F555552F52135A27465DBDCC3B6A0B61D256913","PASS_STATIC_SEMANTIC_SOURCE_CARRIER_EXPANSION_MORPHOLOGY_UNICODE_PAIRED_DIRECT_FILE_REPLAY_BUILD_DEFERRED_FOR_DEPENDENCY_CLOSURE","locale/fa-IR/content/second-order-logic/metatheory/introduction.tex","ACCEPTED","3D3C8BF12C15EB69F9FE42C18FD3D605305BFCD654F9D108C8449068BFB85532","PASS_STATIC_SEMANTIC_SOURCE_CARRIER_EXPANSION_MORPHOLOGY_UNICODE_PAIRED_DIRECT_FILE_REPLAY_BUILD_DEFERRED_FOR_DEPENDENCY_CLOSURE","ACCEPTED"
"OLP-0332","332","9620cc73f9c8e0ad003c514a5d3748f29611c4c0","content/second-order-logic/metatheory/second-order-arithmetic.tex","98b9ea14e07c131a798a54d4bb78ac429c45a58c1e1f53b36b5e2176e9c90771","5306","133","691","true","true","332","canonical_complete_reader_reachable","Reached by ordered depth-first replay from content/open-logic-about.tex then content/content.tex through uncommented olimport edges.","reader_unit","Second-order Arithmetic","sol","0","","","1","content/second-order-logic/metatheory/metatheory.tex","0","","10","align*:2|cor:1|document:1|prob:1|proof:3|prop:1|thm:1","0","0","1","0","1","1","0","1","0","1","3","0","0","0","3","0","70","locale/ar/content/second-order-logic/metatheory/second-order-arithmetic.tex","ACCEPTED","718E1B5D8D61AB136C0FE96CE733E3C02CA2091CECF8F63CB6A70DF6447C92D2","PASS_STATIC_SEMANTIC_SOURCE_CARRIER_EXPANSION_MORPHOLOGY_UNICODE_PAIRED_DIRECT_FILE_REPLAY_BUILD_DEFERRED_FOR_DEPENDENCY_CLOSURE","locale/fa-IR/content/second-order-logic/metatheory/second-order-arithmetic.tex","ACCEPTED","AAE2E07E8EB0A15BBAAEA23FA06F2250BF514BD625E0AB70B822679E3E4A3AD0","PASS_STATIC_SEMANTIC_SOURCE_CARRIER_EXPANSION_MORPHOLOGY_UNICODE_PAIRED_DIRECT_FILE_REPLAY_BUILD_DEFERRED_FOR_DEPENDENCY_CLOSURE","ACCEPTED"
"OLP-0333","333","9620cc73f9c8e0ad003c514a5d3748f29611c4c0","content/second-order-logic/metatheory/undecidability-and-axiomatizability.tex","75048cbdc69d60e28c2590ec03cfe57c12622b6667366a231b80431f88594435","1928","54","247","true","true","333","canonical_complete_reader_reachable","Reached by ordered depth-first replay from content/open-logic-about.tex then content/content.tex through uncommented olimport edges.","reader_unit","Second-order Logic is not Axiomatizable","sol","0","","","1","content/second-order-logic/metatheory/metatheory.tex","0","","5","document:1|proof:2|thm:2","0","0","1","0","2","0","0","0","0","0","2","0","0","0","0","0","27","locale/ar/content/second-order-logic/metatheory/undecidability-and-axiomatizability.tex","ACCEPTED","CCF40ACE59062A5ACCF21691F44CD53BA01951F972E08AB4FC5E5CCADEE2293C","PASS_STATIC_SEMANTIC_SOURCE_CARRIER_EXPANSION_MORPHOLOGY_UNICODE_PAIRED_DIRECT_FILE_REPLAY_BUILD_DEFERRED_FOR_DEPENDENCY_CLOSURE","locale/fa-IR/content/second-order-logic/metatheory/undecidability-and-axiomatizability.tex","ACCEPTED","491E505F6B24B197B2F7686648174D14CD71F840BD29ED0106898C7681DC3630","PASS_STATIC_SEMANTIC_SOURCE_CARRIER_EXPANSION_MORPHOLOGY_UNICODE_PAIRED_DIRECT_FILE_REPLAY_BUILD_DEFERRED_FOR_DEPENDENCY_CLOSURE","ACCEPTED"
"OLP-0334","334","9620cc73f9c8e0ad003c514a5d3748f29611c4c0","content/second-order-logic/metatheory/compactness.tex","3d6f37ee6ce0b5d5b37798be31a6d44ef95c5ca79a9660bdb4319e0a24d118db","2477","72","292","true","true","334","canonical_complete_reader_reachable","Reached by ordered depth-first replay from content/open-logic-about.tex then content/content.tex through uncommented olimport edges.","reader_unit","Second-order Logic is not Compact","sol","0","","","1","content/second-order-logic/metatheory/metatheory.tex","0","","5","document:1|explain:1|prob:1|proof:1|thm:1","0","0","1","0","1","0","0","0","0","1","1","0","0","0","0","0","33","locale/ar/content/second-order-logic/metatheory/compactness.tex","ACCEPTED","3FCBC37EF921A3EBDBF9B02CB3740C61AA6619C2C594899A8EE9286CE398AB37","PASS_STATIC_SEMANTIC_SOURCE_CARRIER_EXPANSION_MORPHOLOGY_UNICODE_PAIRED_DIRECT_FILE_REPLAY_BUILD_DEFERRED_FOR_DEPENDENCY_CLOSURE","locale/fa-IR/content/second-order-logic/metatheory/compactness.tex","ACCEPTED","8B33043ABAA37C1C56EF3F59935013D522F1284A3B853164CAAFC06CF991FA3C","PASS_STATIC_SEMANTIC_SOURCE_CARRIER_EXPANSION_MORPHOLOGY_UNICODE_PAIRED_DIRECT_FILE_REPLAY_BUILD_DEFERRED_FOR_DEPENDENCY_CLOSURE","ACCEPTED"
"OLP-0335","335","9620cc73f9c8e0ad003c514a5d3748f29611c4c0","content/second-order-logic/metatheory/loewenheim-skolem.tex","91bba660bcccf12fcd7fbbbee87eb590702d447cca449c83cf8251e43cd4e525","1840","57","224","true","true","335","canonical_complete_reader_reachable","Reached by ordered depth-first replay from content/open-logic-about.tex then content/content.tex through uncommented olimport edges.","reader_unit","The L\""owenheim--Skolem Theorem Fails for Second-order Logic","sol","0","","","1","content/second-order-logic/metatheory/metatheory.tex","0","","6","document:1|explain:1|proof:2|thm:2","0","0","1","0","2","0","0","0","0","0","2","0","0","0","0","0","13","locale/ar/content/second-order-logic/metatheory/loewenheim-skolem.tex","ACCEPTED","B47BFE40243AC04F25E46066272A8DD6DB956A66C54AB096BD6A4EAB2B9B8038","PASS_STATIC_SEMANTIC_SOURCE_CARRIER_EXPANSION_MORPHOLOGY_UNICODE_PAIRED_DIRECT_FILE_REPLAY_BUILD_DEFERRED_FOR_DEPENDENCY_CLOSURE","locale/fa-IR/content/second-order-logic/metatheory/loewenheim-skolem.tex","ACCEPTED","0B2FE4DD77909A9B8ED58DAE148F556B28B7E2335ABE955AC122A782AF3184B9","PASS_STATIC_SEMANTIC_SOURCE_CARRIER_EXPANSION_MORPHOLOGY_UNICODE_PAIRED_DIRECT_FILE_REPLAY_BUILD_DEFERRED_FOR_DEPENDENCY_CLOSURE","ACCEPTED"
"OLP-0336","336","9620cc73f9c8e0ad003c514a5d3748f29611c4c0","content/second-order-logic/sol-and-set-theory/sol-and-set-theory.tex","432b29fabbc93a3ddb4a65713fde2c4d41c30e81d60a1021bb4f329ad2aaea2a","696","29","73","true","true","336","canonical_complete_reader_reachable","Reached by ordered depth-first replay from content/open-logic-about.tex then content/content.tex through uncommented olimport edges.","chapter_driver","Second-order Logic and Set Theory","","4","content/second-order-logic/sol-and-set-theory/introduction.tex|content/second-order-logic/sol-and-set-theory/comparing-sets.tex|content/second-order-logic/sol-and-set-theory/cardinalities.tex|content/second-order-logic/sol-and-set-theory/power-of-continuum.tex","","1","content/second-order-logic/second-order-logic.tex","0","","2","document:1|editorial:1","0","1","0","0","0","0","0","0","0","0","0","0","0","0","0","0","0","locale/ar/content/second-order-logic/sol-and-set-theory/sol-and-set-theory.tex","ACCEPTED","782873189130DDD6F55ADC87F7D2A95C12E194A6B83EA4248CC1E97122744381","PASS_STATIC_SEMANTIC_SOURCE_CARRIER_EXPANSION_MORPHOLOGY_UNICODE_PAIRED_DIRECT_FILE_REPLAY_BUILD_DEFERRED_FOR_DEPENDENCY_CLOSURE","locale/fa-IR/content/second-order-logic/sol-and-set-theory/sol-and-set-theory.tex","ACCEPTED","B09A3E5B8EF17878E32EBF133153B24CEAAD8B516ABC88270B40627B13FBBBB4","PASS_STATIC_SEMANTIC_SOURCE_CARRIER_EXPANSION_MORPHOLOGY_UNICODE_PAIRED_DIRECT_FILE_REPLAY_BUILD_DEFERRED_FOR_DEPENDENCY_CLOSURE","ACCEPTED"
"OLP-0337","337","9620cc73f9c8e0ad003c514a5d3748f29611c4c0","content/second-order-logic/sol-and-set-theory/introduction.tex","927add5dbb7296df119edcb7ac1e2a50d90fd2cd2666ac757884d9eb15e07821","852","24","114","true","true","337","canonical_complete_reader_reachable","Reached by ordered depth-first replay from content/open-logic-about.tex then content/content.tex through uncommented olimport edges.","reader_unit","Introduction","sol","0","","","1","content/second-order-logic/sol-and-set-theory/sol-and-set-theory.tex","0","","1","document:1","0","0","1","0","0","0","0","0","0","0","0","0","0","0","0","0","0","locale/ar/content/second-order-logic/sol-and-set-theory/introduction.tex","ACCEPTED","E03AF40F48944BEACE1DE896DC714D45226C0EDDEB5F4102295FD931C7505203","PASS_STATIC_SEMANTIC_SOURCE_CARRIER_EXPANSION_MORPHOLOGY_UNICODE_PAIRED_DIRECT_FILE_REPLAY_BUILD_DEFERRED_FOR_DEPENDENCY_CLOSURE","locale/fa-IR/content/second-order-logic/sol-and-set-theory/introduction.tex","ACCEPTED","471050D0075705A8EB71163BC4D36CECAB27966E50EB1B9AB0C08F95ED7E85E3","PASS_STATIC_SEMANTIC_SOURCE_CARRIER_EXPANSION_MORPHOLOGY_UNICODE_PAIRED_DIRECT_FILE_REPLAY_BUILD_DEFERRED_FOR_DEPENDENCY_CLOSURE","ACCEPTED"
"OLP-0338","338","9620cc73f9c8e0ad003c514a5d3748f29611c4c0","content/second-order-logic/sol-and-set-theory/comparing-sets.tex","31f3339a47d5a4eff76d9cb302e35c0283e12b582f0a8e8a34b6c45d225e4fec","2645","82","351","true","true","338","canonical_complete_reader_reachable","Reached by ordered depth-first replay from content/open-logic-about.tex then content/content.tex through uncommented olimport edges.","reader_unit","Comparing Sets","sol","0","","","1","content/second-order-logic/sol-and-set-theory/sol-and-set-theory.tex","0","","9","document:1|multline*:1|proof:1|prop:6","0","0","1","0","0","6","0","0","0","0","1","0","0","0","0","0","37","locale/ar/content/second-order-logic/sol-and-set-theory/comparing-sets.tex","ACCEPTED","1D0BCCDDD6F749E1E82346D01E0CD823FA5585B49180D788677BC6604A3D463D","PASS_STATIC_SEMANTIC_SOURCE_CARRIER_EXPANSION_MORPHOLOGY_UNICODE_PAIRED_DIRECT_FILE_REPLAY_BUILD_DEFERRED_FOR_DEPENDENCY_CLOSURE","locale/fa-IR/content/second-order-logic/sol-and-set-theory/comparing-sets.tex","ACCEPTED","24F73027FC464B9FC59BBA265F405C0BE1DB74035DCFD39CA82BDA9173983E69","PASS_STATIC_SEMANTIC_SOURCE_CARRIER_EXPANSION_MORPHOLOGY_UNICODE_PAIRED_DIRECT_FILE_REPLAY_BUILD_DEFERRED_FOR_DEPENDENCY_CLOSURE","ACCEPTED"
"OLP-0339","339","9620cc73f9c8e0ad003c514a5d3748f29611c4c0","content/second-order-logic/sol-and-set-theory/cardinalities.tex","88fa084f0d3e66aa309713dea420f9f170d7ba611cbdcb1dd43a4c0512269222","2544","65","325","true","true","339","canonical_complete_reader_reachable","Reached by ordered depth-first replay from content/open-logic-about.tex then content/content.tex through uncommented olimport edges.","reader_unit","Cardinalities of Sets","sol","0","","","1","content/second-order-logic/sol-and-set-theory/sol-and-set-theory.tex","0","","6","document:1|explain:1|multline*:2|prop:2","0","0","1","0","0","2","0","0","0","0","0","0","0","0","0","0","23","locale/ar/content/second-order-logic/sol-and-set-theory/cardinalities.tex","ACCEPTED","9FCD613EFC2225136F4A155CE4019C87FCEB8C2D92622D85679F7F86B214117C","PASS_STATIC_SEMANTIC_SOURCE_CARRIER_EXPANSION_MORPHOLOGY_UNICODE_PAIRED_DIRECT_FILE_REPLAY_BUILD_DEFERRED_FOR_DEPENDENCY_CLOSURE","locale/fa-IR/content/second-order-logic/sol-and-set-theory/cardinalities.tex","ACCEPTED","D010AC617F4384FA27E3ACFEC4207C70371073D05BFB7F94533C8F632266C3C8","PASS_STATIC_SEMANTIC_SOURCE_CARRIER_EXPANSION_MORPHOLOGY_UNICODE_PAIRED_DIRECT_FILE_REPLAY_BUILD_DEFERRED_FOR_DEPENDENCY_CLOSURE","ACCEPTED"
"OLP-0340","340","9620cc73f9c8e0ad003c514a5d3748f29611c4c0","content/second-order-logic/sol-and-set-theory/power-of-continuum.tex","6f274e0d12c548f62c65254143a794746a5438600d082e69b9272569123c7971","6411","156","922","true","true","340","canonical_complete_reader_reachable","Reached by ordered depth-first replay from content/open-logic-about.tex then content/content.tex through uncommented olimport edges.","reader_unit","The Power of the Continuum","sol","0","","","1","content/second-order-logic/sol-and-set-theory/sol-and-set-theory.tex","0","","17","defn:1|document:1|explain:4|multline*:4|proof:1|prop:6","0","0","1","1","0","6","0","0","0","0","1","0","0","0","0","0","90","locale/ar/content/second-order-logic/sol-and-set-theory/power-of-continuum.tex","ACCEPTED","CDFB0096037C14FE62930FB3439340099BD11AF54199C63CAC90BBA8F6602E9D","PASS_STATIC_SEMANTIC_SOURCE_CARRIER_EXPANSION_MORPHOLOGY_UNICODE_PAIRED_DIRECT_FILE_REPLAY_BUILD_DEFERRED_FOR_DEPENDENCY_CLOSURE","locale/fa-IR/content/second-order-logic/sol-and-set-theory/power-of-continuum.tex","ACCEPTED","685692D9ED30E0FB4C3F50FEB37557A914D049DE06D052FFF0EC7FA713FAF584","PASS_STATIC_SEMANTIC_SOURCE_CARRIER_EXPANSION_MORPHOLOGY_UNICODE_PAIRED_DIRECT_FILE_REPLAY_BUILD_DEFERRED_FOR_DEPENDENCY_CLOSURE","ACCEPTED"
"OLP-0341","341","9620cc73f9c8e0ad003c514a5d3748f29611c4c0","content/lambda-calculus/lambda-calculus.tex","1ccba9f96935af933ec38e75be07c11d0b3e0935c0e9a96291678392477cf736","731","28","80","true","true","341","canonical_complete_reader_reachable","Reached by ordered depth-first replay from content/open-logic-about.tex then content/content.tex through uncommented olimport edges.","part_driver","The Lambda Calculus","","4","content/lambda-calculus/introduction/introduction.tex|content/lambda-calculus/syntax/syntax.tex|content/lambda-calculus/church-rosser/church-rosser.tex|content/lambda-calculus/lambda-definability/lambda-definability.tex","","1","content/content.tex","0","","2","document:1|editorial:1","1","0","0","0","0","0","0","0","0","0","0","0","0","0","0","0","0","locale/ar/content/lambda-calculus/lambda-calculus.tex","ACCEPTED","5F754C8A0B93CA6996DB6216517139E9C32222158FFFA0A820300A6A1C777951","PASS_STATIC_SEMANTIC_SOURCE_CARRIER_EXPANSION_MORPHOLOGY_UNICODE_PAIRED_DIRECT_FILE_REPLAY_BUILD_DEFERRED_FOR_DEPENDENCY_CLOSURE","locale/fa-IR/content/lambda-calculus/lambda-calculus.tex","ACCEPTED","E5A0484B68D46B0B4ECCE078FDDEA69A25BD537A9D12B1E0ABF12B71FC09C637","PASS_STATIC_SEMANTIC_SOURCE_CARRIER_EXPANSION_MORPHOLOGY_UNICODE_PAIRED_DIRECT_FILE_REPLAY_BUILD_DEFERRED_FOR_DEPENDENCY_CLOSURE","ACCEPTED"
"OLP-0342","342","9620cc73f9c8e0ad003c514a5d3748f29611c4c0","content/lambda-calculus/introduction/introduction.tex","f7e70ef1756cb021d7ae1de12277280ad96e169a93c461d4b7f6571019af1f62","868","46","71","true","true","342","canonical_complete_reader_reachable","Reached by ordered depth-first replay from content/open-logic-about.tex then content/content.tex through uncommented olimport edges.","chapter_driver","Introduction","","13","content/lambda-calculus/introduction/overview.tex|content/lambda-calculus/introduction/syntax.tex|content/lambda-calculus/introduction/reduction.tex|content/lambda-calculus/introduction/church-rosser.tex|content/lambda-calculus/introduction/currying.tex|content/lambda-calculus/introduction/lambda-definability.tex|content/lambda-calculus/introduction/lambda-computable.tex|content/lambda-calculus/introduction/computable-lambda.tex|content/lambda-calculus/introduction/basic-pr-lambda.tex|content/lambda-calculus/introduction/composition.tex|content/lambda-calculus/introduction/primitive-recursion.tex|content/lambda-calculus/introduction/fixed-point-combinator.tex|content/lambda-calculus/introduction/minimization.tex","","1","content/lambda-calculus/lambda-calculus.tex","0","","2","document:1|editorial:1","0","1","0","0","0","0","0","0","0","0","0","0","0","0","0","0","0","locale/ar/content/lambda-calculus/introduction/introduction.tex","ACCEPTED","E3B3D413E3B37B968C14A5CCAF7346CC5687C76FDBD00F109628A36FEEBEF85B","PASS_STATIC_SEMANTIC_SOURCE_CARRIER_EXPANSION_MORPHOLOGY_UNICODE_PAIRED_DIRECT_FILE_REPLAY_BUILD_DEFERRED_FOR_DEPENDENCY_CLOSURE","locale/fa-IR/content/lambda-calculus/introduction/introduction.tex","ACCEPTED","BF8B3D9FB3BF6571E05CA673DB799A154660F2191CDE8A09D5B237FEB94E7C9F","PASS_STATIC_SEMANTIC_SOURCE_CARRIER_EXPANSION_MORPHOLOGY_UNICODE_PAIRED_DIRECT_FILE_REPLAY_BUILD_DEFERRED_FOR_DEPENDENCY_CLOSURE","ACCEPTED"
"OLP-0343","343","9620cc73f9c8e0ad003c514a5d3748f29611c4c0","content/lambda-calculus/introduction/overview.tex","9a183958f0a2bcc40f0f52ef41740e41bfd40f829e1fcd6c70dc52239ed2dd9f","3271","74","484","true","true","343","canonical_complete_reader_reachable","Reached by ordered depth-first replay from content/open-logic-about.tex then content/content.tex through uncommented olimport edges.","reader_unit","Overview","lam","0","","","1","content/lambda-calculus/introduction/introduction.tex","0","","3","digress:1|document:1|enumerate:1","0","0","1","0","0","0","0","0","0","0","0","0","0","0","0","0","18","locale/ar/content/lambda-calculus/introduction/overview.tex","ACCEPTED","94CF86B163F205E235234B22CF727F1D61726666FA1B28C99871C86ABEC74032","PASS_STATIC_SEMANTIC_SOURCE_CARRIER_EXPANSION_MORPHOLOGY_UNICODE_PAIRED_DIRECT_FILE_REPLAY_BUILD_DEFERRED_FOR_DEPENDENCY_CLOSURE","locale/fa-IR/content/lambda-calculus/introduction/overview.tex","ACCEPTED","872B53D2264393B52567EAA61FE232B4965E779BD173432C94700E66C6550C8A","PASS_STATIC_SEMANTIC_SOURCE_CARRIER_EXPANSION_MORPHOLOGY_UNICODE_PAIRED_DIRECT_FILE_REPLAY_BUILD_DEFERRED_FOR_DEPENDENCY_CLOSURE","ACCEPTED"
"OLP-0344","344","9620cc73f9c8e0ad003c514a5d3748f29611c4c0","content/lambda-calculus/introduction/syntax.tex","91d509f0d6774790541545165eebc43344fde3c1154814a7f25613cbf971df33","2560","73","371","true","true","344","canonical_complete_reader_reachable","Reached by ordered depth-first replay from content/open-logic-about.tex then content/content.tex through uncommented olimport edges.","reader_unit","The Syntax of the Lambda Calculus","lam","0","","","1","content/lambda-calculus/introduction/introduction.tex","0","","4","conv:1|document:1|enumerate:2","0","0","1","0","0","0","0","0","0","0","0","0","0","0","0","0","40","locale/ar/content/lambda-calculus/introduction/syntax.tex","ACCEPTED","51D50A570A28C6C37843A48CA0E10BE7A5F07782F59E977C5B10CED42D711516","PASS_STATIC_SEMANTIC_SOURCE_CARRIER_EXPANSION_MORPHOLOGY_UNICODE_PAIRED_DIRECT_FILE_REPLAY_BUILD_DEFERRED_FOR_DEPENDENCY_CLOSURE","locale/fa-IR/content/lambda-calculus/introduction/syntax.tex","ACCEPTED","07488722013E4657D1CB090D50203E4496735E1C4046BC98341A88E21916BC24","PASS_STATIC_SEMANTIC_SOURCE_CARRIER_EXPANSION_MORPHOLOGY_UNICODE_PAIRED_DIRECT_FILE_REPLAY_BUILD_DEFERRED_FOR_DEPENDENCY_CLOSURE","ACCEPTED"
"OLP-0345","345","9620cc73f9c8e0ad003c514a5d3748f29611c4c0","content/lambda-calculus/introduction/reduction.tex","b9be9e0f0a757115dcb038f76c3de71b98d511b558d3356248b9462ca1adf728","2734","76","368","true","true","345","canonical_complete_reader_reachable","Reached by ordered depth-first replay from content/open-logic-about.tex then content/content.tex through uncommented olimport edges.","reader_unit","Reduction of Lambda Terms","lam","0","","","1","content/lambda-calculus/introduction/introduction.tex","0","","5","align*:2|digress:1|document:1|enumerate:1","0","0","1","0","0","0","0","0","0","0","0","0","0","0","0","0","41","locale/ar/content/lambda-calculus/introduction/reduction.tex","ACCEPTED","234D1682C4969C73A5B8925720F9A7D4B5DAE26C5FB961958601E5A808EDD964","PASS_STATIC_SEMANTIC_SOURCE_CARRIER_EXPANSION_MORPHOLOGY_UNICODE_PAIRED_DIRECT_FILE_REPLAY_BUILD_DEFERRED_FOR_DEPENDENCY_CLOSURE","locale/fa-IR/content/lambda-calculus/introduction/reduction.tex","ACCEPTED","39F6C15C5DF5663CCDC7B4969E6E561A1F8962F674519E10DD32288FF3A66D80","PASS_STATIC_SEMANTIC_SOURCE_CARRIER_EXPANSION_MORPHOLOGY_UNICODE_PAIRED_DIRECT_FILE_REPLAY_BUILD_DEFERRED_FOR_DEPENDENCY_CLOSURE","ACCEPTED"
"OLP-0346","346","9620cc73f9c8e0ad003c514a5d3748f29611c4c0","content/lambda-calculus/introduction/church-rosser.tex","82f34f5a06942b2890b1e623ff756685e2c2a9cafd95aebc4946090bf8e26f2a","1386","42","192","true","true","346","canonical_complete_reader_reachable","Reached by ordered depth-first replay from content/open-logic-about.tex then content/content.tex through uncommented olimport edges.","reader_unit","The Church--Rosser Property","lam","0","","","1","content/lambda-calculus/introduction/introduction.tex","0","","4","cor:1|document:1|proof:1|thm:1","0","0","1","0","1","0","0","1","0","0","1","0","0","0","1","0","32","locale/ar/content/lambda-calculus/introduction/church-rosser.tex","ACCEPTED","DE0A246E6B36C184510DA251EF79A2B0873A5E1F914B8816ABC551A59EA499D6","PASS_STATIC_SEMANTIC_SOURCE_CARRIER_EXPANSION_MORPHOLOGY_UNICODE_PAIRED_DIRECT_FILE_REPLAY_BUILD_DEFERRED_FOR_DEPENDENCY_CLOSURE","locale/fa-IR/content/lambda-calculus/introduction/church-rosser.tex","ACCEPTED","4BACDE14FF03D6B0088B2D30CDFB448AE4B345FDDAB3EEB77DFBF24BF14EAB96","PASS_STATIC_SEMANTIC_SOURCE_CARRIER_EXPANSION_MORPHOLOGY_UNICODE_PAIRED_DIRECT_FILE_REPLAY_BUILD_DEFERRED_FOR_DEPENDENCY_CLOSURE","ACCEPTED"
"OLP-0347","347","9620cc73f9c8e0ad003c514a5d3748f29611c4c0","content/lambda-calculus/introduction/currying.tex","d15ca4bc2be145fcbf40d41b077b21322a7647453b938e4182ed9c7864fb4e31","3174","71","465","true","true","347","canonical_complete_reader_reachable","Reached by ordered depth-first replay from content/open-logic-about.tex then content/content.tex through uncommented olimport edges.","reader_unit","Currying","lam","0","","","1","content/lambda-calculus/introduction/introduction.tex","0","","4","align*:1|aligned:1|document:1|multline*:1","0","0","1","0","0","0","0","0","0","0","0","0","0","0","0","0","43","locale/ar/content/lambda-calculus/introduction/currying.tex","ACCEPTED","4077F1E37CE471AE8A9365F1CDE749945F58105250DD76CF28D2F9685FA406AE","PASS_STATIC_SEMANTIC_SOURCE_CARRIER_EXPANSION_MORPHOLOGY_UNICODE_PAIRED_DIRECT_FILE_REPLAY_BUILD_DEFERRED_FOR_DEPENDENCY_CLOSURE","locale/fa-IR/content/lambda-calculus/introduction/currying.tex","ACCEPTED","B6FAA5CD6B6FDB09BE5D6A2FB39CEE07B40496C6A7136E9EC8F6A9BCEB59CA4E","PASS_STATIC_SEMANTIC_SOURCE_CARRIER_EXPANSION_MORPHOLOGY_UNICODE_PAIRED_DIRECT_FILE_REPLAY_BUILD_DEFERRED_FOR_DEPENDENCY_CLOSURE","ACCEPTED"
"OLP-0348","348","9620cc73f9c8e0ad003c514a5d3748f29611c4c0","content/lambda-calculus/introduction/lambda-definability.tex","891557bb7c05ee32762493764788121f1719dd24e897bf29b01aa264f6527816","1946","55","268","true","true","348","canonical_complete_reader_reachable","Reached by ordered depth-first replay from content/open-logic-about.tex then content/content.tex through uncommented olimport edges.","reader_unit","","lam","0","","","1","content/lambda-calculus/introduction/introduction.tex","0","","5","defn:2|document:1|explain:1|thm:1","0","0","1","2","1","0","0","0","0","0","0","0","0","0","0","0","23","locale/ar/content/lambda-calculus/introduction/lambda-definability.tex","ACCEPTED","7AC3B52D577CDFE40725CC370C25607D8213DC0B4CACE285CA266F0C1937956E","PASS_STATIC_SEMANTIC_SOURCE_CARRIER_EXPANSION_MORPHOLOGY_UNICODE_PAIRED_DIRECT_FILE_REPLAY_BUILD_DEFERRED_FOR_DEPENDENCY_CLOSURE","locale/fa-IR/content/lambda-calculus/introduction/lambda-definability.tex","ACCEPTED","068D59BF595202950F9B76E0FC192F49709DF40CC96679EF45C58613475A7685","PASS_STATIC_SEMANTIC_SOURCE_CARRIER_EXPANSION_MORPHOLOGY_UNICODE_PAIRED_DIRECT_FILE_REPLAY_BUILD_DEFERRED_FOR_DEPENDENCY_CLOSURE","ACCEPTED"
"OLP-0349","349","9620cc73f9c8e0ad003c514a5d3748f29611c4c0","content/lambda-calculus/introduction/lambda-computable.tex","c9eea509afbc542557f6f4db382a82ee101a7242d01040ffad8bcf5b41a63eda","1689","42","223","true","true","349","canonical_complete_reader_reachable","Reached by ordered depth-first replay from content/open-logic-about.tex then content/content.tex through uncommented olimport edges.","reader_unit","","lam","0","","","1","content/lambda-calculus/introduction/introduction.tex","0","","3","document:1|proof:1|thm:1","0","0","1","0","1","0","0","0","0","0","1","0","0","0","0","0","14","locale/ar/content/lambda-calculus/introduction/lambda-computable.tex","ACCEPTED","83EAC31B1633F7B3C1136A437331DEA859D12E5CE77D9D62BD0C351DDFA233E1","PASS_STATIC_SEMANTIC_SOURCE_CARRIER_EXPANSION_MORPHOLOGY_UNICODE_PAIRED_DIRECT_FILE_REPLAY_BUILD_DEFERRED_FOR_DEPENDENCY_CLOSURE","locale/fa-IR/content/lambda-calculus/introduction/lambda-computable.tex","ACCEPTED","1C45CB3BCF38CDFFA74149FDF2485D1A2F776E3A530E225DA1B8A2DCC94DAFAD","PASS_STATIC_SEMANTIC_SOURCE_CARRIER_EXPANSION_MORPHOLOGY_UNICODE_PAIRED_DIRECT_FILE_REPLAY_BUILD_DEFERRED_FOR_DEPENDENCY_CLOSURE","ACCEPTED"
"OLP-0350","350","9620cc73f9c8e0ad003c514a5d3748f29611c4c0","content/lambda-calculus/introduction/computable-lambda.tex","e385d9f282a0609f24b6847a728cd2bab75ef631d36c479dd65fc11e07105276","1745","42","245","true","true","350","canonical_complete_reader_reachable","Reached by ordered depth-first replay from content/open-logic-about.tex then content/content.tex through uncommented olimport edges.","reader_unit","","lam","0","","","1","content/lambda-calculus/introduction/introduction.tex","0","","3","document:1|proof:1|thm:1","0","0","1","0","1","0","0","0","0","0","1","0","0","0","0","0","12","locale/ar/content/lambda-calculus/introduction/computable-lambda.tex","ACCEPTED","F65788DB641FCECDA5AFF01EBEE45300E2F09C93BDFEFA949F5DE61494F62D70","PASS_STATIC_SEMANTIC_SOURCE_CARRIER_EXPANSION_MORPHOLOGY_UNICODE_PAIRED_DIRECT_FILE_REPLAY_BUILD_DEFERRED_FOR_DEPENDENCY_CLOSURE","locale/fa-IR/content/lambda-calculus/introduction/computable-lambda.tex","ACCEPTED","C063344201FC96A6321906E74B55C3B860875D9A3F71D482194433AFE660F416","PASS_STATIC_SEMANTIC_SOURCE_CARRIER_EXPANSION_MORPHOLOGY_UNICODE_PAIRED_DIRECT_FILE_REPLAY_BUILD_DEFERRED_FOR_DEPENDENCY_CLOSURE","ACCEPTED"
"OLP-0351","351","9620cc73f9c8e0ad003c514a5d3748f29611c4c0","content/lambda-calculus/introduction/basic-pr-lambda.tex","22d0798be8cf00937591874f939864e92c8e15bb6e0832dd45fd96a9d6908401","1028","33","124","true","true","351","canonical_complete_reader_reachable","Reached by ordered depth-first replay from content/open-logic-about.tex then content/content.tex through uncommented olimport edges.","reader_unit","","lam","0","","","1","content/lambda-calculus/introduction/introduction.tex","0","","3","document:1|lem:1|proof:1","0","0","1","0","0","0","1","0","0","0","1","0","0","0","0","0","17","locale/ar/content/lambda-calculus/introduction/basic-pr-lambda.tex","ACCEPTED","40E568BBAACDD6B0B43BB965E931E01DA1A28782A352B36586D3842292A74A00","PASS_STATIC_SEMANTIC_SOURCE_CARRIER_EXPANSION_MORPHOLOGY_UNICODE_PAIRED_DIRECT_FILE_REPLAY_BUILD_DEFERRED_FOR_DEPENDENCY_CLOSURE","locale/fa-IR/content/lambda-calculus/introduction/basic-pr-lambda.tex","ACCEPTED","26611CBC112C39BA2F8228498ACB18BB205CB7BBFA29AF664FA0493F9A3C2F13","PASS_STATIC_SEMANTIC_SOURCE_CARRIER_EXPANSION_MORPHOLOGY_UNICODE_PAIRED_DIRECT_FILE_REPLAY_BUILD_DEFERRED_FOR_DEPENDENCY_CLOSURE","ACCEPTED"
"OLP-0352","352","9620cc73f9c8e0ad003c514a5d3748f29611c4c0","content/lambda-calculus/introduction/composition.tex","8a15d1ee95b75f00d0c6e94d7b0872f709f67b394d9ce720790e36f1f83c9ff1","884","31","104","true","true","352","canonical_complete_reader_reachable","Reached by ordered depth-first replay from content/open-logic-about.tex then content/content.tex through uncommented olimport edges.","reader_unit","","lam","0","","","1","content/lambda-calculus/introduction/introduction.tex","0","","3","document:1|lem:1|proof:1","0","0","1","0","0","0","1","0","0","0","1","0","0","0","0","0","14","locale/ar/content/lambda-calculus/introduction/composition.tex","ACCEPTED","7EA9FFA451468C850EAC5BC1CE179E4056CFC37B9AD79705B78178D52DEE768D","PASS_STATIC_SEMANTIC_SOURCE_CARRIER_EXPANSION_MORPHOLOGY_UNICODE_PAIRED_DIRECT_FILE_REPLAY_BUILD_DEFERRED_FOR_DEPENDENCY_CLOSURE","locale/fa-IR/content/lambda-calculus/introduction/composition.tex","ACCEPTED","E3CD120745D4EB47A1B421CF890BD34C16963E714028E0D2A7C9C12AEA7C096B","PASS_STATIC_SEMANTIC_SOURCE_CARRIER_EXPANSION_MORPHOLOGY_UNICODE_PAIRED_DIRECT_FILE_REPLAY_BUILD_DEFERRED_FOR_DEPENDENCY_CLOSURE","ACCEPTED"
"OLP-0353","353","9620cc73f9c8e0ad003c514a5d3748f29611c4c0","content/lambda-calculus/introduction/primitive-recursion.tex","fd47e85af6ba95ca61def453b26ba3b443654d5a3dc732060c2a9c1e93c3562b","5206","145","715","true","true","353","canonical_complete_reader_reachable","Reached by ordered depth-first replay from content/open-logic-about.tex then content/content.tex through uncommented olimport edges.","reader_unit","","lam","0","","","1","content/lambda-calculus/introduction/introduction.tex","0","","14","align*:7|document:1|enumerate:2|lem:2|proof:2","0","0","1","0","0","0","2","0","0","0","2","0","0","0","0","0","80","locale/ar/content/lambda-calculus/introduction/primitive-recursion.tex","ACCEPTED","EDB448C3870DA8B23FB61C2B43EC98B2B0DBB082D70BF19360A978C2CD27AC62","PASS_STATIC_SEMANTIC_SOURCE_CARRIER_EXPANSION_MORPHOLOGY_UNICODE_PAIRED_DIRECT_FILE_REPLAY_BUILD_DEFERRED_FOR_DEPENDENCY_CLOSURE","locale/fa-IR/content/lambda-calculus/introduction/primitive-recursion.tex","ACCEPTED","7A089C8EBF638033BC1C1A9510857236D5640680D8CDC6354AF4875724525F02","PASS_STATIC_SEMANTIC_SOURCE_CARRIER_EXPANSION_MORPHOLOGY_UNICODE_PAIRED_DIRECT_FILE_REPLAY_BUILD_DEFERRED_FOR_DEPENDENCY_CLOSURE","ACCEPTED"
"OLP-0354","354","9620cc73f9c8e0ad003c514a5d3748f29611c4c0","content/lambda-calculus/introduction/fixed-point-combinator.tex","a30a2ee0e64c03c9d10f4c18e716d42cc242a077a0a593b6963df0b317400b7d","1128","41","151","true","true","354","canonical_complete_reader_reachable","Reached by ordered depth-first replay from content/open-logic-about.tex then content/content.tex through uncommented olimport edges.","reader_unit","Fixed-Point Combinators","lam","0","","","1","content/lambda-calculus/introduction/introduction.tex","0","","2","align*:1|document:1","0","0","1","0","0","0","0","0","0","0","0","0","0","0","0","0","20","locale/ar/content/lambda-calculus/introduction/fixed-point-combinator.tex","ACCEPTED","1A62D8E109FE7A4495941E035B63AA7C9B9EB590751C0209A1E85C580D293E74","PASS_STATIC_SEMANTIC_SOURCE_CARRIER_EXPANSION_MORPHOLOGY_UNICODE_PAIRED_DIRECT_FILE_REPLAY_BUILD_DEFERRED_FOR_DEPENDENCY_CLOSURE","locale/fa-IR/content/lambda-calculus/introduction/fixed-point-combinator.tex","ACCEPTED","701E46BD66F856DD8B27897BDFBCEADAF57D8CFE31E96EC9A48970DF78F15F1D","PASS_STATIC_SEMANTIC_SOURCE_CARRIER_EXPANSION_MORPHOLOGY_UNICODE_PAIRED_DIRECT_FILE_REPLAY_BUILD_DEFERRED_FOR_DEPENDENCY_CLOSURE","ACCEPTED"
"OLP-0355","355","9620cc73f9c8e0ad003c514a5d3748f29611c4c0","content/lambda-calculus/introduction/minimization.tex","ea82c8ba3fba93c92983d4eb5e46866829feb5286bedd739669b8b3cdb3e4ec7","2277","70","353","true","true","355","canonical_complete_reader_reachable","Reached by ordered depth-first replay from content/open-logic-about.tex then content/content.tex through uncommented olimport edges.","reader_unit","","lam","0","","","1","content/lambda-calculus/introduction/introduction.tex","0","","5","align*:1|cases:1|document:1|lem:1|proof:1","0","0","1","0","0","0","1","0","0","0","1","0","0","0","0","0","51","locale/ar/content/lambda-calculus/introduction/minimization.tex","ACCEPTED","351A6588A89000929959DC0864C9718F1DB987A495E4A7399538CD7D34497600","PASS_STATIC_SEMANTIC_SOURCE_CARRIER_EXPANSION_MORPHOLOGY_UNICODE_PAIRED_DIRECT_FILE_REPLAY_BUILD_DEFERRED_FOR_DEPENDENCY_CLOSURE","locale/fa-IR/content/lambda-calculus/introduction/minimization.tex","ACCEPTED","294AF6B9C432FB2359897538C47365CCD0E55F00941595AC13FDF1C25CFA1DBC","PASS_STATIC_SEMANTIC_SOURCE_CARRIER_EXPANSION_MORPHOLOGY_UNICODE_PAIRED_DIRECT_FILE_REPLAY_BUILD_DEFERRED_FOR_DEPENDENCY_CLOSURE","ACCEPTED"
"OLP-0356","356","9620cc73f9c8e0ad003c514a5d3748f29611c4c0","content/lambda-calculus/syntax/syntax.tex","12041c1cdc3e8e444dac5fe3f0af82d7995d30ed62f115382604f1ac1d75397b","452","33","25","true","true","356","canonical_complete_reader_reachable","Reached by ordered depth-first replay from content/open-logic-about.tex then content/content.tex through uncommented olimport edges.","chapter_driver","Syntax","","10","content/lambda-calculus/syntax/terms.tex|content/lambda-calculus/syntax/unique-readability.tex|content/lambda-calculus/syntax/abbreviated-syntax.tex|content/lambda-calculus/syntax/free-variables.tex|content/lambda-calculus/syntax/substitution.tex|content/lambda-calculus/syntax/alpha.tex|content/lambda-calculus/syntax/de-bruijn.tex|content/lambda-calculus/syntax/term-revisited.tex|content/lambda-calculus/syntax/beta.tex|content/lambda-calculus/syntax/eta.tex","","1","content/lambda-calculus/lambda-calculus.tex","0","","1","document:1","0","1","0","0","0","0","0","0","0","0","0","0","0","0","0","0","0","locale/ar/content/lambda-calculus/syntax/syntax.tex","ACCEPTED","6668BD3E9B3A8A92D96551E87F5E8EF89E4CEE77C837E0D56A7C6053653FA2FB","PASS_STATIC_SEMANTIC_SOURCE_CARRIER_EXPANSION_MORPHOLOGY_UNICODE_PAIRED_DIRECT_FILE_REPLAY_BUILD_DEFERRED_FOR_DEPENDENCY_CLOSURE","locale/fa-IR/content/lambda-calculus/syntax/syntax.tex","ACCEPTED","012E3104A1B3B4FB7E1DCC181ADC233CB2783381AE6AD01BC88C0B79D09403F8","PASS_STATIC_SEMANTIC_SOURCE_CARRIER_EXPANSION_MORPHOLOGY_UNICODE_PAIRED_DIRECT_FILE_REPLAY_BUILD_DEFERRED_FOR_DEPENDENCY_CLOSURE","ACCEPTED"
"OLP-0357","357","9620cc73f9c8e0ad003c514a5d3748f29611c4c0","content/lambda-calculus/syntax/terms.tex","f7da91449121d3c5e274e51f6a08fce106d1dbacb7e5293b79cc09b3da019b38","2025","53","275","true","true","357","canonical_complete_reader_reachable","Reached by ordered depth-first replay from content/open-logic-about.tex then content/content.tex through uncommented olimport edges.","reader_unit","Terms","lam","0","","","1","content/lambda-calculus/syntax/syntax.tex","0","","4","defn:1|document:1|enumerate:1|prob:1","0","0","1","1","0","0","0","0","0","1","0","0","0","0","3","0","26","locale/ar/content/lambda-calculus/syntax/terms.tex","ACCEPTED","14815BEDF7AC57F1D5AF79D9636C07C0D7E9C416FBF01DE4277313DAE30E3879","PASS_STATIC_SEMANTIC_SOURCE_CARRIER_EXPANSION_MORPHOLOGY_UNICODE_PAIRED_DIRECT_FILE_REPLAY_BUILD_DEFERRED_FOR_DEPENDENCY_CLOSURE","locale/fa-IR/content/lambda-calculus/syntax/terms.tex","ACCEPTED","AD6C8941E1F4888ABA00FFA7EE697700CA0DF0F0B5133C82C6219B4EBA2F7FCB","PASS_STATIC_SEMANTIC_SOURCE_CARRIER_EXPANSION_MORPHOLOGY_UNICODE_PAIRED_DIRECT_FILE_REPLAY_BUILD_DEFERRED_FOR_DEPENDENCY_CLOSURE","ACCEPTED"
"OLP-0358","358","9620cc73f9c8e0ad003c514a5d3748f29611c4c0","content/lambda-calculus/syntax/unique-readability.tex","7cf0dbeb234ca9f4519bbf378aea91b6bd78795ae0db47c4ecb9682c36efff01","3895","99","577","true","true","358","canonical_complete_reader_reachable","Reached by ordered depth-first replay from content/open-logic-about.tex then content/content.tex through uncommented olimport edges.","reader_unit","Unique Readability","lam","0","","","1","content/lambda-calculus/syntax/syntax.tex","0","","12","document:1|enumerate:2|lem:3|prob:1|proof:3|prop:2","0","0","1","0","0","2","3","0","0","1","3","0","0","0","16","0","43","locale/ar/content/lambda-calculus/syntax/unique-readability.tex","ACCEPTED","F5374383B39D9185E936F60BCD8A9BC75B0980A9BBB95B55D3DDDF082A5C1DD7","PASS_STATIC_SEMANTIC_SOURCE_CARRIER_EXPANSION_MORPHOLOGY_UNICODE_PAIRED_DIRECT_FILE_REPLAY_BUILD_DEFERRED_FOR_DEPENDENCY_CLOSURE","locale/fa-IR/content/lambda-calculus/syntax/unique-readability.tex","ACCEPTED","FAB1029D696EA61EAE73E4137A0F01DD0A0BABD744A625387F2A3BCF2E773629","PASS_STATIC_SEMANTIC_SOURCE_CARRIER_EXPANSION_MORPHOLOGY_UNICODE_PAIRED_DIRECT_FILE_REPLAY_BUILD_DEFERRED_FOR_DEPENDENCY_CLOSURE","ACCEPTED"
"OLP-0359","359","9620cc73f9c8e0ad003c514a5d3748f29611c4c0","content/lambda-calculus/syntax/abbreviated-syntax.tex","b9987c121bb971f20b15b2e4700b11b7f03ce17e854887de1de2a83c817f288f","1334","45","166","true","true","359","canonical_complete_reader_reachable","Reached by ordered depth-first replay from content/open-logic-about.tex then content/content.tex through uncommented olimport edges.","reader_unit","Abbreviated Syntax","lam","0","","","1","content/lambda-calculus/syntax/syntax.tex","0","","3","document:1|enumerate:1|prob:1","0","0","1","0","0","0","0","0","0","1","0","0","0","0","1","0","13","locale/ar/content/lambda-calculus/syntax/abbreviated-syntax.tex","ACCEPTED","98BA3AC69E6C90237AFF0555C292C89F0FAFB70E254D4A974D862A86EF8D3297","PASS_STATIC_SEMANTIC_SOURCE_CARRIER_EXPANSION_MORPHOLOGY_UNICODE_PAIRED_DIRECT_FILE_REPLAY_BUILD_DEFERRED_FOR_DEPENDENCY_CLOSURE","locale/fa-IR/content/lambda-calculus/syntax/abbreviated-syntax.tex","ACCEPTED","662D0B2A58BDD6A6D9ABC089C727FE6E0A0082F5711B5E5868AA142FD5A27DA1","PASS_STATIC_SEMANTIC_SOURCE_CARRIER_EXPANSION_MORPHOLOGY_UNICODE_PAIRED_DIRECT_FILE_REPLAY_BUILD_DEFERRED_FOR_DEPENDENCY_CLOSURE","ACCEPTED"
"OLP-0360","360","9620cc73f9c8e0ad003c514a5d3748f29611c4c0","content/lambda-calculus/syntax/free-variables.tex","b6f1fbf35150b62139dbaec9f0e48f5c8aa723f8fc84cfc1a0b3e620bcbbdd8e","4698","117","688","true","true","360","canonical_complete_reader_reachable","Reached by ordered depth-first replay from content/open-logic-about.tex then content/content.tex through uncommented olimport edges.","reader_unit","Free Variables","lam","0","","","1","content/lambda-calculus/syntax/syntax.tex","0","","14","defn:4|document:1|enumerate:3|ex:1|explain:1|lem:1|prob:2|proof:1","0","0","1","4","0","0","1","0","1","2","1","0","0","0","1","0","80","locale/ar/content/lambda-calculus/syntax/free-variables.tex","ACCEPTED","A89F190CD119AD6B35EC81D7826703A3D83A8E68E16700E076D9690FD701B27B","PASS_STATIC_SEMANTIC_SOURCE_CARRIER_EXPANSION_MORPHOLOGY_UNICODE_PAIRED_DIRECT_FILE_REPLAY_BUILD_DEFERRED_FOR_DEPENDENCY_CLOSURE","locale/fa-IR/content/lambda-calculus/syntax/free-variables.tex","ACCEPTED","06330D912A59185DAB0BA7C17983399C62F6D285FE2386B12C3FD1FF3E32996C","PASS_STATIC_SEMANTIC_SOURCE_CARRIER_EXPANSION_MORPHOLOGY_UNICODE_PAIRED_DIRECT_FILE_REPLAY_BUILD_DEFERRED_FOR_DEPENDENCY_CLOSURE","ACCEPTED"
"OLP-0361","361","9620cc73f9c8e0ad003c514a5d3748f29611c4c0","content/lambda-calculus/syntax/substitution.tex","d718cdebd5f5b3b43e4bbb33a167d89458a9b2e378cda57300c1a24df6e7e9bd","6578","180","795","true","true","361","canonical_complete_reader_reachable","Reached by ordered depth-first replay from content/open-logic-about.tex then content/content.tex through uncommented olimport edges.","reader_unit","Substitution","lam","0","","","1","content/lambda-calculus/syntax/syntax.tex","0","","28","align*:2|aligned:2|defn:1|document:1|enumerate:5|explain:2|multline*:2|prob:5|proof:4|thm:4","0","0","1","1","4","0","0","0","0","5","4","0","0","0","11","0","90","locale/ar/content/lambda-calculus/syntax/substitution.tex","ACCEPTED","18A85814325C3A1BDEE96083EE90726E81E08F51B9BD172155B6F7B607233E69","PASS_STATIC_SEMANTIC_SOURCE_CARRIER_EXPANSION_MORPHOLOGY_UNICODE_PAIRED_DIRECT_FILE_REPLAY_BUILD_DEFERRED_FOR_DEPENDENCY_CLOSURE","locale/fa-IR/content/lambda-calculus/syntax/substitution.tex","ACCEPTED","00090E9E2E8C56B3CC8ACAACD84BF17EC4C9662A4017E4119C0604756A73A965","PASS_STATIC_SEMANTIC_SOURCE_CARRIER_EXPANSION_MORPHOLOGY_UNICODE_PAIRED_DIRECT_FILE_REPLAY_BUILD_DEFERRED_FOR_DEPENDENCY_CLOSURE","ACCEPTED"
"OLP-0362","362","9620cc73f9c8e0ad003c514a5d3748f29611c4c0","content/lambda-calculus/syntax/alpha.tex","41c0f51cf8b5b3f125aa23b0e5590cd339e9dd69bc0f1877e165b07782b2c664","10414","284","1266","true","true","362","canonical_complete_reader_reachable","Reached by ordered depth-first replay from content/open-logic-about.tex then content/content.tex through uncommented olimport edges.","reader_unit","$\alpha$-Conversion","lam","0","","","1","content/lambda-calculus/syntax/syntax.tex","0","","42","align*:3|aligned:1|cor:1|defn:6|document:1|enumerate:9|equation*:1|ex:1|lem:3|multline*:1|prob:5|proof:7|thm:3","0","0","1","6","3","0","3","1","1","5","7","0","0","0","20","0","185","locale/ar/content/lambda-calculus/syntax/alpha.tex","ACCEPTED","DEF02652BDA1CBA6FC63F19E2C85BBDD8780D757EB27FAF9DF09932D2CFF87D8","PASS_STATIC_SEMANTIC_SOURCE_CARRIER_EXPANSION_MORPHOLOGY_UNICODE_PAIRED_DIRECT_FILE_REPLAY_BUILD_DEFERRED_FOR_DEPENDENCY_CLOSURE","locale/fa-IR/content/lambda-calculus/syntax/alpha.tex","ACCEPTED","7DD420912E869E9AA49C71D390C687AB7270025B8B1069A6B292547AA6EC638B","PASS_STATIC_SEMANTIC_SOURCE_CARRIER_EXPANSION_MORPHOLOGY_UNICODE_PAIRED_DIRECT_FILE_REPLAY_BUILD_DEFERRED_FOR_DEPENDENCY_CLOSURE","ACCEPTED"
"OLP-0363","363","9620cc73f9c8e0ad003c514a5d3748f29611c4c0","content/lambda-calculus/syntax/de-bruijn.tex","c0e5bf7d9e7210fd45f8b9ca471bbdf0811de14151a3a360cdb767c8500ef118","3038","83","417","true","true","363","canonical_complete_reader_reachable","Reached by ordered depth-first replay from content/open-logic-about.tex then content/content.tex through uncommented olimport edges.","reader_unit","The De Bruijn Index","lam","0","","","1","content/lambda-calculus/syntax/syntax.tex","0","","8","align*:2|defn:3|document:1|enumerate:1|prop:1","0","0","1","3","0","1","0","0","0","0","0","0","0","0","0","0","56","locale/ar/content/lambda-calculus/syntax/de-bruijn.tex","ACCEPTED","02339BD2D7F3BF440EA042E69F3E925E656FF0D1938F94C34A1B06063E371A83","PASS_STATIC_SEMANTIC_SOURCE_CARRIER_EXPANSION_MORPHOLOGY_UNICODE_PAIRED_DIRECT_FILE_REPLAY_BUILD_DEFERRED_FOR_DEPENDENCY_CLOSURE","locale/fa-IR/content/lambda-calculus/syntax/de-bruijn.tex","ACCEPTED","AA14EBD9254704A068F6734E8B0E8EE9F84E803E72819F43404537B642100981","PASS_STATIC_SEMANTIC_SOURCE_CARRIER_EXPANSION_MORPHOLOGY_UNICODE_PAIRED_DIRECT_FILE_REPLAY_BUILD_DEFERRED_FOR_DEPENDENCY_CLOSURE","ACCEPTED"
"OLP-0364","364","9620cc73f9c8e0ad003c514a5d3748f29611c4c0","content/lambda-calculus/syntax/term-revisited.tex","5459ece361a93d778910cd297bd020eba5105022386a00dc2e4e8ca5e53ee313","3622","93","514","true","true","364","canonical_complete_reader_reachable","Reached by ordered depth-first replay from content/open-logic-about.tex then content/content.tex through uncommented olimport edges.","reader_unit","Terms as $\alpha$-Equivalence Classes","lam","0","","","1","content/lambda-calculus/syntax/syntax.tex","0","","7","align:1|defn:3|document:1|editorial:1|enumerate:1","0","0","1","3","0","0","0","0","0","0","0","0","0","0","4","0","45","locale/ar/content/lambda-calculus/syntax/term-revisited.tex","ACCEPTED","7904332047EDB129118E144DF1D14A634D1EB4276A2C0BF56D2587CE0172A44E","PASS_STATIC_SEMANTIC_SOURCE_CARRIER_EXPANSION_MORPHOLOGY_UNICODE_PAIRED_DIRECT_FILE_REPLAY_BUILD_DEFERRED_FOR_DEPENDENCY_CLOSURE","locale/fa-IR/content/lambda-calculus/syntax/term-revisited.tex","ACCEPTED","6FC7BF0399E40AD65F489A70104684D1B51CE0F82668DD64B992E13665B4D8A2","PASS_STATIC_SEMANTIC_SOURCE_CARRIER_EXPANSION_MORPHOLOGY_UNICODE_PAIRED_DIRECT_FILE_REPLAY_BUILD_DEFERRED_FOR_DEPENDENCY_CLOSURE","ACCEPTED"
"OLP-0365","365","9620cc73f9c8e0ad003c514a5d3748f29611c4c0","content/lambda-calculus/syntax/beta.tex","c96b738bedb1278e240742f504f23e84bc65a485a628e513b542038791f29328","4912","129","634","true","true","365","canonical_complete_reader_reachable","Reached by ordered depth-first replay from content/open-logic-about.tex then content/content.tex through uncommented olimport edges.","reader_unit","$\beta$-reduction","lam","0","","","1","content/lambda-calculus/syntax/syntax.tex","0","","11","align*:2|defn:4|digress:1|document:1|enumerate:2|prob:1","0","0","1","4","0","0","0","0","0","1","0","0","0","0","1","0","77","locale/ar/content/lambda-calculus/syntax/beta.tex","ACCEPTED","36F06BBDDF64B4115BA1A1744D99B4F976B25CADD6AC5D0DEDA35914BAB1293C","PASS_STATIC_SEMANTIC_SOURCE_CARRIER_EXPANSION_MORPHOLOGY_UNICODE_PAIRED_DIRECT_FILE_REPLAY_BUILD_DEFERRED_FOR_DEPENDENCY_CLOSURE","locale/fa-IR/content/lambda-calculus/syntax/beta.tex","ACCEPTED","BB820DA23FE7E626B43C6895D390F540A9A8E0701989543EC6A0E0AE23301F67","PASS_STATIC_SEMANTIC_SOURCE_CARRIER_EXPANSION_MORPHOLOGY_UNICODE_PAIRED_DIRECT_FILE_REPLAY_BUILD_DEFERRED_FOR_DEPENDENCY_CLOSURE","ACCEPTED"
"OLP-0366","366","9620cc73f9c8e0ad003c514a5d3748f29611c4c0","content/lambda-calculus/syntax/eta.tex","d5332eef46d99ca04abd407e0c44effc418308b78c347f61e8a6bea890520378","3049","88","350","true","true","366","canonical_complete_reader_reachable","Reached by ordered depth-first replay from content/open-logic-about.tex then content/content.tex through uncommented olimport edges.","reader_unit","$\eta$-conversion","lam","0","","","1","content/lambda-calculus/syntax/syntax.tex","0","","9","center:1|defn:4|document:1|enumerate:1|proof:1|thm:1","0","0","1","4","1","0","0","0","0","0","1","0","0","0","1","0","59","locale/ar/content/lambda-calculus/syntax/eta.tex","ACCEPTED","CADE44216C046BA9AE08BBDCBAE9304BB94C04F49B935AF0068BE4116020FE06","PASS_STATIC_SEMANTIC_SOURCE_CARRIER_EXPANSION_MORPHOLOGY_UNICODE_PAIRED_DIRECT_FILE_REPLAY_BUILD_DEFERRED_FOR_DEPENDENCY_CLOSURE","locale/fa-IR/content/lambda-calculus/syntax/eta.tex","ACCEPTED","B2AC5BD54A12CAF488A5078C22A8E06A910818B7A820B54798617C2BB9F17E5C","PASS_STATIC_SEMANTIC_SOURCE_CARRIER_EXPANSION_MORPHOLOGY_UNICODE_PAIRED_DIRECT_FILE_REPLAY_BUILD_DEFERRED_FOR_DEPENDENCY_CLOSURE","ACCEPTED"
"OLP-0367","367","9620cc73f9c8e0ad003c514a5d3748f29611c4c0","content/lambda-calculus/church-rosser/church-rosser.tex","f9e678e31cc01a76b2a4166d4b2faf179b2dfc4e51bcc1dafe3f16228e831a74","404","20","28","true","true","367","canonical_complete_reader_reachable","Reached by ordered depth-first replay from content/open-logic-about.tex then content/content.tex through uncommented olimport edges.","chapter_driver","The Church--Rosser Property","","5","content/lambda-calculus/church-rosser/definitions-and-properties.tex|content/lambda-calculus/church-rosser/parallel-beta-reduction.tex|content/lambda-calculus/church-rosser/beta-reduction.tex|content/lambda-calculus/church-rosser/parallel-beta-eta-reduction.tex|content/lambda-calculus/church-rosser/beta-eta-reduction.tex","","1","content/lambda-calculus/lambda-calculus.tex","0","","1","document:1","0","1","0","0","0","0","0","0","0","0","0","0","0","0","0","0","0","locale/ar/content/lambda-calculus/church-rosser/church-rosser.tex","ACCEPTED","6C491A853160FB1B405DA15F0A7F7951E4C281334E1A9D60AA007CAE683934ED","PASS_STATIC_SEMANTIC_SOURCE_CARRIER_EXPANSION_MORPHOLOGY_UNICODE_PAIRED_DIRECT_FILE_REPLAY_BUILD_DEFERRED_FOR_DEPENDENCY_CLOSURE","locale/fa-IR/content/lambda-calculus/church-rosser/church-rosser.tex","ACCEPTED","E215A5B817D6652F441DB6EB649000A27F0C086DD5DF32BECFE1883CC37A2114","PASS_STATIC_SEMANTIC_SOURCE_CARRIER_EXPANSION_MORPHOLOGY_UNICODE_PAIRED_DIRECT_FILE_REPLAY_BUILD_DEFERRED_FOR_DEPENDENCY_CLOSURE","ACCEPTED"
"OLP-0368","368","9620cc73f9c8e0ad003c514a5d3748f29611c4c0","content/lambda-calculus/church-rosser/definitions-and-properties.tex","851f5ae1142d1f14fdc8912e2a6e89e025a19bb99c4cbd9b16e0ef2603fcfba1","3576","86","514","true","true","368","canonical_complete_reader_reachable","Reached by ordered depth-first replay from content/open-logic-about.tex then content/content.tex through uncommented olimport edges.","reader_unit","Definition and Properties","lam","0","","","1","content/lambda-calculus/church-rosser/church-rosser.tex","0","","6","align*:2|defn:1|document:1|proof:1|thm:1","0","0","1","1","1","0","0","0","0","0","1","0","0","0","0","0","57","locale/ar/content/lambda-calculus/church-rosser/definitions-and-properties.tex","ACCEPTED","3872A6ED8F0B3CB7171D252D447F862C982019417BAD13EA441C09F4C174E27E","PASS_STATIC_SEMANTIC_SOURCE_CARRIER_EXPANSION_MORPHOLOGY_UNICODE_PAIRED_DIRECT_FILE_REPLAY_BUILD_DEFERRED_FOR_DEPENDENCY_CLOSURE","locale/fa-IR/content/lambda-calculus/church-rosser/definitions-and-properties.tex","ACCEPTED","FD5CB8A496C5B97C9A82643CD57272D416171E8A77CBE5FE97C438FB337744A4","PASS_STATIC_SEMANTIC_SOURCE_CARRIER_EXPANSION_MORPHOLOGY_UNICODE_PAIRED_DIRECT_FILE_REPLAY_BUILD_DEFERRED_FOR_DEPENDENCY_CLOSURE","ACCEPTED"
"OLP-0369","369","9620cc73f9c8e0ad003c514a5d3748f29611c4c0","content/lambda-calculus/church-rosser/parallel-beta-reduction.tex","152950cfbf2a17ef827a7e70210ef025d99e347eadcfb6c5c9a405e2bf1e6210","6347","157","749","true","true","369","canonical_complete_reader_reachable","Reached by ordered depth-first replay from content/open-logic-about.tex then content/content.tex through uncommented olimport edges.","reader_unit","Parallel $\beta$-reduction","lam","0","","","1","content/lambda-calculus/church-rosser/church-rosser.tex","0","","20","align:1|defn:2|document:1|editorial:1|enumerate:4|lem:2|prob:3|proof:4|thm:2","0","0","1","2","2","0","2","0","0","3","4","0","0","0","20","0","109","locale/ar/content/lambda-calculus/church-rosser/parallel-beta-reduction.tex","ACCEPTED","AE294962D35422B5C76A782303408238BB1433C0CB8EFDB2C1A379F14DA560AF","PASS_STATIC_SEMANTIC_SOURCE_CARRIER_EXPANSION_MORPHOLOGY_UNICODE_PAIRED_DIRECT_FILE_REPLAY_BUILD_DEFERRED_FOR_DEPENDENCY_CLOSURE","locale/fa-IR/content/lambda-calculus/church-rosser/parallel-beta-reduction.tex","ACCEPTED","D8539B44192B84CF8397E0A693FC83DAFFFF0010DDB586C27D49B27E23894632","PASS_STATIC_SEMANTIC_SOURCE_CARRIER_EXPANSION_MORPHOLOGY_UNICODE_PAIRED_DIRECT_FILE_REPLAY_BUILD_DEFERRED_FOR_DEPENDENCY_CLOSURE","ACCEPTED"
"OLP-0370","370","9620cc73f9c8e0ad003c514a5d3748f29611c4c0","content/lambda-calculus/church-rosser/beta-reduction.tex","635fa15a31a4f9ed77ee7c619860dc410d99f27663fba33f84dbadb4f602e041","3019","79","364","true","true","370","canonical_complete_reader_reachable","Reached by ordered depth-first replay from content/open-logic-about.tex then content/content.tex through uncommented olimport edges.","reader_unit","$\beta$-reduction","lam","0","","","1","content/lambda-calculus/church-rosser/church-rosser.tex","0","","10","document:1|enumerate:1|lem:3|proof:4|thm:1","0","0","1","0","1","0","3","0","0","0","4","0","0","0","12","0","84","locale/ar/content/lambda-calculus/church-rosser/beta-reduction.tex","ACCEPTED","726D56049ABF63F595983174CEB38D8124C3A1E605B9DE26719395DD0D6FC2A9","PASS_STATIC_SEMANTIC_SOURCE_CARRIER_EXPANSION_MORPHOLOGY_UNICODE_PAIRED_DIRECT_FILE_REPLAY_BUILD_DEFERRED_FOR_DEPENDENCY_CLOSURE","locale/fa-IR/content/lambda-calculus/church-rosser/beta-reduction.tex","ACCEPTED","2472A45CAE1D6845326635C5D944DB0671B1E831C627E030EE4FD734B10F3221","PASS_STATIC_SEMANTIC_SOURCE_CARRIER_EXPANSION_MORPHOLOGY_UNICODE_PAIRED_DIRECT_FILE_REPLAY_BUILD_DEFERRED_FOR_DEPENDENCY_CLOSURE","ACCEPTED"
"OLP-0371","371","9620cc73f9c8e0ad003c514a5d3748f29611c4c0","content/lambda-calculus/church-rosser/parallel-beta-eta-reduction.tex","c1f77ddcdbbbd3070000c2ab163db1a427369bc88bbb57f129e2577a0c12696a","3512","101","365","true","true","371","canonical_complete_reader_reachable","Reached by ordered depth-first replay from content/open-logic-about.tex then content/content.tex through uncommented olimport edges.","reader_unit","Parallel $\beta\eta$-reduction","lam","0","","","1","content/lambda-calculus/church-rosser/church-rosser.tex","0","","14","align:1|defn:2|document:1|enumerate:1|lem:2|prob:1|proof:4|thm:2","0","0","1","2","2","0","2","0","0","1","4","0","0","0","8","0","57","locale/ar/content/lambda-calculus/church-rosser/parallel-beta-eta-reduction.tex","ACCEPTED","2EF2E90AD1CC5304F66C220A388A943372B951D0D176E85694DC0C683C67DA29","PASS_STATIC_SEMANTIC_SOURCE_CARRIER_EXPANSION_MORPHOLOGY_UNICODE_PAIRED_DIRECT_FILE_REPLAY_BUILD_DEFERRED_FOR_DEPENDENCY_CLOSURE","locale/fa-IR/content/lambda-calculus/church-rosser/parallel-beta-eta-reduction.tex","ACCEPTED","9E04A817C2D0B41E1ED2464A25A1E87CE46EED6AFF7C82BB4C29957E33E61663","PASS_STATIC_SEMANTIC_SOURCE_CARRIER_EXPANSION_MORPHOLOGY_UNICODE_PAIRED_DIRECT_FILE_REPLAY_BUILD_DEFERRED_FOR_DEPENDENCY_CLOSURE","ACCEPTED"
"OLP-0372","372","9620cc73f9c8e0ad003c514a5d3748f29611c4c0","content/lambda-calculus/church-rosser/beta-eta-reduction.tex","d681b2d4808bbc48731065075b22681c0893e5cd403940de1ea69b7b187d8d75","1578","58","178","true","true","372","canonical_complete_reader_reachable","Reached by ordered depth-first replay from content/open-logic-about.tex then content/content.tex through uncommented olimport edges.","reader_unit","$\beta\eta$-reduction","lam","0","","","1","content/lambda-calculus/church-rosser/church-rosser.tex","0","","9","document:1|lem:3|proof:4|thm:1","0","0","1","0","1","0","3","0","0","0","4","0","0","0","8","0","28","locale/ar/content/lambda-calculus/church-rosser/beta-eta-reduction.tex","ACCEPTED","F78B8D31AA654500931E5A7A6933598A2C77EE6F0D3FC9BB7008AA683D06183A","PASS_STATIC_SEMANTIC_SOURCE_CARRIER_EXPANSION_MORPHOLOGY_UNICODE_PAIRED_DIRECT_FILE_REPLAY_BUILD_DEFERRED_FOR_DEPENDENCY_CLOSURE","locale/fa-IR/content/lambda-calculus/church-rosser/beta-eta-reduction.tex","ACCEPTED","0FD413495865935EEA74D82C151DCC8E559FB12E899DC24FEF5A5A5FA973ABB1","PASS_STATIC_SEMANTIC_SOURCE_CARRIER_EXPANSION_MORPHOLOGY_UNICODE_PAIRED_DIRECT_FILE_REPLAY_BUILD_DEFERRED_FOR_DEPENDENCY_CLOSURE","ACCEPTED"
"OLP-0373","373","9620cc73f9c8e0ad003c514a5d3748f29611c4c0","content/lambda-calculus/lambda-definability/lambda-definability.tex","36e3b3c1abddfc1b8af03bc4bf0f2cb2539ffd6c9f18c8994b7bd79d9d7cc46b","733","30","54","true","true","373","canonical_complete_reader_reachable","Reached by ordered depth-first replay from content/open-logic-about.tex then content/content.tex through uncommented olimport edges.","chapter_driver","Lambda Definability","","9","content/lambda-calculus/lambda-definability/introduction.tex|content/lambda-calculus/lambda-definability/arithmetical-functions.tex|content/lambda-calculus/lambda-definability/pairs.tex|content/lambda-calculus/lambda-definability/truth-values.tex|content/lambda-calculus/lambda-definability/primitive-recursive-functions.tex|content/lambda-calculus/lambda-definability/fixpoints.tex|content/lambda-calculus/lambda-definability/minimization.tex|content/lambda-calculus/lambda-definability/partial-recursive-functions.tex|content/lambda-calculus/lambda-definability/lambda-definable-recursive.tex","","1","content/lambda-calculus/lambda-calculus.tex","0","","2","document:1|editorial:1","0","1","0","0","0","0","0","0","0","0","0","0","0","0","0","0","0","locale/ar/content/lambda-calculus/lambda-definability/lambda-definability.tex","ACCEPTED","D75883287EF1B7D5EDEA2CD5BD662D749CE44F4E0D4794F4FFCFAE835C1EAC67","PASS_STATIC_SEMANTIC_SOURCE_CARRIER_EXPANSION_MORPHOLOGY_UNICODE_PAIRED_DIRECT_FILE_REPLAY_BUILD_DEFERRED_FOR_DEPENDENCY_CLOSURE","locale/fa-IR/content/lambda-calculus/lambda-definability/lambda-definability.tex","ACCEPTED","36F63D74E3DF0888386EB99A358AB7754DD56995652A552819C26B5AB39BB141","PASS_STATIC_SEMANTIC_SOURCE_CARRIER_EXPANSION_MORPHOLOGY_UNICODE_PAIRED_DIRECT_FILE_REPLAY_BUILD_DEFERRED_FOR_DEPENDENCY_CLOSURE","ACCEPTED"
"OLP-0374","374","9620cc73f9c8e0ad003c514a5d3748f29611c4c0","content/lambda-calculus/lambda-definability/introduction.tex","746bcc7288b64088e3070da183aff9b2b672c017135f4e5da9229fb243dbb8db","3679","84","532","true","true","374","canonical_complete_reader_reachable","Reached by ordered depth-first replay from content/open-logic-about.tex then content/content.tex through uncommented olimport edges.","reader_unit","Introduction","lam","0","","","1","content/lambda-calculus/lambda-definability/lambda-definability.tex","0","","3","defn:2|document:1","0","0","1","2","0","0","0","0","0","0","0","0","0","0","0","0","51","locale/ar/content/lambda-calculus/lambda-definability/introduction.tex","ACCEPTED","A3BE7F1F8BFE754B26B1FE8003A4131175EDC577813B5F2B4AEFB71C7FEF4191","PASS_STATIC_SEMANTIC_SOURCE_CARRIER_EXPANSION_MORPHOLOGY_UNICODE_PAIRED_DIRECT_FILE_REPLAY_BUILD_DEFERRED_FOR_DEPENDENCY_CLOSURE","locale/fa-IR/content/lambda-calculus/lambda-definability/introduction.tex","ACCEPTED","E9DED12EF7CB9F37DEA73B6EEEE9C94132DA209D12EF72066BEB3C386DA407D5","PASS_STATIC_SEMANTIC_SOURCE_CARRIER_EXPANSION_MORPHOLOGY_UNICODE_PAIRED_DIRECT_FILE_REPLAY_BUILD_DEFERRED_FOR_DEPENDENCY_CLOSURE","ACCEPTED"
"OLP-0375","375","9620cc73f9c8e0ad003c514a5d3748f29611c4c0","content/lambda-calculus/lambda-definability/arithmetical-functions.tex","1e7500fb862e562250b59df5e786130148b9565564417d060138f0542141fe2e","5131","142","646","true","true","375","canonical_complete_reader_reachable","Reached by ordered depth-first replay from content/open-logic-about.tex then content/content.tex through uncommented olimport edges.","reader_unit","","lam","0","","","1","content/lambda-calculus/lambda-definability/lambda-definability.tex","0","","15","align*:4|document:1|editorial:1|ex:1|prob:2|proof:3|prop:3","0","0","1","0","0","3","0","0","1","2","3","0","0","0","0","0","69","locale/ar/content/lambda-calculus/lambda-definability/arithmetical-functions.tex","ACCEPTED","69059CD421ACAFC80A4D41CE83F0FE2383D3803F7AAFE0943208383DCE1B1379","PASS_STATIC_SEMANTIC_SOURCE_CARRIER_EXPANSION_MORPHOLOGY_UNICODE_PAIRED_DIRECT_FILE_REPLAY_BUILD_DEFERRED_FOR_DEPENDENCY_CLOSURE","locale/fa-IR/content/lambda-calculus/lambda-definability/arithmetical-functions.tex","ACCEPTED","BD5DA75129802BB64FDA1AFAB90442C9DFFCFB485D448060729264F1814974EC","PASS_STATIC_SEMANTIC_SOURCE_CARRIER_EXPANSION_MORPHOLOGY_UNICODE_PAIRED_DIRECT_FILE_REPLAY_BUILD_DEFERRED_FOR_DEPENDENCY_CLOSURE","ACCEPTED"
"OLP-0376","376","9620cc73f9c8e0ad003c514a5d3748f29611c4c0","content/lambda-calculus/lambda-definability/pairs.tex","9832c9a0d78ac0dc04080fcf7613d117c29a21fe27e51c3bb7f1e6a29c69efdf","1799","55","227","true","true","376","canonical_complete_reader_reachable","Reached by ordered depth-first replay from content/open-logic-about.tex then content/content.tex through uncommented olimport edges.","reader_unit","Pairs and Predecessor","lam","0","","","1","content/lambda-calculus/lambda-definability/lambda-definability.tex","0","","4","align*:1|defn:1|document:1|prob:1","0","0","1","1","0","0","0","0","0","1","0","0","0","0","0","0","24","locale/ar/content/lambda-calculus/lambda-definability/pairs.tex","ACCEPTED","1C209CB26A647272B11BB4ABA86270C7F6296496FF17C60312BA83D77926B437","PASS_STATIC_SEMANTIC_SOURCE_CARRIER_EXPANSION_MORPHOLOGY_UNICODE_PAIRED_DIRECT_FILE_REPLAY_BUILD_DEFERRED_FOR_DEPENDENCY_CLOSURE","locale/fa-IR/content/lambda-calculus/lambda-definability/pairs.tex","ACCEPTED","C0BD269F2EEF41A584F4BB93D03A4F6D0B097571CBAA23648D17E9B46C6AF0E5","PASS_STATIC_SEMANTIC_SOURCE_CARRIER_EXPANSION_MORPHOLOGY_UNICODE_PAIRED_DIRECT_FILE_REPLAY_BUILD_DEFERRED_FOR_DEPENDENCY_CLOSURE","ACCEPTED"
"OLP-0377","377","9620cc73f9c8e0ad003c514a5d3748f29611c4c0","content/lambda-calculus/lambda-definability/truth-values.tex","2bde4662af2aefb9be953d1f7abf5e1af20dd022705ecf28f33aa86866c8d8f0","3248","79","445","true","true","377","canonical_complete_reader_reachable","Reached by ordered depth-first replay from content/open-logic-about.tex then content/content.tex through uncommented olimport edges.","reader_unit","Truth Values and Relations","lam","0","","","1","content/lambda-calculus/lambda-definability/lambda-definability.tex","0","","6","align*:3|defn:1|document:1|prob:1","0","0","1","1","0","0","0","0","0","1","0","0","0","0","0","0","50","locale/ar/content/lambda-calculus/lambda-definability/truth-values.tex","ACCEPTED","A3F468325947A4A823B2CD0065D1F641D86526C8947008A3EAFC0E2750D2494E","PASS_STATIC_SEMANTIC_SOURCE_CARRIER_EXPANSION_MORPHOLOGY_UNICODE_PAIRED_DIRECT_FILE_REPLAY_BUILD_DEFERRED_FOR_DEPENDENCY_CLOSURE","locale/fa-IR/content/lambda-calculus/lambda-definability/truth-values.tex","ACCEPTED","01B98B004A7BB208AF47B7614D95CC72E98EF27D16484EB8CAEF2EA974F4AF83","PASS_STATIC_SEMANTIC_SOURCE_CARRIER_EXPANSION_MORPHOLOGY_UNICODE_PAIRED_DIRECT_FILE_REPLAY_BUILD_DEFERRED_FOR_DEPENDENCY_CLOSURE","ACCEPTED"
"OLP-0378","378","9620cc73f9c8e0ad003c514a5d3748f29611c4c0","content/lambda-calculus/lambda-definability/primitive-recursive-functions.tex","9e059524acc2a9576a93578fbb7fcbcb7e32dbe2a9b2bacc117b013e00b61b62","5987","153","736","true","true","378","canonical_complete_reader_reachable","Reached by ordered depth-first replay from content/open-logic-about.tex then content/content.tex through uncommented olimport edges.","reader_unit","","lam","0","","","1","content/lambda-calculus/lambda-definability/lambda-definability.tex","0","","15","align*:5|document:1|lem:3|prob:1|proof:4|prop:1","0","0","1","0","0","1","3","0","0","1","4","0","0","0","5","0","65","locale/ar/content/lambda-calculus/lambda-definability/primitive-recursive-functions.tex","ACCEPTED","0673DA7A048F048040E616503AB1770C548946A151F708291987EDFBB2B809B2","PASS_STATIC_SEMANTIC_SOURCE_CARRIER_EXPANSION_MORPHOLOGY_UNICODE_PAIRED_DIRECT_FILE_REPLAY_BUILD_DEFERRED_FOR_DEPENDENCY_CLOSURE","locale/fa-IR/content/lambda-calculus/lambda-definability/primitive-recursive-functions.tex","ACCEPTED","7548B2A664632857C11AF48703B0E8964D813766A75C245EE05AEA1B04709C7D","PASS_STATIC_SEMANTIC_SOURCE_CARRIER_EXPANSION_MORPHOLOGY_UNICODE_PAIRED_DIRECT_FILE_REPLAY_BUILD_DEFERRED_FOR_DEPENDENCY_CLOSURE","ACCEPTED"
"OLP-0379","379","9620cc73f9c8e0ad003c514a5d3748f29611c4c0","content/lambda-calculus/lambda-definability/fixpoints.tex","02f6f79ac6fba17035dc7cc4f4f658ecfeb16204cf0ec496e4d54f55613477e0","7097","177","930","true","true","379","canonical_complete_reader_reachable","Reached by ordered depth-first replay from content/open-logic-about.tex then content/content.tex through uncommented olimport edges.","reader_unit","Fixpoints","lam","0","","","1","content/lambda-calculus/lambda-definability/lambda-definability.tex","0","","10","align*:6|defn:1|document:1|proof:1|thm:1","0","0","1","1","1","0","0","0","0","0","1","0","0","0","1","0","89","locale/ar/content/lambda-calculus/lambda-definability/fixpoints.tex","ACCEPTED","981675ED034DE19AAEA17B35F45D8BDFC8BE392F426D4ED25DAD9C1F292E2F2C","PASS_STATIC_SEMANTIC_SOURCE_CARRIER_EXPANSION_MORPHOLOGY_UNICODE_PAIRED_DIRECT_FILE_REPLAY_BUILD_DEFERRED_FOR_DEPENDENCY_CLOSURE","locale/fa-IR/content/lambda-calculus/lambda-definability/fixpoints.tex","ACCEPTED","11298B621B02AC40E7E3F3962FC57BFA690F21DAF6F7E5FEB9A57078991428C7","PASS_STATIC_SEMANTIC_SOURCE_CARRIER_EXPANSION_MORPHOLOGY_UNICODE_PAIRED_DIRECT_FILE_REPLAY_BUILD_DEFERRED_FOR_DEPENDENCY_CLOSURE","ACCEPTED"
"OLP-0380","380","9620cc73f9c8e0ad003c514a5d3748f29611c4c0","content/lambda-calculus/lambda-definability/minimization.tex","792fdab3fca1c04b414385f66cb0c5d762134b661a9486b1e2664f29c27e89f7","2559","72","295","true","true","380","canonical_complete_reader_reachable","Reached by ordered depth-first replay from content/open-logic-about.tex then content/content.tex through uncommented olimport edges.","reader_unit","Minimization","lam","0","","","1","content/lambda-calculus/lambda-definability/lambda-definability.tex","0","","7","align*:2|document:1|lem:1|proof:2|prop:1","0","0","1","0","0","1","1","0","0","0","2","0","0","0","4","0","25","locale/ar/content/lambda-calculus/lambda-definability/minimization.tex","ACCEPTED","2464B294D5B53E2EE1DF7E7D7249396D6CD81357283F568B4A365455326DDB24","PASS_STATIC_SEMANTIC_SOURCE_CARRIER_EXPANSION_MORPHOLOGY_UNICODE_PAIRED_DIRECT_FILE_REPLAY_BUILD_DEFERRED_FOR_DEPENDENCY_CLOSURE","locale/fa-IR/content/lambda-calculus/lambda-definability/minimization.tex","ACCEPTED","1C835F8D09C927A6B696026E38CD15EA1535E4C3571DBFD357891727702E992E","PASS_STATIC_SEMANTIC_SOURCE_CARRIER_EXPANSION_MORPHOLOGY_UNICODE_PAIRED_DIRECT_FILE_REPLAY_BUILD_DEFERRED_FOR_DEPENDENCY_CLOSURE","ACCEPTED"
"OLP-0381","381","9620cc73f9c8e0ad003c514a5d3748f29611c4c0","content/lambda-calculus/lambda-definability/partial-recursive-functions.tex","3cca3c4e7b7823e4ff52ac123941ec65f13752083190b37e349e8bba6a8b6e0e","1875","44","263","true","true","381","canonical_complete_reader_reachable","Reached by ordered depth-first replay from content/open-logic-about.tex then content/content.tex through uncommented olimport edges.","reader_unit","","lam","0","","","1","content/lambda-calculus/lambda-definability/lambda-definability.tex","0","","2","document:1|thm:1","0","0","1","0","1","0","0","0","0","0","0","0","0","0","0","0","14","locale/ar/content/lambda-calculus/lambda-definability/partial-recursive-functions.tex","ACCEPTED","2B84330A118FF48FB3A75D38BA0EE29AE47037024EE0A5496188DC30C09C35D1","PASS_STATIC_SEMANTIC_SOURCE_CARRIER_EXPANSION_MORPHOLOGY_UNICODE_PAIRED_DIRECT_FILE_REPLAY_BUILD_DEFERRED_FOR_DEPENDENCY_CLOSURE","locale/fa-IR/content/lambda-calculus/lambda-definability/partial-recursive-functions.tex","ACCEPTED","CF4E4A71E39B24E5B763ED1833584CAEB33508D25D8F99F421EE46B24E412CF7","PASS_STATIC_SEMANTIC_SOURCE_CARRIER_EXPANSION_MORPHOLOGY_UNICODE_PAIRED_DIRECT_FILE_REPLAY_BUILD_DEFERRED_FOR_DEPENDENCY_CLOSURE","ACCEPTED"
"OLP-0382","382","9620cc73f9c8e0ad003c514a5d3748f29611c4c0","content/lambda-calculus/lambda-definability/lambda-definable-recursive.tex","5084b64a843552bde883517ce5804906cd8eba67397b9ebf59978e07717095d2","2013","47","271","true","true","382","canonical_complete_reader_reachable","Reached by ordered depth-first replay from content/open-logic-about.tex then content/content.tex through uncommented olimport edges.","reader_unit","","lam","0","","","1","content/lambda-calculus/lambda-definability/lambda-definability.tex","0","","3","document:1|proof:1|thm:1","0","0","1","0","1","0","0","0","0","0","1","0","0","0","0","0","20","locale/ar/content/lambda-calculus/lambda-definability/lambda-definable-recursive.tex","ACCEPTED","A5B9E838D1E1F68D6ED520D581EE95A864CEFA0112B799E299DAA12326777629","PASS_STATIC_SEMANTIC_SOURCE_CARRIER_EXPANSION_MORPHOLOGY_UNICODE_PAIRED_DIRECT_FILE_REPLAY_BUILD_DEFERRED_FOR_DEPENDENCY_CLOSURE","locale/fa-IR/content/lambda-calculus/lambda-definability/lambda-definable-recursive.tex","ACCEPTED","FB9423D471CD344C78D8F4AB534FACE2E99DF7EDDF6DEBBFB6FC9E35E10D5936","PASS_STATIC_SEMANTIC_SOURCE_CARRIER_EXPANSION_MORPHOLOGY_UNICODE_PAIRED_DIRECT_FILE_REPLAY_BUILD_DEFERRED_FOR_DEPENDENCY_CLOSURE","ACCEPTED"
"OLP-0383","383","9620cc73f9c8e0ad003c514a5d3748f29611c4c0","content/many-valued-logic/many-valued-logic.tex","2a69d563ac25cd027173829161a4d4ca4232563d204085e80613f2479086acf3","511","24","45","true","true","383","canonical_complete_reader_reachable","Reached by ordered depth-first replay from content/open-logic-about.tex then content/content.tex through uncommented olimport edges.","part_driver","Many-valued Logic","","4","content/many-valued-logic/syntax-and-semantics/syntax-and-semantics.tex|content/many-valued-logic/three-valued-logics/three-valued-logics.tex|content/many-valued-logic/infinite-valued-logics/infinite-valued-logics.tex|content/many-valued-logic/sequent-calculus/sequent-calculus.tex","","1","content/content.tex","0","","2","document:1|editorial:1","1","0","0","0","0","0","0","0","0","0","0","0","0","0","0","0","0","locale/ar/content/many-valued-logic/many-valued-logic.tex","ACCEPTED","D233955A2E31B83F466B424AFFE8A398F276D84BE79AFC46ADA0B9016D98B697","PASS_STATIC_SEMANTIC_SOURCE_CARRIER_EXPANSION_MORPHOLOGY_UNICODE_PAIRED_DIRECT_FILE_REPLAY_BUILD_DEFERRED_FOR_DEPENDENCY_CLOSURE","locale/fa-IR/content/many-valued-logic/many-valued-logic.tex","ACCEPTED","3346263E4C033C0D6C7124F938CA7A776837FD0B4609A72AB38D758EFC5BE6BF","PASS_STATIC_SEMANTIC_SOURCE_CARRIER_EXPANSION_MORPHOLOGY_UNICODE_PAIRED_DIRECT_FILE_REPLAY_BUILD_DEFERRED_FOR_DEPENDENCY_CLOSURE","ACCEPTED"
"OLP-0384","384","9620cc73f9c8e0ad003c514a5d3748f29611c4c0","content/many-valued-logic/syntax-and-semantics/syntax-and-semantics.tex","3f17bc4b7ea0fe51d95f584b107306edd4100705ec27dcc791df365570aadaab","413","27","21","true","true","384","canonical_complete_reader_reachable","Reached by ordered depth-first replay from content/open-logic-about.tex then content/content.tex through uncommented olimport edges.","chapter_driver","Syntax and Semantics","","7","content/many-valued-logic/syntax-and-semantics/introduction.tex|content/many-valued-logic/syntax-and-semantics/connectives.tex|content/many-valued-logic/syntax-and-semantics/formulas.tex|content/many-valued-logic/syntax-and-semantics/matrices.tex|content/many-valued-logic/syntax-and-semantics/valuations-sat.tex|content/many-valued-logic/syntax-and-semantics/semantic-notions.tex|content/many-valued-logic/syntax-and-semantics/sublogics.tex","","1","content/many-valued-logic/many-valued-logic.tex","0","","1","document:1","0","1","0","0","0","0","0","0","0","0","0","0","0","0","0","0","0","locale/ar/content/many-valued-logic/syntax-and-semantics/syntax-and-semantics.tex","ACCEPTED","47CAF5ABFB057E61C3F1A87C178026BD3241BEC238D8843CE9ADA6675B80840D","PASS_STATIC_SEMANTIC_SOURCE_CARRIER_EXPANSION_MORPHOLOGY_UNICODE_PAIRED_DIRECT_FILE_REPLAY_BUILD_DEFERRED_FOR_DEPENDENCY_CLOSURE","locale/fa-IR/content/many-valued-logic/syntax-and-semantics/syntax-and-semantics.tex","ACCEPTED","AED49FBB3CE661A90A3984B0148C931A49D22D4FF7455638CADAAA851C74D40D","PASS_STATIC_SEMANTIC_SOURCE_CARRIER_EXPANSION_MORPHOLOGY_UNICODE_PAIRED_DIRECT_FILE_REPLAY_BUILD_DEFERRED_FOR_DEPENDENCY_CLOSURE","ACCEPTED"
"OLP-0385","385","9620cc73f9c8e0ad003c514a5d3748f29611c4c0","content/many-valued-logic/syntax-and-semantics/introduction.tex","04e2f80166006666f802b240319654d7daec140e1272c37eabc916930b0e6212","3285","64","462","true","true","385","canonical_complete_reader_reachable","Reached by ordered depth-first replay from content/open-logic-about.tex then content/content.tex through uncommented olimport edges.","reader_unit","Introduction","mvl","0","","","1","content/many-valued-logic/syntax-and-semantics/syntax-and-semantics.tex","0","","1","document:1","0","0","1","0","0","0","0","0","0","0","0","0","0","0","0","0","45","locale/ar/content/many-valued-logic/syntax-and-semantics/introduction.tex","ACCEPTED","F4CAF3C5DB1C44C239A0D4A1BCDAF494FCD2C930D066A3E8F6CE825C50C35BC9","PASS_STATIC_SEMANTIC_SOURCE_CARRIER_EXPANSION_MORPHOLOGY_UNICODE_PAIRED_DIRECT_FILE_REPLAY_BUILD_DEFERRED_FOR_DEPENDENCY_CLOSURE","locale/fa-IR/content/many-valued-logic/syntax-and-semantics/introduction.tex","ACCEPTED","E7C9BE5502AB416EA7617A39A8750925CC21DDD6B5B05665765A3A2A9962FFDE","PASS_STATIC_SEMANTIC_SOURCE_CARRIER_EXPANSION_MORPHOLOGY_UNICODE_PAIRED_DIRECT_FILE_REPLAY_BUILD_DEFERRED_FOR_DEPENDENCY_CLOSURE","ACCEPTED"
"OLP-0386","386","9620cc73f9c8e0ad003c514a5d3748f29611c4c0","content/many-valued-logic/syntax-and-semantics/connectives.tex","3e857c9e560394dc6839b520db3e2b71ef9e24b1f542648ccbe5af70a9993458","2862","71","274","true","true","386","canonical_complete_reader_reachable","Reached by ordered depth-first replay from content/open-logic-about.tex then content/content.tex through uncommented olimport edges.","reader_unit","Languages and Connectives","mvl","0","","","1","content/many-valued-logic/syntax-and-semantics/syntax-and-semantics.tex","0","","4","defn:1|document:1|enumerate:1|ex:1","0","0","1","1","0","0","0","0","1","0","0","0","0","0","0","0","36","locale/ar/content/many-valued-logic/syntax-and-semantics/connectives.tex","ACCEPTED","53CA171964734D96E18E7BD24CFAB7836D84AA5ABECC408A3BBD4A81C3965904","PASS_STATIC_SEMANTIC_SOURCE_CARRIER_EXPANSION_MORPHOLOGY_UNICODE_PAIRED_DIRECT_FILE_REPLAY_BUILD_DEFERRED_FOR_DEPENDENCY_CLOSURE","locale/fa-IR/content/many-valued-logic/syntax-and-semantics/connectives.tex","ACCEPTED","058A10FD3F5C72CFFA9949FF1C9EA993042982C45863BF93CF5DB23815D6B57F","PASS_STATIC_SEMANTIC_SOURCE_CARRIER_EXPANSION_MORPHOLOGY_UNICODE_PAIRED_DIRECT_FILE_REPLAY_BUILD_DEFERRED_FOR_DEPENDENCY_CLOSURE","ACCEPTED"
"OLP-0387","387","9620cc73f9c8e0ad003c514a5d3748f29611c4c0","content/many-valued-logic/syntax-and-semantics/formulas.tex","8001a85d62cff1f3207e029dbfcf21ef8d8581be0a0e50ffd6cd5ec87cc1bd38","1547","44","165","true","true","387","canonical_complete_reader_reachable","Reached by ordered depth-first replay from content/open-logic-about.tex then content/content.tex through uncommented olimport edges.","reader_unit","","mvl","0","","","1","content/many-valued-logic/syntax-and-semantics/syntax-and-semantics.tex","0","","4","defn:1|document:1|enumerate:1|ex:1","0","0","1","1","0","0","0","0","1","0","0","0","0","0","0","0","25","locale/ar/content/many-valued-logic/syntax-and-semantics/formulas.tex","ACCEPTED","3211A0D45FF4ECE86883AFAE52C1E2B6605D710224418ECE0177DB7098E88251","PASS_STATIC_SEMANTIC_SOURCE_CARRIER_EXPANSION_MORPHOLOGY_UNICODE_PAIRED_DIRECT_FILE_REPLAY_BUILD_DEFERRED_FOR_DEPENDENCY_CLOSURE","locale/fa-IR/content/many-valued-logic/syntax-and-semantics/formulas.tex","ACCEPTED","AB975CBFD98026CAE599B9E55FF45CE54B6A13AB495B2D053FDC3C7F529F5102","PASS_STATIC_SEMANTIC_SOURCE_CARRIER_EXPANSION_MORPHOLOGY_UNICODE_PAIRED_DIRECT_FILE_REPLAY_BUILD_DEFERRED_FOR_DEPENDENCY_CLOSURE","ACCEPTED"
"OLP-0388","388","9620cc73f9c8e0ad003c514a5d3748f29611c4c0","content/many-valued-logic/syntax-and-semantics/matrices.tex","a4b18492278743dee4b6df353c9cfd427f153eb499561b546998138370224644","2373","77","182","true","true","388","canonical_complete_reader_reachable","Reached by ordered depth-first replay from content/open-logic-about.tex then content/content.tex through uncommented olimport edges.","reader_unit","Matrices","mvl","0","","","1","content/many-valued-logic/syntax-and-semantics/syntax-and-semantics.tex","0","","11","center:1|defn:1|document:1|enumerate:2|ex:1|figure:1|tabular:4","0","0","1","1","0","0","0","0","1","0","0","1","0","0","1","0","56","locale/ar/content/many-valued-logic/syntax-and-semantics/matrices.tex","ACCEPTED","66D739B5B1863740A2C6AD73E62261B5301B9E0F02D529A86F4C14D7CB88E8A7","PASS_STATIC_SEMANTIC_SOURCE_CARRIER_EXPANSION_MORPHOLOGY_UNICODE_PAIRED_DIRECT_FILE_REPLAY_BUILD_DEFERRED_FOR_DEPENDENCY_CLOSURE","locale/fa-IR/content/many-valued-logic/syntax-and-semantics/matrices.tex","ACCEPTED","B8467282137850BEDC673B466819DB63C13FEC635B5D7D2DEC1EA009CE2CAB02","PASS_STATIC_SEMANTIC_SOURCE_CARRIER_EXPANSION_MORPHOLOGY_UNICODE_PAIRED_DIRECT_FILE_REPLAY_BUILD_DEFERRED_FOR_DEPENDENCY_CLOSURE","ACCEPTED"
"OLP-0389","389","9620cc73f9c8e0ad003c514a5d3748f29611c4c0","content/many-valued-logic/syntax-and-semantics/valuations-sat.tex","97290aac82c2c9f18cab5c5207aa29bb556270f42378d41e9a9aeb301742438a","1667","48","176","true","true","389","canonical_complete_reader_reachable","Reached by ordered depth-first replay from content/open-logic-about.tex then content/content.tex through uncommented olimport edges.","reader_unit","","mvl","0","","","1","content/many-valued-logic/syntax-and-semantics/syntax-and-semantics.tex","0","","5","defn:3|document:1|enumerate:1","0","0","1","3","0","0","0","0","0","0","0","0","0","0","0","0","29","locale/ar/content/many-valued-logic/syntax-and-semantics/valuations-sat.tex","ACCEPTED","4709216F3B99C5452F43E7CFC90E914526F7EE0EDDF7F6BCB2B646B484175E67","PASS_STATIC_SEMANTIC_SOURCE_CARRIER_EXPANSION_MORPHOLOGY_UNICODE_PAIRED_DIRECT_FILE_REPLAY_BUILD_DEFERRED_FOR_DEPENDENCY_CLOSURE","locale/fa-IR/content/many-valued-logic/syntax-and-semantics/valuations-sat.tex","ACCEPTED","BFA3432D7A56E53A09133981E61EC549F49A3894CC9B8FC74972F894DFA26E8B","PASS_STATIC_SEMANTIC_SOURCE_CARRIER_EXPANSION_MORPHOLOGY_UNICODE_PAIRED_DIRECT_FILE_REPLAY_BUILD_DEFERRED_FOR_DEPENDENCY_CLOSURE","ACCEPTED"
"OLP-0390","390","9620cc73f9c8e0ad003c514a5d3748f29611c4c0","content/many-valued-logic/syntax-and-semantics/semantic-notions.tex","b0d2713e104a374b3afc7c351b18cdc6f8270a5804161c97be024ca273bd2df9","2406","71","256","true","true","390","canonical_complete_reader_reachable","Reached by ordered depth-first replay from content/open-logic-about.tex then content/content.tex through uncommented olimport edges.","reader_unit","Semantic Notions","mvl","0","","","1","content/many-valued-logic/syntax-and-semantics/syntax-and-semantics.tex","0","","7","defn:1|document:1|enumerate:2|prob:1|proof:1|prop:1","0","0","1","1","0","1","0","0","0","1","1","0","0","0","1","0","40","locale/ar/content/many-valued-logic/syntax-and-semantics/semantic-notions.tex","ACCEPTED","8F494881E770C28974EA7702A17AFC86E2FECA13EEDA6973CBB5DD69F9C447F8","PASS_STATIC_SEMANTIC_SOURCE_CARRIER_EXPANSION_MORPHOLOGY_UNICODE_PAIRED_DIRECT_FILE_REPLAY_BUILD_DEFERRED_FOR_DEPENDENCY_CLOSURE","locale/fa-IR/content/many-valued-logic/syntax-and-semantics/semantic-notions.tex","ACCEPTED","A9F14E1575CEE3D4DED0B1DB8267FA4A9CA2080556BDC4D1047715CA7530ADEF","PASS_STATIC_SEMANTIC_SOURCE_CARRIER_EXPANSION_MORPHOLOGY_UNICODE_PAIRED_DIRECT_FILE_REPLAY_BUILD_DEFERRED_FOR_DEPENDENCY_CLOSURE","ACCEPTED"
"OLP-0391","391","9620cc73f9c8e0ad003c514a5d3748f29611c4c0","content/many-valued-logic/syntax-and-semantics/sublogics.tex","e831e5ce1375c0ea5b2743d8c8c45cf0d8299dde538cdf46284e34a968c665a1","4122","91","381","true","true","391","canonical_complete_reader_reachable","Reached by ordered depth-first replay from content/open-logic-about.tex then content/content.tex through uncommented olimport edges.","reader_unit","Many-valued logics as sublogics of~$\LogCL$","mvl","0","","","1","content/many-valued-logic/syntax-and-semantics/syntax-and-semantics.tex","0","","9","align*:2|cor:1|document:1|enumerate:2|proof:2|prop:1","0","0","1","0","0","1","0","1","0","0","2","0","0","0","8","0","65","locale/ar/content/many-valued-logic/syntax-and-semantics/sublogics.tex","ACCEPTED","84F5834AEF5D2F475E129CE5B545A06355827DD62CBC3FC4229AD542102E1F4F","PASS_STATIC_SEMANTIC_SOURCE_CARRIER_EXPANSION_MORPHOLOGY_UNICODE_PAIRED_DIRECT_FILE_REPLAY_BUILD_DEFERRED_FOR_DEPENDENCY_CLOSURE","locale/fa-IR/content/many-valued-logic/syntax-and-semantics/sublogics.tex","ACCEPTED","3517F9BBAFCB11B51143FB2C6AD4977004CBF838C50B20E7B74AA3A30491FA92","PASS_STATIC_SEMANTIC_SOURCE_CARRIER_EXPANSION_MORPHOLOGY_UNICODE_PAIRED_DIRECT_FILE_REPLAY_BUILD_DEFERRED_FOR_DEPENDENCY_CLOSURE","ACCEPTED"
"OLP-0392","392","9620cc73f9c8e0ad003c514a5d3748f29611c4c0","content/many-valued-logic/three-valued-logics/three-valued-logics.tex","8015ad7f225f913aa068bd9e9cba20b78b35e0b3844c60fe8a3989f6c2d9ac74","358","23","18","true","true","392","canonical_complete_reader_reachable","Reached by ordered depth-first replay from content/open-logic-about.tex then content/content.tex through uncommented olimport edges.","chapter_driver","Three-valued Logics","","5","content/many-valued-logic/three-valued-logics/introduction.tex|content/many-valued-logic/three-valued-logics/lukasiewicz.tex|content/many-valued-logic/three-valued-logics/kleene.tex|content/many-valued-logic/three-valued-logics/goedel.tex|content/many-valued-logic/three-valued-logics/multiple-designation.tex","","1","content/many-valued-logic/many-valued-logic.tex","0","","1","document:1","0","1","0","0","0","0","0","0","0","0","0","0","0","0","0","0","0","locale/ar/content/many-valued-logic/three-valued-logics/three-valued-logics.tex","ACCEPTED","EF09F12AE810A0FCA04443E507FA8E40F01F44FBCAF83935EC086F89C84E4F18","PASS_STATIC_SEMANTIC_SOURCE_CARRIER_EXPANSION_MORPHOLOGY_UNICODE_PAIRED_DIRECT_FILE_REPLAY_BUILD_DEFERRED_FOR_DEPENDENCY_CLOSURE","locale/fa-IR/content/many-valued-logic/three-valued-logics/three-valued-logics.tex","ACCEPTED","C2608529D61E22C948711F833539DA9E542F50ADBD2B91070F024B9C68BDB62C","PASS_STATIC_SEMANTIC_SOURCE_CARRIER_EXPANSION_MORPHOLOGY_UNICODE_PAIRED_DIRECT_FILE_REPLAY_BUILD_DEFERRED_FOR_DEPENDENCY_CLOSURE","ACCEPTED"
"OLP-0393","393","9620cc73f9c8e0ad003c514a5d3748f29611c4c0","content/many-valued-logic/three-valued-logics/introduction.tex","3c037aaf7bcd3d7986c15ccff60ecf1763afabbaf0e2be4c5a8961de46382eef","786","24","91","true","true","393","canonical_complete_reader_reachable","Reached by ordered depth-first replay from content/open-logic-about.tex then content/content.tex through uncommented olimport edges.","reader_unit","Introduction","mvl","0","","","1","content/many-valued-logic/three-valued-logics/three-valued-logics.tex","0","","1","document:1","0","0","1","0","0","0","0","0","0","0","0","0","0","0","0","0","10","locale/ar/content/many-valued-logic/three-valued-logics/introduction.tex","ACCEPTED","B2A2F24834E71DDC55A8799F6931B98454655C28A5A27BF64793944F672AD93B","PASS_STATIC_SEMANTIC_SOURCE_CARRIER_EXPANSION_MORPHOLOGY_UNICODE_PAIRED_DIRECT_FILE_REPLAY_BUILD_DEFERRED_FOR_DEPENDENCY_CLOSURE","locale/fa-IR/content/many-valued-logic/three-valued-logics/introduction.tex","ACCEPTED","E98A1B4C361F02A9CD6554D16ECBD2EFD9D25573C80A07E824A0FF2B568296CD","PASS_STATIC_SEMANTIC_SOURCE_CARRIER_EXPANSION_MORPHOLOGY_UNICODE_PAIRED_DIRECT_FILE_REPLAY_BUILD_DEFERRED_FOR_DEPENDENCY_CLOSURE","ACCEPTED"
"OLP-0394","394","9620cc73f9c8e0ad003c514a5d3748f29611c4c0","content/many-valued-logic/three-valued-logics/lukasiewicz.tex","f4f46fab1263ab5437fc91964cf3e61a658ca18f5739c520a43f4e45f669f2ab","10307","242","1079","true","true","394","canonical_complete_reader_reachable","Reached by ordered depth-first replay from content/open-logic-about.tex then content/content.tex through uncommented olimport edges.","reader_unit","\L ukasiewicz logic","mvl","0","","","1","content/many-valued-logic/three-valued-logics/three-valued-logics.tex","0","","23","center:3|defn:1|document:1|enumerate:4|prob:5|prop:1|quote:1|tabular:7","0","0","1","1","0","1","0","0","0","5","0","0","0","3","3","0","174","locale/ar/content/many-valued-logic/three-valued-logics/lukasiewicz.tex","ACCEPTED","65F1B1E0B9139DD7DBCEAC5C096D4E0716CD51F84AB06BC67CE7DE66D451ABD8","PASS_STATIC_SEMANTIC_SOURCE_CARRIER_EXPANSION_MORPHOLOGY_UNICODE_PAIRED_DIRECT_FILE_REPLAY_BUILD_DEFERRED_FOR_DEPENDENCY_CLOSURE","locale/fa-IR/content/many-valued-logic/three-valued-logics/lukasiewicz.tex","ACCEPTED","06A61A20946F0AA52833B28B64BC06088A3DA5DC1056C1BB2229226DD7176191","PASS_STATIC_SEMANTIC_SOURCE_CARRIER_EXPANSION_MORPHOLOGY_UNICODE_PAIRED_DIRECT_FILE_REPLAY_BUILD_DEFERRED_FOR_DEPENDENCY_CLOSURE","ACCEPTED"
"OLP-0395","395","9620cc73f9c8e0ad003c514a5d3748f29611c4c0","content/many-valued-logic/three-valued-logics/kleene.tex","5630d9cb5c6a43dde8e85791827e95326ea0258b9be9aecbef3e89ee098cb376","7075","197","625","true","true","395","canonical_complete_reader_reachable","Reached by ordered depth-first replay from content/open-logic-about.tex then content/content.tex through uncommented olimport edges.","reader_unit","Kleene logics","mvl","0","","","1","content/many-valued-logic/three-valued-logics/three-valued-logics.tex","0","","23","center:3|defn:2|document:1|enumerate:3|prob:2|proof:1|prop:1|tabular:10","0","0","1","2","0","1","0","0","0","2","1","0","0","0","0","0","185","locale/ar/content/many-valued-logic/three-valued-logics/kleene.tex","ACCEPTED","5CAEF009A0238D5677F563DC499E16BE5FC9B7D17D47D4E617868447ECD438E7","PASS_STATIC_SEMANTIC_SOURCE_CARRIER_EXPANSION_MORPHOLOGY_UNICODE_PAIRED_DIRECT_FILE_REPLAY_BUILD_DEFERRED_FOR_DEPENDENCY_CLOSURE","locale/fa-IR/content/many-valued-logic/three-valued-logics/kleene.tex","ACCEPTED","D555E6A93EC6A711A3F2B36688D72EE7913DAAEDB78AEF8F2E63B5172F097BD4","PASS_STATIC_SEMANTIC_SOURCE_CARRIER_EXPANSION_MORPHOLOGY_UNICODE_PAIRED_DIRECT_FILE_REPLAY_BUILD_DEFERRED_FOR_DEPENDENCY_CLOSURE","ACCEPTED"
"OLP-0396","396","9620cc73f9c8e0ad003c514a5d3748f29611c4c0","content/many-valued-logic/three-valued-logics/goedel.tex","de6e29f7cf74c9ee8288354943e960df3ccb3f50ebaa2921442b20c9adac13bf","4223","118","346","true","true","396","canonical_complete_reader_reachable","Reached by ordered depth-first replay from content/open-logic-about.tex then content/content.tex through uncommented olimport edges.","reader_unit","G\""odel logics","mvl","0","","","1","content/many-valued-logic/three-valued-logics/three-valued-logics.tex","0","","15","align*:3|center:1|defn:1|document:1|enumerate:2|prob:3|tabular:4","0","0","1","1","0","0","0","0","0","3","0","0","0","0","0","0","92","locale/ar/content/many-valued-logic/three-valued-logics/goedel.tex","ACCEPTED","57FFFE02FED67171BD5B85F5E7CD4D596CDF9F3F1187A5799B48F1AF48DA7BAE","PASS_STATIC_SEMANTIC_SOURCE_CARRIER_EXPANSION_MORPHOLOGY_UNICODE_PAIRED_DIRECT_FILE_REPLAY_BUILD_DEFERRED_FOR_DEPENDENCY_CLOSURE","locale/fa-IR/content/many-valued-logic/three-valued-logics/goedel.tex","ACCEPTED","B10F79BE19A3EA0F576ACC9FFB40D9E1842D15B8883E1ED1C315B451BD63207B","PASS_STATIC_SEMANTIC_SOURCE_CARRIER_EXPANSION_MORPHOLOGY_UNICODE_PAIRED_DIRECT_FILE_REPLAY_BUILD_DEFERRED_FOR_DEPENDENCY_CLOSURE","ACCEPTED"
"OLP-0397","397","9620cc73f9c8e0ad003c514a5d3748f29611c4c0","content/many-valued-logic/three-valued-logics/multiple-designation.tex","105d956c622e310bf3039faa57d0fb5604531a143cc8c7bcf3c48d26ee038a09","8529","210","854","true","true","397","canonical_complete_reader_reachable","Reached by ordered depth-first replay from content/open-logic-about.tex then content/content.tex through uncommented olimport edges.","reader_unit","Designating not just $\True$","mvl","0","","","1","content/many-valued-logic/three-valued-logics/three-valued-logics.tex","0","","24","cases:1|center:1|defn:3|document:1|enumerate:8|prob:5|proof:2|prop:2|tabular:1","0","0","1","3","0","2","0","0","0","5","2","0","0","0","5","0","144","locale/ar/content/many-valued-logic/three-valued-logics/multiple-designation.tex","ACCEPTED","D48CF065EE72F1A0EBFFDDE5C2E3C95E8FE08082D68B24BEA4F97FC826D59EF6","PASS_STATIC_SEMANTIC_SOURCE_CARRIER_EXPANSION_MORPHOLOGY_UNICODE_PAIRED_DIRECT_FILE_REPLAY_BUILD_DEFERRED_FOR_DEPENDENCY_CLOSURE","locale/fa-IR/content/many-valued-logic/three-valued-logics/multiple-designation.tex","ACCEPTED","03CD087819CF1B43BC73467DF7E0646674BDE8C01D99B72EAD20A112D43CEBA0","PASS_STATIC_SEMANTIC_SOURCE_CARRIER_EXPANSION_MORPHOLOGY_UNICODE_PAIRED_DIRECT_FILE_REPLAY_BUILD_DEFERRED_FOR_DEPENDENCY_CLOSURE","ACCEPTED"
"OLP-0398","398","9620cc73f9c8e0ad003c514a5d3748f29611c4c0","content/many-valued-logic/infinite-valued-logics/infinite-valued-logics.tex","fb04e81a62757c4d33472613879b832aaab480e9be4f9e8b7396299017352921","305","19","15","true","true","398","canonical_complete_reader_reachable","Reached by ordered depth-first replay from content/open-logic-about.tex then content/content.tex through uncommented olimport edges.","chapter_driver","Infinite-valued Logics","","3","content/many-valued-logic/infinite-valued-logics/introduction.tex|content/many-valued-logic/infinite-valued-logics/lukasiewicz.tex|content/many-valued-logic/infinite-valued-logics/goedel.tex","","1","content/many-valued-logic/many-valued-logic.tex","0","","1","document:1","0","1","0","0","0","0","0","0","0","0","0","0","0","0","0","0","0","locale/ar/content/many-valued-logic/infinite-valued-logics/infinite-valued-logics.tex","ACCEPTED","95C35F13689412619D8B96D42627A986D267FFB674530DD829022FD9D408DEAB","PASS_STATIC_SEMANTIC_SOURCE_CARRIER_EXPANSION_MORPHOLOGY_UNICODE_PAIRED_DIRECT_FILE_REPLAY_BUILD_DEFERRED_FOR_DEPENDENCY_CLOSURE","locale/fa-IR/content/many-valued-logic/infinite-valued-logics/infinite-valued-logics.tex","ACCEPTED","AD4399CF262A391DAD6B05A2F72623BB29F1E11DA9BC332CFE313684ADBB7390","PASS_STATIC_SEMANTIC_SOURCE_CARRIER_EXPANSION_MORPHOLOGY_UNICODE_PAIRED_DIRECT_FILE_REPLAY_BUILD_DEFERRED_FOR_DEPENDENCY_CLOSURE","ACCEPTED"
"OLP-0399","399","9620cc73f9c8e0ad003c514a5d3748f29611c4c0","content/many-valued-logic/infinite-valued-logics/introduction.tex","affd39b02580135e472d159f31cbe2a5805f344a9eab515a4bce7fd18999889e","1338","36","159","true","true","399","canonical_complete_reader_reachable","Reached by ordered depth-first replay from content/open-logic-about.tex then content/content.tex through uncommented olimport edges.","reader_unit","Introduction","mvl","0","","","1","content/many-valued-logic/infinite-valued-logics/infinite-valued-logics.tex","0","","2","align*:1|document:1","0","0","1","0","0","0","0","0","0","0","0","0","0","0","0","0","15","locale/ar/content/many-valued-logic/infinite-valued-logics/introduction.tex","ACCEPTED","E44D252E238BCAD4D6532088ECFF7BA7F9F0A3C09990D6EC77F8B7928ECF9DD7","PASS_STATIC_SEMANTIC_SOURCE_CARRIER_EXPANSION_MORPHOLOGY_UNICODE_PAIRED_DIRECT_FILE_REPLAY_BUILD_DEFERRED_FOR_DEPENDENCY_CLOSURE","locale/fa-IR/content/many-valued-logic/infinite-valued-logics/introduction.tex","ACCEPTED","063C46242EBE7EA14BD791CC1A9E11B853DCF29B39DB037BECF66E36A3CEC05C","PASS_STATIC_SEMANTIC_SOURCE_CARRIER_EXPANSION_MORPHOLOGY_UNICODE_PAIRED_DIRECT_FILE_REPLAY_BUILD_DEFERRED_FOR_DEPENDENCY_CLOSURE","ACCEPTED"
"OLP-0400","400","9620cc73f9c8e0ad003c514a5d3748f29611c4c0","content/many-valued-logic/infinite-valued-logics/lukasiewicz.tex","3b6867d8660841a2e8ce81b27726e0848efb71629edd19aa77fd8cbc638ed543","3129","108","253","true","true","400","canonical_complete_reader_reachable","Reached by ordered depth-first replay from content/open-logic-about.tex then content/content.tex through uncommented olimport edges.","reader_unit","\L ukasiewicz logic","mvl","0","","","1","content/many-valued-logic/infinite-valued-logics/infinite-valued-logics.tex","0","","17","align*:1|cases:1|center:1|defn:1|document:1|editorial:1|enumerate:1|prob:2|proof:2|prop:2|tabular:4","0","0","1","1","0","2","0","0","0","2","2","0","0","0","5","0","75","locale/ar/content/many-valued-logic/infinite-valued-logics/lukasiewicz.tex","ACCEPTED","F6F0FCB04F964928E7B53810562F2B78ACF75AEB85B23FC8E6AB1F4B54CFF425","PASS_STATIC_SEMANTIC_SOURCE_CARRIER_EXPANSION_MORPHOLOGY_UNICODE_PAIRED_DIRECT_FILE_REPLAY_BUILD_DEFERRED_FOR_DEPENDENCY_CLOSURE","locale/fa-IR/content/many-valued-logic/infinite-valued-logics/lukasiewicz.tex","ACCEPTED","8B470101E82CF7D03F8940DDBCDBD5DF16CCE2B353F4C0C5B88139524B0CD0AA","PASS_STATIC_SEMANTIC_SOURCE_CARRIER_EXPANSION_MORPHOLOGY_UNICODE_PAIRED_DIRECT_FILE_REPLAY_BUILD_DEFERRED_FOR_DEPENDENCY_CLOSURE","ACCEPTED"
"OLP-0401","401","9620cc73f9c8e0ad003c514a5d3748f29611c4c0","content/many-valued-logic/infinite-valued-logics/goedel.tex","e763954137e0c3ed9e2ce32d0ed248bd50e922f7f147fc0506e482878932314b","3992","127","345","true","true","401","canonical_complete_reader_reachable","Reached by ordered depth-first replay from content/open-logic-about.tex then content/content.tex through uncommented olimport edges.","reader_unit","G\""odel logics","mvl","0","","","1","content/many-valued-logic/infinite-valued-logics/infinite-valued-logics.tex","0","","20","align*:2|cases:2|center:1|defn:1|document:1|editorial:1|enumerate:1|prob:3|proof:2|prop:2|tabular:4","0","0","1","1","0","2","0","0","0","3","2","0","0","0","5","0","91","locale/ar/content/many-valued-logic/infinite-valued-logics/goedel.tex","ACCEPTED","44AE0DF15C005086F0197DA1E3A99C2E84BEEF253C868F22A32815ABE79C821A","PASS_STATIC_SEMANTIC_SOURCE_CARRIER_EXPANSION_MORPHOLOGY_UNICODE_PAIRED_DIRECT_FILE_REPLAY_BUILD_DEFERRED_FOR_DEPENDENCY_CLOSURE","locale/fa-IR/content/many-valued-logic/infinite-valued-logics/goedel.tex","ACCEPTED","142948DFFA9692AC4518AE67C360F676B75F32F042561182D09D7463170C0531","PASS_STATIC_SEMANTIC_SOURCE_CARRIER_EXPANSION_MORPHOLOGY_UNICODE_PAIRED_DIRECT_FILE_REPLAY_BUILD_DEFERRED_FOR_DEPENDENCY_CLOSURE","ACCEPTED"
"OLP-0402","402","9620cc73f9c8e0ad003c514a5d3748f29611c4c0","content/many-valued-logic/sequent-calculus/sequent-calculus.tex","def8a764c8cb783a86a6704d96ae02529921a0bb30d118b4fe4cff4ac667cf19","348","21","19","true","true","402","canonical_complete_reader_reachable","Reached by ordered depth-first replay from content/open-logic-about.tex then content/content.tex through uncommented olimport edges.","chapter_driver","Sequent Calculus","","4","content/many-valued-logic/sequent-calculus/introduction.tex|content/many-valued-logic/sequent-calculus/rules-and-proofs.tex|content/many-valued-logic/sequent-calculus/structural-rules.tex|content/many-valued-logic/sequent-calculus/propositional-rules.tex","","1","content/many-valued-logic/many-valued-logic.tex","0","","1","document:1","0","1","0","0","0","0","0","0","0","0","0","0","0","0","0","0","0","locale/ar/content/many-valued-logic/sequent-calculus/sequent-calculus.tex","ACCEPTED","6F15E0CB1F59CDF496259462C6288685EE4E47214D1D5C03B438E6FEAD62A7A5","PASS_STATIC_SEMANTIC_SOURCE_CARRIER_EXPANSION_MORPHOLOGY_UNICODE_PAIRED_DIRECT_FILE_REPLAY_BUILD_DEFERRED_FOR_DEPENDENCY_CLOSURE","locale/fa-IR/content/many-valued-logic/sequent-calculus/sequent-calculus.tex","ACCEPTED","1ECE71C78EE94F4957C3C0F29474D4EEC0EF8A63FD248083C0FDDDA46B77C0CA","PASS_STATIC_SEMANTIC_SOURCE_CARRIER_EXPANSION_MORPHOLOGY_UNICODE_PAIRED_DIRECT_FILE_REPLAY_BUILD_DEFERRED_FOR_DEPENDENCY_CLOSURE","ACCEPTED"
"OLP-0403","403","9620cc73f9c8e0ad003c514a5d3748f29611c4c0","content/many-valued-logic/sequent-calculus/introduction.tex","4077eee65fb505ab3b97ebfc37616593b555252fafbbbebe0413981e0988bbe3","3193","84","330","true","true","403","canonical_complete_reader_reachable","Reached by ordered depth-first replay from content/open-logic-about.tex then content/content.tex through uncommented olimport edges.","reader_unit","Introduction","mvl","0","","","1","content/many-valued-logic/sequent-calculus/sequent-calculus.tex","0","","4","align*:1|defish:2|document:1","0","0","1","0","0","0","0","0","0","0","0","0","0","0","0","0","45","locale/ar/content/many-valued-logic/sequent-calculus/introduction.tex","ACCEPTED","EBA024907ECA2E264B472D8B9AE0BA4F486ED8481D9CB2A27B51523B906BE7F7","PASS_STATIC_SEMANTIC_SOURCE_CARRIER_EXPANSION_MORPHOLOGY_UNICODE_PAIRED_DIRECT_FILE_REPLAY_BUILD_DEFERRED_FOR_DEPENDENCY_CLOSURE","locale/fa-IR/content/many-valued-logic/sequent-calculus/introduction.tex","ACCEPTED","40255A02DE20DAF36B34C1491A46F64DC3BFB66CBB37A2636FBE8E4B9CF73DF2","PASS_STATIC_SEMANTIC_SOURCE_CARRIER_EXPANSION_MORPHOLOGY_UNICODE_PAIRED_DIRECT_FILE_REPLAY_BUILD_DEFERRED_FOR_DEPENDENCY_CLOSURE","ACCEPTED"
"OLP-0404","404","9620cc73f9c8e0ad003c514a5d3748f29611c4c0","content/many-valued-logic/sequent-calculus/rules-and-proofs.tex","bc7f60e5e64ad1000db484141861723f90d7eee4316d1885263c3db652089972","3007","74","354","true","true","404","canonical_complete_reader_reachable","Reached by ordered depth-first replay from content/open-logic-about.tex then content/content.tex through uncommented olimport edges.","reader_unit","","mvl","0","","","1","content/many-valued-logic/sequent-calculus/sequent-calculus.tex","0","","5","defn:4|document:1","0","0","1","4","0","0","0","0","0","0","0","0","0","0","0","0","61","locale/ar/content/many-valued-logic/sequent-calculus/rules-and-proofs.tex","ACCEPTED","814BCD23688109498291749DC9971D76125D338E362EF3BC722C9053668CA5D5","PASS_STATIC_SEMANTIC_SOURCE_CARRIER_EXPANSION_MORPHOLOGY_UNICODE_PAIRED_DIRECT_FILE_REPLAY_BUILD_DEFERRED_FOR_DEPENDENCY_CLOSURE","locale/fa-IR/content/many-valued-logic/sequent-calculus/rules-and-proofs.tex","ACCEPTED","1D88521F5DD3A4126C7CF48B53EBC7656D1970A5393BBCBF19D44A1C16EFBEE0","PASS_STATIC_SEMANTIC_SOURCE_CARRIER_EXPANSION_MORPHOLOGY_UNICODE_PAIRED_DIRECT_FILE_REPLAY_BUILD_DEFERRED_FOR_DEPENDENCY_CLOSURE","ACCEPTED"
"OLP-0405","405","9620cc73f9c8e0ad003c514a5d3748f29611c4c0","content/many-valued-logic/sequent-calculus/structural-rules.tex","56cff0e33dcc908b72e501cd49a7dd69f0a70e4b74dcd2b84e9a18494848af14","1834","53","110","true","true","405","canonical_complete_reader_reachable","Reached by ordered depth-first replay from content/open-logic-about.tex then content/content.tex through uncommented olimport edges.","reader_unit","Structural Rules","mvl","0","","","1","content/many-valued-logic/sequent-calculus/sequent-calculus.tex","0","","4","center:1|defish:2|document:1","0","0","1","0","0","0","0","0","0","0","0","0","0","0","0","0","17","locale/ar/content/many-valued-logic/sequent-calculus/structural-rules.tex","ACCEPTED","D6C26A4389B601C973F84B9DF551364A323F38D94D6EE0C40D9650CB6BE4602E","PASS_STATIC_SEMANTIC_SOURCE_CARRIER_EXPANSION_MORPHOLOGY_UNICODE_PAIRED_DIRECT_FILE_REPLAY_BUILD_DEFERRED_FOR_DEPENDENCY_CLOSURE","locale/fa-IR/content/many-valued-logic/sequent-calculus/structural-rules.tex","ACCEPTED","782C09D1811C2CB22D63AFB926EA21D897B6872366F81846476E52A3BBC6FA88","PASS_STATIC_SEMANTIC_SOURCE_CARRIER_EXPANSION_MORPHOLOGY_UNICODE_PAIRED_DIRECT_FILE_REPLAY_BUILD_DEFERRED_FOR_DEPENDENCY_CLOSURE","ACCEPTED"
"OLP-0406","406","9620cc73f9c8e0ad003c514a5d3748f29611c4c0","content/many-valued-logic/sequent-calculus/propositional-rules.tex","0d74a6c4ba24d5178d205fd05971dd4684e3d8fcdae367878ab857e3a54513b6","8173","236","406","true","true","406","canonical_complete_reader_reachable","Reached by ordered depth-first replay from content/open-logic-about.tex then content/content.tex through uncommented olimport edges.","reader_unit","Propositional Rules for Selected Logics","mvl","0","","","1","content/many-valued-logic/sequent-calculus/sequent-calculus.tex","0","","16","center:7|defish:7|document:1|sidewaysfigure:1","0","0","5","0","0","0","0","0","0","0","0","0","0","0","0","0","110","locale/ar/content/many-valued-logic/sequent-calculus/propositional-rules.tex","ACCEPTED","E7BA97DB83B879E9D778C1199BBA92069A6E90DFFE7BD1C1C61E2A36196C3CEB","PASS_STATIC_SEMANTIC_SOURCE_CARRIER_EXPANSION_MORPHOLOGY_UNICODE_PAIRED_DIRECT_FILE_REPLAY_BUILD_DEFERRED_FOR_DEPENDENCY_CLOSURE","locale/fa-IR/content/many-valued-logic/sequent-calculus/propositional-rules.tex","ACCEPTED","B557C5A5D70AB08804E51EA39BDF696E9652F077C69CB153AFC6D53D26FE3257","PASS_STATIC_SEMANTIC_SOURCE_CARRIER_EXPANSION_MORPHOLOGY_UNICODE_PAIRED_DIRECT_FILE_REPLAY_BUILD_DEFERRED_FOR_DEPENDENCY_CLOSURE","ACCEPTED"
"OLP-0407","407","9620cc73f9c8e0ad003c514a5d3748f29611c4c0","content/normal-modal-logic/normal-modal-logic.tex","e388c5bd59b5f2ac9fee081e6645262cfd0361cdc72d3e1d6f51f07788f87077","706","32","61","true","true","407","canonical_complete_reader_reachable","Reached by ordered depth-first replay from content/open-logic-about.tex then content/content.tex through uncommented olimport edges.","part_driver","Normal Modal Logics","","7","content/normal-modal-logic/syntax-and-semantics/syntax-and-semantics.tex|content/normal-modal-logic/frame-definability/frame-definability.tex|content/normal-modal-logic/axioms-systems/axioms-systems.tex|content/normal-modal-logic/completeness/completeness.tex|content/normal-modal-logic/filtrations/filtrations.tex|content/normal-modal-logic/tableaux/tableaux.tex|content/normal-modal-logic/sequent-calculus/sequent-calculus.tex","","1","content/content.tex","0","","2","document:1|editorial:1","1","0","0","0","0","0","0","0","0","0","0","0","0","0","0","0","0","locale/ar/content/normal-modal-logic/normal-modal-logic.tex","ACCEPTED","022B9DD440D3E10ACFAE8FEB41C666DE01711273F1487F5FD2CFDA22E7EB5C0A","PASS_STATIC_SEMANTIC_SOURCE_CARRIER_EXPANSION_MORPHOLOGY_UNICODE_PAIRED_DIRECT_FILE_REPLAY_BUILD_DEFERRED_FOR_DEPENDENCY_CLOSURE","locale/fa-IR/content/normal-modal-logic/normal-modal-logic.tex","ACCEPTED","B1FD84E929510654B164EC94C145FA0A5B5B2E2AB85125566C91813579F63753","PASS_STATIC_SEMANTIC_SOURCE_CARRIER_EXPANSION_MORPHOLOGY_UNICODE_PAIRED_DIRECT_FILE_REPLAY_BUILD_DEFERRED_FOR_DEPENDENCY_CLOSURE","ACCEPTED"
"OLP-0408","408","9620cc73f9c8e0ad003c514a5d3748f29611c4c0","content/normal-modal-logic/syntax-and-semantics/syntax-and-semantics.tex","5e8e509437c77846b7ec17bdc55a8c960fcd45cffc363a55830ebc76ac6b03fe","503","25","31","true","true","408","canonical_complete_reader_reachable","Reached by ordered depth-first replay from content/open-logic-about.tex then content/content.tex through uncommented olimport edges.","chapter_driver","Syntax and Semantics","","10","content/normal-modal-logic/syntax-and-semantics/introduction.tex|content/normal-modal-logic/syntax-and-semantics/language-modal-logic.tex|content/normal-modal-logic/syntax-and-semantics/substitution.tex|content/normal-modal-logic/syntax-and-semantics/relational-models.tex|content/normal-modal-logic/syntax-and-semantics/truth-at-w.tex|content/normal-modal-logic/syntax-and-semantics/truth-in-model.tex|content/normal-modal-logic/syntax-and-semantics/modal-validity.tex|content/normal-modal-logic/syntax-and-semantics/tautological-instances.tex|content/normal-modal-logic/syntax-and-semantics/schemas.tex|content/normal-modal-logic/syntax-and-semantics/entailment.tex","","1","content/normal-modal-logic/normal-modal-logic.tex","0","","1","document:1","0","1","0","0","0","0","0","0","0","0","0","0","0","0","0","0","0","locale/ar/content/normal-modal-logic/syntax-and-semantics/syntax-and-semantics.tex","ACCEPTED","8F31DBFC1BCC84458CAB71E47561A0EE485D5134D75ECC9CD703165DA2532EB1","PASS_STATIC_SEMANTIC_SOURCE_CARRIER_EXPANSION_MORPHOLOGY_UNICODE_PAIRED_DIRECT_FILE_REPLAY_BUILD_DEFERRED_FOR_DEPENDENCY_CLOSURE","locale/fa-IR/content/normal-modal-logic/syntax-and-semantics/syntax-and-semantics.tex","ACCEPTED","6F563F8DA0586F34AEE52C701E33702D67BAEC7D86990EFD7B92ED885B89BC26","PASS_STATIC_SEMANTIC_SOURCE_CARRIER_EXPANSION_MORPHOLOGY_UNICODE_PAIRED_DIRECT_FILE_REPLAY_BUILD_DEFERRED_FOR_DEPENDENCY_CLOSURE","ACCEPTED"
"OLP-0409","409","9620cc73f9c8e0ad003c514a5d3748f29611c4c0","content/normal-modal-logic/syntax-and-semantics/introduction.tex","42c2f00e8f81aab33744c17ecd192e38262a12cffa935cabb079a56e541618e2","4962","98","723","true","true","409","canonical_complete_reader_reachable","Reached by ordered depth-first replay from content/open-logic-about.tex then content/content.tex through uncommented olimport edges.","reader_unit","Introduction","nml","0","","","1","content/normal-modal-logic/syntax-and-semantics/syntax-and-semantics.tex","0","","2","document:1|enumerate:1","0","0","1","0","0","0","0","0","0","0","0","0","0","0","0","0","35","locale/ar/content/normal-modal-logic/syntax-and-semantics/introduction.tex","ACCEPTED","DEC0F1A2CEFC853AF7ABFA606D7DDFEA555A3DA30AD3C686CB54C1AF2CFBE130","PASS_STATIC_SEMANTIC_SOURCE_CARRIER_EXPANSION_MORPHOLOGY_UNICODE_PAIRED_DIRECT_FILE_REPLAY_BUILD_DEFERRED_FOR_DEPENDENCY_CLOSURE","locale/fa-IR/content/normal-modal-logic/syntax-and-semantics/introduction.tex","ACCEPTED","97061A7E6658111B0327B31EBD80CA2D2B7D543EAC46FBB313084C781F454DD5","PASS_STATIC_SEMANTIC_SOURCE_CARRIER_EXPANSION_MORPHOLOGY_UNICODE_PAIRED_DIRECT_FILE_REPLAY_BUILD_DEFERRED_FOR_DEPENDENCY_CLOSURE","ACCEPTED"
"OLP-0410","410","9620cc73f9c8e0ad003c514a5d3748f29611c4c0","content/normal-modal-logic/syntax-and-semantics/language-modal-logic.tex","adacd15035d83e6b193aef874044156015bf168e67966833d5cdb5c064bdce1d","3526","108","320","true","true","410","canonical_complete_reader_reachable","Reached by ordered depth-first replay from content/open-logic-about.tex then content/content.tex through uncommented olimport edges.","reader_unit","The Language of Basic Modal Logic","nml","0","","","1","content/normal-modal-logic/syntax-and-semantics/syntax-and-semantics.tex","0","","8","defn:3|document:1|enumerate:2|tagblock:1|tagenumerate:1","0","0","1","3","0","0","0","0","0","0","0","0","0","0","0","0","61","locale/ar/content/normal-modal-logic/syntax-and-semantics/language-modal-logic.tex","ACCEPTED","BA41D7D48E5D1DF74F4CF52B04425E79AB726FDEDD9D79FBEA4BF3DB794BD6C0","PASS_STATIC_SEMANTIC_SOURCE_CARRIER_EXPANSION_MORPHOLOGY_UNICODE_PAIRED_DIRECT_FILE_REPLAY_BUILD_DEFERRED_FOR_DEPENDENCY_CLOSURE","locale/fa-IR/content/normal-modal-logic/syntax-and-semantics/language-modal-logic.tex","ACCEPTED","43BB49EF7E1126ED594AA8343AED0082B2557A4619A77B4180BB41AE7560554F","PASS_STATIC_SEMANTIC_SOURCE_CARRIER_EXPANSION_MORPHOLOGY_UNICODE_PAIRED_DIRECT_FILE_REPLAY_BUILD_DEFERRED_FOR_DEPENDENCY_CLOSURE","ACCEPTED"
"OLP-0411","411","9620cc73f9c8e0ad003c514a5d3748f29611c4c0","content/normal-modal-logic/syntax-and-semantics/substitution.tex","0bb0f93514ff2ac33a6a21dbbf58cbfdcba80f31440588d322ef2b74cb2920c8","4811","102","445","true","true","411","canonical_complete_reader_reachable","Reached by ordered depth-first replay from content/open-logic-about.tex then content/content.tex through uncommented olimport edges.","reader_unit","Simultaneous Substitution","nml","0","","","1","content/normal-modal-logic/syntax-and-semantics/syntax-and-semantics.tex","0","","5","align*:1|defn:1|document:1|enumerate:1|ex:1","0","0","1","1","0","0","0","0","1","0","0","0","0","0","0","0","51","locale/ar/content/normal-modal-logic/syntax-and-semantics/substitution.tex","ACCEPTED","87500D0764B0D13A35DDB2EB2EBAB4ED771FD829123C5C4199C84D71209B0BCC","PASS_STATIC_SEMANTIC_SOURCE_CARRIER_EXPANSION_MORPHOLOGY_UNICODE_PAIRED_DIRECT_FILE_REPLAY_BUILD_DEFERRED_FOR_DEPENDENCY_CLOSURE","locale/fa-IR/content/normal-modal-logic/syntax-and-semantics/substitution.tex","ACCEPTED","1D4E87EBFC632CB221C1285EA8EA30D15049AD2834E576FAB7B8ECCA002B10F4","PASS_STATIC_SEMANTIC_SOURCE_CARRIER_EXPANSION_MORPHOLOGY_UNICODE_PAIRED_DIRECT_FILE_REPLAY_BUILD_DEFERRED_FOR_DEPENDENCY_CLOSURE","ACCEPTED"
"OLP-0412","412","9620cc73f9c8e0ad003c514a5d3748f29611c4c0","content/normal-modal-logic/syntax-and-semantics/relational-models.tex","44275ea8cfe80a1e854fbc630dd3d5e37ead7e8b0223baa0fe6df4e23b806f77","2161","58","270","true","true","412","canonical_complete_reader_reachable","Reached by ordered depth-first replay from content/open-logic-about.tex then content/content.tex through uncommented olimport edges.","reader_unit","Relational Models","nml","0","","","1","content/normal-modal-logic/syntax-and-semantics/syntax-and-semantics.tex","0","","6","center:1|defn:1|document:1|enumerate:1|figure:1|tikzpicture:1","0","0","1","1","0","0","0","0","0","0","0","1","1","0","2","0","26","locale/ar/content/normal-modal-logic/syntax-and-semantics/relational-models.tex","ACCEPTED","AA27E680EA3CA850067CD12E72CB4A9B290E616B1404DB37033F2FFF89AA6B5D","PASS_STATIC_SEMANTIC_SOURCE_CARRIER_EXPANSION_MORPHOLOGY_UNICODE_PAIRED_DIRECT_FILE_REPLAY_BUILD_DEFERRED_FOR_DEPENDENCY_CLOSURE","locale/fa-IR/content/normal-modal-logic/syntax-and-semantics/relational-models.tex","ACCEPTED","F789447449E4043B349105CA84A9F9C6631C407D2CFFF664CE0401BFB3BF5DA5","PASS_STATIC_SEMANTIC_SOURCE_CARRIER_EXPANSION_MORPHOLOGY_UNICODE_PAIRED_DIRECT_FILE_REPLAY_BUILD_DEFERRED_FOR_DEPENDENCY_CLOSURE","ACCEPTED"
"OLP-0413","413","9620cc73f9c8e0ad003c514a5d3748f29611c4c0","content/normal-modal-logic/syntax-and-semantics/truth-at-w.tex","082e6f52306e829ab4b612be9237998cf1d08bec190f972d849b8f6b5e74e8cc","5344","127","634","true","true","413","canonical_complete_reader_reachable","Reached by ordered depth-first replay from content/open-logic-about.tex then content/content.tex through uncommented olimport edges.","reader_unit","Truth at a World","nml","0","","","1","content/normal-modal-logic/syntax-and-semantics/syntax-and-semantics.tex","0","","14","defn:1|document:1|enumerate:5|prob:2|probtag:2|proof:1|prop:1|tagblock:1","0","0","1","1","0","1","0","0","0","2","1","0","0","0","3","0","118","locale/ar/content/normal-modal-logic/syntax-and-semantics/truth-at-w.tex","ACCEPTED","B003161E030BD87CFE9F30E0DBCA8DC3E9B9B2E65DD1D9A729E21E4C624C7A84","PASS_STATIC_SEMANTIC_SOURCE_CARRIER_EXPANSION_MORPHOLOGY_UNICODE_PAIRED_DIRECT_FILE_REPLAY_BUILD_DEFERRED_FOR_DEPENDENCY_CLOSURE","locale/fa-IR/content/normal-modal-logic/syntax-and-semantics/truth-at-w.tex","ACCEPTED","FCD1E4F44EE767B0B73FE5FFDB368960A4CD3A544D303EEC4D36A603A8FE76A2","PASS_STATIC_SEMANTIC_SOURCE_CARRIER_EXPANSION_MORPHOLOGY_UNICODE_PAIRED_DIRECT_FILE_REPLAY_BUILD_DEFERRED_FOR_DEPENDENCY_CLOSURE","ACCEPTED"
"OLP-0414","414","9620cc73f9c8e0ad003c514a5d3748f29611c4c0","content/normal-modal-logic/syntax-and-semantics/truth-in-model.tex","d5de1040475bc5914585dddbf1d0a6988b91b47370448007d5b8d6149b8155aa","3244","85","401","true","true","414","canonical_complete_reader_reachable","Reached by ordered depth-first replay from content/open-logic-about.tex then content/content.tex through uncommented olimport edges.","reader_unit","Truth in a Model","nml","0","","","1","content/normal-modal-logic/syntax-and-semantics/syntax-and-semantics.tex","0","","10","center:1|defn:1|document:1|enumerate:3|prob:1|proof:1|prop:1|tikzpicture:1","0","0","1","1","0","1","0","0","0","1","1","0","1","0","2","0","64","locale/ar/content/normal-modal-logic/syntax-and-semantics/truth-in-model.tex","ACCEPTED","72038747BB73A8B91CF28DE1E3F280056D7A418907D8DBEBA8B88D7FC8D22D39","PASS_STATIC_SEMANTIC_SOURCE_CARRIER_EXPANSION_MORPHOLOGY_UNICODE_PAIRED_DIRECT_FILE_REPLAY_BUILD_DEFERRED_FOR_DEPENDENCY_CLOSURE","locale/fa-IR/content/normal-modal-logic/syntax-and-semantics/truth-in-model.tex","ACCEPTED","F0659EE87F2084A139DD15359EF9A253412C44A1069DAFC0FAA9093F97EDF718","PASS_STATIC_SEMANTIC_SOURCE_CARRIER_EXPANSION_MORPHOLOGY_UNICODE_PAIRED_DIRECT_FILE_REPLAY_BUILD_DEFERRED_FOR_DEPENDENCY_CLOSURE","ACCEPTED"
"OLP-0415","415","9620cc73f9c8e0ad003c514a5d3748f29611c4c0","content/normal-modal-logic/syntax-and-semantics/modal-validity.tex","23df39bee4d4509f5b47252de718b4d838a2c05d92e7de008104b0bb5daa6a4f","2992","79","388","true","true","415","canonical_complete_reader_reachable","Reached by ordered depth-first replay from content/open-logic-about.tex then content/content.tex through uncommented olimport edges.","reader_unit","Validity","nml","0","","","1","content/normal-modal-logic/syntax-and-semantics/syntax-and-semantics.tex","0","","9","defn:1|document:1|enumerate:1|explain:1|prob:2|proof:1|prop:2","0","0","1","1","0","2","0","0","0","2","1","0","0","0","0","0","46","locale/ar/content/normal-modal-logic/syntax-and-semantics/modal-validity.tex","ACCEPTED","3831EF105DE97D65AB4B5A262889870AA54738A7998F455AA6F464B6BE06DA20","PASS_STATIC_SEMANTIC_SOURCE_CARRIER_EXPANSION_MORPHOLOGY_UNICODE_PAIRED_DIRECT_FILE_REPLAY_BUILD_DEFERRED_FOR_DEPENDENCY_CLOSURE","locale/fa-IR/content/normal-modal-logic/syntax-and-semantics/modal-validity.tex","ACCEPTED","2D656B719E5B5DD39BE9A7EC428315F5D340C8EF5A7C4F8C33AB31F195DDDCAC","PASS_STATIC_SEMANTIC_SOURCE_CARRIER_EXPANSION_MORPHOLOGY_UNICODE_PAIRED_DIRECT_FILE_REPLAY_BUILD_DEFERRED_FOR_DEPENDENCY_CLOSURE","ACCEPTED"
"OLP-0416","416","9620cc73f9c8e0ad003c514a5d3748f29611c4c0","content/normal-modal-logic/syntax-and-semantics/tautological-instances.tex","66c19333c30bef87cdcab48001ee3ade880047253538863ba985d33ddbc34905","6893","161","651","true","true","416","canonical_complete_reader_reachable","Reached by ordered depth-first replay from content/open-logic-about.tex then content/content.tex through uncommented olimport edges.","reader_unit","Tautological Instances","nml","0","","","1","content/normal-modal-logic/syntax-and-semantics/syntax-and-semantics.tex","0","","14","align*:6|defn:1|document:1|enumerate:1|explain:1|lem:1|proof:2|prop:1","0","0","1","1","0","1","1","0","0","0","2","0","0","0","1","0","56","locale/ar/content/normal-modal-logic/syntax-and-semantics/tautological-instances.tex","ACCEPTED","56F7375BA5E4C7BF6F73A86A6717C5BE805F7BE63BB518D552ACBE3B184567AC","PASS_STATIC_SEMANTIC_SOURCE_CARRIER_EXPANSION_MORPHOLOGY_UNICODE_PAIRED_DIRECT_FILE_REPLAY_BUILD_DEFERRED_FOR_DEPENDENCY_CLOSURE","locale/fa-IR/content/normal-modal-logic/syntax-and-semantics/tautological-instances.tex","ACCEPTED","4C242CB9E1A44CE7F7ADE7CD7D233FE39B7C002D32D2DA17E03DD0372A41072F","PASS_STATIC_SEMANTIC_SOURCE_CARRIER_EXPANSION_MORPHOLOGY_UNICODE_PAIRED_DIRECT_FILE_REPLAY_BUILD_DEFERRED_FOR_DEPENDENCY_CLOSURE","ACCEPTED"
"OLP-0417","417","9620cc73f9c8e0ad003c514a5d3748f29611c4c0","content/normal-modal-logic/syntax-and-semantics/schemas.tex","5c9f569fbee942e71c14aab2686c1d8034a553e2ae7c92b2afcaa1cebd66cef7","6644","183","812","true","true","417","canonical_complete_reader_reachable","Reached by ordered depth-first replay from content/open-logic-about.tex then content/content.tex through uncommented olimport edges.","reader_unit","Schemas and Validity","nml","0","","","1","content/normal-modal-logic/syntax-and-semantics/syntax-and-semantics.tex","0","","23","defn:2|document:1|enumerate:3|equation*:2|prob:6|proof:3|prop:4|table:1|tabular:1","0","0","1","2","0","4","0","0","0","6","3","0","0","0","3","0","89","locale/ar/content/normal-modal-logic/syntax-and-semantics/schemas.tex","ACCEPTED","032B6477EC96227771A404310FE2A8D4DB07BAAC910769A8AAC797729048F640","PASS_STATIC_SEMANTIC_SOURCE_CARRIER_EXPANSION_MORPHOLOGY_UNICODE_PAIRED_DIRECT_FILE_REPLAY_BUILD_DEFERRED_FOR_DEPENDENCY_CLOSURE","locale/fa-IR/content/normal-modal-logic/syntax-and-semantics/schemas.tex","ACCEPTED","615C3CA4DCF8050AB85BDF94966BEB2568D11F96ACB11E21D9F5D8B9F17D3C35","PASS_STATIC_SEMANTIC_SOURCE_CARRIER_EXPANSION_MORPHOLOGY_UNICODE_PAIRED_DIRECT_FILE_REPLAY_BUILD_DEFERRED_FOR_DEPENDENCY_CLOSURE","ACCEPTED"
"OLP-0418","418","9620cc73f9c8e0ad003c514a5d3748f29611c4c0","content/normal-modal-logic/syntax-and-semantics/entailment.tex","101130800880b56a39c7d9dea583488c625739deceeaa402e90fd22d47962a05","3491","86","428","true","true","418","canonical_complete_reader_reachable","Reached by ordered depth-first replay from content/open-logic-about.tex then content/content.tex through uncommented olimport edges.","reader_unit","Entailment","nml","0","","","1","content/normal-modal-logic/syntax-and-semantics/syntax-and-semantics.tex","0","","9","center:1|defn:1|document:1|ex:1|explain:1|figure:1|prob:2|tikzpicture:1","0","0","1","1","0","0","0","0","1","2","0","1","1","0","1","0","63","locale/ar/content/normal-modal-logic/syntax-and-semantics/entailment.tex","ACCEPTED","54E9E547944AE4629650123050C049A4D26F75291CAF6BC1748C3E2C12DDBC51","PASS_STATIC_SEMANTIC_SOURCE_CARRIER_EXPANSION_MORPHOLOGY_UNICODE_PAIRED_DIRECT_FILE_REPLAY_BUILD_DEFERRED_FOR_DEPENDENCY_CLOSURE","locale/fa-IR/content/normal-modal-logic/syntax-and-semantics/entailment.tex","ACCEPTED","F4218D393E0F4C4E5736C217BA8CDE7E4CF5DD7D0671114590F9E03B346F99B6","PASS_STATIC_SEMANTIC_SOURCE_CARRIER_EXPANSION_MORPHOLOGY_UNICODE_PAIRED_DIRECT_FILE_REPLAY_BUILD_DEFERRED_FOR_DEPENDENCY_CLOSURE","ACCEPTED"
"OLP-0419","419","9620cc73f9c8e0ad003c514a5d3748f29611c4c0","content/normal-modal-logic/frame-definability/frame-definability.tex","8fa74ca1a369c2dbd54bf32a2f71f1568a5a4138f15378624998ce37e2a70153","439","22","24","true","true","419","canonical_complete_reader_reachable","Reached by ordered depth-first replay from content/open-logic-about.tex then content/content.tex through uncommented olimport edges.","chapter_driver","Frame Definability","","7","content/normal-modal-logic/frame-definability/introduction.tex|content/normal-modal-logic/frame-definability/properties-accessibility.tex|content/normal-modal-logic/frame-definability/frames.tex|content/normal-modal-logic/frame-definability/definability.tex|content/normal-modal-logic/frame-definability/first-order-definability.tex|content/normal-modal-logic/frame-definability/equivalence-S5.tex|content/normal-modal-logic/frame-definability/second-order-definability.tex","","1","content/normal-modal-logic/normal-modal-logic.tex","0","","1","document:1","0","1","0","0","0","0","0","0","0","0","0","0","0","0","0","0","0","locale/ar/content/normal-modal-logic/frame-definability/frame-definability.tex","ACCEPTED","C16A4C2C39CCC89DC087A2ED5134FC42F12AB84605FA9F41E7F9D1BD7C9FA1CD","PASS_STATIC_SEMANTIC_SOURCE_CARRIER_EXPANSION_MORPHOLOGY_UNICODE_PAIRED_DIRECT_FILE_REPLAY_BUILD_DEFERRED_FOR_DEPENDENCY_CLOSURE","locale/fa-IR/content/normal-modal-logic/frame-definability/frame-definability.tex","ACCEPTED","C28E0D96819EC0088854DE3E289F747A5AC2E3653EFCAAA43015A3D770C44CAF","PASS_STATIC_SEMANTIC_SOURCE_CARRIER_EXPANSION_MORPHOLOGY_UNICODE_PAIRED_DIRECT_FILE_REPLAY_BUILD_DEFERRED_FOR_DEPENDENCY_CLOSURE","ACCEPTED"
"OLP-0420","420","9620cc73f9c8e0ad003c514a5d3748f29611c4c0","content/normal-modal-logic/frame-definability/introduction.tex","9a12846cc6aec1571d7bea28a1006355fd1701ae4fee0118742210179589dfa9","2939","60","462","true","true","420","canonical_complete_reader_reachable","Reached by ordered depth-first replay from content/open-logic-about.tex then content/content.tex through uncommented olimport edges.","reader_unit","Introduction","nml","0","","","1","content/normal-modal-logic/frame-definability/frame-definability.tex","0","","1","document:1","0","0","1","0","0","0","0","0","0","0","0","0","0","0","0","0","51","locale/ar/content/normal-modal-logic/frame-definability/introduction.tex","ACCEPTED","EFA46AB276B5967A5AFF2209D98D746DFFE819B4DE6017A5EF28C429B33EBFD6","PASS_STATIC_SEMANTIC_SOURCE_CARRIER_EXPANSION_MORPHOLOGY_UNICODE_PAIRED_DIRECT_FILE_REPLAY_BUILD_DEFERRED_FOR_DEPENDENCY_CLOSURE","locale/fa-IR/content/normal-modal-logic/frame-definability/introduction.tex","ACCEPTED","394D3C5FCBBC1190790FD53451E827259E56A12DB421DEEBD608F7716E9BF2E4","PASS_STATIC_SEMANTIC_SOURCE_CARRIER_EXPANSION_MORPHOLOGY_UNICODE_PAIRED_DIRECT_FILE_REPLAY_BUILD_DEFERRED_FOR_DEPENDENCY_CLOSURE","ACCEPTED"
"OLP-0421","421","9620cc73f9c8e0ad003c514a5d3748f29611c4c0","content/normal-modal-logic/frame-definability/properties-accessibility.tex","6934aac16103b285862b4c8619a88082d92d60dfb66f0a5c93ed746b52316d20","8096","192","933","true","true","421","canonical_complete_reader_reachable","Reached by ordered depth-first replay from content/open-logic-about.tex then content/content.tex through uncommented olimport edges.","reader_unit","Properties of Accessibility Relations","nml","0","","","1","content/normal-modal-logic/frame-definability/frame-definability.tex","0","","16","array:1|center:1|document:1|enumerate:1|figure:1|prob:3|proof:1|prop:1|table:2|tabular:2|thm:1|tikzpicture:1","0","0","1","0","1","1","0","0","0","3","1","1","1","0","9","0","97","locale/ar/content/normal-modal-logic/frame-definability/properties-accessibility.tex","ACCEPTED","5F89A4B65140BF2ABBAFACF737934538A8474206304AFBD281FDC52B7C36DC24","PASS_STATIC_SEMANTIC_SOURCE_CARRIER_EXPANSION_MORPHOLOGY_UNICODE_PAIRED_DIRECT_FILE_REPLAY_BUILD_DEFERRED_FOR_DEPENDENCY_CLOSURE","locale/fa-IR/content/normal-modal-logic/frame-definability/properties-accessibility.tex","ACCEPTED","864162301140174D43F9E6CEDD1DF13FC31648C25E56E2088D727017B7D836C6","PASS_STATIC_SEMANTIC_SOURCE_CARRIER_EXPANSION_MORPHOLOGY_UNICODE_PAIRED_DIRECT_FILE_REPLAY_BUILD_DEFERRED_FOR_DEPENDENCY_CLOSURE","ACCEPTED"
"OLP-0422","422","9620cc73f9c8e0ad003c514a5d3748f29611c4c0","content/normal-modal-logic/frame-definability/frames.tex","e53b6addd368a8e69f4ca6df17fdc151634ef3b235c582f0195a453f0f35de27","1844","50","254","true","true","422","canonical_complete_reader_reachable","Reached by ordered depth-first replay from content/open-logic-about.tex then content/content.tex through uncommented olimport edges.","reader_unit","Frames","nml","0","","","1","content/normal-modal-logic/frame-definability/frame-definability.tex","0","","4","defn:2|document:1|rem:1","0","0","1","2","0","0","0","0","0","0","0","0","0","0","0","0","27","locale/ar/content/normal-modal-logic/frame-definability/frames.tex","ACCEPTED","6F8F52AF73FA8FA31DA47A658ECB2F0746BDC89A356181F65FE85D532A53955A","PASS_STATIC_SEMANTIC_SOURCE_CARRIER_EXPANSION_MORPHOLOGY_UNICODE_PAIRED_DIRECT_FILE_REPLAY_BUILD_DEFERRED_FOR_DEPENDENCY_CLOSURE","locale/fa-IR/content/normal-modal-logic/frame-definability/frames.tex","ACCEPTED","CCA5FCC0176239E2EE7FEA40A7A9AA0A1D15326AEDB52304EA02ACD824100C13","PASS_STATIC_SEMANTIC_SOURCE_CARRIER_EXPANSION_MORPHOLOGY_UNICODE_PAIRED_DIRECT_FILE_REPLAY_BUILD_DEFERRED_FOR_DEPENDENCY_CLOSURE","ACCEPTED"
"OLP-0423","423","9620cc73f9c8e0ad003c514a5d3748f29611c4c0","content/normal-modal-logic/frame-definability/definability.tex","072dfd4f743977f825a23d779ca9236013811255aee629948a92b96bfb4cbefd","7953","168","1149","true","true","423","canonical_complete_reader_reachable","Reached by ordered depth-first replay from content/open-logic-about.tex then content/content.tex through uncommented olimport edges.","reader_unit","Frame Definability","nml","0","","","1","content/normal-modal-logic/frame-definability/frame-definability.tex","0","","12","cor:2|defn:1|document:1|enumerate:2|prob:2|proof:2|prop:1|thm:1","0","0","1","1","1","1","0","2","0","2","2","0","0","0","9","0","141","locale/ar/content/normal-modal-logic/frame-definability/definability.tex","ACCEPTED","A3D73C0164BD133A321E25C9868FF3B0B71CE734B78E84957FAC8DD0A41251C2","PASS_STATIC_SEMANTIC_SOURCE_CARRIER_EXPANSION_MORPHOLOGY_UNICODE_PAIRED_DIRECT_FILE_REPLAY_BUILD_DEFERRED_FOR_DEPENDENCY_CLOSURE","locale/fa-IR/content/normal-modal-logic/frame-definability/definability.tex","ACCEPTED","DF223D69EFFB6E686C02A9BBC44B11F706EE7FE546B4B3705E06F08CF164FD50","PASS_STATIC_SEMANTIC_SOURCE_CARRIER_EXPANSION_MORPHOLOGY_UNICODE_PAIRED_DIRECT_FILE_REPLAY_BUILD_DEFERRED_FOR_DEPENDENCY_CLOSURE","ACCEPTED"
"OLP-0424","424","9620cc73f9c8e0ad003c514a5d3748f29611c4c0","content/normal-modal-logic/frame-definability/first-order-definability.tex","2c0b37bf344b0cd2841ca978e5f2999c1173694c45709dee037c887c5e91c5a1","3982","88","555","true","true","424","canonical_complete_reader_reachable","Reached by ordered depth-first replay from content/open-logic-about.tex then content/content.tex through uncommented olimport edges.","reader_unit","First-order Definability","nml","0","","","1","content/normal-modal-logic/frame-definability/frame-definability.tex","0","","3","defn:1|document:1|equation:1","0","0","1","1","0","0","0","0","0","0","0","0","0","0","0","0","53","locale/ar/content/normal-modal-logic/frame-definability/first-order-definability.tex","ACCEPTED","F37281CCBDEA1E2BAB04543617A070FC80492DB024B8F6C8DA614A20BCD0C343","PASS_STATIC_SEMANTIC_SOURCE_CARRIER_EXPANSION_MORPHOLOGY_UNICODE_PAIRED_DIRECT_FILE_REPLAY_BUILD_DEFERRED_FOR_DEPENDENCY_CLOSURE","locale/fa-IR/content/normal-modal-logic/frame-definability/first-order-definability.tex","ACCEPTED","FD165BCCE88ECA3DC6BB24696AAA35F0514EA9CE99E7C7AA53564A712893A8BA","PASS_STATIC_SEMANTIC_SOURCE_CARRIER_EXPANSION_MORPHOLOGY_UNICODE_PAIRED_DIRECT_FILE_REPLAY_BUILD_DEFERRED_FOR_DEPENDENCY_CLOSURE","ACCEPTED"
"OLP-0425","425","9620cc73f9c8e0ad003c514a5d3748f29611c4c0","content/normal-modal-logic/frame-definability/equivalence-S5.tex","8e65223dede5d8d51bcb8416f051f72b483f092fbc48a78f7039be70ee13935d","5886","144","737","true","true","425","canonical_complete_reader_reachable","Reached by ordered depth-first replay from content/open-logic-about.tex then content/content.tex through uncommented olimport edges.","reader_unit","","nml","0","","","1","content/normal-modal-logic/frame-definability/frame-definability.tex","0","","15","defn:1|document:1|enumerate:4|figure:1|prob:1|proof:2|prop:3|scope:1|tikzpicture:1","0","0","1","1","0","3","0","0","0","1","2","1","1","0","4","0","69","locale/ar/content/normal-modal-logic/frame-definability/equivalence-S5.tex","ACCEPTED","ADE534A6DAEA1F9AAA45EBDE4D4C81425960660FEBD5373A341A593B98055F52","PASS_STATIC_SEMANTIC_SOURCE_CARRIER_EXPANSION_MORPHOLOGY_UNICODE_PAIRED_DIRECT_FILE_REPLAY_BUILD_DEFERRED_FOR_DEPENDENCY_CLOSURE","locale/fa-IR/content/normal-modal-logic/frame-definability/equivalence-S5.tex","ACCEPTED","6285999D22ECCF3A7CA86EB93728EA58A0B17E912F846FECF7895E1D642F3CF2","PASS_STATIC_SEMANTIC_SOURCE_CARRIER_EXPANSION_MORPHOLOGY_UNICODE_PAIRED_DIRECT_FILE_REPLAY_BUILD_DEFERRED_FOR_DEPENDENCY_CLOSURE","ACCEPTED"
"OLP-0426","426","9620cc73f9c8e0ad003c514a5d3748f29611c4c0","content/normal-modal-logic/frame-definability/second-order-definability.tex","94e8a7aa4e08b6783c65c18a10192dd49f82b14acbd1133dd3830abb6f324ce0","6831","156","903","true","true","426","canonical_complete_reader_reachable","Reached by ordered depth-first replay from content/open-logic-about.tex then content/content.tex through uncommented olimport edges.","reader_unit","Second-order Definability","nml","0","","","1","content/normal-modal-logic/frame-definability/frame-definability.tex","0","","10","cor:1|defn:2|document:1|enumerate:1|proof:3|prop:2","0","0","1","2","0","2","0","1","0","0","3","0","0","0","1","0","100","locale/ar/content/normal-modal-logic/frame-definability/second-order-definability.tex","ACCEPTED","79AAD9A7EBF8C9A8E56D1D0E7064A88CB61277545B380D1A8C49B29DF1383D90","PASS_STATIC_SEMANTIC_SOURCE_CARRIER_EXPANSION_MORPHOLOGY_UNICODE_PAIRED_DIRECT_FILE_REPLAY_BUILD_DEFERRED_FOR_DEPENDENCY_CLOSURE","locale/fa-IR/content/normal-modal-logic/frame-definability/second-order-definability.tex","ACCEPTED","F9E98D3772669AA36E9483807D8C52125721265EF916C6A730B2DB21C8351E1D","PASS_STATIC_SEMANTIC_SOURCE_CARRIER_EXPANSION_MORPHOLOGY_UNICODE_PAIRED_DIRECT_FILE_REPLAY_BUILD_DEFERRED_FOR_DEPENDENCY_CLOSURE","ACCEPTED"
"OLP-0427","427","9620cc73f9c8e0ad003c514a5d3748f29611c4c0","content/normal-modal-logic/axioms-systems/axioms-systems.tex","e914516589d120a2aa25bba0cb22c79853f972c93831ee984cf1c317a7f4e872","593","28","39","true","true","427","canonical_complete_reader_reachable","Reached by ordered depth-first replay from content/open-logic-about.tex then content/content.tex through uncommented olimport edges.","chapter_driver","","","13","content/normal-modal-logic/axioms-systems/introduction.tex|content/normal-modal-logic/axioms-systems/normal-logics.tex|content/normal-modal-logic/axioms-systems/logics-proofs.tex|content/normal-modal-logic/axioms-systems/proofs-in-K.tex|content/normal-modal-logic/axioms-systems/derived-rules.tex|content/normal-modal-logic/axioms-systems/more-proofs-in-K.tex|content/normal-modal-logic/axioms-systems/duals.tex|content/normal-modal-logic/axioms-systems/proofs-modal-systems.tex|content/normal-modal-logic/axioms-systems/soundness.tex|content/normal-modal-logic/axioms-systems/systems-distinct.tex|content/normal-modal-logic/axioms-systems/provability-from-set.tex|content/normal-modal-logic/axioms-systems/provability-properties.tex|content/normal-modal-logic/axioms-systems/consistency.tex","","1","content/normal-modal-logic/normal-modal-logic.tex","0","","1","document:1","0","1","0","0","0","0","0","0","0","0","0","0","0","0","0","0","0","locale/ar/content/normal-modal-logic/axioms-systems/axioms-systems.tex","ACCEPTED","DC692BE256975B043CEBF4584DA333415D4EEDB12350009E156D6BCCB644B572","PASS_STATIC_SEMANTIC_SOURCE_CARRIER_EXPANSION_MORPHOLOGY_UNICODE_PAIRED_DIRECT_FILE_REPLAY_BUILD_DEFERRED_FOR_DEPENDENCY_CLOSURE","locale/fa-IR/content/normal-modal-logic/axioms-systems/axioms-systems.tex","ACCEPTED","4527DB3584D7B920240661B6370EBC7DCD6ADACCC723C22B1DB9F6C5388A9B00","PASS_STATIC_SEMANTIC_SOURCE_CARRIER_EXPANSION_MORPHOLOGY_UNICODE_PAIRED_DIRECT_FILE_REPLAY_BUILD_DEFERRED_FOR_DEPENDENCY_CLOSURE","ACCEPTED"
"OLP-0428","428","9620cc73f9c8e0ad003c514a5d3748f29611c4c0","content/normal-modal-logic/axioms-systems/introduction.tex","da7134ad2fb27e1b08c74d4e6286a6e6036e07e55b43f79c8e3be8b2c673a56c","3763","91","531","true","true","428","canonical_complete_reader_reachable","Reached by ordered depth-first replay from content/open-logic-about.tex then content/content.tex through uncommented olimport edges.","reader_unit","Introduction","nml","0","","","1","content/normal-modal-logic/axioms-systems/axioms-systems.tex","0","","7","defn:3|document:1|enumerate:1|prooftree:2","0","0","1","3","0","0","0","0","0","0","0","0","0","0","0","0","31","locale/ar/content/normal-modal-logic/axioms-systems/introduction.tex","ACCEPTED","6A3EEEA9E4CBA1CAA8778D37169E38AC6528E8C179E459BF97261D23FA40D2F7","PASS_STATIC_SEMANTIC_SOURCE_CARRIER_EXPANSION_MORPHOLOGY_UNICODE_PAIRED_DIRECT_FILE_REPLAY_BUILD_DEFERRED_FOR_DEPENDENCY_CLOSURE","locale/fa-IR/content/normal-modal-logic/axioms-systems/introduction.tex","ACCEPTED","CFEFEF17DF743D23E2B224F1A9F8EA9482A452DA359F24814C4564AB2B5511FD","PASS_STATIC_SEMANTIC_SOURCE_CARRIER_EXPANSION_MORPHOLOGY_UNICODE_PAIRED_DIRECT_FILE_REPLAY_BUILD_DEFERRED_FOR_DEPENDENCY_CLOSURE","ACCEPTED"
"OLP-0429","429","9620cc73f9c8e0ad003c514a5d3748f29611c4c0","content/normal-modal-logic/axioms-systems/normal-logics.tex","26665f5c6237cf0fa90f5ca122fd38e0278de2eb3e385ceaf656e8119de0b746","4495","122","530","true","true","429","canonical_complete_reader_reachable","Reached by ordered depth-first replay from content/open-logic-about.tex then content/content.tex through uncommented olimport edges.","reader_unit","Normal Modal Logics","nml","0","","","1","content/normal-modal-logic/axioms-systems/axioms-systems.tex","0","","14","align*:2|defn:3|document:1|enumerate:1|prob:1|proof:2|prooftree:1|prop:3","0","0","1","3","0","3","0","0","0","1","2","0","0","0","1","0","41","locale/ar/content/normal-modal-logic/axioms-systems/normal-logics.tex","ACCEPTED","CC01FC79E837EAA1F48A55B6CBFE4C44B73BCA1EE899CD0B84196C20D2FAA6BE","PASS_STATIC_SEMANTIC_SOURCE_CARRIER_EXPANSION_MORPHOLOGY_UNICODE_PAIRED_DIRECT_FILE_REPLAY_BUILD_DEFERRED_FOR_DEPENDENCY_CLOSURE","locale/fa-IR/content/normal-modal-logic/axioms-systems/normal-logics.tex","ACCEPTED","6BB32BC7ECC9E8DDF99AD94A4E63541C691328522F9695EFCD94E0592E013395","PASS_STATIC_SEMANTIC_SOURCE_CARRIER_EXPANSION_MORPHOLOGY_UNICODE_PAIRED_DIRECT_FILE_REPLAY_BUILD_DEFERRED_FOR_DEPENDENCY_CLOSURE","ACCEPTED"
"OLP-0430","430","9620cc73f9c8e0ad003c514a5d3748f29611c4c0","content/normal-modal-logic/axioms-systems/logics-proofs.tex","391ec991c00e706de0b49ec44606bddc392109911138a3a506a611fd72548774","4539","97","596","true","true","430","canonical_complete_reader_reachable","Reached by ordered depth-first replay from content/open-logic-about.tex then content/content.tex through uncommented olimport edges.","reader_unit","","nml","0","","","1","content/normal-modal-logic/axioms-systems/axioms-systems.tex","0","","5","defn:1|document:1|enumerate:1|proof:1|prop:1","0","0","1","1","0","1","0","0","0","0","1","0","0","0","0","0","66","locale/ar/content/normal-modal-logic/axioms-systems/logics-proofs.tex","ACCEPTED","1A45434F49B4A5C0FAAC515EE5F749563F63F16BB6E003AD4A57980DDA60126B","PASS_STATIC_SEMANTIC_SOURCE_CARRIER_EXPANSION_MORPHOLOGY_UNICODE_PAIRED_DIRECT_FILE_REPLAY_BUILD_DEFERRED_FOR_DEPENDENCY_CLOSURE","locale/fa-IR/content/normal-modal-logic/axioms-systems/logics-proofs.tex","ACCEPTED","5EA476D0614ACE3289F29B4F248ED893436FAA5B3781E4FC9A759CFCBD901B41","PASS_STATIC_SEMANTIC_SOURCE_CARRIER_EXPANSION_MORPHOLOGY_UNICODE_PAIRED_DIRECT_FILE_REPLAY_BUILD_DEFERRED_FOR_DEPENDENCY_CLOSURE","ACCEPTED"
"OLP-0431","431","9620cc73f9c8e0ad003c514a5d3748f29611c4c0","content/normal-modal-logic/axioms-systems/proofs-in-K.tex","2898ed73e8bfcfa8908ce113e21931f8d6f8f275e3bdfd0cb304aa907632d8dd","6606","160","435","true","true","431","canonical_complete_reader_reachable","Reached by ordered depth-first replay from content/open-logic-about.tex then content/content.tex through uncommented olimport edges.","reader_unit","","nml","0","","","1","content/normal-modal-logic/axioms-systems/axioms-systems.tex","0","","20","align*:3|derivation:6|document:1|enumerate:1|prob:1|proof:4|prop:4","0","0","1","0","0","4","0","0","0","1","4","0","0","0","1","0","82","locale/ar/content/normal-modal-logic/axioms-systems/proofs-in-K.tex","ACCEPTED","7A8035C61643912184D5B9C8147AA000F7C6A9B0FE2BE062F85758EDB7510CA2","PASS_STATIC_SEMANTIC_SOURCE_CARRIER_EXPANSION_MORPHOLOGY_UNICODE_PAIRED_DIRECT_FILE_REPLAY_BUILD_DEFERRED_FOR_DEPENDENCY_CLOSURE","locale/fa-IR/content/normal-modal-logic/axioms-systems/proofs-in-K.tex","ACCEPTED","58F71F63D643AC3B1F4078372133E54CBD6FA9FF2154C2974353BD9863975812","PASS_STATIC_SEMANTIC_SOURCE_CARRIER_EXPANSION_MORPHOLOGY_UNICODE_PAIRED_DIRECT_FILE_REPLAY_BUILD_DEFERRED_FOR_DEPENDENCY_CLOSURE","ACCEPTED"
"OLP-0432","432","9620cc73f9c8e0ad003c514a5d3748f29611c4c0","content/normal-modal-logic/axioms-systems/derived-rules.tex","f1c5297ba77e51aa0d3311330a018d6e9edd0e002512f730ce32c18b75c47245","6335","168","654","true","true","432","canonical_complete_reader_reachable","Reached by ordered depth-first replay from content/open-logic-about.tex then content/content.tex through uncommented olimport edges.","reader_unit","Derived Rules","nml","0","","","1","content/normal-modal-logic/axioms-systems/axioms-systems.tex","0","","19","derivation:5|document:1|prob:1|proof:6|prop:6","0","0","1","0","0","6","0","0","0","1","6","0","0","0","7","0","90","locale/ar/content/normal-modal-logic/axioms-systems/derived-rules.tex","ACCEPTED","D3BD3D30D09AA09CB43E7DE7EE04453F3F321DC2C24367561EE2B9DDF42A6015","PASS_STATIC_SEMANTIC_SOURCE_CARRIER_EXPANSION_MORPHOLOGY_UNICODE_PAIRED_DIRECT_FILE_REPLAY_BUILD_DEFERRED_FOR_DEPENDENCY_CLOSURE","locale/fa-IR/content/normal-modal-logic/axioms-systems/derived-rules.tex","ACCEPTED","9B26B66D90B0F0440FED831AF38389ECAE64997625B247756CBD8662D103A92F","PASS_STATIC_SEMANTIC_SOURCE_CARRIER_EXPANSION_MORPHOLOGY_UNICODE_PAIRED_DIRECT_FILE_REPLAY_BUILD_DEFERRED_FOR_DEPENDENCY_CLOSURE","ACCEPTED"
"OLP-0433","433","9620cc73f9c8e0ad003c514a5d3748f29611c4c0","content/normal-modal-logic/axioms-systems/more-proofs-in-K.tex","b9162a0c9f7c828fefb03d65e0f8385aa3bfd4391256b63547752aa1363f1bfb","3648","102","210","true","true","433","canonical_complete_reader_reachable","Reached by ordered depth-first replay from content/open-logic-about.tex then content/content.tex through uncommented olimport edges.","reader_unit","","nml","0","","","1","content/normal-modal-logic/axioms-systems/axioms-systems.tex","0","","15","derivation:4|document:1|enumerate:1|prob:1|proof:4|prop:4","0","0","1","0","0","4","0","0","0","1","4","0","0","0","1","0","37","locale/ar/content/normal-modal-logic/axioms-systems/more-proofs-in-K.tex","ACCEPTED","B9D6F9F1A0F3975D12F6223ED2886DCE24FC74EE33C26DA9EE6C4DAEFD4FF6F4","PASS_STATIC_SEMANTIC_SOURCE_CARRIER_EXPANSION_MORPHOLOGY_UNICODE_PAIRED_DIRECT_FILE_REPLAY_BUILD_DEFERRED_FOR_DEPENDENCY_CLOSURE","locale/fa-IR/content/normal-modal-logic/axioms-systems/more-proofs-in-K.tex","ACCEPTED","88FE9DE59523385DD822B0EB899A60A4FD83018BCA62E0A37228306AA2B38C04","PASS_STATIC_SEMANTIC_SOURCE_CARRIER_EXPANSION_MORPHOLOGY_UNICODE_PAIRED_DIRECT_FILE_REPLAY_BUILD_DEFERRED_FOR_DEPENDENCY_CLOSURE","ACCEPTED"
"OLP-0434","434","9620cc73f9c8e0ad003c514a5d3748f29611c4c0","content/normal-modal-logic/axioms-systems/duals.tex","4f0c9ac68870b3fdaea3140aece1216922a75856066ba1ff7fbd1a45e7372408","1250","43","112","true","true","434","canonical_complete_reader_reachable","Reached by ordered depth-first replay from content/open-logic-about.tex then content/content.tex through uncommented olimport edges.","reader_unit","","nml","0","","","1","content/normal-modal-logic/axioms-systems/axioms-systems.tex","0","","6","align:1|defn:1|document:1|prob:1|proof:1|prop:1","0","0","1","1","0","1","0","0","0","1","1","0","0","0","2","0","10","locale/ar/content/normal-modal-logic/axioms-systems/duals.tex","ACCEPTED","9ADE4688CA1340DBAE188F19FCFC34B028DF50510929F87E2F4EA1E6DA8CDF1C","PASS_STATIC_SEMANTIC_SOURCE_CARRIER_EXPANSION_MORPHOLOGY_UNICODE_PAIRED_DIRECT_FILE_REPLAY_BUILD_DEFERRED_FOR_DEPENDENCY_CLOSURE","locale/fa-IR/content/normal-modal-logic/axioms-systems/duals.tex","ACCEPTED","02C70974DAB1FF60E43569B5938782F4BBFE10F3DAF4C4B88E47AFD316F158DD","PASS_STATIC_SEMANTIC_SOURCE_CARRIER_EXPANSION_MORPHOLOGY_UNICODE_PAIRED_DIRECT_FILE_REPLAY_BUILD_DEFERRED_FOR_DEPENDENCY_CLOSURE","ACCEPTED"
"OLP-0435","435","9620cc73f9c8e0ad003c514a5d3748f29611c4c0","content/normal-modal-logic/axioms-systems/proofs-modal-systems.tex","3489600c68c1c7ba7ea7dd17e194f984626ac182c05f2cd541a89157eb4411ac","4089","108","254","true","true","435","canonical_complete_reader_reachable","Reached by ordered depth-first replay from content/open-logic-about.tex then content/content.tex through uncommented olimport edges.","reader_unit","Proofs in Modal Systems","nml","0","","","1","content/normal-modal-logic/axioms-systems/axioms-systems.tex","0","","15","defn:1|derivation:6|document:1|enumerate:2|prob:1|proof:2|prop:2","0","0","1","1","0","2","0","0","0","1","2","0","0","0","2","0","56","locale/ar/content/normal-modal-logic/axioms-systems/proofs-modal-systems.tex","ACCEPTED","C20D5DDD39A66795FA072C7649C7793714C22571AC28ED5F6807BF5EA0768E09","PASS_STATIC_SEMANTIC_SOURCE_CARRIER_EXPANSION_MORPHOLOGY_UNICODE_PAIRED_DIRECT_FILE_REPLAY_BUILD_DEFERRED_FOR_DEPENDENCY_CLOSURE","locale/fa-IR/content/normal-modal-logic/axioms-systems/proofs-modal-systems.tex","ACCEPTED","C67806EF0A3689CE1C38FBCA2B6CE1BECAB51864BEA061582086D4DB24A4394F","PASS_STATIC_SEMANTIC_SOURCE_CARRIER_EXPANSION_MORPHOLOGY_UNICODE_PAIRED_DIRECT_FILE_REPLAY_BUILD_DEFERRED_FOR_DEPENDENCY_CLOSURE","ACCEPTED"
"OLP-0436","436","9620cc73f9c8e0ad003c514a5d3748f29611c4c0","content/normal-modal-logic/axioms-systems/soundness.tex","89f0604c1941aba0796c9051f249e216020e9325c2ba134d6a6d8112cc717e16","2551","58","341","true","true","436","canonical_complete_reader_reachable","Reached by ordered depth-first replay from content/open-logic-about.tex then content/content.tex through uncommented olimport edges.","reader_unit","Soundness","nml","0","","","1","content/normal-modal-logic/axioms-systems/axioms-systems.tex","0","","4","document:1|enumerate:1|proof:1|thm:1","0","0","1","0","1","0","0","0","0","0","1","0","0","0","6","0","43","locale/ar/content/normal-modal-logic/axioms-systems/soundness.tex","ACCEPTED","F0A4C7730E1F12ED9E1AFA47CDF2D2004BBE38BAFF96CE3F3071D1EF939AB26D","PASS_STATIC_SEMANTIC_SOURCE_CARRIER_EXPANSION_MORPHOLOGY_UNICODE_PAIRED_DIRECT_FILE_REPLAY_BUILD_DEFERRED_FOR_DEPENDENCY_CLOSURE","locale/fa-IR/content/normal-modal-logic/axioms-systems/soundness.tex","ACCEPTED","F3BCED8AF77C92E04050D537D4550A442ADE2A70436E5C523178C476738F12C3","PASS_STATIC_SEMANTIC_SOURCE_CARRIER_EXPANSION_MORPHOLOGY_UNICODE_PAIRED_DIRECT_FILE_REPLAY_BUILD_DEFERRED_FOR_DEPENDENCY_CLOSURE","ACCEPTED"
"OLP-0437","437","9620cc73f9c8e0ad003c514a5d3748f29611c4c0","content/normal-modal-logic/axioms-systems/systems-distinct.tex","57c9746f7d2e1760bbe52ec023690e0c3c42a5e73e421bae868f29f1c804c9af","5795","154","650","true","true","437","canonical_complete_reader_reachable","Reached by ordered depth-first replay from content/open-logic-about.tex then content/content.tex through uncommented olimport edges.","reader_unit","Showing Systems are Distinct","nml","0","","","1","content/normal-modal-logic/axioms-systems/axioms-systems.tex","0","","17","document:1|figure:3|prob:2|proof:4|prop:2|thm:2|tikzpicture:3","0","0","1","0","2","2","0","0","0","2","4","3","3","0","15","0","47","locale/ar/content/normal-modal-logic/axioms-systems/systems-distinct.tex","ACCEPTED","60C0C2E2573BDB7470E6CCFBCF8F5D93A9762CAF5CEB4D7035AFE32FF6226562","PASS_STATIC_SEMANTIC_SOURCE_CARRIER_EXPANSION_MORPHOLOGY_UNICODE_PAIRED_DIRECT_FILE_REPLAY_BUILD_DEFERRED_FOR_DEPENDENCY_CLOSURE","locale/fa-IR/content/normal-modal-logic/axioms-systems/systems-distinct.tex","ACCEPTED","60781B81DCD7F8A1344789B3B59E442EF6C51F38C516FDCD19705DC5F595DA96","PASS_STATIC_SEMANTIC_SOURCE_CARRIER_EXPANSION_MORPHOLOGY_UNICODE_PAIRED_DIRECT_FILE_REPLAY_BUILD_DEFERRED_FOR_DEPENDENCY_CLOSURE","ACCEPTED"
"OLP-0438","438","9620cc73f9c8e0ad003c514a5d3748f29611c4c0","content/normal-modal-logic/axioms-systems/provability-from-set.tex","79b830de121e4ee1530fc2597aeaa2f4982a77e9cba947daca4e9c1936217e27","827","26","84","true","true","438","canonical_complete_reader_reachable","Reached by ordered depth-first replay from content/open-logic-about.tex then content/content.tex through uncommented olimport edges.","reader_unit","","nml","0","","","1","content/normal-modal-logic/axioms-systems/axioms-systems.tex","0","","2","defn:1|document:1","0","0","1","1","0","0","0","0","0","0","0","0","0","0","1","0","10","locale/ar/content/normal-modal-logic/axioms-systems/provability-from-set.tex","ACCEPTED","86D14EF6C0E2EDCCFE57BF59A45EA8487C550CE9EA17F181D0D44C114024FA8F","PASS_STATIC_SEMANTIC_SOURCE_CARRIER_EXPANSION_MORPHOLOGY_UNICODE_PAIRED_DIRECT_FILE_REPLAY_BUILD_DEFERRED_FOR_DEPENDENCY_CLOSURE","locale/fa-IR/content/normal-modal-logic/axioms-systems/provability-from-set.tex","ACCEPTED","C515026213F3C3EA9103C0C1160ACE5208AA4D88BEE877CAA88DC6C2C42C5B74","PASS_STATIC_SEMANTIC_SOURCE_CARRIER_EXPANSION_MORPHOLOGY_UNICODE_PAIRED_DIRECT_FILE_REPLAY_BUILD_DEFERRED_FOR_DEPENDENCY_CLOSURE","ACCEPTED"
"OLP-0439","439","9620cc73f9c8e0ad003c514a5d3748f29611c4c0","content/normal-modal-logic/axioms-systems/provability-properties.tex","bebb71c5532f0a55e4defc889b06ef952a7685d85c3770956be02206cc85bf13","2004","51","152","true","true","439","canonical_complete_reader_reachable","Reached by ordered depth-first replay from content/open-logic-about.tex then content/content.tex through uncommented olimport edges.","reader_unit","","nml","0","","","1","content/normal-modal-logic/axioms-systems/axioms-systems.tex","0","","4","defn:1|document:1|enumerate:1|prop:1","0","0","1","1","0","1","0","0","0","0","0","0","0","0","2","0","25","locale/ar/content/normal-modal-logic/axioms-systems/provability-properties.tex","ACCEPTED","9C9205EB7DE522439F1BE9F8C33A8747B233CF9F21EB08D3DD9F91D7D74B53F6","PASS_STATIC_SEMANTIC_SOURCE_CARRIER_EXPANSION_MORPHOLOGY_UNICODE_PAIRED_DIRECT_FILE_REPLAY_BUILD_DEFERRED_FOR_DEPENDENCY_CLOSURE","locale/fa-IR/content/normal-modal-logic/axioms-systems/provability-properties.tex","ACCEPTED","155A1300376A530399DF54365BF7B10F13D6DBA0999D7973A1B6AD6F9013B0F8","PASS_STATIC_SEMANTIC_SOURCE_CARRIER_EXPANSION_MORPHOLOGY_UNICODE_PAIRED_DIRECT_FILE_REPLAY_BUILD_DEFERRED_FOR_DEPENDENCY_CLOSURE","ACCEPTED"
"OLP-0440","440","9620cc73f9c8e0ad003c514a5d3748f29611c4c0","content/normal-modal-logic/axioms-systems/consistency.tex","11aee245bd1a68ba94b144186fbed464bbad4ef44cd7b9571e8074873f673e29","2557","65","251","true","true","440","canonical_complete_reader_reachable","Reached by ordered depth-first replay from content/open-logic-about.tex then content/content.tex through uncommented olimport edges.","reader_unit","Consistency","nml","0","","","1","content/normal-modal-logic/axioms-systems/axioms-systems.tex","0","","5","defn:1|document:1|enumerate:1|proof:1|prop:1","0","0","1","1","0","1","0","0","0","0","1","0","0","0","4","0","31","locale/ar/content/normal-modal-logic/axioms-systems/consistency.tex","ACCEPTED","C63604684A0A859A7AE71242837A77428ED72F74A05BC027780E0FF9C1D16C97","PASS_STATIC_SEMANTIC_SOURCE_CARRIER_EXPANSION_MORPHOLOGY_UNICODE_PAIRED_DIRECT_FILE_REPLAY_BUILD_DEFERRED_FOR_DEPENDENCY_CLOSURE","locale/fa-IR/content/normal-modal-logic/axioms-systems/consistency.tex","ACCEPTED","49E4D773677BA0C44C97A53A78622F024B5E1E78869DAD18ECDB9665CB21AEC1","PASS_STATIC_SEMANTIC_SOURCE_CARRIER_EXPANSION_MORPHOLOGY_UNICODE_PAIRED_DIRECT_FILE_REPLAY_BUILD_DEFERRED_FOR_DEPENDENCY_CLOSURE","ACCEPTED"
"OLP-0441","441","9620cc73f9c8e0ad003c514a5d3748f29611c4c0","content/normal-modal-logic/completeness/completeness.tex","17bd97fe5b7130afbc9fb23960172f806d216c7e3db0d10cb695bdb741f7da8e","470","23","29","true","true","441","canonical_complete_reader_reachable","Reached by ordered depth-first replay from content/open-logic-about.tex then content/content.tex through uncommented olimport edges.","chapter_driver","Completeness and Canonical Models","","8","content/normal-modal-logic/completeness/introduction.tex|content/normal-modal-logic/completeness/complete-consistent-sets.tex|content/normal-modal-logic/completeness/lindenbaums-lemma.tex|content/normal-modal-logic/completeness/modalities-ccs.tex|content/normal-modal-logic/completeness/canonical-models.tex|content/normal-modal-logic/completeness/truth-lemma.tex|content/normal-modal-logic/completeness/completeness-K.tex|content/normal-modal-logic/completeness/frame-completeness.tex","","1","content/normal-modal-logic/normal-modal-logic.tex","0","","1","document:1","0","1","0","0","0","0","0","0","0","0","0","0","0","0","0","0","0","locale/ar/content/normal-modal-logic/completeness/completeness.tex","ACCEPTED","1EF947A616F6EBD87B56092BC05175F77650DB1E903B7FA70A591832DAED738C","PASS_STATIC_SEMANTIC_SOURCE_CARRIER_EXPANSION_MORPHOLOGY_UNICODE_PAIRED_DIRECT_FILE_REPLAY_BUILD_DEFERRED_FOR_DEPENDENCY_CLOSURE","locale/fa-IR/content/normal-modal-logic/completeness/completeness.tex","ACCEPTED","53FE88FB26A1EA87C08C25B20C94F8217DDA332184E4CEC157B05D9CFE8F5D3F","PASS_STATIC_SEMANTIC_SOURCE_CARRIER_EXPANSION_MORPHOLOGY_UNICODE_PAIRED_DIRECT_FILE_REPLAY_BUILD_DEFERRED_FOR_DEPENDENCY_CLOSURE","ACCEPTED"
"OLP-0442","442","9620cc73f9c8e0ad003c514a5d3748f29611c4c0","content/normal-modal-logic/completeness/introduction.tex","d500fd6faf4d5c34b98fe64e568bfa8666cb6c740020c628f69b880ac4e5e222","3771","74","570","true","true","442","canonical_complete_reader_reachable","Reached by ordered depth-first replay from content/open-logic-about.tex then content/content.tex through uncommented olimport edges.","reader_unit","Introduction","nml","0","","","1","content/normal-modal-logic/completeness/completeness.tex","0","","1","document:1","0","0","1","0","0","0","0","0","0","0","0","0","0","0","0","0","60","locale/ar/content/normal-modal-logic/completeness/introduction.tex","ACCEPTED","9149AE09A707F278F51C22DFBD3917AB621031B1234DBA5B975EEB59CC6FF1AA","PASS_STATIC_SEMANTIC_SOURCE_CARRIER_EXPANSION_MORPHOLOGY_UNICODE_PAIRED_DIRECT_FILE_REPLAY_BUILD_DEFERRED_FOR_DEPENDENCY_CLOSURE","locale/fa-IR/content/normal-modal-logic/completeness/introduction.tex","ACCEPTED","74AF95492247F7E1E91496131136BC967F5551F07813700848F2ED5F978E9C69","PASS_STATIC_SEMANTIC_SOURCE_CARRIER_EXPANSION_MORPHOLOGY_UNICODE_PAIRED_DIRECT_FILE_REPLAY_BUILD_DEFERRED_FOR_DEPENDENCY_CLOSURE","ACCEPTED"
"OLP-0443","443","9620cc73f9c8e0ad003c514a5d3748f29611c4c0","content/normal-modal-logic/completeness/complete-consistent-sets.tex","ad1e90f6a43ee549d4093244ecfdaea486413da09e24c0912463823f5251d6ee","6272","138","569","true","true","443","canonical_complete_reader_reachable","Reached by ordered depth-first replay from content/open-logic-about.tex then content/content.tex through uncommented olimport edges.","reader_unit","Complete $\Sigma$-Consistent Sets","nml","0","","","1","content/normal-modal-logic/completeness/completeness.tex","0","","7","defn:1|document:1|enumerate:2|probtag:1|proof:1|prop:1","0","0","1","1","0","1","0","0","0","0","1","0","0","0","4","0","131","locale/ar/content/normal-modal-logic/completeness/complete-consistent-sets.tex","ACCEPTED","19B02262D11CD30478FB3CAD0784B3126C0097C6479068F63ED184A186869D47","PASS_STATIC_SEMANTIC_SOURCE_CARRIER_EXPANSION_MORPHOLOGY_UNICODE_PAIRED_DIRECT_FILE_REPLAY_BUILD_DEFERRED_FOR_DEPENDENCY_CLOSURE","locale/fa-IR/content/normal-modal-logic/completeness/complete-consistent-sets.tex","ACCEPTED","34243B2487B658287862A58CAD3C83F9D660DBB56D55D0171C770974718876AA","PASS_STATIC_SEMANTIC_SOURCE_CARRIER_EXPANSION_MORPHOLOGY_UNICODE_PAIRED_DIRECT_FILE_REPLAY_BUILD_DEFERRED_FOR_DEPENDENCY_CLOSURE","ACCEPTED"
"OLP-0444","444","9620cc73f9c8e0ad003c514a5d3748f29611c4c0","content/normal-modal-logic/completeness/lindenbaums-lemma.tex","3c6d6919faf4fad025e8dd5c44b280699e607071a49a03d24e7d9927b257ab50","5026","108","565","true","true","444","canonical_complete_reader_reachable","Reached by ordered depth-first replay from content/open-logic-about.tex then content/content.tex through uncommented olimport edges.","reader_unit","Lindenbaum's Lemma","nml","0","","","1","content/normal-modal-logic/completeness/completeness.tex","0","","6","cases:1|cor:1|document:1|proof:2|thm:1","0","0","1","0","1","0","0","1","0","0","2","0","0","0","2","0","116","locale/ar/content/normal-modal-logic/completeness/lindenbaums-lemma.tex","ACCEPTED","3E4F238AC5B22C2C38A7645155E59B3CEED9DBC8C5CBCFB05B615E2D8D8FC82A","PASS_STATIC_SEMANTIC_SOURCE_CARRIER_EXPANSION_MORPHOLOGY_UNICODE_PAIRED_DIRECT_FILE_REPLAY_BUILD_DEFERRED_FOR_DEPENDENCY_CLOSURE","locale/fa-IR/content/normal-modal-logic/completeness/lindenbaums-lemma.tex","ACCEPTED","6076AE37AA3436EE6B00381B6642504F707EF83416FA286DBB341DF331B0DDBB","PASS_STATIC_SEMANTIC_SOURCE_CARRIER_EXPANSION_MORPHOLOGY_UNICODE_PAIRED_DIRECT_FILE_REPLAY_BUILD_DEFERRED_FOR_DEPENDENCY_CLOSURE","ACCEPTED"
"OLP-0445","445","9620cc73f9c8e0ad003c514a5d3748f29611c4c0","content/normal-modal-logic/completeness/modalities-ccs.tex","91e1e53bf83994ee0fa725946f68747aa9124a7786295bcc75daf7c2f12e1382","10975","247","961","true","true","445","canonical_complete_reader_reachable","Reached by ordered depth-first replay from content/open-logic-about.tex then content/content.tex through uncommented olimport edges.","reader_unit","Modalities and Complete Consistent Sets","nml","0","","","1","content/normal-modal-logic/completeness/completeness.tex","0","","17","align*:1|defn:1|document:1|explain:1|lem:3|prob:1|proof:6|prop:3","0","0","1","1","0","3","3","0","0","1","6","0","0","0","14","0","215","locale/ar/content/normal-modal-logic/completeness/modalities-ccs.tex","ACCEPTED","7E9954721A391C7D76C18F2210CE944B11911B1F325912EAADA7873AD8F3A800","PASS_STATIC_SEMANTIC_SOURCE_CARRIER_EXPANSION_MORPHOLOGY_UNICODE_PAIRED_DIRECT_FILE_REPLAY_BUILD_DEFERRED_FOR_DEPENDENCY_CLOSURE","locale/fa-IR/content/normal-modal-logic/completeness/modalities-ccs.tex","ACCEPTED","AA2641FCCAB7A6D60555FD1A4BDD5C4DB4CC0C9A670917FD33A72BF3B7E5C86C","PASS_STATIC_SEMANTIC_SOURCE_CARRIER_EXPANSION_MORPHOLOGY_UNICODE_PAIRED_DIRECT_FILE_REPLAY_BUILD_DEFERRED_FOR_DEPENDENCY_CLOSURE","ACCEPTED"
"OLP-0446","446","9620cc73f9c8e0ad003c514a5d3748f29611c4c0","content/normal-modal-logic/completeness/canonical-models.tex","cab236b83360cac46b744dae936e62e6e17148f2d848f7dadc5cfd7f75242eef","1139","36","95","true","true","446","canonical_complete_reader_reachable","Reached by ordered depth-first replay from content/open-logic-about.tex then content/content.tex through uncommented olimport edges.","reader_unit","Canonical Models","nml","0","","","1","content/normal-modal-logic/completeness/completeness.tex","0","","3","defn:1|document:1|enumerate:1","0","0","1","1","0","0","0","0","0","0","0","0","0","0","0","0","16","locale/ar/content/normal-modal-logic/completeness/canonical-models.tex","ACCEPTED","430B3F74F260F7F6A0785397190F8F43D2D9149440FF50CBEDA41BE0C61481F9","PASS_STATIC_SEMANTIC_SOURCE_CARRIER_EXPANSION_MORPHOLOGY_UNICODE_PAIRED_DIRECT_FILE_REPLAY_BUILD_DEFERRED_FOR_DEPENDENCY_CLOSURE","locale/fa-IR/content/normal-modal-logic/completeness/canonical-models.tex","ACCEPTED","ABC860482C22B34B7E6592938937A25B043DBD0636A4CDEED816ECD2F2D6DC5A","PASS_STATIC_SEMANTIC_SOURCE_CARRIER_EXPANSION_MORPHOLOGY_UNICODE_PAIRED_DIRECT_FILE_REPLAY_BUILD_DEFERRED_FOR_DEPENDENCY_CLOSURE","ACCEPTED"
"OLP-0447","447","9620cc73f9c8e0ad003c514a5d3748f29611c4c0","content/normal-modal-logic/completeness/truth-lemma.tex","003bd77d987951f490d9cd42859c27156f89a86f69f97d63f9d39ddc88dda3ad","7120","148","586","true","true","447","canonical_complete_reader_reachable","Reached by ordered depth-first replay from content/open-logic-about.tex then content/content.tex through uncommented olimport edges.","reader_unit","The Truth Lemma","nml","0","","","1","content/normal-modal-logic/completeness/completeness.tex","0","","5","document:1|enumerate:1|probtag:1|proof:1|prop:1","0","0","1","0","0","1","0","0","0","0","1","0","0","0","33","0","106","locale/ar/content/normal-modal-logic/completeness/truth-lemma.tex","ACCEPTED","F11E056156370EE82F3F479CC56BA39C7010775DC516BFEB7DA8221B9F096FF8","PASS_STATIC_SEMANTIC_SOURCE_CARRIER_EXPANSION_MORPHOLOGY_UNICODE_PAIRED_DIRECT_FILE_REPLAY_BUILD_DEFERRED_FOR_DEPENDENCY_CLOSURE","locale/fa-IR/content/normal-modal-logic/completeness/truth-lemma.tex","ACCEPTED","FE286011F75A37A5F1EDAB6F9D3EE325A692C1D1FB8610220119DEFFE1551A15","PASS_STATIC_SEMANTIC_SOURCE_CARRIER_EXPANSION_MORPHOLOGY_UNICODE_PAIRED_DIRECT_FILE_REPLAY_BUILD_DEFERRED_FOR_DEPENDENCY_CLOSURE","ACCEPTED"
"OLP-0448","448","9620cc73f9c8e0ad003c514a5d3748f29611c4c0","content/normal-modal-logic/completeness/completeness-K.tex","ad393ad7918804ede4435932bea73f1a318fee474f96d849320cf5310ba9ed00","2440","66","284","true","true","448","canonical_complete_reader_reachable","Reached by ordered depth-first replay from content/open-logic-about.tex then content/content.tex through uncommented olimport edges.","reader_unit","","nml","0","","","1","content/normal-modal-logic/completeness/completeness.tex","0","","6","cor:1|defn:1|document:1|proof:2|thm:1","0","0","1","1","1","0","0","1","0","0","2","0","0","0","3","0","33","locale/ar/content/normal-modal-logic/completeness/completeness-K.tex","ACCEPTED","CBEF2EBA2A50A47F3F8D4994EF0BA9CD56EA4FE7DD80DD9BAE8ADE55B85207E8","PASS_STATIC_SEMANTIC_SOURCE_CARRIER_EXPANSION_MORPHOLOGY_UNICODE_PAIRED_DIRECT_FILE_REPLAY_BUILD_DEFERRED_FOR_DEPENDENCY_CLOSURE","locale/fa-IR/content/normal-modal-logic/completeness/completeness-K.tex","ACCEPTED","7DAF5551509D03766CCC5EFC127076BFE0A8C5680D3B4C8C0C645D597E2FC21D","PASS_STATIC_SEMANTIC_SOURCE_CARRIER_EXPANSION_MORPHOLOGY_UNICODE_PAIRED_DIRECT_FILE_REPLAY_BUILD_DEFERRED_FOR_DEPENDENCY_CLOSURE","ACCEPTED"
"OLP-0449","449","9620cc73f9c8e0ad003c514a5d3748f29611c4c0","content/normal-modal-logic/completeness/frame-completeness.tex","43e245d167b811ab17e3c1cd194073aa4b5acd12a65a54dff2fd93189ae8ddab","10958","234","976","true","true","449","canonical_complete_reader_reachable","Reached by ordered depth-first replay from content/open-logic-about.tex then content/content.tex through uncommented olimport edges.","reader_unit","Frame Completeness","nml","0","","","1","content/normal-modal-logic/completeness/completeness.tex","0","","11","align*:1|document:1|enumerate:2|proof:2|prop:1|table:1|tabular:1|thm:2","0","0","1","0","2","1","0","0","0","0","2","0","0","0","22","0","147","locale/ar/content/normal-modal-logic/completeness/frame-completeness.tex","ACCEPTED","C3FEE9C96AC889DE74429A115295E6229712507C9AFBDA34E891624F0A6DA14E","PASS_STATIC_SEMANTIC_SOURCE_CARRIER_EXPANSION_MORPHOLOGY_UNICODE_PAIRED_DIRECT_FILE_REPLAY_BUILD_DEFERRED_FOR_DEPENDENCY_CLOSURE","locale/fa-IR/content/normal-modal-logic/completeness/frame-completeness.tex","ACCEPTED","05F30BB98EFDBD552246D18311A75E4D5100E21B81C8A4DB948AE3D1E8ACD336","PASS_STATIC_SEMANTIC_SOURCE_CARRIER_EXPANSION_MORPHOLOGY_UNICODE_PAIRED_DIRECT_FILE_REPLAY_BUILD_DEFERRED_FOR_DEPENDENCY_CLOSURE","ACCEPTED"
"OLP-0450","450","9620cc73f9c8e0ad003c514a5d3748f29611c4c0","content/normal-modal-logic/filtrations/filtrations.tex","b5c5d2f26dae0bc648c203384de840efd27c552a21e4f738487eb5ed7acfa3c9","468","24","28","true","true","450","canonical_complete_reader_reachable","Reached by ordered depth-first replay from content/open-logic-about.tex then content/content.tex through uncommented olimport edges.","chapter_driver","Filtrations and Decidability","","9","content/normal-modal-logic/filtrations/introduction.tex|content/normal-modal-logic/filtrations/preliminaries.tex|content/normal-modal-logic/filtrations/filtrations-def.tex|content/normal-modal-logic/filtrations/examples-of-filtrations.tex|content/normal-modal-logic/filtrations/finite.tex|content/normal-modal-logic/filtrations/S5-fmp.tex|content/normal-modal-logic/filtrations/S5-decidable.tex|content/normal-modal-logic/filtrations/more-filtrations.tex|content/normal-modal-logic/filtrations/euclidean-filtrations.tex","","1","content/normal-modal-logic/normal-modal-logic.tex","0","","1","document:1","0","1","0","0","0","0","0","0","0","0","0","0","0","0","0","0","0","locale/ar/content/normal-modal-logic/filtrations/filtrations.tex","ACCEPTED","B55CE666CEE988BB30825803CCB11BD212135EE07BA524DFDBCA303CF3A920A6","PASS_STATIC_SEMANTIC_SOURCE_CARRIER_EXPANSION_MORPHOLOGY_UNICODE_PAIRED_DIRECT_FILE_REPLAY_BUILD_DEFERRED_FOR_DEPENDENCY_CLOSURE","locale/fa-IR/content/normal-modal-logic/filtrations/filtrations.tex","ACCEPTED","5ACFD698C5B830BEEAB3584FED3CBDB17329C365EFBF21019DB825663DC8328B","PASS_STATIC_SEMANTIC_SOURCE_CARRIER_EXPANSION_MORPHOLOGY_UNICODE_PAIRED_DIRECT_FILE_REPLAY_BUILD_DEFERRED_FOR_DEPENDENCY_CLOSURE","ACCEPTED"
"OLP-0451","451","9620cc73f9c8e0ad003c514a5d3748f29611c4c0","content/normal-modal-logic/filtrations/introduction.tex","aa693a25d6c6149a595cbf49f3969d3d32a9c58a6124d9b4b550dde35b1bb276","7387","132","1225","true","true","451","canonical_complete_reader_reachable","Reached by ordered depth-first replay from content/open-logic-about.tex then content/content.tex through uncommented olimport edges.","reader_unit","Introduction","nml","0","","","1","content/normal-modal-logic/filtrations/filtrations.tex","0","","1","document:1","0","0","1","0","0","0","0","0","0","0","0","0","0","0","0","0","84","locale/ar/content/normal-modal-logic/filtrations/introduction.tex","ACCEPTED","BF40FCA47CD9A847367B2C7AC068975F0C8C9C48E2983DDAEAC54FC960B821AE","PASS_STATIC_SEMANTIC_SOURCE_CARRIER_EXPANSION_MORPHOLOGY_UNICODE_PAIRED_DIRECT_FILE_REPLAY_BUILD_DEFERRED_FOR_DEPENDENCY_CLOSURE","locale/fa-IR/content/normal-modal-logic/filtrations/introduction.tex","ACCEPTED","2B0557836DCDC230C25CD3616BC145BC1D46D1DBF775CD96C1DC1071D3B5B1E7","PASS_STATIC_SEMANTIC_SOURCE_CARRIER_EXPANSION_MORPHOLOGY_UNICODE_PAIRED_DIRECT_FILE_REPLAY_BUILD_DEFERRED_FOR_DEPENDENCY_CLOSURE","ACCEPTED"
"OLP-0452","452","9620cc73f9c8e0ad003c514a5d3748f29611c4c0","content/normal-modal-logic/filtrations/preliminaries.tex","ca2f0116347a7f85bddced81bbc5607d64388f81bf9555b058c2eaf888163ebd","3034","77","426","true","true","452","canonical_complete_reader_reachable","Reached by ordered depth-first replay from content/open-logic-about.tex then content/content.tex through uncommented olimport edges.","reader_unit","Preliminaries","nml","0","","","1","content/normal-modal-logic/filtrations/filtrations.tex","0","","5","defn:2|document:1|proof:1|prop:1","0","0","1","2","0","1","0","0","0","0","1","0","0","0","0","0","56","locale/ar/content/normal-modal-logic/filtrations/preliminaries.tex","ACCEPTED","4E75BAD6AB774804352A0E2D2D2E89180908AFF6C171B6077CB55DE950671151","PASS_STATIC_SEMANTIC_SOURCE_CARRIER_EXPANSION_MORPHOLOGY_UNICODE_PAIRED_DIRECT_FILE_REPLAY_BUILD_DEFERRED_FOR_DEPENDENCY_CLOSURE","locale/fa-IR/content/normal-modal-logic/filtrations/preliminaries.tex","ACCEPTED","EF7417A24B706E261A984DD931646FCEA01927083A05236CBEF1B888A4BEFDD5","PASS_STATIC_SEMANTIC_SOURCE_CARRIER_EXPANSION_MORPHOLOGY_UNICODE_PAIRED_DIRECT_FILE_REPLAY_BUILD_DEFERRED_FOR_DEPENDENCY_CLOSURE","ACCEPTED"
"OLP-0453","453","9620cc73f9c8e0ad003c514a5d3748f29611c4c0","content/normal-modal-logic/filtrations/filtrations-def.tex","4544284c0506689d6ae806c8466d29e143908faaeccc4381fbb1820c98e8a955","8128","175","939","true","true","453","canonical_complete_reader_reachable","Reached by ordered depth-first replay from content/open-logic-about.tex then content/content.tex through uncommented olimport edges.","reader_unit","Filtrations","nml","0","","","1","content/normal-modal-logic/filtrations/filtrations.tex","0","","10","cor:1|defn:1|document:1|enumerate:4|prob:1|proof:1|thm:1","0","0","1","1","1","0","0","1","0","1","1","0","0","0","9","0","173","locale/ar/content/normal-modal-logic/filtrations/filtrations-def.tex","ACCEPTED","EF575510B8193BA116370524AE018DFB776E5512174A9D00D855E04C86B619A8","PASS_STATIC_SEMANTIC_SOURCE_CARRIER_EXPANSION_MORPHOLOGY_UNICODE_PAIRED_DIRECT_FILE_REPLAY_BUILD_DEFERRED_FOR_DEPENDENCY_CLOSURE","locale/fa-IR/content/normal-modal-logic/filtrations/filtrations-def.tex","ACCEPTED","12D41153792430E45996A2FC8E025AA677A77858FC10219B685754B7A3980AA9","PASS_STATIC_SEMANTIC_SOURCE_CARRIER_EXPANSION_MORPHOLOGY_UNICODE_PAIRED_DIRECT_FILE_REPLAY_BUILD_DEFERRED_FOR_DEPENDENCY_CLOSURE","ACCEPTED"
"OLP-0454","454","9620cc73f9c8e0ad003c514a5d3748f29611c4c0","content/normal-modal-logic/filtrations/examples-of-filtrations.tex","12e9c2d37f31bd1989dbcacd02ac23ce26ea95f12eb4e79f33fb9d64b8edaff5","9839","229","1030","true","true","454","canonical_complete_reader_reachable","Reached by ordered depth-first replay from content/open-logic-about.tex then content/content.tex through uncommented olimport edges.","reader_unit","Examples of Filtrations","nml","0","","","1","content/normal-modal-logic/filtrations/filtrations.tex","0","","16","center:1|defn:2|document:1|ex:1|figure:1|prob:1|probtag:1|proof:2|prop:2|tagenumerate:1|tikzpicture:3","0","0","1","2","0","2","0","0","1","1","2","1","3","0","15","0","153","locale/ar/content/normal-modal-logic/filtrations/examples-of-filtrations.tex","ACCEPTED","A87AB7FCB514D85535F56928E70B46418CE05E2679F86A59C14A4473D99510A4","PASS_STATIC_SEMANTIC_SOURCE_CARRIER_EXPANSION_MORPHOLOGY_UNICODE_PAIRED_DIRECT_FILE_REPLAY_BUILD_DEFERRED_FOR_DEPENDENCY_CLOSURE","locale/fa-IR/content/normal-modal-logic/filtrations/examples-of-filtrations.tex","ACCEPTED","4ED39EDAE258CDB11FFBB94EC270F78CB23C28880E05B8F5CAF994FF9F45C556","PASS_STATIC_SEMANTIC_SOURCE_CARRIER_EXPANSION_MORPHOLOGY_UNICODE_PAIRED_DIRECT_FILE_REPLAY_BUILD_DEFERRED_FOR_DEPENDENCY_CLOSURE","ACCEPTED"
"OLP-0455","455","9620cc73f9c8e0ad003c514a5d3748f29611c4c0","content/normal-modal-logic/filtrations/finite.tex","a0c695c86cbdec8bc0b0de88bc3b9b773ae5342917faab46096e36228d7b6e21","1838","46","257","true","true","455","canonical_complete_reader_reachable","Reached by ordered depth-first replay from content/open-logic-about.tex then content/content.tex through uncommented olimport edges.","reader_unit","Filtrations are Finite","nml","0","","","1","content/normal-modal-logic/filtrations/filtrations.tex","0","","3","document:1|proof:1|prop:1","0","0","1","0","0","1","0","0","0","0","1","0","0","0","0","0","45","locale/ar/content/normal-modal-logic/filtrations/finite.tex","ACCEPTED","68E060E679DB122AB69AB7EC1747D4CCD97D24052DF0C92CF120344789C36CA0","PASS_STATIC_SEMANTIC_SOURCE_CARRIER_EXPANSION_MORPHOLOGY_UNICODE_PAIRED_DIRECT_FILE_REPLAY_BUILD_DEFERRED_FOR_DEPENDENCY_CLOSURE","locale/fa-IR/content/normal-modal-logic/filtrations/finite.tex","ACCEPTED","50F1882B11462CDD930931CEA372D50B1332CCB4BDDC39CA21CF73184F978D89","PASS_STATIC_SEMANTIC_SOURCE_CARRIER_EXPANSION_MORPHOLOGY_UNICODE_PAIRED_DIRECT_FILE_REPLAY_BUILD_DEFERRED_FOR_DEPENDENCY_CLOSURE","ACCEPTED"
"OLP-0456","456","9620cc73f9c8e0ad003c514a5d3748f29611c4c0","content/normal-modal-logic/filtrations/S5-fmp.tex","ecc76c904a30e63e01617cc1f14f419d3b0a3f32095a51a60479439a093b66a4","3428","90","490","true","true","456","canonical_complete_reader_reachable","Reached by ordered depth-first replay from content/open-logic-about.tex then content/content.tex through uncommented olimport edges.","reader_unit","","nml","0","","","1","content/normal-modal-logic/filtrations/filtrations.tex","0","","10","cor:1|defn:1|document:1|prob:2|proof:3|prop:2","0","0","1","1","0","2","0","1","0","2","3","0","0","0","9","0","40","locale/ar/content/normal-modal-logic/filtrations/S5-fmp.tex","ACCEPTED","C68C0330760D1AB590D57434D4E9C6FF0F14578763910DA6D846AA99D608FA93","PASS_STATIC_SEMANTIC_SOURCE_CARRIER_EXPANSION_MORPHOLOGY_UNICODE_PAIRED_DIRECT_FILE_REPLAY_BUILD_DEFERRED_FOR_DEPENDENCY_CLOSURE","locale/fa-IR/content/normal-modal-logic/filtrations/S5-fmp.tex","ACCEPTED","CB44A8142DAD2E1E47D3D54288F87429733BD3C4A7BA92ED62B4A8B7F5856192","PASS_STATIC_SEMANTIC_SOURCE_CARRIER_EXPANSION_MORPHOLOGY_UNICODE_PAIRED_DIRECT_FILE_REPLAY_BUILD_DEFERRED_FOR_DEPENDENCY_CLOSURE","ACCEPTED"
"OLP-0457","457","9620cc73f9c8e0ad003c514a5d3748f29611c4c0","content/normal-modal-logic/filtrations/S5-decidable.tex","2b2a88ecdba3655c22f703cc0b879ed425f002c816bd776a08a29a8cc46121f4","1458","39","197","true","true","457","canonical_complete_reader_reachable","Reached by ordered depth-first replay from content/open-logic-about.tex then content/content.tex through uncommented olimport edges.","reader_unit","","nml","0","","","1","content/normal-modal-logic/filtrations/filtrations.tex","0","","3","document:1|proof:1|thm:1","0","0","1","0","1","0","0","0","0","0","1","0","0","0","2","0","12","locale/ar/content/normal-modal-logic/filtrations/S5-decidable.tex","ACCEPTED","61001B6DE7EDFC36EAB9EF8EB3BC0C878BE7702DC05BF094DAF38C33C6913D3F","PASS_STATIC_SEMANTIC_SOURCE_CARRIER_EXPANSION_MORPHOLOGY_UNICODE_PAIRED_DIRECT_FILE_REPLAY_BUILD_DEFERRED_FOR_DEPENDENCY_CLOSURE","locale/fa-IR/content/normal-modal-logic/filtrations/S5-decidable.tex","ACCEPTED","14E909737D20A75C44623C0ADE73A0FE438C059A90CB6385BE4FE643D7694B1C","PASS_STATIC_SEMANTIC_SOURCE_CARRIER_EXPANSION_MORPHOLOGY_UNICODE_PAIRED_DIRECT_FILE_REPLAY_BUILD_DEFERRED_FOR_DEPENDENCY_CLOSURE","ACCEPTED"
"OLP-0458","458","9620cc73f9c8e0ad003c514a5d3748f29611c4c0","content/normal-modal-logic/filtrations/more-filtrations.tex","f210bbacff9f50e2c73f1496399316684eacdf3084c25177c7c99afb17c9fc76","5796","136","695","true","true","458","canonical_complete_reader_reachable","Reached by ordered depth-first replay from content/open-logic-about.tex then content/content.tex through uncommented olimport edges.","reader_unit","Filtrations and Properties of Accessibility","nml","0","","","1","content/normal-modal-logic/filtrations/filtrations.tex","0","","8","document:1|enumerate:2|prob:1|proof:1|table:1|tabular:1|thm:1","0","0","1","0","1","0","0","0","0","1","1","0","0","0","12","0","100","locale/ar/content/normal-modal-logic/filtrations/more-filtrations.tex","ACCEPTED","D42F41C0635D5C34EB13979D8FDD622C87E3A5D04CA403BB172CC301BBC239FF","PASS_STATIC_SEMANTIC_SOURCE_CARRIER_EXPANSION_MORPHOLOGY_UNICODE_PAIRED_DIRECT_FILE_REPLAY_BUILD_DEFERRED_FOR_DEPENDENCY_CLOSURE","locale/fa-IR/content/normal-modal-logic/filtrations/more-filtrations.tex","ACCEPTED","FBF8365C53544DC02446031253064562B06E074D785C06A0FC3004FE62ADA193","PASS_STATIC_SEMANTIC_SOURCE_CARRIER_EXPANSION_MORPHOLOGY_UNICODE_PAIRED_DIRECT_FILE_REPLAY_BUILD_DEFERRED_FOR_DEPENDENCY_CLOSURE","ACCEPTED"
"OLP-0459","459","9620cc73f9c8e0ad003c514a5d3748f29611c4c0","content/normal-modal-logic/filtrations/euclidean-filtrations.tex","0fa161e75ec1d79490dd372c9b0dd1b85f737bc91eb0aeb026d6bb01109691bb","5355","134","607","true","true","459","canonical_complete_reader_reachable","Reached by ordered depth-first replay from content/open-logic-about.tex then content/content.tex through uncommented olimport edges.","reader_unit","Filtrations of Euclidean Models","nml","0","","","1","content/normal-modal-logic/filtrations/filtrations.tex","0","","10","document:1|enumerate:2|figure:2|prob:1|proof:1|thm:1|tikzpicture:2","0","0","1","0","1","0","0","0","0","1","1","2","2","0","6","0","70","locale/ar/content/normal-modal-logic/filtrations/euclidean-filtrations.tex","ACCEPTED","6570721E2F26D9559EC28248E042A4D5639C7159A510F37F23956FE51B3DCA3B","PASS_STATIC_SEMANTIC_SOURCE_CARRIER_EXPANSION_MORPHOLOGY_UNICODE_PAIRED_DIRECT_FILE_REPLAY_BUILD_DEFERRED_FOR_DEPENDENCY_CLOSURE","locale/fa-IR/content/normal-modal-logic/filtrations/euclidean-filtrations.tex","ACCEPTED","B599BB81C69C3AEF4FBB75B27CC1B176EF6EEBC349FB93724A58F9265FF37C15","PASS_STATIC_SEMANTIC_SOURCE_CARRIER_EXPANSION_MORPHOLOGY_UNICODE_PAIRED_DIRECT_FILE_REPLAY_BUILD_DEFERRED_FOR_DEPENDENCY_CLOSURE","ACCEPTED"
"OLP-0460","460","9620cc73f9c8e0ad003c514a5d3748f29611c4c0","content/normal-modal-logic/tableaux/tableaux.tex","79ca081b2f14126ce017a6d3b8defda2ff12d3b00aa27ea162a7eba5995dcf40","692","30","57","true","true","460","canonical_complete_reader_reachable","Reached by ordered depth-first replay from content/open-logic-about.tex then content/content.tex through uncommented olimport edges.","chapter_driver","","","9","content/normal-modal-logic/tableaux/introduction.tex|content/normal-modal-logic/tableaux/rules-for-K.tex|content/normal-modal-logic/tableaux/proofs-in-K.tex|content/normal-modal-logic/tableaux/soundness.tex|content/normal-modal-logic/tableaux/more-rules.tex|content/normal-modal-logic/tableaux/more-soundness.tex|content/normal-modal-logic/tableaux/simple-S5.tex|content/normal-modal-logic/tableaux/completeness.tex|content/normal-modal-logic/tableaux/countermodels.tex","","1","content/normal-modal-logic/normal-modal-logic.tex","0","","2","document:1|editorial:1","0","1","0","0","0","0","0","0","0","0","0","0","0","0","0","0","0","locale/ar/content/normal-modal-logic/tableaux/tableaux.tex","ACCEPTED","668BD0DB2A5DDCEDC1C38C39FD8C6F6EFD2322509DACC4ED8651CCD1F4A3AA43","PASS_STATIC_SEMANTIC_SOURCE_CARRIER_EXPANSION_MORPHOLOGY_UNICODE_PAIRED_DIRECT_FILE_REPLAY_BUILD_DEFERRED_FOR_DEPENDENCY_CLOSURE","locale/fa-IR/content/normal-modal-logic/tableaux/tableaux.tex","ACCEPTED","BCEA60B55EBB1CAD195C1FD867502018B85E0975970C186F3038AFD0635E136D","PASS_STATIC_SEMANTIC_SOURCE_CARRIER_EXPANSION_MORPHOLOGY_UNICODE_PAIRED_DIRECT_FILE_REPLAY_BUILD_DEFERRED_FOR_DEPENDENCY_CLOSURE","ACCEPTED"
"OLP-0461","461","9620cc73f9c8e0ad003c514a5d3748f29611c4c0","content/normal-modal-logic/tableaux/introduction.tex","bbd3ee3259bbdf70dffc210de4e2f37a1c1ba82af976bd83ffe25122ca5950ad","2590","62","323","true","true","461","canonical_complete_reader_reachable","Reached by ordered depth-first replay from content/open-logic-about.tex then content/content.tex through uncommented olimport edges.","reader_unit","Introduction","nml","0","","","1","content/normal-modal-logic/tableaux/tableaux.tex","0","","1","document:1","0","0","1","0","0","0","0","0","0","0","0","0","0","0","0","0","29","locale/ar/content/normal-modal-logic/tableaux/introduction.tex","ACCEPTED","052DE9233549E7C3D0452F6C7CBBA7D5EE0291B4D139C1A22F0195AEED73A663","PASS_STATIC_SEMANTIC_SOURCE_CARRIER_EXPANSION_MORPHOLOGY_UNICODE_PAIRED_DIRECT_FILE_REPLAY_BUILD_DEFERRED_FOR_DEPENDENCY_CLOSURE","locale/fa-IR/content/normal-modal-logic/tableaux/introduction.tex","ACCEPTED","971E4786376B94C27516FE9B4148687F852BAF6411FF6AC69B208144914DDC4E","PASS_STATIC_SEMANTIC_SOURCE_CARRIER_EXPANSION_MORPHOLOGY_UNICODE_PAIRED_DIRECT_FILE_REPLAY_BUILD_DEFERRED_FOR_DEPENDENCY_CLOSURE","ACCEPTED"
"OLP-0462","462","9620cc73f9c8e0ad003c514a5d3748f29611c4c0","content/normal-modal-logic/tableaux/rules-for-K.tex","0c6acbc7f6f35c263e0d8fba2b8349160d594013c1c1a1e2182182705665311e","9832","274","606","true","true","462","canonical_complete_reader_reachable","Reached by ordered depth-first replay from content/open-logic-about.tex then content/content.tex through uncommented olimport edges.","reader_unit","","nml","0","","","1","content/normal-modal-logic/tableaux/tableaux.tex","0","","12","array:1|center:1|document:1|oltableau:6|table:2|tabular:1","0","0","1","0","0","0","0","0","0","0","0","0","0","0","2","0","45","locale/ar/content/normal-modal-logic/tableaux/rules-for-K.tex","ACCEPTED","FB140945D9898B51FF3033D550D491043AF790588BA41CE1DBD563289D131EAE","PASS_STATIC_SEMANTIC_SOURCE_CARRIER_EXPANSION_MORPHOLOGY_UNICODE_PAIRED_DIRECT_FILE_REPLAY_BUILD_DEFERRED_FOR_DEPENDENCY_CLOSURE","locale/fa-IR/content/normal-modal-logic/tableaux/rules-for-K.tex","ACCEPTED","0220F63D2B85A7766D33215153C1F488ACC6272E94EA3135F7CB7DC8BC2BD36A","PASS_STATIC_SEMANTIC_SOURCE_CARRIER_EXPANSION_MORPHOLOGY_UNICODE_PAIRED_DIRECT_FILE_REPLAY_BUILD_DEFERRED_FOR_DEPENDENCY_CLOSURE","ACCEPTED"
"OLP-0463","463","9620cc73f9c8e0ad003c514a5d3748f29611c4c0","content/normal-modal-logic/tableaux/proofs-in-K.tex","52457e85fa8c243deb71975c98d0f2065b4f4ca97e789d919c626242233e47d8","3353","98","130","true","true","463","canonical_complete_reader_reachable","Reached by ordered depth-first replay from content/open-logic-about.tex then content/content.tex through uncommented olimport edges.","reader_unit","","nml","0","","","1","content/normal-modal-logic/tableaux/tableaux.tex","0","","7","document:1|enumerate:1|ex:2|oltableau:2|prob:1","0","0","1","0","0","0","0","0","2","1","0","0","0","0","0","0","7","locale/ar/content/normal-modal-logic/tableaux/proofs-in-K.tex","ACCEPTED","17B74390E6B09C11F1C6F0FF68ADAEC8E9387E7A2ED5DD32CDD8C3017BC196DB","PASS_STATIC_SEMANTIC_SOURCE_CARRIER_EXPANSION_MORPHOLOGY_UNICODE_PAIRED_DIRECT_FILE_REPLAY_BUILD_DEFERRED_FOR_DEPENDENCY_CLOSURE","locale/fa-IR/content/normal-modal-logic/tableaux/proofs-in-K.tex","ACCEPTED","B4989722CACDE58DA2AAB45DDE5AE927C7BB3E10FFE64D84365ECAFD267ED058","PASS_STATIC_SEMANTIC_SOURCE_CARRIER_EXPANSION_MORPHOLOGY_UNICODE_PAIRED_DIRECT_FILE_REPLAY_BUILD_DEFERRED_FOR_DEPENDENCY_CLOSURE","ACCEPTED"
"OLP-0464","464","9620cc73f9c8e0ad003c514a5d3748f29611c4c0","content/normal-modal-logic/tableaux/soundness.tex","b3a655bec656a3f82a1006299ae5504ebfa769f8d3c9b5f45482a824df34d9c7","12970","270","1517","true","true","464","canonical_complete_reader_reachable","Reached by ordered depth-first replay from content/open-logic-about.tex then content/content.tex through uncommented olimport edges.","reader_unit","","nml","0","","","1","content/normal-modal-logic/tableaux/tableaux.tex","0","","16","cor:2|defn:2|document:1|editorial:1|enumerate:3|explain:1|prob:1|proof:3|prop:1|thm:1","0","0","1","2","1","1","0","2","0","1","3","0","0","0","2","0","226","locale/ar/content/normal-modal-logic/tableaux/soundness.tex","ACCEPTED","FE67D0267335F96B3AEE87D17B4637FFCA8A4CBBF8FB7422329B4996C7E01E15","PASS_STATIC_SEMANTIC_SOURCE_CARRIER_EXPANSION_MORPHOLOGY_UNICODE_PAIRED_DIRECT_FILE_REPLAY_BUILD_DEFERRED_FOR_DEPENDENCY_CLOSURE","locale/fa-IR/content/normal-modal-logic/tableaux/soundness.tex","ACCEPTED","968C20F050D2B3ACCB39EC2D2F811C415CF83273F32745C5ADA629752310E29C","PASS_STATIC_SEMANTIC_SOURCE_CARRIER_EXPANSION_MORPHOLOGY_UNICODE_PAIRED_DIRECT_FILE_REPLAY_BUILD_DEFERRED_FOR_DEPENDENCY_CLOSURE","ACCEPTED"
"OLP-0465","465","9620cc73f9c8e0ad003c514a5d3748f29611c4c0","content/normal-modal-logic/tableaux/more-rules.tex","ce3fa1be78da101bfc043015b365dd3d0487e8455179b26d3bf2aa4991bf8519","6238","199","292","true","true","465","canonical_complete_reader_reachable","Reached by ordered depth-first replay from content/open-logic-about.tex then content/content.tex through uncommented olimport edges.","reader_unit","Rules for Other Accessibility Relations","nml","0","","","1","content/normal-modal-logic/tableaux/tableaux.tex","0","","12","center:2|document:1|enumerate:1|ex:1|oltableau:1|prob:1|table:2|tabular:3","0","0","1","0","0","0","0","0","1","1","0","0","0","0","2","0","49","locale/ar/content/normal-modal-logic/tableaux/more-rules.tex","ACCEPTED","230DF4E9140C77EAD505DCC151658C2B22AFCA513947F41541A6BD738E984E9C","PASS_STATIC_SEMANTIC_SOURCE_CARRIER_EXPANSION_MORPHOLOGY_UNICODE_PAIRED_DIRECT_FILE_REPLAY_BUILD_DEFERRED_FOR_DEPENDENCY_CLOSURE","locale/fa-IR/content/normal-modal-logic/tableaux/more-rules.tex","ACCEPTED","10CE6AFC3FBACA38DEAB6D3DBC6CC4F644826E5B49102A7914F63D79E74A735D","PASS_STATIC_SEMANTIC_SOURCE_CARRIER_EXPANSION_MORPHOLOGY_UNICODE_PAIRED_DIRECT_FILE_REPLAY_BUILD_DEFERRED_FOR_DEPENDENCY_CLOSURE","ACCEPTED"
"OLP-0466","466","9620cc73f9c8e0ad003c514a5d3748f29611c4c0","content/normal-modal-logic/tableaux/more-soundness.tex","c14dabbd9555ee487e6226321348935dfcf8aba0459fb5f8c0544be9ae8e1ef4","9612","229","980","true","true","466","canonical_complete_reader_reachable","Reached by ordered depth-first replay from content/open-logic-about.tex then content/content.tex through uncommented olimport edges.","reader_unit","Soundness for Additional Rules","nml","0","","","1","content/normal-modal-logic/tableaux/tableaux.tex","0","","22","cor:1|document:1|prob:5|proof:5|prop:5|tagenumerate:5","0","0","1","0","0","5","0","1","0","5","5","0","0","0","6","0","152","locale/ar/content/normal-modal-logic/tableaux/more-soundness.tex","ACCEPTED","9B5FFBA8E0088ED176B13420CEC541B6639011A47055E72CAE9D746ED79792EB","PASS_STATIC_SEMANTIC_SOURCE_CARRIER_EXPANSION_MORPHOLOGY_UNICODE_PAIRED_DIRECT_FILE_REPLAY_BUILD_DEFERRED_FOR_DEPENDENCY_CLOSURE","locale/fa-IR/content/normal-modal-logic/tableaux/more-soundness.tex","ACCEPTED","2790C26F76CD206F2CF44D80B4A81CB6D57E0F8A7D89F15BF9CE016E2C865E72","PASS_STATIC_SEMANTIC_SOURCE_CARRIER_EXPANSION_MORPHOLOGY_UNICODE_PAIRED_DIRECT_FILE_REPLAY_BUILD_DEFERRED_FOR_DEPENDENCY_CLOSURE","ACCEPTED"
"OLP-0467","467","9620cc73f9c8e0ad003c514a5d3748f29611c4c0","content/normal-modal-logic/tableaux/simple-S5.tex","9c1e1d4b8416a069d786669d67a508fbbca7bae64c410e1a6ceb273d6f32b21a","3029","89","251","true","true","467","canonical_complete_reader_reachable","Reached by ordered depth-first replay from content/open-logic-about.tex then content/content.tex through uncommented olimport edges.","reader_unit","","nml","0","","","1","content/normal-modal-logic/tableaux/tableaux.tex","0","","6","center:1|document:1|ex:1|oltableau:1|table:1|tabular:1","0","0","1","0","0","0","0","0","1","0","0","0","0","0","1","0","13","locale/ar/content/normal-modal-logic/tableaux/simple-S5.tex","ACCEPTED","D0E59ABE143CEF961A9FF8E1C030809A8704D65AAE39533E4EC04144ADE87A53","PASS_STATIC_SEMANTIC_SOURCE_CARRIER_EXPANSION_MORPHOLOGY_UNICODE_PAIRED_DIRECT_FILE_REPLAY_BUILD_DEFERRED_FOR_DEPENDENCY_CLOSURE","locale/fa-IR/content/normal-modal-logic/tableaux/simple-S5.tex","ACCEPTED","0E0D0C21FD99F5A661FE2193A6F24194619F821D8FDE634A37D164384BEB253B","PASS_STATIC_SEMANTIC_SOURCE_CARRIER_EXPANSION_MORPHOLOGY_UNICODE_PAIRED_DIRECT_FILE_REPLAY_BUILD_DEFERRED_FOR_DEPENDENCY_CLOSURE","ACCEPTED"
"OLP-0468","468","9620cc73f9c8e0ad003c514a5d3748f29611c4c0","content/normal-modal-logic/tableaux/completeness.tex","228f8da4bd27b3d80700eb6306c9a1bbf1e8f1253e7252fb92f678e3a4f3622e","10378","231","983","true","true","468","canonical_complete_reader_reachable","Reached by ordered depth-first replay from content/open-logic-about.tex then content/content.tex through uncommented olimport edges.","reader_unit","","nml","0","","","1","content/normal-modal-logic/tableaux/tableaux.tex","0","","13","cor:2|defn:1|document:1|enumerate:2|explain:2|prob:1|proof:2|prop:1|thm:1","0","0","1","1","1","1","0","2","0","1","2","0","0","0","1","0","132","locale/ar/content/normal-modal-logic/tableaux/completeness.tex","ACCEPTED","5F658BEAAD7E6DE721B986F0B216DC5F41CB9EAA4D72842B9546C5E80C45C213","PASS_STATIC_SEMANTIC_SOURCE_CARRIER_EXPANSION_MORPHOLOGY_UNICODE_PAIRED_DIRECT_FILE_REPLAY_BUILD_DEFERRED_FOR_DEPENDENCY_CLOSURE","locale/fa-IR/content/normal-modal-logic/tableaux/completeness.tex","ACCEPTED","EE5AD9A2C2AD23D5A3AA228685BA79CFBCE8AF32D09649E5BF440AD73ECFBFCF","PASS_STATIC_SEMANTIC_SOURCE_CARRIER_EXPANSION_MORPHOLOGY_UNICODE_PAIRED_DIRECT_FILE_REPLAY_BUILD_DEFERRED_FOR_DEPENDENCY_CLOSURE","ACCEPTED"
"OLP-0469","469","9620cc73f9c8e0ad003c514a5d3748f29611c4c0","content/normal-modal-logic/tableaux/countermodels.tex","83566084b28a72febbb584c4f23b0a3047b5eaced35fc063402df7b7649a993b","13181","308","924","true","true","469","canonical_complete_reader_reachable","Reached by ordered depth-first replay from content/open-logic-about.tex then content/content.tex through uncommented olimport edges.","reader_unit","","nml","0","","","1","content/normal-modal-logic/tableaux/tableaux.tex","0","","16","center:2|document:1|ex:2|explain:1|figure:2|oltableau:6|tikzpicture:2","0","0","1","0","0","0","0","0","2","0","0","2","2","0","4","0","51","locale/ar/content/normal-modal-logic/tableaux/countermodels.tex","ACCEPTED","5AD76E62BBDECA12647C2B6FEB7EDFC44633C3C645A084252A0FD62AAA371E08","PASS_STATIC_SEMANTIC_SOURCE_CARRIER_EXPANSION_MORPHOLOGY_UNICODE_PAIRED_DIRECT_FILE_REPLAY_BUILD_DEFERRED_FOR_DEPENDENCY_CLOSURE","locale/fa-IR/content/normal-modal-logic/tableaux/countermodels.tex","ACCEPTED","22F14C02E9E66900899A6FB0449A77941CF0455F49CE9BB470342F7CAB64088B","PASS_STATIC_SEMANTIC_SOURCE_CARRIER_EXPANSION_MORPHOLOGY_UNICODE_PAIRED_DIRECT_FILE_REPLAY_BUILD_DEFERRED_FOR_DEPENDENCY_CLOSURE","ACCEPTED"
"OLP-0470","470","9620cc73f9c8e0ad003c514a5d3748f29611c4c0","content/normal-modal-logic/sequent-calculus/sequent-calculus.tex","79b83081634ef4076da10bb045e228b7d85d3d4f6b96cf71ae68f7610f59ea2e","582","27","38","true","true","470","canonical_complete_reader_reachable","Reached by ordered depth-first replay from content/open-logic-about.tex then content/content.tex through uncommented olimport edges.","chapter_driver","Modal Sequent Calculus","","4","content/normal-modal-logic/sequent-calculus/introduction.tex|content/normal-modal-logic/sequent-calculus/rules-for-K.tex|content/normal-modal-logic/sequent-calculus/proofs-in-K.tex|content/normal-modal-logic/sequent-calculus/more-rules.tex","","1","content/normal-modal-logic/normal-modal-logic.tex","0","","2","document:1|editorial:1","0","1","0","0","0","0","0","0","0","0","0","0","0","0","0","0","0","locale/ar/content/normal-modal-logic/sequent-calculus/sequent-calculus.tex","ACCEPTED","85FBC67CC278688702E6724DCF6C938631C1C9471A8EA5AECDD198693DB7A341","PASS_STATIC_SEMANTIC_SOURCE_CARRIER_EXPANSION_MORPHOLOGY_UNICODE_PAIRED_DIRECT_FILE_REPLAY_BUILD_DEFERRED_FOR_DEPENDENCY_CLOSURE","locale/fa-IR/content/normal-modal-logic/sequent-calculus/sequent-calculus.tex","ACCEPTED","C2F9F9948A4C69CB4B0C1F1C22A1FEB2F3436F1377386BA53187269A169AA814","PASS_STATIC_SEMANTIC_SOURCE_CARRIER_EXPANSION_MORPHOLOGY_UNICODE_PAIRED_DIRECT_FILE_REPLAY_BUILD_DEFERRED_FOR_DEPENDENCY_CLOSURE","ACCEPTED"
"OLP-0471","471","9620cc73f9c8e0ad003c514a5d3748f29611c4c0","content/normal-modal-logic/sequent-calculus/introduction.tex","d3612957dd1bda16feeb6492a907ff1f74f309be4a2033901df72655a0492ae2","1556","52","112","true","true","471","canonical_complete_reader_reachable","Reached by ordered depth-first replay from content/open-logic-about.tex then content/content.tex through uncommented olimport edges.","reader_unit","Introduction","nml","0","","","1","content/normal-modal-logic/sequent-calculus/sequent-calculus.tex","0","","1","document:1","0","0","1","0","0","0","0","0","0","0","0","0","0","0","0","0","19","locale/ar/content/normal-modal-logic/sequent-calculus/introduction.tex","ACCEPTED","778235F65704CF59C234BC0AACE5196D801BE92A03E41E1058AEABB3AD7D14DF","PASS_STATIC_SEMANTIC_SOURCE_CARRIER_EXPANSION_MORPHOLOGY_UNICODE_PAIRED_DIRECT_FILE_REPLAY_BUILD_DEFERRED_FOR_DEPENDENCY_CLOSURE","locale/fa-IR/content/normal-modal-logic/sequent-calculus/introduction.tex","ACCEPTED","CE5305A67FAA5670B63417C3561A598CB7E73ABECE8646420875D1AAB082F060","PASS_STATIC_SEMANTIC_SOURCE_CARRIER_EXPANSION_MORPHOLOGY_UNICODE_PAIRED_DIRECT_FILE_REPLAY_BUILD_DEFERRED_FOR_DEPENDENCY_CLOSURE","ACCEPTED"
"OLP-0472","472","9620cc73f9c8e0ad003c514a5d3748f29611c4c0","content/normal-modal-logic/sequent-calculus/rules-for-K.tex","4606b89ce8e80f68570cb3a4f7127ae001407503757e6a12f927fd61d8ab299c","4981","130","364","true","true","472","canonical_complete_reader_reachable","Reached by ordered depth-first replay from content/open-logic-about.tex then content/content.tex through uncommented olimport edges.","reader_unit","","nml","0","","","1","content/normal-modal-logic/sequent-calculus/sequent-calculus.tex","0","","1","document:1","0","0","1","0","0","0","0","0","0","0","0","0","0","0","0","0","80","locale/ar/content/normal-modal-logic/sequent-calculus/rules-for-K.tex","ACCEPTED","250BDFE0CACF47DAFA86853D22F632B69A9EA255B87C6B28B25D9AF77CEA3C91","PASS_STATIC_SEMANTIC_SOURCE_CARRIER_EXPANSION_MORPHOLOGY_UNICODE_PAIRED_DIRECT_FILE_REPLAY_BUILD_DEFERRED_FOR_DEPENDENCY_CLOSURE","locale/fa-IR/content/normal-modal-logic/sequent-calculus/rules-for-K.tex","ACCEPTED","B8B994A2C013268257AB90044184D2C758BC1D250837EA0FF10DBDB2DD9534A3","PASS_STATIC_SEMANTIC_SOURCE_CARRIER_EXPANSION_MORPHOLOGY_UNICODE_PAIRED_DIRECT_FILE_REPLAY_BUILD_DEFERRED_FOR_DEPENDENCY_CLOSURE","ACCEPTED"
"OLP-0473","473","9620cc73f9c8e0ad003c514a5d3748f29611c4c0","content/normal-modal-logic/sequent-calculus/proofs-in-K.tex","ad4e6505acb27ac32066fc9db60be9aadb5508713d237bc6720db3253230c023","4221","129","196","true","true","473","canonical_complete_reader_reachable","Reached by ordered depth-first replay from content/open-logic-about.tex then content/content.tex through uncommented olimport edges.","reader_unit","","nml","0","","","1","content/normal-modal-logic/sequent-calculus/sequent-calculus.tex","0","","8","document:1|enumerate:1|ex:2|prob:1|prooftree:3","0","0","1","0","0","0","0","0","2","1","0","0","0","0","0","0","46","locale/ar/content/normal-modal-logic/sequent-calculus/proofs-in-K.tex","ACCEPTED","CE57586F49A0F318CAE127C35231995D807C9064EB8D70841D3B31136FFE1A4D","PASS_STATIC_SEMANTIC_SOURCE_CARRIER_EXPANSION_MORPHOLOGY_UNICODE_PAIRED_DIRECT_FILE_REPLAY_BUILD_DEFERRED_FOR_DEPENDENCY_CLOSURE","locale/fa-IR/content/normal-modal-logic/sequent-calculus/proofs-in-K.tex","ACCEPTED","9593950BF423BDD938259B6CB15962D714541D7B0C51DF599546F217D463A303","PASS_STATIC_SEMANTIC_SOURCE_CARRIER_EXPANSION_MORPHOLOGY_UNICODE_PAIRED_DIRECT_FILE_REPLAY_BUILD_DEFERRED_FOR_DEPENDENCY_CLOSURE","ACCEPTED"
"OLP-0474","474","9620cc73f9c8e0ad003c514a5d3748f29611c4c0","content/normal-modal-logic/sequent-calculus/more-rules.tex","d64fed4c7e8009fe3e860b1e7c9ffdea99fdf665bb10245f56b1d39616729665","11297","365","472","true","true","474","canonical_complete_reader_reachable","Reached by ordered depth-first replay from content/open-logic-about.tex then content/content.tex through uncommented olimport edges.","reader_unit","Rules for Other Accessibility Relations","nml","0","","","1","content/normal-modal-logic/sequent-calculus/sequent-calculus.tex","0","","27","center:4|document:1|enumerate:1|ex:6|prob:1|prooftree:6|table:4|tabular:4","0","0","1","0","0","0","0","0","6","1","0","0","0","0","2","0","160","locale/ar/content/normal-modal-logic/sequent-calculus/more-rules.tex","ACCEPTED","74B64BDB88AB73F634C576F7E35FB8D407099ABAE380F1970E0B9024C1093ECE","PASS_STATIC_SEMANTIC_SOURCE_CARRIER_EXPANSION_MORPHOLOGY_UNICODE_PAIRED_DIRECT_FILE_REPLAY_BUILD_DEFERRED_FOR_DEPENDENCY_CLOSURE","locale/fa-IR/content/normal-modal-logic/sequent-calculus/more-rules.tex","ACCEPTED","4D7B3A1F8CB7E2B92812C1F2D206873AE5EB7F0212FE057743E54B49672E3708","PASS_STATIC_SEMANTIC_SOURCE_CARRIER_EXPANSION_MORPHOLOGY_UNICODE_PAIRED_DIRECT_FILE_REPLAY_BUILD_DEFERRED_FOR_DEPENDENCY_CLOSURE","ACCEPTED"
"OLP-0475","475","9620cc73f9c8e0ad003c514a5d3748f29611c4c0","content/applied-modal-logic/applied-modal-logic.tex","43d91b586d09ec42918d7f9ec426eeb054691f9848388e0758b5e13c4b8c90d0","436","21","39","true","true","475","canonical_complete_reader_reachable","Reached by ordered depth-first replay from content/open-logic-about.tex then content/content.tex through uncommented olimport edges.","part_driver","Applied Modal Logic","","2","content/applied-modal-logic/temporal-logic/temporal-logic.tex|content/applied-modal-logic/epistemic-logic/epistemic-logic.tex","","1","content/content.tex","0","","2","document:1|editorial:1","1","0","0","0","0","0","0","0","0","0","0","0","0","0","0","0","0","locale/ar/content/applied-modal-logic/applied-modal-logic.tex","ACCEPTED","E6CAA58B0D70B881CAC68B225999099E1025241E8DE38441FD162ECBE1236E42","PASS_STATIC_SEMANTIC_SOURCE_CARRIER_EXPANSION_MORPHOLOGY_UNICODE_PAIRED_DIRECT_FILE_REPLAY_BUILD_DEFERRED_FOR_DEPENDENCY_CLOSURE","locale/fa-IR/content/applied-modal-logic/applied-modal-logic.tex","ACCEPTED","8B09B471F4DD74F2FFC61721DAFC951CDFBFF1CF346F4D3BDEC86BC7BD036EFE","PASS_STATIC_SEMANTIC_SOURCE_CARRIER_EXPANSION_MORPHOLOGY_UNICODE_PAIRED_DIRECT_FILE_REPLAY_BUILD_DEFERRED_FOR_DEPENDENCY_CLOSURE","ACCEPTED"
"OLP-0476","476","9620cc73f9c8e0ad003c514a5d3748f29611c4c0","content/applied-modal-logic/temporal-logic/temporal-logic.tex","00aa71c0830bf893ca99cd14696619cfd9c958189f9b8d1dffd8ae2f90688378","465","23","29","true","true","476","canonical_complete_reader_reachable","Reached by ordered depth-first replay from content/open-logic-about.tex then content/content.tex through uncommented olimport edges.","chapter_driver","Temporal Logics","","5","content/applied-modal-logic/temporal-logic/introduction.tex|content/applied-modal-logic/temporal-logic/temporal-logic-semantics.tex|content/applied-modal-logic/temporal-logic/properties-accessibility.tex|content/applied-modal-logic/temporal-logic/extra-temporal-operators.tex|content/applied-modal-logic/temporal-logic/possible-histories.tex","","1","content/applied-modal-logic/applied-modal-logic.tex","0","","2","document:1|editorial:1","0","1","0","0","0","0","0","0","0","0","0","0","0","0","0","0","0","locale/ar/content/applied-modal-logic/temporal-logic/temporal-logic.tex","ACCEPTED","E84FCEDD46D41450724A6E1B3CB73C565A16640D0B220DD314C062E504A193C7","PASS_STATIC_SEMANTIC_SOURCE_CARRIER_EXPANSION_MORPHOLOGY_UNICODE_PAIRED_DIRECT_FILE_REPLAY_BUILD_DEFERRED_FOR_DEPENDENCY_CLOSURE","locale/fa-IR/content/applied-modal-logic/temporal-logic/temporal-logic.tex","ACCEPTED","A4A653931BB50C3F4ED778B68CCAEB1EDFEAFE772B2712B038466AC761953E4B","PASS_STATIC_SEMANTIC_SOURCE_CARRIER_EXPANSION_MORPHOLOGY_UNICODE_PAIRED_DIRECT_FILE_REPLAY_BUILD_DEFERRED_FOR_DEPENDENCY_CLOSURE","ACCEPTED"
"OLP-0477","477","9620cc73f9c8e0ad003c514a5d3748f29611c4c0","content/applied-modal-logic/temporal-logic/introduction.tex","499adc08c8da0fee513c93ad96c49089288c84e132b736ea37baf5e46ba175db","2653","54","418","true","true","477","canonical_complete_reader_reachable","Reached by ordered depth-first replay from content/open-logic-about.tex then content/content.tex through uncommented olimport edges.","reader_unit","Introduction","aml","0","","","1","content/applied-modal-logic/temporal-logic/temporal-logic.tex","0","","1","document:1","0","0","1","0","0","0","0","0","0","0","0","0","0","0","0","0","0","locale/ar/content/applied-modal-logic/temporal-logic/introduction.tex","ACCEPTED","2F5CF35578CABC5391CD83514F00BC4EEE777A990910F28A73FD3572AFC8E924","PASS_STATIC_SEMANTIC_SOURCE_CARRIER_EXPANSION_MORPHOLOGY_UNICODE_PAIRED_DIRECT_FILE_REPLAY_BUILD_DEFERRED_FOR_DEPENDENCY_CLOSURE","locale/fa-IR/content/applied-modal-logic/temporal-logic/introduction.tex","ACCEPTED","BA283E9E8EE3B0D59B30B7ED289B35F23B6A6E4EB3926058D4E1A5C9FE38A825","PASS_STATIC_SEMANTIC_SOURCE_CARRIER_EXPANSION_MORPHOLOGY_UNICODE_PAIRED_DIRECT_FILE_REPLAY_BUILD_DEFERRED_FOR_DEPENDENCY_CLOSURE","ACCEPTED"
"OLP-0478","478","9620cc73f9c8e0ad003c514a5d3748f29611c4c0","content/applied-modal-logic/temporal-logic/temporal-logic-semantics.tex","a19bba5d1553ac0da8957d76ddf35ed446d2a6e272e353d7afed799bf30cb9c9","5419","126","634","true","true","478","canonical_complete_reader_reachable","Reached by ordered depth-first replay from content/open-logic-about.tex then content/content.tex through uncommented olimport edges.","reader_unit","Semantics for Temporal Logic","aml","0","","","1","content/applied-modal-logic/temporal-logic/temporal-logic.tex","0","","9","defn:4|document:1|enumerate:4","0","0","1","4","0","0","0","0","0","0","0","0","0","0","0","0","101","locale/ar/content/applied-modal-logic/temporal-logic/temporal-logic-semantics.tex","ACCEPTED","A3BC3DE7AC4F25BD3630E974B63F53C1C24CDE51CA704113A0F534562596C851","PASS_STATIC_SEMANTIC_SOURCE_CARRIER_EXPANSION_MORPHOLOGY_UNICODE_PAIRED_DIRECT_FILE_REPLAY_BUILD_DEFERRED_FOR_DEPENDENCY_CLOSURE","locale/fa-IR/content/applied-modal-logic/temporal-logic/temporal-logic-semantics.tex","ACCEPTED","C2694895FF1DAE0428EF7C3AD7A8CBAE3A954AAC40C836C19EB7EAED6271D050","PASS_STATIC_SEMANTIC_SOURCE_CARRIER_EXPANSION_MORPHOLOGY_UNICODE_PAIRED_DIRECT_FILE_REPLAY_BUILD_DEFERRED_FOR_DEPENDENCY_CLOSURE","ACCEPTED"
"OLP-0479","479","9620cc73f9c8e0ad003c514a5d3748f29611c4c0","content/applied-modal-logic/temporal-logic/properties-accessibility.tex","202de38cfbdd9ea55dcfe80c25651bcd40e7a238337a530b4227d357f32dbb31","2459","65","244","true","true","479","canonical_complete_reader_reachable","Reached by ordered depth-first replay from content/open-logic-about.tex then content/content.tex through uncommented olimport edges.","reader_unit","Properties of Temporal Frames","aml","0","","","1","content/applied-modal-logic/temporal-logic/temporal-logic.tex","0","","4","align*:1|document:1|table:1|tabular:1","0","0","1","0","0","0","0","0","0","0","0","0","0","0","1","0","22","locale/ar/content/applied-modal-logic/temporal-logic/properties-accessibility.tex","ACCEPTED","53E5E2B995205FE901219171CE0153B698B503CF489C4FAB210F7452FD106EAD","PASS_STATIC_SEMANTIC_SOURCE_CARRIER_EXPANSION_MORPHOLOGY_UNICODE_PAIRED_DIRECT_FILE_REPLAY_BUILD_DEFERRED_FOR_DEPENDENCY_CLOSURE","locale/fa-IR/content/applied-modal-logic/temporal-logic/properties-accessibility.tex","ACCEPTED","DB422E3A7BA781B676A662D2EBC31A7F6585A9C74353621E66B5795F60BBCE51","PASS_STATIC_SEMANTIC_SOURCE_CARRIER_EXPANSION_MORPHOLOGY_UNICODE_PAIRED_DIRECT_FILE_REPLAY_BUILD_DEFERRED_FOR_DEPENDENCY_CLOSURE","ACCEPTED"
"OLP-0480","480","9620cc73f9c8e0ad003c514a5d3748f29611c4c0","content/applied-modal-logic/temporal-logic/extra-temporal-operators.tex","65bfca4a9ad6ff771149a267e0850f2c8aad73c96a48ca86339312c69cf28604","1652","45","205","true","true","480","canonical_complete_reader_reachable","Reached by ordered depth-first replay from content/open-logic-about.tex then content/content.tex through uncommented olimport edges.","reader_unit","Additional Operators for Temporal Logic","aml","0","","","1","content/applied-modal-logic/temporal-logic/temporal-logic.tex","0","","4","defn:1|document:1|enumerate:1|itemize:1","0","0","1","1","0","0","0","0","0","0","0","0","0","0","0","0","31","locale/ar/content/applied-modal-logic/temporal-logic/extra-temporal-operators.tex","ACCEPTED","22239294BA1D103C17557D8A7EB8627EB8C809373B87EFD01194DC6DCFB58530","PASS_STATIC_SEMANTIC_SOURCE_CARRIER_EXPANSION_MORPHOLOGY_UNICODE_PAIRED_DIRECT_FILE_REPLAY_BUILD_DEFERRED_FOR_DEPENDENCY_CLOSURE","locale/fa-IR/content/applied-modal-logic/temporal-logic/extra-temporal-operators.tex","ACCEPTED","879E205CAE89335335E380EF88F7ECF50686B3C19752C3625388AFAF7111DD2C","PASS_STATIC_SEMANTIC_SOURCE_CARRIER_EXPANSION_MORPHOLOGY_UNICODE_PAIRED_DIRECT_FILE_REPLAY_BUILD_DEFERRED_FOR_DEPENDENCY_CLOSURE","ACCEPTED"
"OLP-0481","481","9620cc73f9c8e0ad003c514a5d3748f29611c4c0","content/applied-modal-logic/temporal-logic/possible-histories.tex","3a5d0f0f6639f30f41cb2d4214c957504d174d253a8fe6faaa5c3798f2facf2b","3487","76","489","true","true","481","canonical_complete_reader_reachable","Reached by ordered depth-first replay from content/open-logic-about.tex then content/content.tex through uncommented olimport edges.","reader_unit","Possible Histories","aml","0","","","1","content/applied-modal-logic/temporal-logic/temporal-logic.tex","0","","5","defn:2|document:1|enumerate:2","0","0","1","2","0","0","0","0","0","0","0","0","0","0","1","0","53","locale/ar/content/applied-modal-logic/temporal-logic/possible-histories.tex","ACCEPTED","A55EDE0924D8D97629FEE8A4FB4A268E69DDD2F6BE607A8D1A776083A566AD09","PASS_STATIC_SEMANTIC_SOURCE_CARRIER_EXPANSION_MORPHOLOGY_UNICODE_PAIRED_DIRECT_FILE_REPLAY_BUILD_DEFERRED_FOR_DEPENDENCY_CLOSURE","locale/fa-IR/content/applied-modal-logic/temporal-logic/possible-histories.tex","ACCEPTED","CE2D35BF756D7EAEBDFF27211C94358D178F1589F827065F5DF0256C4F24327E","PASS_STATIC_SEMANTIC_SOURCE_CARRIER_EXPANSION_MORPHOLOGY_UNICODE_PAIRED_DIRECT_FILE_REPLAY_BUILD_DEFERRED_FOR_DEPENDENCY_CLOSURE","ACCEPTED"
"OLP-0482","482","9620cc73f9c8e0ad003c514a5d3748f29611c4c0","content/applied-modal-logic/epistemic-logic/epistemic-logic.tex","5e9d6f04523eec2e5823238e246f5c2091fc0a36644ac3741ed1571a5d3b014c","791","27","75","true","true","482","canonical_complete_reader_reachable","Reached by ordered depth-first replay from content/open-logic-about.tex then content/content.tex through uncommented olimport edges.","chapter_driver","Epistemic Logics","","8","content/applied-modal-logic/epistemic-logic/introduction.tex|content/applied-modal-logic/epistemic-logic/language-epistemic-logic.tex|content/applied-modal-logic/epistemic-logic/relational-models.tex|content/applied-modal-logic/epistemic-logic/truth-at-w.tex|content/applied-modal-logic/epistemic-logic/properties-accessibility.tex|content/applied-modal-logic/epistemic-logic/bisimulations.tex|content/applied-modal-logic/epistemic-logic/public-announcement-logic-lang.tex|content/applied-modal-logic/epistemic-logic/public-announcement-logic-semantics.tex","","1","content/applied-modal-logic/applied-modal-logic.tex","0","","2","document:1|editorial:1","0","1","0","0","0","0","0","0","0","0","0","0","0","0","0","0","0","locale/ar/content/applied-modal-logic/epistemic-logic/epistemic-logic.tex","ACCEPTED","4AFDF09D267566A253AFF47118DE5F5E64A65E3393C670A01131D9BBD3CC27F7","PASS_STATIC_SEMANTIC_SOURCE_CARRIER_EXPANSION_MORPHOLOGY_UNICODE_PAIRED_DIRECT_FILE_REPLAY_BUILD_DEFERRED_FOR_DEPENDENCY_CLOSURE","locale/fa-IR/content/applied-modal-logic/epistemic-logic/epistemic-logic.tex","ACCEPTED","8C1861A6FC7C97C793C815B15075DD61CFDDF9C9EC21CC0E334B8A3DE511C62C","PASS_STATIC_SEMANTIC_SOURCE_CARRIER_EXPANSION_MORPHOLOGY_UNICODE_PAIRED_DIRECT_FILE_REPLAY_BUILD_DEFERRED_FOR_DEPENDENCY_CLOSURE","ACCEPTED"
"OLP-0483","483","9620cc73f9c8e0ad003c514a5d3748f29611c4c0","content/applied-modal-logic/epistemic-logic/introduction.tex","8771ed657ab24531e8693089adafc736c301192bcff03b4f53dc596afb3a318e","2048","24","281","true","true","483","canonical_complete_reader_reachable","Reached by ordered depth-first replay from content/open-logic-about.tex then content/content.tex through uncommented olimport edges.","reader_unit","Introduction","aml","0","","","1","content/applied-modal-logic/epistemic-logic/epistemic-logic.tex","0","","2","document:1|enumerate:1","0","0","1","0","0","0","0","0","0","0","0","0","0","0","0","0","0","locale/ar/content/applied-modal-logic/epistemic-logic/introduction.tex","ACCEPTED","3D4D1E270DEFEE4A5BC95EDE3AA9C9863ECB5990D141029DCFC6A69C8D250FB3","PASS_STATIC_SEMANTIC_SOURCE_CARRIER_EXPANSION_MORPHOLOGY_UNICODE_PAIRED_DIRECT_FILE_REPLAY_BUILD_DEFERRED_FOR_DEPENDENCY_CLOSURE","locale/fa-IR/content/applied-modal-logic/epistemic-logic/introduction.tex","ACCEPTED","DCDF793A1901CB5D8A936DD8616A9ADB600D80B6ADF441306D868022601E5DBC","PASS_STATIC_SEMANTIC_SOURCE_CARRIER_EXPANSION_MORPHOLOGY_UNICODE_PAIRED_DIRECT_FILE_REPLAY_BUILD_DEFERRED_FOR_DEPENDENCY_CLOSURE","ACCEPTED"
"OLP-0484","484","9620cc73f9c8e0ad003c514a5d3748f29611c4c0","content/applied-modal-logic/epistemic-logic/language-epistemic-logic.tex","832931542ab74e91167af68186f69c447200fbc3072a2943f05a9bebc34d3dbe","3231","88","383","true","true","484","canonical_complete_reader_reachable","Reached by ordered depth-first replay from content/open-logic-about.tex then content/content.tex through uncommented olimport edges.","reader_unit","The Language of Epistemic Logic","aml","0","","","1","content/applied-modal-logic/epistemic-logic/epistemic-logic.tex","0","","6","defn:3|document:1|enumerate:2","0","0","1","3","0","0","0","0","0","0","0","0","0","0","0","0","46","locale/ar/content/applied-modal-logic/epistemic-logic/language-epistemic-logic.tex","ACCEPTED","EFC7065C6F7FC3F0161BEE561CEB02AA07819A7E95F2B8B35D9064FAEA6BDB07","PASS_STATIC_SEMANTIC_SOURCE_CARRIER_EXPANSION_MORPHOLOGY_UNICODE_PAIRED_DIRECT_FILE_REPLAY_BUILD_DEFERRED_FOR_DEPENDENCY_CLOSURE","locale/fa-IR/content/applied-modal-logic/epistemic-logic/language-epistemic-logic.tex","ACCEPTED","C0E45C513FBA491DEE79B6686894FB29D37E42C8B63C18798BA9E57958AD0690","PASS_STATIC_SEMANTIC_SOURCE_CARRIER_EXPANSION_MORPHOLOGY_UNICODE_PAIRED_DIRECT_FILE_REPLAY_BUILD_DEFERRED_FOR_DEPENDENCY_CLOSURE","ACCEPTED"
"OLP-0485","485","9620cc73f9c8e0ad003c514a5d3748f29611c4c0","content/applied-modal-logic/epistemic-logic/relational-models.tex","2ddcdcac88f10c6acda13986fe198ead98c80a307450499833945fe89826b0a2","2061","50","295","true","true","485","canonical_complete_reader_reachable","Reached by ordered depth-first replay from content/open-logic-about.tex then content/content.tex through uncommented olimport edges.","reader_unit","Relational Models","aml","0","","","1","content/applied-modal-logic/epistemic-logic/epistemic-logic.tex","0","","3","defn:1|document:1|enumerate:1","0","0","1","1","0","0","0","0","0","0","0","0","0","0","0","0","23","locale/ar/content/applied-modal-logic/epistemic-logic/relational-models.tex","ACCEPTED","55D38197BA773EC60BAA91E495A81D0D1BC38EFE0D3474566AC451D35C31E13E","PASS_STATIC_SEMANTIC_SOURCE_CARRIER_EXPANSION_MORPHOLOGY_UNICODE_PAIRED_DIRECT_FILE_REPLAY_BUILD_DEFERRED_FOR_DEPENDENCY_CLOSURE","locale/fa-IR/content/applied-modal-logic/epistemic-logic/relational-models.tex","ACCEPTED","A26172C18D140FECF82F7B320424AB9577CD0481C03BB7F26B5DD68EA16D09AA","PASS_STATIC_SEMANTIC_SOURCE_CARRIER_EXPANSION_MORPHOLOGY_UNICODE_PAIRED_DIRECT_FILE_REPLAY_BUILD_DEFERRED_FOR_DEPENDENCY_CLOSURE","ACCEPTED"
"OLP-0486","486","9620cc73f9c8e0ad003c514a5d3748f29611c4c0","content/applied-modal-logic/epistemic-logic/truth-at-w.tex","61cb128ebc89ac2765431783810aed843c0872b6e06839b4244ad18111f48dbb","5065","116","648","true","true","486","canonical_complete_reader_reachable","Reached by ordered depth-first replay from content/open-logic-about.tex then content/content.tex through uncommented olimport edges.","reader_unit","Truth at a World","aml","0","","","1","content/applied-modal-logic/epistemic-logic/epistemic-logic.tex","0","","10","align*:1|center:1|defn:2|document:1|enumerate:2|figure:1|prob:1|tikzpicture:1","0","0","1","2","0","0","0","0","0","1","0","1","1","0","3","0","65","locale/ar/content/applied-modal-logic/epistemic-logic/truth-at-w.tex","ACCEPTED","971869BD9BF20A6DE2E1C3B31D6E18B9C2F6D0542D529CED3846118BC388A5E2","PASS_STATIC_SEMANTIC_SOURCE_CARRIER_EXPANSION_MORPHOLOGY_UNICODE_PAIRED_DIRECT_FILE_REPLAY_BUILD_DEFERRED_FOR_DEPENDENCY_CLOSURE","locale/fa-IR/content/applied-modal-logic/epistemic-logic/truth-at-w.tex","ACCEPTED","967122032AD5CA80DE1FE38AA745B79FE97087CB9C58D45966FE94ADA6CAC1BA","PASS_STATIC_SEMANTIC_SOURCE_CARRIER_EXPANSION_MORPHOLOGY_UNICODE_PAIRED_DIRECT_FILE_REPLAY_BUILD_DEFERRED_FOR_DEPENDENCY_CLOSURE","ACCEPTED"
"OLP-0487","487","9620cc73f9c8e0ad003c514a5d3748f29611c4c0","content/applied-modal-logic/epistemic-logic/properties-accessibility.tex","d368726af3967552ecfe660e9151cf29d60d41da5af58a5d4a625bd577e3310a","3337","79","398","true","true","487","canonical_complete_reader_reachable","Reached by ordered depth-first replay from content/open-logic-about.tex then content/content.tex through uncommented olimport edges.","reader_unit","Accessibility Relations and Epistemic Principles","aml","0","","","1","content/applied-modal-logic/epistemic-logic/epistemic-logic.tex","0","","3","document:1|table:1|tabular:1","0","0","1","0","0","0","0","0","0","0","0","0","0","0","0","0","11","locale/ar/content/applied-modal-logic/epistemic-logic/properties-accessibility.tex","ACCEPTED","7E61FC5FC99F506EC18FC93470239A1D29ADFFC8B6B3D233207FE9AE31768F69","PASS_STATIC_SEMANTIC_SOURCE_CARRIER_EXPANSION_MORPHOLOGY_UNICODE_PAIRED_DIRECT_FILE_REPLAY_BUILD_DEFERRED_FOR_DEPENDENCY_CLOSURE","locale/fa-IR/content/applied-modal-logic/epistemic-logic/properties-accessibility.tex","ACCEPTED","86EC6D378B19CB85D9A3445146373A62D6F3D548C98E4347172C7D499D68241B","PASS_STATIC_SEMANTIC_SOURCE_CARRIER_EXPANSION_MORPHOLOGY_UNICODE_PAIRED_DIRECT_FILE_REPLAY_BUILD_DEFERRED_FOR_DEPENDENCY_CLOSURE","ACCEPTED"
"OLP-0488","488","9620cc73f9c8e0ad003c514a5d3748f29611c4c0","content/applied-modal-logic/epistemic-logic/bisimulations.tex","d350f9e32fa4ff1681662fd634591c1f05eb369dde6779e0ecb81cc2d5e13641","4206","104","563","true","true","488","canonical_complete_reader_reachable","Reached by ordered depth-first replay from content/open-logic-about.tex then content/content.tex through uncommented olimport edges.","reader_unit","Bisimulations","aml","0","","","1","content/applied-modal-logic/epistemic-logic/epistemic-logic.tex","0","","7","center:1|defn:1|document:1|enumerate:1|figure:1|thm:1|tikzpicture:1","0","0","1","1","1","0","0","0","0","0","0","1","1","0","1","0","52","locale/ar/content/applied-modal-logic/epistemic-logic/bisimulations.tex","ACCEPTED","AE7237241205DB71F7BA419A6BEE3088126666EAE9565EBC8BBAD60B741DC968","PASS_STATIC_SEMANTIC_SOURCE_CARRIER_EXPANSION_MORPHOLOGY_UNICODE_PAIRED_DIRECT_FILE_REPLAY_BUILD_DEFERRED_FOR_DEPENDENCY_CLOSURE","locale/fa-IR/content/applied-modal-logic/epistemic-logic/bisimulations.tex","ACCEPTED","2EBF94A3565A5DB499FD3FF9E1930E94820C71CAA7FB89B0D2459E7264A6C191","PASS_STATIC_SEMANTIC_SOURCE_CARRIER_EXPANSION_MORPHOLOGY_UNICODE_PAIRED_DIRECT_FILE_REPLAY_BUILD_DEFERRED_FOR_DEPENDENCY_CLOSURE","ACCEPTED"
"OLP-0489","489","9620cc73f9c8e0ad003c514a5d3748f29611c4c0","content/applied-modal-logic/epistemic-logic/public-announcement-logic-lang.tex","40a35caaa740f576e6192564fb1906090d5a9dedc0d89a9c47f9be6e0d235ceb","3062","84","356","true","true","489","canonical_complete_reader_reachable","Reached by ordered depth-first replay from content/open-logic-about.tex then content/content.tex through uncommented olimport edges.","reader_unit","Public Announcement Logic","aml","0","","","1","content/applied-modal-logic/epistemic-logic/epistemic-logic.tex","0","","5","defn:2|document:1|enumerate:2","0","0","1","2","0","0","0","0","0","0","0","0","0","0","0","0","41","locale/ar/content/applied-modal-logic/epistemic-logic/public-announcement-logic-lang.tex","ACCEPTED","D5CC15D7E2D82E3FBC7DA50FD874CE15E78477D13B88789F7E9F26C4C1DBBE45","PASS_STATIC_SEMANTIC_SOURCE_CARRIER_EXPANSION_MORPHOLOGY_UNICODE_PAIRED_DIRECT_FILE_REPLAY_BUILD_DEFERRED_FOR_DEPENDENCY_CLOSURE","locale/fa-IR/content/applied-modal-logic/epistemic-logic/public-announcement-logic-lang.tex","ACCEPTED","FB25871D4CE440615E5FD09B238D8B9A99145EB2390384F53C78563731405EEE","PASS_STATIC_SEMANTIC_SOURCE_CARRIER_EXPANSION_MORPHOLOGY_UNICODE_PAIRED_DIRECT_FILE_REPLAY_BUILD_DEFERRED_FOR_DEPENDENCY_CLOSURE","ACCEPTED"
"OLP-0490","490","9620cc73f9c8e0ad003c514a5d3748f29611c4c0","content/applied-modal-logic/epistemic-logic/public-announcement-logic-semantics.tex","a41c3518a6fbf6efb2ef00d6d42d37472dc117013df751d78d985d80469baee0","5842","126","754","true","true","490","canonical_complete_reader_reachable","Reached by ordered depth-first replay from content/open-logic-about.tex then content/content.tex through uncommented olimport edges.","reader_unit","Semantics of Public Announcement Logic","aml","0","","","1","content/applied-modal-logic/epistemic-logic/epistemic-logic.tex","0","","7","center:1|defn:1|document:1|enumerate:2|figure:1|tikzpicture:1","0","0","1","1","0","0","0","0","0","0","0","1","1","0","2","0","86","locale/ar/content/applied-modal-logic/epistemic-logic/public-announcement-logic-semantics.tex","ACCEPTED","0568BF4D7B4C4C67945206C96D1A4DD8544CF6CD20D66ABB6C0C20E4337F05AB","PASS_STATIC_SEMANTIC_SOURCE_CARRIER_EXPANSION_MORPHOLOGY_UNICODE_PAIRED_DIRECT_FILE_REPLAY_BUILD_DEFERRED_FOR_DEPENDENCY_CLOSURE","locale/fa-IR/content/applied-modal-logic/epistemic-logic/public-announcement-logic-semantics.tex","ACCEPTED","2DDA523B8045DE39DC1A91650606F8B5BA9D24401ECC529A153D75F3ED701BF9","PASS_STATIC_SEMANTIC_SOURCE_CARRIER_EXPANSION_MORPHOLOGY_UNICODE_PAIRED_DIRECT_FILE_REPLAY_BUILD_DEFERRED_FOR_DEPENDENCY_CLOSURE","ACCEPTED"
"OLP-0491","491","9620cc73f9c8e0ad003c514a5d3748f29611c4c0","content/intuitionistic-logic/intuitionistic-logic.tex","792dd6ea7e00ce89e6f8bddec8402783ede177d7fe6e4aea2f0d9daa34c25050","353","20","20","true","true","491","canonical_complete_reader_reachable","Reached by ordered depth-first replay from content/open-logic-about.tex then content/content.tex through uncommented olimport edges.","part_driver","Intuitionistic Logic","","4","content/intuitionistic-logic/introduction/introduction.tex|content/intuitionistic-logic/semantics/semantics.tex|content/intuitionistic-logic/soundness-completeness/soundness-completeness.tex|content/intuitionistic-logic/tableaux/tableaux.tex","","1","content/content.tex","0","","1","document:1","1","0","0","0","0","0","0","0","0","0","0","0","0","0","0","0","0","locale/ar/content/intuitionistic-logic/intuitionistic-logic.tex","ACCEPTED","5B1D995DD48F014F17B65A1DF2A5693BBEBAEA5F783EC2A783B9B9C2D0D50F6F","PASS_STATIC_SEMANTIC_SOURCE_CARRIER_EXPANSION_MORPHOLOGY_UNICODE_PAIRED_DIRECT_FILE_REPLAY_BUILD_DEFERRED_FOR_DEPENDENCY_CLOSURE","locale/fa-IR/content/intuitionistic-logic/intuitionistic-logic.tex","ACCEPTED","A5DEEA0C9A45F3DCEE2C26F9DF6904B6D672026D0702635720D425035B514E75","PASS_STATIC_SEMANTIC_SOURCE_CARRIER_EXPANSION_MORPHOLOGY_UNICODE_PAIRED_DIRECT_FILE_REPLAY_BUILD_DEFERRED_FOR_DEPENDENCY_CLOSURE","ACCEPTED"
"OLP-0492","492","9620cc73f9c8e0ad003c514a5d3748f29611c4c0","content/intuitionistic-logic/introduction/introduction.tex","c4ab088d9971d886cc71ee0775849d9ef76ba8d33d08377ca1231b33ef4bfcdf","378","24","19","true","true","492","canonical_complete_reader_reachable","Reached by ordered depth-first replay from content/open-logic-about.tex then content/content.tex through uncommented olimport edges.","chapter_driver","Introduction","","5","content/intuitionistic-logic/introduction/constructive-reasoning.tex|content/intuitionistic-logic/introduction/syntax.tex|content/intuitionistic-logic/introduction/bhk-interpretation.tex|content/intuitionistic-logic/introduction/natural-deduction.tex|content/intuitionistic-logic/introduction/axiomatic-derivations.tex","","1","content/intuitionistic-logic/intuitionistic-logic.tex","0","","1","document:1","0","1","0","0","0","0","0","0","0","0","0","0","0","0","0","0","0","locale/ar/content/intuitionistic-logic/introduction/introduction.tex","ACCEPTED","8D8B0CFC6003C98B85371FD9C79380D196282970D085F2FB8F2FCA8B773968DF","PASS_STATIC_SEMANTIC_SOURCE_CARRIER_EXPANSION_MORPHOLOGY_UNICODE_PAIRED_DIRECT_FILE_REPLAY_BUILD_DEFERRED_FOR_DEPENDENCY_CLOSURE","locale/fa-IR/content/intuitionistic-logic/introduction/introduction.tex","ACCEPTED","3D5065939B5536D7068D7EFD8D24633B8C3708E5D9C586DDEC2F0A4510EEABCD","PASS_STATIC_SEMANTIC_SOURCE_CARRIER_EXPANSION_MORPHOLOGY_UNICODE_PAIRED_DIRECT_FILE_REPLAY_BUILD_DEFERRED_FOR_DEPENDENCY_CLOSURE","ACCEPTED"
"OLP-0493","493","9620cc73f9c8e0ad003c514a5d3748f29611c4c0","content/intuitionistic-logic/introduction/constructive-reasoning.tex","cbd1823c3841f569dd1c77a92da6072579b93ae7d9da89dcc8c6b681dff3d383","4286","98","625","true","true","493","canonical_complete_reader_reachable","Reached by ordered depth-first replay from content/open-logic-about.tex then content/content.tex through uncommented olimport edges.","reader_unit","","int","0","","","1","content/intuitionistic-logic/introduction/introduction.tex","0","","3","document:1|proof:1|thm:1","0","0","1","0","1","0","0","0","0","0","1","0","0","0","0","0","32","locale/ar/content/intuitionistic-logic/introduction/constructive-reasoning.tex","ACCEPTED","50035A67240AB7AD508A1CBC51D13BF3007E1659233C96B4B754D0466795A5D4","PASS_STATIC_SEMANTIC_SOURCE_CARRIER_EXPANSION_MORPHOLOGY_UNICODE_PAIRED_DIRECT_FILE_REPLAY_BUILD_DEFERRED_FOR_DEPENDENCY_CLOSURE","locale/fa-IR/content/intuitionistic-logic/introduction/constructive-reasoning.tex","ACCEPTED","55A0D459A75FD0B8F90D5967939743B40A350C304397C6F5778B5D0D7CEB4034","PASS_STATIC_SEMANTIC_SOURCE_CARRIER_EXPANSION_MORPHOLOGY_UNICODE_PAIRED_DIRECT_FILE_REPLAY_BUILD_DEFERRED_FOR_DEPENDENCY_CLOSURE","ACCEPTED"
"OLP-0494","494","9620cc73f9c8e0ad003c514a5d3748f29611c4c0","content/intuitionistic-logic/introduction/syntax.tex","cce052537333228e96694ff7d88d44d983d3d051d6382419cf2dfb8618638d20","2767","77","317","true","true","494","canonical_complete_reader_reachable","Reached by ordered depth-first replay from content/open-logic-about.tex then content/content.tex through uncommented olimport edges.","reader_unit","Syntax of Intuitionistic Logic","int","0","","","1","content/intuitionistic-logic/introduction/introduction.tex","0","","5","defn:1|document:1|enumerate:3","0","0","1","1","0","0","0","0","0","0","0","0","0","0","0","0","37","locale/ar/content/intuitionistic-logic/introduction/syntax.tex","ACCEPTED","FD0B5981BB581D8F92B16E96FE9F2115147CACEF446A36AA4AAFB8EE99936C55","PASS_STATIC_SEMANTIC_SOURCE_CARRIER_EXPANSION_MORPHOLOGY_UNICODE_PAIRED_DIRECT_FILE_REPLAY_BUILD_DEFERRED_FOR_DEPENDENCY_CLOSURE","locale/fa-IR/content/intuitionistic-logic/introduction/syntax.tex","ACCEPTED","170A571A3BE72DB6A25737BD46ECCDDBE8C9798E671E440ACA5683DD7224295D","PASS_STATIC_SEMANTIC_SOURCE_CARRIER_EXPANSION_MORPHOLOGY_UNICODE_PAIRED_DIRECT_FILE_REPLAY_BUILD_DEFERRED_FOR_DEPENDENCY_CLOSURE","ACCEPTED"
"OLP-0495","495","9620cc73f9c8e0ad003c514a5d3748f29611c4c0","content/intuitionistic-logic/introduction/bhk-interpretation.tex","65d9400a12dbea107a30f52435c642448a88e796e3dc6d5929e4a3a46209993b","7881","159","1141","true","true","495","canonical_complete_reader_reachable","Reached by ordered depth-first replay from content/open-logic-about.tex then content/content.tex through uncommented olimport edges.","reader_unit","The Brouwer--Heyting--Kolmogorov Interpretation","int","0","","","1","content/intuitionistic-logic/introduction/introduction.tex","0","","9","align*:1|document:1|editorial:1|enumerate:1|ex:5","0","0","1","0","0","0","0","0","5","0","0","0","0","0","0","0","194","locale/ar/content/intuitionistic-logic/introduction/bhk-interpretation.tex","ACCEPTED","73FB89CBE29C4C1FA4A2BAFE71A32245A12BB8119524EEF2D60C8B16E86818D3","PASS_STATIC_SEMANTIC_SOURCE_CARRIER_EXPANSION_MORPHOLOGY_UNICODE_PAIRED_DIRECT_FILE_REPLAY_BUILD_DEFERRED_FOR_DEPENDENCY_CLOSURE","locale/fa-IR/content/intuitionistic-logic/introduction/bhk-interpretation.tex","ACCEPTED","D67462250945CA07DDAB1222BF9F76B197CD44D747AB2FEBE977B4A05E199420","PASS_STATIC_SEMANTIC_SOURCE_CARRIER_EXPANSION_MORPHOLOGY_UNICODE_PAIRED_DIRECT_FILE_REPLAY_BUILD_DEFERRED_FOR_DEPENDENCY_CLOSURE","ACCEPTED"
"OLP-0496","496","9620cc73f9c8e0ad003c514a5d3748f29611c4c0","content/intuitionistic-logic/introduction/natural-deduction.tex","ea21debccb1eb7c0cd694d8f1a44b26cc60933b041ecc9fb63d028c017baff93","8644","262","765","true","true","496","canonical_complete_reader_reachable","Reached by ordered depth-first replay from content/open-logic-about.tex then content/content.tex through uncommented olimport edges.","reader_unit","Natural Deduction","int","0","","","1","content/intuitionistic-logic/introduction/introduction.tex","0","","17","defish:5|document:1|enumerate:2|prob:1|proof:1|prooftree:4|prop:1|tabular:2","0","0","7","0","0","1","0","0","0","1","1","0","0","0","0","0","158","locale/ar/content/intuitionistic-logic/introduction/natural-deduction.tex","ACCEPTED","F52429E966D0DE7E571EC9C345A811E25B94857063AD7C863220B54DAA5F7F19","PASS_STATIC_SEMANTIC_SOURCE_CARRIER_EXPANSION_MORPHOLOGY_UNICODE_PAIRED_DIRECT_FILE_REPLAY_BUILD_DEFERRED_FOR_DEPENDENCY_CLOSURE","locale/fa-IR/content/intuitionistic-logic/introduction/natural-deduction.tex","ACCEPTED","719ACA296B0F36838718051EF6569643B072C56C94AE6C826188C93EFE58A890","PASS_STATIC_SEMANTIC_SOURCE_CARRIER_EXPANSION_MORPHOLOGY_UNICODE_PAIRED_DIRECT_FILE_REPLAY_BUILD_DEFERRED_FOR_DEPENDENCY_CLOSURE","ACCEPTED"
"OLP-0497","497","9620cc73f9c8e0ad003c514a5d3748f29611c4c0","content/intuitionistic-logic/introduction/axiomatic-derivations.tex","d07d3e6bb6c45c75f0a94d1b7e46efd1cfd7dfeef44f4c8fc07361939872db2b","2499","72","294","true","true","497","canonical_complete_reader_reachable","Reached by ordered depth-first replay from content/open-logic-about.tex then content/content.tex through uncommented olimport edges.","reader_unit","","int","0","","","1","content/intuitionistic-logic/introduction/introduction.tex","0","","9","align:1|defn:4|document:1|enumerate:1|proof:1|prop:1","0","0","1","4","0","1","0","0","0","0","1","0","0","0","0","0","29","locale/ar/content/intuitionistic-logic/introduction/axiomatic-derivations.tex","ACCEPTED","20C147E0D312B5B9354F3BE0B9BF07A5567E4A7E18C376C2F87FE389113F4C9E","PASS_STATIC_SEMANTIC_SOURCE_CARRIER_EXPANSION_MORPHOLOGY_UNICODE_PAIRED_DIRECT_FILE_REPLAY_BUILD_DEFERRED_FOR_DEPENDENCY_CLOSURE","locale/fa-IR/content/intuitionistic-logic/introduction/axiomatic-derivations.tex","ACCEPTED","4BCD3365C8C43DC9E1EEFA3DBD4CC397A86EE783A8168E6F7A1CBAE15309B370","PASS_STATIC_SEMANTIC_SOURCE_CARRIER_EXPANSION_MORPHOLOGY_UNICODE_PAIRED_DIRECT_FILE_REPLAY_BUILD_DEFERRED_FOR_DEPENDENCY_CLOSURE","ACCEPTED"
"OLP-0498","498","9620cc73f9c8e0ad003c514a5d3748f29611c4c0","content/intuitionistic-logic/semantics/semantics.tex","f8e6ddcce0a8cd8c728fc2c080c4f9290a3512eb79abd3c205cd38548e6b05a3","618","25","56","true","true","498","canonical_complete_reader_reachable","Reached by ordered depth-first replay from content/open-logic-about.tex then content/content.tex through uncommented olimport edges.","chapter_driver","Semantics","","4","content/intuitionistic-logic/semantics/introduction.tex|content/intuitionistic-logic/semantics/relational-models.tex|content/intuitionistic-logic/semantics/semantic-notions.tex|content/intuitionistic-logic/semantics/topological-semantics.tex","","1","content/intuitionistic-logic/intuitionistic-logic.tex","0","","2","document:1|editorial:1","0","1","0","0","0","0","0","0","0","0","0","0","0","0","0","0","0","locale/ar/content/intuitionistic-logic/semantics/semantics.tex","ACCEPTED","590123D802E62B613DD04F9CEF73F6A743248636647A62D0F7CE40D4F845D241","PASS_STATIC_SEMANTIC_SOURCE_CARRIER_EXPANSION_MORPHOLOGY_UNICODE_PAIRED_DIRECT_FILE_REPLAY_BUILD_DEFERRED_FOR_DEPENDENCY_CLOSURE","locale/fa-IR/content/intuitionistic-logic/semantics/semantics.tex","ACCEPTED","3DAFC28C37C4F3DEFEF18FA6828A19F621B71CA74CE684DF9CD15E1EB3DFDC73","PASS_STATIC_SEMANTIC_SOURCE_CARRIER_EXPANSION_MORPHOLOGY_UNICODE_PAIRED_DIRECT_FILE_REPLAY_BUILD_DEFERRED_FOR_DEPENDENCY_CLOSURE","ACCEPTED"
"OLP-0499","499","9620cc73f9c8e0ad003c514a5d3748f29611c4c0","content/intuitionistic-logic/semantics/introduction.tex","cc25fce6b185a9b406b156bcaca5f097e2b09b629092cfc2f803d7fdef4a81bc","3541","74","553","true","true","499","canonical_complete_reader_reachable","Reached by ordered depth-first replay from content/open-logic-about.tex then content/content.tex through uncommented olimport edges.","reader_unit","Introduction","int","0","","","1","content/intuitionistic-logic/semantics/semantics.tex","0","","1","document:1","0","0","1","0","0","0","0","0","0","0","0","0","0","0","0","0","59","locale/ar/content/intuitionistic-logic/semantics/introduction.tex","ACCEPTED","60A7089CFC0B9FF08F1080F4A4C5A5216F7AB045655C86CCDF0CC5C4AA019BDD","PASS_STATIC_SEMANTIC_SOURCE_CARRIER_EXPANSION_MORPHOLOGY_UNICODE_PAIRED_DIRECT_FILE_REPLAY_BUILD_DEFERRED_FOR_DEPENDENCY_CLOSURE","locale/fa-IR/content/intuitionistic-logic/semantics/introduction.tex","ACCEPTED","1995108F3DFFFA6C35829073304B8C82F962BDFEAD021A942B3EDF6377070200","PASS_STATIC_SEMANTIC_SOURCE_CARRIER_EXPANSION_MORPHOLOGY_UNICODE_PAIRED_DIRECT_FILE_REPLAY_BUILD_DEFERRED_FOR_DEPENDENCY_CLOSURE","ACCEPTED"
"OLP-0500","500","9620cc73f9c8e0ad003c514a5d3748f29611c4c0","content/intuitionistic-logic/semantics/relational-models.tex","7bb9be4fdc50b55259d2ef4b2b1f5ac84432bed84d4c442097dc2327adee63e2","2636","73","337","true","true","500","canonical_complete_reader_reachable","Reached by ordered depth-first replay from content/open-logic-about.tex then content/content.tex through uncommented olimport edges.","reader_unit","","int","0","","","1","content/intuitionistic-logic/semantics/semantics.tex","0","","9","defn:2|document:1|enumerate:2|prob:2|proof:1|prop:1","0","0","1","2","0","1","0","0","0","2","1","0","0","0","2","0","46","locale/ar/content/intuitionistic-logic/semantics/relational-models.tex","ACCEPTED","BAACEE7CD9D241E46B5474450DAE03B1B7029A102952908CD5379A7B1D2424FF","PASS_STATIC_SEMANTIC_SOURCE_CARRIER_EXPANSION_MORPHOLOGY_UNICODE_PAIRED_DIRECT_FILE_REPLAY_BUILD_DEFERRED_FOR_DEPENDENCY_CLOSURE","locale/fa-IR/content/intuitionistic-logic/semantics/relational-models.tex","ACCEPTED","B011641C622C166FB07BCC51E0E1E07FAF4D4A1438DED4D1414D0CB5A3D09BF3","PASS_STATIC_SEMANTIC_SOURCE_CARRIER_EXPANSION_MORPHOLOGY_UNICODE_PAIRED_DIRECT_FILE_REPLAY_BUILD_DEFERRED_FOR_DEPENDENCY_CLOSURE","ACCEPTED"
"OLP-0501","501","9620cc73f9c8e0ad003c514a5d3748f29611c4c0","content/intuitionistic-logic/semantics/semantic-notions.tex","8fc3f75d83f575678fe70e461aa68cd26f4bdef975b9f62f2156c2243b715b7f","2311","74","257","true","true","501","canonical_complete_reader_reachable","Reached by ordered depth-first replay from content/open-logic-about.tex then content/content.tex through uncommented olimport edges.","reader_unit","Semantic Notions","int","0","","","1","content/intuitionistic-logic/semantics/semantics.tex","0","","12","align*:1|defn:2|document:1|enumerate:2|prob:1|proof:2|prop:3","0","0","1","2","0","3","0","0","0","1","2","0","0","0","4","0","45","locale/ar/content/intuitionistic-logic/semantics/semantic-notions.tex","ACCEPTED","BACFBD5A58E76CB8AF82DC27D1D99EB361523E8AD5C491C23C5907CC390305ED","PASS_STATIC_SEMANTIC_SOURCE_CARRIER_EXPANSION_MORPHOLOGY_UNICODE_PAIRED_DIRECT_FILE_REPLAY_BUILD_DEFERRED_FOR_DEPENDENCY_CLOSURE","locale/fa-IR/content/intuitionistic-logic/semantics/semantic-notions.tex","ACCEPTED","0F4750C749AB0D380A19D930BAB9C838136C33365494B7139E80FD974E507351","PASS_STATIC_SEMANTIC_SOURCE_CARRIER_EXPANSION_MORPHOLOGY_UNICODE_PAIRED_DIRECT_FILE_REPLAY_BUILD_DEFERRED_FOR_DEPENDENCY_CLOSURE","ACCEPTED"
"OLP-0502","502","9620cc73f9c8e0ad003c514a5d3748f29611c4c0","content/intuitionistic-logic/semantics/topological-semantics.tex","3078580dcb65b948d24f6f4340b10b5ebf7e29eb1abe8387a6c41effec581fe1","4254","96","573","true","true","502","canonical_complete_reader_reachable","Reached by ordered depth-first replay from content/open-logic-about.tex then content/content.tex through uncommented olimport edges.","reader_unit","Topological Semantics","int","0","","","1","content/intuitionistic-logic/semantics/semantics.tex","0","","5","defn:2|document:1|enumerate:2","0","0","1","2","0","0","0","0","0","0","0","0","0","0","0","0","78","locale/ar/content/intuitionistic-logic/semantics/topological-semantics.tex","ACCEPTED","0B289FBE1AFB33AB4D7E65F48FE288C2498E7F39CAB3690E106DE9DB28BADDC2","PASS_STATIC_SEMANTIC_SOURCE_CARRIER_EXPANSION_MORPHOLOGY_UNICODE_PAIRED_DIRECT_FILE_REPLAY_BUILD_DEFERRED_FOR_DEPENDENCY_CLOSURE","locale/fa-IR/content/intuitionistic-logic/semantics/topological-semantics.tex","ACCEPTED","8915F87BA338CED43CD2230E0F9F52C5979C4785817BAA6981B10624563598D4","PASS_STATIC_SEMANTIC_SOURCE_CARRIER_EXPANSION_MORPHOLOGY_UNICODE_PAIRED_DIRECT_FILE_REPLAY_BUILD_DEFERRED_FOR_DEPENDENCY_CLOSURE","ACCEPTED"
"OLP-0503","503","9620cc73f9c8e0ad003c514a5d3748f29611c4c0","content/intuitionistic-logic/soundness-completeness/soundness-completeness.tex","f130188a9d189c8f5c860543dbe27ab46311c4e205533ef12064a9370569b726","710","28","58","true","true","503","canonical_complete_reader_reachable","Reached by ordered depth-first replay from content/open-logic-about.tex then content/content.tex through uncommented olimport edges.","chapter_driver","Soundness and Completeness","","7","content/intuitionistic-logic/soundness-completeness/soundness-axd.tex|content/intuitionistic-logic/soundness-completeness/soundness-nd.tex|content/intuitionistic-logic/soundness-completeness/lindenbaum.tex|content/intuitionistic-logic/soundness-completeness/canonical-model.tex|content/intuitionistic-logic/soundness-completeness/truth-lemma.tex|content/intuitionistic-logic/soundness-completeness/completeness-thm.tex|content/intuitionistic-logic/soundness-completeness/decidability.tex","","1","content/intuitionistic-logic/intuitionistic-logic.tex","0","","2","document:1|editorial:1","0","1","0","0","0","0","0","0","0","0","0","0","0","0","0","0","0","locale/ar/content/intuitionistic-logic/soundness-completeness/soundness-completeness.tex","ACCEPTED","D75BE61256D46F44FC1251241195D82D599E450550C8C061E9F7DC576546A131","PASS_STATIC_SEMANTIC_SOURCE_CARRIER_EXPANSION_MORPHOLOGY_UNICODE_PAIRED_DIRECT_FILE_REPLAY_BUILD_DEFERRED_FOR_DEPENDENCY_CLOSURE","locale/fa-IR/content/intuitionistic-logic/soundness-completeness/soundness-completeness.tex","ACCEPTED","0412D5EC7077CFCA9021B90CE64B0ED835379D949C9807725B3A4AC2F7B77E54","PASS_STATIC_SEMANTIC_SOURCE_CARRIER_EXPANSION_MORPHOLOGY_UNICODE_PAIRED_DIRECT_FILE_REPLAY_BUILD_DEFERRED_FOR_DEPENDENCY_CLOSURE","ACCEPTED"
"OLP-0504","504","9620cc73f9c8e0ad003c514a5d3748f29611c4c0","content/intuitionistic-logic/soundness-completeness/soundness-axd.tex","c098b162be9c90f34df44e95295f67035e2e90a3371ed21c0d3ccc5aef4d54e6","2336","60","299","true","true","504","canonical_complete_reader_reachable","Reached by ordered depth-first replay from content/open-logic-about.tex then content/content.tex through uncommented olimport edges.","reader_unit","","int","0","","","1","content/intuitionistic-logic/soundness-completeness/soundness-completeness.tex","0","","5","document:1|editorial:1|enumerate:1|proof:1|thm:1","0","0","1","0","1","0","0","0","0","0","1","0","0","0","0","0","56","locale/ar/content/intuitionistic-logic/soundness-completeness/soundness-axd.tex","ACCEPTED","D9391951E4C046102FDAFBE3E07E91C05C87AEBA622DC6404E4752C6E4E93228","PASS_STATIC_SEMANTIC_SOURCE_CARRIER_EXPANSION_MORPHOLOGY_UNICODE_PAIRED_DIRECT_FILE_REPLAY_BUILD_DEFERRED_FOR_DEPENDENCY_CLOSURE","locale/fa-IR/content/intuitionistic-logic/soundness-completeness/soundness-axd.tex","ACCEPTED","7660FBED2E94E9C2313BDE1082BD2218804B38AA2615A2C4B168540B0E76D84B","PASS_STATIC_SEMANTIC_SOURCE_CARRIER_EXPANSION_MORPHOLOGY_UNICODE_PAIRED_DIRECT_FILE_REPLAY_BUILD_DEFERRED_FOR_DEPENDENCY_CLOSURE","ACCEPTED"
"OLP-0505","505","9620cc73f9c8e0ad003c514a5d3748f29611c4c0","content/intuitionistic-logic/soundness-completeness/soundness-nd.tex","980a33d9bb02f5b61c2e2e345fac6c86f6943984cde99eb504e1685927c98de9","7460","154","789","true","true","505","canonical_complete_reader_reachable","Reached by ordered depth-first replay from content/open-logic-about.tex then content/content.tex through uncommented olimport edges.","reader_unit","Soundness of Natural Deduction","int","0","","","1","content/intuitionistic-logic/soundness-completeness/soundness-completeness.tex","0","","7","document:1|enumerate:2|prob:2|proof:1|thm:1","0","0","1","0","1","0","0","0","0","2","1","0","0","0","3","0","157","locale/ar/content/intuitionistic-logic/soundness-completeness/soundness-nd.tex","ACCEPTED","30CBA04203278651135AF26C47A0DDCFBD842538B77CC71426960619463270E2","PASS_STATIC_SEMANTIC_SOURCE_CARRIER_EXPANSION_MORPHOLOGY_UNICODE_PAIRED_DIRECT_FILE_REPLAY_BUILD_DEFERRED_FOR_DEPENDENCY_CLOSURE","locale/fa-IR/content/intuitionistic-logic/soundness-completeness/soundness-nd.tex","ACCEPTED","3BC426B826F9DEDFA9C66501AB65DA9BAD6CC133FB1207921C2E9FF88099DF25","PASS_STATIC_SEMANTIC_SOURCE_CARRIER_EXPANSION_MORPHOLOGY_UNICODE_PAIRED_DIRECT_FILE_REPLAY_BUILD_DEFERRED_FOR_DEPENDENCY_CLOSURE","ACCEPTED"
"OLP-0506","506","9620cc73f9c8e0ad003c514a5d3748f29611c4c0","content/intuitionistic-logic/soundness-completeness/lindenbaum.tex","ff9909c36e376dd22f5e0c3267081dae3d0ca453d59cb8e87cb942e894c7bd77","6624","143","811","true","true","506","canonical_complete_reader_reachable","Reached by ordered depth-first replay from content/open-logic-about.tex then content/content.tex through uncommented olimport edges.","reader_unit","Lindenbaum's Lemma","int","0","","","1","content/intuitionistic-logic/soundness-completeness/soundness-completeness.tex","0","","8","cases:1|defn:1|document:1|enumerate:2|lem:1|prob:1|proof:1","0","0","1","1","0","0","1","0","0","1","1","0","0","0","10","0","131","locale/ar/content/intuitionistic-logic/soundness-completeness/lindenbaum.tex","ACCEPTED","986D260167F44D5B01E0BC21BACC4163E9B62063AD2774FDDB7B35792B580128","PASS_STATIC_SEMANTIC_SOURCE_CARRIER_EXPANSION_MORPHOLOGY_UNICODE_PAIRED_DIRECT_FILE_REPLAY_BUILD_DEFERRED_FOR_DEPENDENCY_CLOSURE","locale/fa-IR/content/intuitionistic-logic/soundness-completeness/lindenbaum.tex","ACCEPTED","9582DC129917202458B34A52E518C7D22DFAEBC6149C7799341C90039D7004C0","PASS_STATIC_SEMANTIC_SOURCE_CARRIER_EXPANSION_MORPHOLOGY_UNICODE_PAIRED_DIRECT_FILE_REPLAY_BUILD_DEFERRED_FOR_DEPENDENCY_CLOSURE","ACCEPTED"
"OLP-0507","507","9620cc73f9c8e0ad003c514a5d3748f29611c4c0","content/intuitionistic-logic/soundness-completeness/canonical-model.tex","98e97822db2c920aa5e908f233ff1335995e2ddf265be315d8d3e2843f24182c","2583","66","242","true","true","507","canonical_complete_reader_reachable","Reached by ordered depth-first replay from content/open-logic-about.tex then content/content.tex through uncommented olimport edges.","reader_unit","The Canonical Model","int","0","","","1","content/intuitionistic-logic/soundness-completeness/soundness-completeness.tex","0","","6","cases:1|defn:1|document:1|enumerate:3","0","0","1","1","0","0","0","0","0","0","0","0","0","0","1","0","50","locale/ar/content/intuitionistic-logic/soundness-completeness/canonical-model.tex","ACCEPTED","0C2FD7617943023ADB463FCA9C202C9FCE82AA4676A26DCC4D0FB05D9E5F487B","PASS_STATIC_SEMANTIC_SOURCE_CARRIER_EXPANSION_MORPHOLOGY_UNICODE_PAIRED_DIRECT_FILE_REPLAY_BUILD_DEFERRED_FOR_DEPENDENCY_CLOSURE","locale/fa-IR/content/intuitionistic-logic/soundness-completeness/canonical-model.tex","ACCEPTED","2FCA8D829DD395ED340DDDC7C694008B8392F60B917A817E67A4749E3DD1F2C3","PASS_STATIC_SEMANTIC_SOURCE_CARRIER_EXPANSION_MORPHOLOGY_UNICODE_PAIRED_DIRECT_FILE_REPLAY_BUILD_DEFERRED_FOR_DEPENDENCY_CLOSURE","ACCEPTED"
"OLP-0508","508","9620cc73f9c8e0ad003c514a5d3748f29611c4c0","content/intuitionistic-logic/soundness-completeness/truth-lemma.tex","806055576b4e9617fe36eb669231381dac5c5b8a7eef98ece5b350b639fefaea","3217","73","248","true","true","508","canonical_complete_reader_reachable","Reached by ordered depth-first replay from content/open-logic-about.tex then content/content.tex through uncommented olimport edges.","reader_unit","The Truth Lemma","int","0","","","1","content/intuitionistic-logic/soundness-completeness/soundness-completeness.tex","0","","4","document:1|enumerate:1|lem:1|proof:1","0","0","1","0","0","0","1","0","0","0","1","0","0","0","0","0","53","locale/ar/content/intuitionistic-logic/soundness-completeness/truth-lemma.tex","ACCEPTED","5021F6703A8898E62CD11EE84A938A5540C466B8716A0FB7C1282172D0B42931","PASS_STATIC_SEMANTIC_SOURCE_CARRIER_EXPANSION_MORPHOLOGY_UNICODE_PAIRED_DIRECT_FILE_REPLAY_BUILD_DEFERRED_FOR_DEPENDENCY_CLOSURE","locale/fa-IR/content/intuitionistic-logic/soundness-completeness/truth-lemma.tex","ACCEPTED","6F09CC07897836F990D551F09CF7418A93E81091D4DD5D7B4682C6D4C3BE9487","PASS_STATIC_SEMANTIC_SOURCE_CARRIER_EXPANSION_MORPHOLOGY_UNICODE_PAIRED_DIRECT_FILE_REPLAY_BUILD_DEFERRED_FOR_DEPENDENCY_CLOSURE","ACCEPTED"
"OLP-0509","509","9620cc73f9c8e0ad003c514a5d3748f29611c4c0","content/intuitionistic-logic/soundness-completeness/completeness-thm.tex","69539adf0a8b6d121ba810f2a1779191b382f96d874a9cb256aedfcc78ba5a65","1678","49","163","true","true","509","canonical_complete_reader_reachable","Reached by ordered depth-first replay from content/open-logic-about.tex then content/content.tex through uncommented olimport edges.","reader_unit","The Completeness Theorem","int","0","","","1","content/intuitionistic-logic/soundness-completeness/soundness-completeness.tex","0","","6","document:1|prob:3|proof:1|thm:1","0","0","1","0","1","0","0","0","0","3","1","0","0","0","3","0","30","locale/ar/content/intuitionistic-logic/soundness-completeness/completeness-thm.tex","ACCEPTED","3AF7A839B70BD1709D028CD96FA0EE0E94A5671C1072A7BA0D74E71A83C89F2B","PASS_STATIC_SEMANTIC_SOURCE_CARRIER_EXPANSION_MORPHOLOGY_UNICODE_PAIRED_DIRECT_FILE_REPLAY_BUILD_DEFERRED_FOR_DEPENDENCY_CLOSURE","locale/fa-IR/content/intuitionistic-logic/soundness-completeness/completeness-thm.tex","ACCEPTED","D3D9744731C15B7659800AF616573531F760845F28A42E56B99E91EDC44CA244","PASS_STATIC_SEMANTIC_SOURCE_CARRIER_EXPANSION_MORPHOLOGY_UNICODE_PAIRED_DIRECT_FILE_REPLAY_BUILD_DEFERRED_FOR_DEPENDENCY_CLOSURE","ACCEPTED"
"OLP-0510","510","9620cc73f9c8e0ad003c514a5d3748f29611c4c0","content/intuitionistic-logic/soundness-completeness/decidability.tex","876f8ec6c5ebc2f8589ef6d9f31fb2e4976b0c09f7dae3c47dd872fe8c8e9cb2","1759","50","233","true","true","510","canonical_complete_reader_reachable","Reached by ordered depth-first replay from content/open-logic-about.tex then content/content.tex through uncommented olimport edges.","reader_unit","Decidability","int","0","","","1","content/intuitionistic-logic/soundness-completeness/soundness-completeness.tex","0","","4","document:1|prob:1|proof:1|thm:1","0","0","1","0","1","0","0","0","0","1","1","0","0","0","2","0","26","locale/ar/content/intuitionistic-logic/soundness-completeness/decidability.tex","ACCEPTED","0393386A625F39EB3C3DA8567588533B7321844DE8207482C03894C4E0A46568","PASS_STATIC_SEMANTIC_SOURCE_CARRIER_EXPANSION_MORPHOLOGY_UNICODE_PAIRED_DIRECT_FILE_REPLAY_BUILD_DEFERRED_FOR_DEPENDENCY_CLOSURE","locale/fa-IR/content/intuitionistic-logic/soundness-completeness/decidability.tex","ACCEPTED","F1384AA813F29E01231B7B7041A362CB4B14FE111ABE99455444360D6669B153","PASS_STATIC_SEMANTIC_SOURCE_CARRIER_EXPANSION_MORPHOLOGY_UNICODE_PAIRED_DIRECT_FILE_REPLAY_BUILD_DEFERRED_FOR_DEPENDENCY_CLOSURE","ACCEPTED"
"OLP-0511","511","9620cc73f9c8e0ad003c514a5d3748f29611c4c0","content/intuitionistic-logic/tableaux/tableaux.tex","8f7eddd5ebaac84f329f186e68f83b98668940935893bcfdf2fe7c8b4ee1bcc9","625","27","45","true","true","511","canonical_complete_reader_reachable","Reached by ordered depth-first replay from content/open-logic-about.tex then content/content.tex through uncommented olimport edges.","chapter_driver","","","4","content/intuitionistic-logic/tableaux/introduction.tex|content/intuitionistic-logic/tableaux/rules.tex|content/intuitionistic-logic/tableaux/proofs.tex|content/intuitionistic-logic/tableaux/soundness.tex","","1","content/intuitionistic-logic/intuitionistic-logic.tex","0","","2","document:1|editorial:1","0","1","0","0","0","0","0","0","0","0","0","0","0","0","0","0","0","locale/ar/content/intuitionistic-logic/tableaux/tableaux.tex","ACCEPTED","84D805C614CC8BCFB40773922D08B6B89A2C46CB92F8AE3C8AF57BE36B6315BC","PASS_STATIC_SEMANTIC_SOURCE_CARRIER_EXPANSION_MORPHOLOGY_UNICODE_PAIRED_DIRECT_FILE_REPLAY_BUILD_DEFERRED_FOR_DEPENDENCY_CLOSURE","locale/fa-IR/content/intuitionistic-logic/tableaux/tableaux.tex","ACCEPTED","93F06EA4A5FB5C3F8B1E18700B39E220AE740D1869930CCF18A11A0A14C5E56B","PASS_STATIC_SEMANTIC_SOURCE_CARRIER_EXPANSION_MORPHOLOGY_UNICODE_PAIRED_DIRECT_FILE_REPLAY_BUILD_DEFERRED_FOR_DEPENDENCY_CLOSURE","ACCEPTED"
"OLP-0512","512","9620cc73f9c8e0ad003c514a5d3748f29611c4c0","content/intuitionistic-logic/tableaux/introduction.tex","a154a373bb89fcbee83ddc4ebb71f180293ec9084b76dcd3524205fe339c0f59","3007","69","386","true","true","512","canonical_complete_reader_reachable","Reached by ordered depth-first replay from content/open-logic-about.tex then content/content.tex through uncommented olimport edges.","reader_unit","Introduction","int","0","","","1","content/intuitionistic-logic/tableaux/tableaux.tex","0","","1","document:1","0","0","1","0","0","0","0","0","0","0","0","0","0","0","0","0","34","locale/ar/content/intuitionistic-logic/tableaux/introduction.tex","ACCEPTED","33F18C601567E0BF5325CFA624A472B267DDE800F39AC65923442096DDF5AD55","PASS_STATIC_SEMANTIC_SOURCE_CARRIER_EXPANSION_MORPHOLOGY_UNICODE_PAIRED_DIRECT_FILE_REPLAY_BUILD_DEFERRED_FOR_DEPENDENCY_CLOSURE","locale/fa-IR/content/intuitionistic-logic/tableaux/introduction.tex","ACCEPTED","B55B435C9D2CC3F27F031E92C6C7F644AD3DD7107DA5249A63309B309403FC44","PASS_STATIC_SEMANTIC_SOURCE_CARRIER_EXPANSION_MORPHOLOGY_UNICODE_PAIRED_DIRECT_FILE_REPLAY_BUILD_DEFERRED_FOR_DEPENDENCY_CLOSURE","ACCEPTED"
"OLP-0513","513","9620cc73f9c8e0ad003c514a5d3748f29611c4c0","content/intuitionistic-logic/tableaux/rules.tex","0481c2158cc439e61b9ec7c95ecdba761045da55886db862cdf2425d05d1e715","5285","146","468","true","true","513","canonical_complete_reader_reachable","Reached by ordered depth-first replay from content/open-logic-about.tex then content/content.tex through uncommented olimport edges.","reader_unit","Rules for Intuitionistic Logic","int","0","","","1","content/intuitionistic-logic/tableaux/tableaux.tex","0","","5","array:2|document:1|table:2","0","0","1","0","0","0","0","0","0","0","0","0","0","0","2","0","55","locale/ar/content/intuitionistic-logic/tableaux/rules.tex","ACCEPTED","BB169447FF6BFA831A867692917A9CF995571BE193EC893EB5169F2AC5F0248A","PASS_STATIC_SEMANTIC_SOURCE_CARRIER_EXPANSION_MORPHOLOGY_UNICODE_PAIRED_DIRECT_FILE_REPLAY_BUILD_DEFERRED_FOR_DEPENDENCY_CLOSURE","locale/fa-IR/content/intuitionistic-logic/tableaux/rules.tex","ACCEPTED","3B9D9F2FCAF8FD536F5CDC3917BFD7EF1451FE430304EF604157C5D6F42B0530","PASS_STATIC_SEMANTIC_SOURCE_CARRIER_EXPANSION_MORPHOLOGY_UNICODE_PAIRED_DIRECT_FILE_REPLAY_BUILD_DEFERRED_FOR_DEPENDENCY_CLOSURE","ACCEPTED"
"OLP-0514","514","9620cc73f9c8e0ad003c514a5d3748f29611c4c0","content/intuitionistic-logic/tableaux/proofs.tex","10d9d4cd6d2ad3aa846946cffbc30ae21a0007ecc86a9e7863a2854460c79f39","1890","58","89","true","true","514","canonical_complete_reader_reachable","Reached by ordered depth-first replay from content/open-logic-about.tex then content/content.tex through uncommented olimport edges.","reader_unit","","int","0","","","1","content/intuitionistic-logic/tableaux/tableaux.tex","0","","5","document:1|enumerate:1|ex:1|oltableau:1|prob:1","0","0","1","0","0","0","0","0","1","1","0","0","0","0","0","0","5","locale/ar/content/intuitionistic-logic/tableaux/proofs.tex","ACCEPTED","2C4D470FC878BA869DE7169D774EAD68BE3F19F779E5CBBA2A26E2CEFBA034FC","PASS_STATIC_SEMANTIC_SOURCE_CARRIER_EXPANSION_MORPHOLOGY_UNICODE_PAIRED_DIRECT_FILE_REPLAY_BUILD_DEFERRED_FOR_DEPENDENCY_CLOSURE","locale/fa-IR/content/intuitionistic-logic/tableaux/proofs.tex","ACCEPTED","12A593F261B90CC504B02009F02FDC922EE2D60AD62D371950CFEDBD3E40B2DC","PASS_STATIC_SEMANTIC_SOURCE_CARRIER_EXPANSION_MORPHOLOGY_UNICODE_PAIRED_DIRECT_FILE_REPLAY_BUILD_DEFERRED_FOR_DEPENDENCY_CLOSURE","ACCEPTED"
"OLP-0515","515","9620cc73f9c8e0ad003c514a5d3748f29611c4c0","content/intuitionistic-logic/tableaux/soundness.tex","1961509cba1d253f52f6b490b934912b5c5e8c77e0b9e41d0e164922911ec41e","10031","214","1198","true","true","515","canonical_complete_reader_reachable","Reached by ordered depth-first replay from content/open-logic-about.tex then content/content.tex through uncommented olimport edges.","reader_unit","","int","0","","","1","content/intuitionistic-logic/tableaux/tableaux.tex","0","","15","cor:2|defn:2|document:1|enumerate:3|explain:1|prob:1|proof:3|prop:1|thm:1","0","0","1","2","1","1","0","2","0","1","3","0","0","0","3","0","175","locale/ar/content/intuitionistic-logic/tableaux/soundness.tex","ACCEPTED","18DD15B7C882543724DDA1FB5384FAA8E2A7251D3CE5F6DDDC929CFB52B73752","PASS_STATIC_SEMANTIC_SOURCE_CARRIER_EXPANSION_MORPHOLOGY_UNICODE_PAIRED_DIRECT_FILE_REPLAY_BUILD_DEFERRED_FOR_DEPENDENCY_CLOSURE","locale/fa-IR/content/intuitionistic-logic/tableaux/soundness.tex","ACCEPTED","07985B9E971EE503B3D1CECF84A0135104ADBF738D68737366A2ECCC68B76AE1","PASS_STATIC_SEMANTIC_SOURCE_CARRIER_EXPANSION_MORPHOLOGY_UNICODE_PAIRED_DIRECT_FILE_REPLAY_BUILD_DEFERRED_FOR_DEPENDENCY_CLOSURE","ACCEPTED"
"OLP-0516","516","9620cc73f9c8e0ad003c514a5d3748f29611c4c0","content/counterfactuals/counterfactuals.tex","5dbd266013ebcb57f350f7c6a5485f2758e25016aa0f057bb06660bac4fedbe9","281","16","18","true","true","516","canonical_complete_reader_reachable","Reached by ordered depth-first replay from content/open-logic-about.tex then content/content.tex through uncommented olimport edges.","part_driver","Counter\-factuals","","2","content/counterfactuals/introduction/introduction.tex|content/counterfactuals/minimal-change-semantics/minimal-change-semantics.tex","","1","content/content.tex","0","","1","document:1","1","0","0","0","0","0","0","0","0","0","0","0","0","0","0","0","0","locale/ar/content/counterfactuals/counterfactuals.tex","ACCEPTED","50765A80460014EA6A210B8725B0CE0B7E9A6133C254AB7344D06B021A45DABE","PASS_STATIC_SEMANTIC_SOURCE_CARRIER_EXPANSION_MORPHOLOGY_UNICODE_PAIRED_DIRECT_FILE_REPLAY_BUILD_DEFERRED_FOR_DEPENDENCY_CLOSURE","locale/fa-IR/content/counterfactuals/counterfactuals.tex","ACCEPTED","03D992E2BA8DE523BC30AD9C444F739EFBC2913B6EE2CBDB3232E1C72ABAC883","PASS_STATIC_SEMANTIC_SOURCE_CARRIER_EXPANSION_MORPHOLOGY_UNICODE_PAIRED_DIRECT_FILE_REPLAY_BUILD_DEFERRED_FOR_DEPENDENCY_CLOSURE","ACCEPTED"
"OLP-0517","517","9620cc73f9c8e0ad003c514a5d3748f29611c4c0","content/counterfactuals/introduction/introduction.tex","1667c115e826177f9b4381db7ba35fd1a69447a972962acd7267378f324a181e","345","22","17","true","true","517","canonical_complete_reader_reachable","Reached by ordered depth-first replay from content/open-logic-about.tex then content/content.tex through uncommented olimport edges.","chapter_driver","Introduction","","4","content/counterfactuals/introduction/material-conditional.tex|content/counterfactuals/introduction/paradoxes-material.tex|content/counterfactuals/introduction/strict-conditional.tex|content/counterfactuals/introduction/counterfactuals.tex","","1","content/counterfactuals/counterfactuals.tex","0","","1","document:1","0","1","0","0","0","0","0","0","0","0","0","0","0","0","0","0","0","locale/ar/content/counterfactuals/introduction/introduction.tex","ACCEPTED","A75735A68AC6B029CF68526252AA421D8728BB8ADD3E18AB65E073EAA3D14450","PASS_STATIC_SEMANTIC_SOURCE_CARRIER_EXPANSION_MORPHOLOGY_UNICODE_PAIRED_DIRECT_FILE_REPLAY_BUILD_DEFERRED_FOR_DEPENDENCY_CLOSURE","locale/fa-IR/content/counterfactuals/introduction/introduction.tex","ACCEPTED","77AE703FC3A50CB1C332ADF1D25EACBB2993269493001CAC3E1B437EF47127E8","PASS_STATIC_SEMANTIC_SOURCE_CARRIER_EXPANSION_MORPHOLOGY_UNICODE_PAIRED_DIRECT_FILE_REPLAY_BUILD_DEFERRED_FOR_DEPENDENCY_CLOSURE","ACCEPTED"
"OLP-0518","518","9620cc73f9c8e0ad003c514a5d3748f29611c4c0","content/counterfactuals/introduction/material-conditional.tex","7addc0caaa159238e22de165e0375a276b7fcb5d8be789a63daa22eaba5a6b76","3184","72","381","true","true","518","canonical_complete_reader_reachable","Reached by ordered depth-first replay from content/open-logic-about.tex then content/content.tex through uncommented olimport edges.","reader_unit","The Material Conditional","cnt","0","","","1","content/counterfactuals/introduction/introduction.tex","0","","3","align:2|document:1","0","0","1","0","0","0","0","0","0","0","0","0","0","0","0","0","25","locale/ar/content/counterfactuals/introduction/material-conditional.tex","ACCEPTED","EE585CE4D795D2EC6A35BDE9B20D39DED59E252B3DC72C14D960813BC12B9CEC","PASS_STATIC_SEMANTIC_SOURCE_CARRIER_EXPANSION_MORPHOLOGY_UNICODE_PAIRED_DIRECT_FILE_REPLAY_BUILD_DEFERRED_FOR_DEPENDENCY_CLOSURE","locale/fa-IR/content/counterfactuals/introduction/material-conditional.tex","ACCEPTED","C2265B318497750070B52D3E6A0E179A95C3A1F79F2F47AE9BE7B37DF834617E","PASS_STATIC_SEMANTIC_SOURCE_CARRIER_EXPANSION_MORPHOLOGY_UNICODE_PAIRED_DIRECT_FILE_REPLAY_BUILD_DEFERRED_FOR_DEPENDENCY_CLOSURE","ACCEPTED"
"OLP-0519","519","9620cc73f9c8e0ad003c514a5d3748f29611c4c0","content/counterfactuals/introduction/paradoxes-material.tex","d75d1f0b2c77259206ab1948473115b609152a36d81bd43b71cae87e45bc4c3b","2454","58","345","true","true","519","canonical_complete_reader_reachable","Reached by ordered depth-first replay from content/open-logic-about.tex then content/content.tex through uncommented olimport edges.","reader_unit","Paradoxes of the Material Conditional","cnt","0","","","1","content/counterfactuals/introduction/introduction.tex","0","","3","document:1|quote:2","0","0","1","0","0","0","0","0","0","0","0","0","0","0","0","0","33","locale/ar/content/counterfactuals/introduction/paradoxes-material.tex","ACCEPTED","5475A069944A973A9EBCFBDA5238E1339C8715B4BEFA87F3EF43C8A828EAAA64","PASS_STATIC_SEMANTIC_SOURCE_CARRIER_EXPANSION_MORPHOLOGY_UNICODE_PAIRED_DIRECT_FILE_REPLAY_BUILD_DEFERRED_FOR_DEPENDENCY_CLOSURE","locale/fa-IR/content/counterfactuals/introduction/paradoxes-material.tex","ACCEPTED","66998731652748BDC4081BDE5341099087710F82DFC45446DB42262524888646","PASS_STATIC_SEMANTIC_SOURCE_CARRIER_EXPANSION_MORPHOLOGY_UNICODE_PAIRED_DIRECT_FILE_REPLAY_BUILD_DEFERRED_FOR_DEPENDENCY_CLOSURE","ACCEPTED"
"OLP-0520","520","9620cc73f9c8e0ad003c514a5d3748f29611c4c0","content/counterfactuals/introduction/strict-conditional.tex","d7161a0cc90eb727ddcb99de1f20d04a13cd0c34c1813d6ff12a1ecbf41c4c34","4576","110","479","true","true","520","canonical_complete_reader_reachable","Reached by ordered depth-first replay from content/open-logic-about.tex then content/content.tex through uncommented olimport edges.","reader_unit","The Strict Conditional","cnt","0","","","1","content/counterfactuals/introduction/introduction.tex","0","","9","align:2|document:1|enumerate:3|prob:3","0","0","1","0","0","0","0","0","0","3","0","0","0","0","0","0","26","locale/ar/content/counterfactuals/introduction/strict-conditional.tex","ACCEPTED","3D7B004EE496CBE27016C5BCA0A687EAA505AD5DC6BC73749451198D23F29FE7","PASS_STATIC_SEMANTIC_SOURCE_CARRIER_EXPANSION_MORPHOLOGY_UNICODE_PAIRED_DIRECT_FILE_REPLAY_BUILD_DEFERRED_FOR_DEPENDENCY_CLOSURE","locale/fa-IR/content/counterfactuals/introduction/strict-conditional.tex","ACCEPTED","71AF76DA0B9F89591900F8A93BB121A786DF1C187F6BFEB2D0FC8AE1FBD42485","PASS_STATIC_SEMANTIC_SOURCE_CARRIER_EXPANSION_MORPHOLOGY_UNICODE_PAIRED_DIRECT_FILE_REPLAY_BUILD_DEFERRED_FOR_DEPENDENCY_CLOSURE","ACCEPTED"
"OLP-0521","521","9620cc73f9c8e0ad003c514a5d3748f29611c4c0","content/counterfactuals/introduction/counterfactuals.tex","20de6e9cc105e205958b4abb362b888c56d20609d88ecac96b3864f82059d748","4171","80","610","true","true","521","canonical_complete_reader_reachable","Reached by ordered depth-first replay from content/open-logic-about.tex then content/content.tex through uncommented olimport edges.","reader_unit","Counterfactuals","cnt","0","","","1","content/counterfactuals/introduction/introduction.tex","0","","2","document:1|quote:1","0","0","1","0","0","0","0","0","0","0","0","0","0","0","0","0","6","locale/ar/content/counterfactuals/introduction/counterfactuals.tex","ACCEPTED","57BADDFCB9DE80E2806ED75309E66340FA3060257647119413B50810DF551E71","PASS_STATIC_SEMANTIC_SOURCE_CARRIER_EXPANSION_MORPHOLOGY_UNICODE_PAIRED_DIRECT_FILE_REPLAY_BUILD_DEFERRED_FOR_DEPENDENCY_CLOSURE","locale/fa-IR/content/counterfactuals/introduction/counterfactuals.tex","ACCEPTED","22AC60829025D988D588E7E25D12FBF52057BC21D7EB7E64B9294802F011F2C5","PASS_STATIC_SEMANTIC_SOURCE_CARRIER_EXPANSION_MORPHOLOGY_UNICODE_PAIRED_DIRECT_FILE_REPLAY_BUILD_DEFERRED_FOR_DEPENDENCY_CLOSURE","ACCEPTED"
"OLP-0522","522","9620cc73f9c8e0ad003c514a5d3748f29611c4c0","content/counterfactuals/minimal-change-semantics/minimal-change-semantics.tex","f2ad4262465a16344451aa261c436f8f2c3cf8a0481c2016aa9a8f0b22f1daee","413","26","21","true","true","522","canonical_complete_reader_reachable","Reached by ordered depth-first replay from content/open-logic-about.tex then content/content.tex through uncommented olimport edges.","chapter_driver","Minimal Change Semantics","","6","content/counterfactuals/minimal-change-semantics/introduction.tex|content/counterfactuals/minimal-change-semantics/sphere-models.tex|content/counterfactuals/minimal-change-semantics/true-false.tex|content/counterfactuals/minimal-change-semantics/antecedent-strengthening.tex|content/counterfactuals/minimal-change-semantics/transitivity.tex|content/counterfactuals/minimal-change-semantics/contraposition.tex","","1","content/counterfactuals/counterfactuals.tex","0","","1","document:1","0","1","0","0","0","0","0","0","0","0","0","0","0","0","0","0","0","locale/ar/content/counterfactuals/minimal-change-semantics/minimal-change-semantics.tex","ACCEPTED","02DBDDA75076885B413C96C5FBA2D2DDAC74D52443B8AAA9143D10C41CAD316C","PASS_STATIC_SEMANTIC_SOURCE_CARRIER_EXPANSION_MORPHOLOGY_UNICODE_PAIRED_DIRECT_FILE_REPLAY_BUILD_DEFERRED_FOR_DEPENDENCY_CLOSURE","locale/fa-IR/content/counterfactuals/minimal-change-semantics/minimal-change-semantics.tex","ACCEPTED","B9379FA326273F61E1C314EB4FBF3C3B3EC7E845C1D3C45275A3FEA272FD5B73","PASS_STATIC_SEMANTIC_SOURCE_CARRIER_EXPANSION_MORPHOLOGY_UNICODE_PAIRED_DIRECT_FILE_REPLAY_BUILD_DEFERRED_FOR_DEPENDENCY_CLOSURE","ACCEPTED"
"OLP-0523","523","9620cc73f9c8e0ad003c514a5d3748f29611c4c0","content/counterfactuals/minimal-change-semantics/introduction.tex","bd79d8fa12d43ef404edd3268935d99446e2922f240437a705074700f482ca9d","3365","69","484","true","true","523","canonical_complete_reader_reachable","Reached by ordered depth-first replay from content/open-logic-about.tex then content/content.tex through uncommented olimport edges.","reader_unit","Introduction","cnt","0","","","1","content/counterfactuals/minimal-change-semantics/minimal-change-semantics.tex","0","","3","center:1|document:1|tikzpicture:1","0","0","1","0","0","0","0","0","0","0","0","0","1","0","0","0","23","locale/ar/content/counterfactuals/minimal-change-semantics/introduction.tex","ACCEPTED","4CF465A1845791F9BEBD74EBE2548B2438A9B4DBB53B6EE522829178C1020209","PASS_STATIC_SEMANTIC_SOURCE_CARRIER_EXPANSION_MORPHOLOGY_UNICODE_PAIRED_DIRECT_FILE_REPLAY_BUILD_DEFERRED_FOR_DEPENDENCY_CLOSURE","locale/fa-IR/content/counterfactuals/minimal-change-semantics/introduction.tex","ACCEPTED","3A3FFBD627874394B83E0B565AE099A1A1A02D5BBCE26F8F86B71147437F555D","PASS_STATIC_SEMANTIC_SOURCE_CARRIER_EXPANSION_MORPHOLOGY_UNICODE_PAIRED_DIRECT_FILE_REPLAY_BUILD_DEFERRED_FOR_DEPENDENCY_CLOSURE","ACCEPTED"
"OLP-0524","524","9620cc73f9c8e0ad003c514a5d3748f29611c4c0","content/counterfactuals/minimal-change-semantics/sphere-models.tex","333280dba059087e245770e7a8fae001bda0ed63ca91077c41aae401d28c5ed6","4834","114","670","true","true","524","canonical_complete_reader_reachable","Reached by ordered depth-first replay from content/open-logic-about.tex then content/content.tex through uncommented olimport edges.","reader_unit","Sphere Models","con","0","","","1","content/counterfactuals/minimal-change-semantics/minimal-change-semantics.tex","0","","9","center:1|defn:2|document:1|enumerate:3|figure:1|tikzpicture:1","0","0","1","2","0","0","0","0","0","0","0","1","1","0","2","0","98","locale/ar/content/counterfactuals/minimal-change-semantics/sphere-models.tex","ACCEPTED","A9D9339E2FBE43730FF13E3D728493F0022F03C7A29E989BCAA467DB386B7EEC","PASS_STATIC_SEMANTIC_SOURCE_CARRIER_EXPANSION_MORPHOLOGY_UNICODE_PAIRED_DIRECT_FILE_REPLAY_BUILD_DEFERRED_FOR_DEPENDENCY_CLOSURE","locale/fa-IR/content/counterfactuals/minimal-change-semantics/sphere-models.tex","ACCEPTED","9861BD1B291996FA4376734F305491BFA1FA09FE58A2865E823B1EB76DA057B4","PASS_STATIC_SEMANTIC_SOURCE_CARRIER_EXPANSION_MORPHOLOGY_UNICODE_PAIRED_DIRECT_FILE_REPLAY_BUILD_DEFERRED_FOR_DEPENDENCY_CLOSURE","ACCEPTED"
"OLP-0525","525","9620cc73f9c8e0ad003c514a5d3748f29611c4c0","content/counterfactuals/minimal-change-semantics/true-false.tex","37483de6242c07808fa9148cfb737f59c9177bb7ede484b6b5e30a6dead2e4a2","3758","113","320","true","true","525","canonical_complete_reader_reachable","Reached by ordered depth-first replay from content/open-logic-about.tex then content/content.tex through uncommented olimport edges.","reader_unit","Truth and Falsity of Counterfactuals","con","0","","","1","content/counterfactuals/minimal-change-semantics/minimal-change-semantics.tex","0","","17","center:5|document:1|figure:5|scope:1|tikzpicture:5","0","0","1","0","0","0","0","0","0","0","0","5","5","0","5","0","39","locale/ar/content/counterfactuals/minimal-change-semantics/true-false.tex","ACCEPTED","C1510C2DA771BE61EE5C4AA94E15C675E02DAC929AF7E10AD714CC241FF865CD","PASS_STATIC_SEMANTIC_SOURCE_CARRIER_EXPANSION_MORPHOLOGY_UNICODE_PAIRED_DIRECT_FILE_REPLAY_BUILD_DEFERRED_FOR_DEPENDENCY_CLOSURE","locale/fa-IR/content/counterfactuals/minimal-change-semantics/true-false.tex","ACCEPTED","A37383657387954A58E931E05E1C71D048F49AFFDDFCD83D5A26B142EDEE31DF","PASS_STATIC_SEMANTIC_SOURCE_CARRIER_EXPANSION_MORPHOLOGY_UNICODE_PAIRED_DIRECT_FILE_REPLAY_BUILD_DEFERRED_FOR_DEPENDENCY_CLOSURE","ACCEPTED"
"OLP-0526","526","9620cc73f9c8e0ad003c514a5d3748f29611c4c0","content/counterfactuals/minimal-change-semantics/antecedent-strengthening.tex","925fbba079157d175979dd48087562767fe501828cf7c03bbee892a3f07e6bbd","2718","71","325","true","true","526","canonical_complete_reader_reachable","Reached by ordered depth-first replay from content/open-logic-about.tex then content/content.tex through uncommented olimport edges.","reader_unit","Antecedent Strengthening","cnt","0","","","1","content/counterfactuals/minimal-change-semantics/minimal-change-semantics.tex","0","","7","center:1|document:1|ex:1|figure:1|quote:1|scope:1|tikzpicture:1","0","0","1","0","0","0","0","0","1","0","0","1","1","0","1","0","22","locale/ar/content/counterfactuals/minimal-change-semantics/antecedent-strengthening.tex","ACCEPTED","BD48A67292F9FD22EDC2B256019B3562D77126A0DD41326F1A6FD172F2546BDD","PASS_STATIC_SEMANTIC_SOURCE_CARRIER_EXPANSION_MORPHOLOGY_UNICODE_PAIRED_DIRECT_FILE_REPLAY_BUILD_DEFERRED_FOR_DEPENDENCY_CLOSURE","locale/fa-IR/content/counterfactuals/minimal-change-semantics/antecedent-strengthening.tex","ACCEPTED","9012EE2FDB4513376BF00DAB86743B4558F46A59B8234BF8123E7E099285E895","PASS_STATIC_SEMANTIC_SOURCE_CARRIER_EXPANSION_MORPHOLOGY_UNICODE_PAIRED_DIRECT_FILE_REPLAY_BUILD_DEFERRED_FOR_DEPENDENCY_CLOSURE","ACCEPTED"
"OLP-0527","527","9620cc73f9c8e0ad003c514a5d3748f29611c4c0","content/counterfactuals/minimal-change-semantics/transitivity.tex","21f925395bcf6a63cb7f6e3241ed3aba231a0d80d03a602f21296d0b09e9342a","3683","82","578","true","true","527","canonical_complete_reader_reachable","Reached by ordered depth-first replay from content/open-logic-about.tex then content/content.tex through uncommented olimport edges.","reader_unit","Transitivity","cnt","0","","","1","content/counterfactuals/minimal-change-semantics/minimal-change-semantics.tex","0","","6","document:1|ex:1|prob:3|quote:1","0","0","1","0","0","0","0","0","1","3","0","0","0","0","2","0","25","locale/ar/content/counterfactuals/minimal-change-semantics/transitivity.tex","ACCEPTED","9217CF056D2DD5C183D137346276779C4177B9CE933DFC21EE4EFAE0C43966AC","PASS_STATIC_SEMANTIC_SOURCE_CARRIER_EXPANSION_MORPHOLOGY_UNICODE_PAIRED_DIRECT_FILE_REPLAY_BUILD_DEFERRED_FOR_DEPENDENCY_CLOSURE","locale/fa-IR/content/counterfactuals/minimal-change-semantics/transitivity.tex","ACCEPTED","0CA04F829161D135BC9501A5213F8FC699FAEE387130EF9E06FC242E4DEA1A59","PASS_STATIC_SEMANTIC_SOURCE_CARRIER_EXPANSION_MORPHOLOGY_UNICODE_PAIRED_DIRECT_FILE_REPLAY_BUILD_DEFERRED_FOR_DEPENDENCY_CLOSURE","ACCEPTED"
"OLP-0528","528","9620cc73f9c8e0ad003c514a5d3748f29611c4c0","content/counterfactuals/minimal-change-semantics/contraposition.tex","8ab8545a49a4e08b79bfd89ad3a11c7302a6cbc5fc9d1181feb0da59ad05c8a4","2409","65","271","true","true","528","canonical_complete_reader_reachable","Reached by ordered depth-first replay from content/open-logic-about.tex then content/content.tex through uncommented olimport edges.","reader_unit","Contraposition","cnt","0","","","1","content/counterfactuals/minimal-change-semantics/minimal-change-semantics.tex","0","","7","center:1|document:1|ex:1|figure:1|quote:1|scope:1|tikzpicture:1","0","0","1","0","0","0","0","0","1","0","0","1","1","0","0","0","28","locale/ar/content/counterfactuals/minimal-change-semantics/contraposition.tex","ACCEPTED","1648DECED6EF0DCB38DA3ED4499E5E91DD8C8CA6A4B3F5786C2FA61C0327292C","PASS_STATIC_SEMANTIC_SOURCE_CARRIER_EXPANSION_MORPHOLOGY_UNICODE_PAIRED_DIRECT_FILE_REPLAY_BUILD_DEFERRED_FOR_DEPENDENCY_CLOSURE","locale/fa-IR/content/counterfactuals/minimal-change-semantics/contraposition.tex","ACCEPTED","15B9EA50C06DF28DB7630712782FA80C1E4ED5657E2421B0B75251AA61E9BF70","PASS_STATIC_SEMANTIC_SOURCE_CARRIER_EXPANSION_MORPHOLOGY_UNICODE_PAIRED_DIRECT_FILE_REPLAY_BUILD_DEFERRED_FOR_DEPENDENCY_CLOSURE","ACCEPTED"
"OLP-0529","529","9620cc73f9c8e0ad003c514a5d3748f29611c4c0","content/set-theory/set-theory.tex","c80ddaf36848c1f5df3bf8643d7b1170dcbc9020cc80a172b3112cb9adba11c2","428","19","32","true","true","529","canonical_complete_reader_reachable","Reached by ordered depth-first replay from content/open-logic-about.tex then content/content.tex through uncommented olimport edges.","part_driver","Set Theory","","9","content/set-theory/story/story.tex|content/set-theory/z/z.tex|content/set-theory/ordinals/ordinals.tex|content/set-theory/spine/spine.tex|content/set-theory/replacement/replacement.tex|content/set-theory/ord-arithmetic/ord-arithmetic.tex|content/set-theory/cardinals/cardinals.tex|content/set-theory/card-arithmetic/card-arithmetic.tex|content/set-theory/choice/choice.tex","","1","content/content.tex","0","","1","document:1","1","0","0","0","0","0","0","0","0","0","0","0","0","0","0","0","0","locale/ar/content/set-theory/set-theory.tex","ACCEPTED","32DB048BBA55765BCAB7276B7432AAD9E90C5699F97ECDE96EAF129F0E96CF14","PASS_STATIC_SEMANTIC_SOURCE_CARRIER_EXPANSION_MORPHOLOGY_UNICODE_PAIRED_DIRECT_FILE_REPLAY_BUILD_DEFERRED_FOR_DEPENDENCY_CLOSURE","locale/fa-IR/content/set-theory/set-theory.tex","ACCEPTED","8F70F0D05308866B97A416EB793857377FD181065E7BEAECA0B874247A8FEFEA","PASS_STATIC_SEMANTIC_SOURCE_CARRIER_EXPANSION_MORPHOLOGY_UNICODE_PAIRED_DIRECT_FILE_REPLAY_BUILD_DEFERRED_FOR_DEPENDENCY_CLOSURE","ACCEPTED"
"OLP-0530","530","9620cc73f9c8e0ad003c514a5d3748f29611c4c0","content/set-theory/story/story.tex","46bf28e1370ba921b6faea67256f661bb1802b095941f909c03cb643efcf5019","362","18","21","true","true","530","canonical_complete_reader_reachable","Reached by ordered depth-first replay from content/open-logic-about.tex then content/content.tex through uncommented olimport edges.","chapter_driver","The Iterative Conception","","6","content/set-theory/story/extensionality.tex|content/set-theory/story/russells-paradox-again.tex|content/set-theory/story/predicativity.tex|content/set-theory/story/cumulative-approach.tex|content/set-theory/story/urelements.tex|content/set-theory/story/grundgesetze.tex","","1","content/set-theory/set-theory.tex","0","","1","document:1","0","1","0","0","0","0","0","0","0","0","0","0","0","0","0","0","0","locale/ar/content/set-theory/story/story.tex","ACCEPTED","C62672049972E10F9CF7FFE06A9F926BD877A2ECA7D8706D6674505A41941058","PASS_STATIC_SEMANTIC_SOURCE_CARRIER_EXPANSION_MORPHOLOGY_UNICODE_PAIRED_DIRECT_FILE_REPLAY_BUILD_DEFERRED_FOR_DEPENDENCY_CLOSURE","locale/fa-IR/content/set-theory/story/story.tex","ACCEPTED","03B02A97940AEED017105FC6AC6F0E3651DA56DB4898136F815BFB425F7217E4","PASS_STATIC_SEMANTIC_SOURCE_CARRIER_EXPANSION_MORPHOLOGY_UNICODE_PAIRED_DIRECT_FILE_REPLAY_BUILD_DEFERRED_FOR_DEPENDENCY_CLOSURE","ACCEPTED"
"OLP-0531","531","9620cc73f9c8e0ad003c514a5d3748f29611c4c0","content/set-theory/story/extensionality.tex","d70f6b437cb7f29b4e9ef5bcc1ab66c3021ea6f57d1b2fdf5aaea5b51bdb81c9","1271","36","178","true","true","531","canonical_complete_reader_reachable","Reached by ordered depth-first replay from content/open-logic-about.tex then content/content.tex through uncommented olimport edges.","reader_unit","Extensionality","sth","0","","","1","content/set-theory/story/story.tex","0","","2","axiom:1|document:1","0","0","1","0","0","0","0","0","0","0","0","0","0","0","2","0","5","locale/ar/content/set-theory/story/extensionality.tex","ACCEPTED","07369EA5D28AF620767C5E53369832BBC3505267E893A1DD689E174B153D3814","PASS_STATIC_SEMANTIC_SOURCE_CARRIER_EXPANSION_MORPHOLOGY_UNICODE_PAIRED_DIRECT_FILE_REPLAY_BUILD_DEFERRED_FOR_DEPENDENCY_CLOSURE","locale/fa-IR/content/set-theory/story/extensionality.tex","ACCEPTED","8BA5D7A225EA24DDF313A67EE8D4CADE9F3A3AAC1090FFED9110A0DDC6EA0B23","PASS_STATIC_SEMANTIC_SOURCE_CARRIER_EXPANSION_MORPHOLOGY_UNICODE_PAIRED_DIRECT_FILE_REPLAY_BUILD_DEFERRED_FOR_DEPENDENCY_CLOSURE","ACCEPTED"
"OLP-0532","532","9620cc73f9c8e0ad003c514a5d3748f29611c4c0","content/set-theory/story/russells-paradox-again.tex","c468df1becf253ceb2c82540f2ec7e5112fa07bf649119e120184b4593f23b7d","3092","64","462","true","true","532","canonical_complete_reader_reachable","Reached by ordered depth-first replay from content/open-logic-about.tex then content/content.tex through uncommented olimport edges.","reader_unit","Russell's Paradox (again)","sth","0","","","1","content/set-theory/story/story.tex","0","","4","defish:1|document:1|proof:1|thm:1","0","0","1","0","1","0","0","0","0","0","1","0","0","0","3","1","11","locale/ar/content/set-theory/story/russells-paradox-again.tex","ACCEPTED","4B0E537E43AEC9CC1FFAB2FDFA80358B555BF1B525E50C171B2F7B1C48373ED7","PASS_STATIC_SEMANTIC_SOURCE_CARRIER_EXPANSION_MORPHOLOGY_UNICODE_PAIRED_DIRECT_FILE_REPLAY_BUILD_DEFERRED_FOR_DEPENDENCY_CLOSURE","locale/fa-IR/content/set-theory/story/russells-paradox-again.tex","ACCEPTED","515B1CE74430387557937D558A447405019B8353EADE14298DAB5672B4570395","PASS_STATIC_SEMANTIC_SOURCE_CARRIER_EXPANSION_MORPHOLOGY_UNICODE_PAIRED_DIRECT_FILE_REPLAY_BUILD_DEFERRED_FOR_DEPENDENCY_CLOSURE","ACCEPTED"
"OLP-0533","533","9620cc73f9c8e0ad003c514a5d3748f29611c4c0","content/set-theory/story/predicativity.tex","c5cedcd2a3116e12338c7eb16e4704c2b9bb1eb6c93d9754585dbe8ba45912aa","5441","108","788","true","true","533","canonical_complete_reader_reachable","Reached by ordered depth-first replay from content/open-logic-about.tex then content/content.tex through uncommented olimport edges.","reader_unit","Predicative and Impredicative","sth","0","","","1","content/set-theory/story/story.tex","0","","4","defish:1|document:1|quote:2","0","0","1","0","0","0","0","0","0","0","0","0","0","0","1","4","26","locale/ar/content/set-theory/story/predicativity.tex","ACCEPTED","F4C55CE8E7FC6091FB86522A13BC043EAECB1BCEF30C222212A311FF128A3E73","PASS_STATIC_SEMANTIC_SOURCE_CARRIER_EXPANSION_MORPHOLOGY_UNICODE_PAIRED_DIRECT_FILE_REPLAY_BUILD_DEFERRED_FOR_DEPENDENCY_CLOSURE","locale/fa-IR/content/set-theory/story/predicativity.tex","ACCEPTED","6786EE60F64518B6C01CC452C12625102C55D0EB3438E4A17B352EA77EB23456","PASS_STATIC_SEMANTIC_SOURCE_CARRIER_EXPANSION_MORPHOLOGY_UNICODE_PAIRED_DIRECT_FILE_REPLAY_BUILD_DEFERRED_FOR_DEPENDENCY_CLOSURE","ACCEPTED"
"OLP-0534","534","9620cc73f9c8e0ad003c514a5d3748f29611c4c0","content/set-theory/story/cumulative-approach.tex","86099ec03bf39142ceb2d76826a796a91731caa5eae0cd35d74b6c1a7fe2f798","5055","90","494","true","true","534","canonical_complete_reader_reachable","Reached by ordered depth-first replay from content/open-logic-about.tex then content/content.tex through uncommented olimport edges.","reader_unit","The Cumulative-Iterative Approach","sth","0","","","1","content/set-theory/story/story.tex","0","","4","center:1|document:1|quote:1|tikzpicture:1","0","0","1","0","0","0","0","0","0","0","0","0","1","0","2","1","18","locale/ar/content/set-theory/story/cumulative-approach.tex","ACCEPTED","5514A9B90FB09461B5391D7B8DDDD3030477A59A21F20DEB864FE0F69F5993BB","PASS_STATIC_SEMANTIC_SOURCE_CARRIER_EXPANSION_MORPHOLOGY_UNICODE_PAIRED_DIRECT_FILE_REPLAY_BUILD_DEFERRED_FOR_DEPENDENCY_CLOSURE","locale/fa-IR/content/set-theory/story/cumulative-approach.tex","ACCEPTED","658065A3C296CF3215884257BF560E53BAE03159F43C0AAFEC7929FFE81F19CD","PASS_STATIC_SEMANTIC_SOURCE_CARRIER_EXPANSION_MORPHOLOGY_UNICODE_PAIRED_DIRECT_FILE_REPLAY_BUILD_DEFERRED_FOR_DEPENDENCY_CLOSURE","ACCEPTED"
"OLP-0535","535","9620cc73f9c8e0ad003c514a5d3748f29611c4c0","content/set-theory/story/urelements.tex","61419cd0dbc03cdf569c7350b028da4daac493e5815f8bf43381544758587b31","3780","82","493","true","true","535","canonical_complete_reader_reachable","Reached by ordered depth-first replay from content/open-logic-about.tex then content/content.tex through uncommented olimport edges.","reader_unit","Urelements or Not?","sth","0","","","1","content/set-theory/story/story.tex","0","","4","center:1|document:1|quote:1|tikzpicture:1","0","0","1","0","0","0","0","0","0","0","0","0","1","0","2","2","5","locale/ar/content/set-theory/story/urelements.tex","ACCEPTED","E4FA1ACEA95A935D2EDFD3A762FAB399A1E556997D9F05F0A8042A910FC27A00","PASS_STATIC_SEMANTIC_SOURCE_CARRIER_EXPANSION_MORPHOLOGY_UNICODE_PAIRED_DIRECT_FILE_REPLAY_BUILD_DEFERRED_FOR_DEPENDENCY_CLOSURE","locale/fa-IR/content/set-theory/story/urelements.tex","ACCEPTED","0CFA93008F601DF7720F87365C60C0441D5E1903241C70E5DAED32EF257E0AEC","PASS_STATIC_SEMANTIC_SOURCE_CARRIER_EXPANSION_MORPHOLOGY_UNICODE_PAIRED_DIRECT_FILE_REPLAY_BUILD_DEFERRED_FOR_DEPENDENCY_CLOSURE","ACCEPTED"
"OLP-0536","536","9620cc73f9c8e0ad003c514a5d3748f29611c4c0","content/set-theory/story/grundgesetze.tex","d5b70cb63a142ee49c968e41a593dd7c6131d35817afcc6fda2321fa07162cd5","2767","62","371","true","true","536","canonical_complete_reader_reachable","Reached by ordered depth-first replay from content/open-logic-about.tex then content/content.tex through uncommented olimport edges.","reader_unit","Appendix: Frege's Basic Law V","sth","0","","","1","content/set-theory/story/story.tex","0","","5","document:1|lem:2|proof:2","0","0","1","0","0","0","2","0","0","0","2","0","0","0","2","1","26","locale/ar/content/set-theory/story/grundgesetze.tex","ACCEPTED","EF7F29DA38A4F71AA99613E8D1F7181DAD5056CBF3FF69C201B45B441FBA3091","PASS_STATIC_SEMANTIC_SOURCE_CARRIER_EXPANSION_MORPHOLOGY_UNICODE_PAIRED_DIRECT_FILE_REPLAY_BUILD_DEFERRED_FOR_DEPENDENCY_CLOSURE","locale/fa-IR/content/set-theory/story/grundgesetze.tex","ACCEPTED","CE4B89AB5653E3BDCED86A1CEEFF9D0A9E2C1B633A34ECDB5378EF47BF262CBD","PASS_STATIC_SEMANTIC_SOURCE_CARRIER_EXPANSION_MORPHOLOGY_UNICODE_PAIRED_DIRECT_FILE_REPLAY_BUILD_DEFERRED_FOR_DEPENDENCY_CLOSURE","ACCEPTED"
"OLP-0537","537","9620cc73f9c8e0ad003c514a5d3748f29611c4c0","content/set-theory/z/z.tex","ddf31239f65871a55a15098fecaa3f710e5108f4dab62771cfe2229c2eecf807","392","22","21","true","true","537","canonical_complete_reader_reachable","Reached by ordered depth-first replay from content/open-logic-about.tex then content/content.tex through uncommented olimport edges.","chapter_driver","Steps towards $\Z$","","9","content/set-theory/z/story.tex|content/set-theory/z/separation.tex|content/set-theory/z/union.tex|content/set-theory/z/pairs.tex|content/set-theory/z/powerset.tex|content/set-theory/z/infinity-again.tex|content/set-theory/z/milestone.tex|content/set-theory/z/nat.tex|content/set-theory/z/arbintersections.tex","","1","content/set-theory/set-theory.tex","0","","1","document:1","0","1","0","0","0","0","0","0","0","0","0","0","0","0","0","0","1","locale/ar/content/set-theory/z/z.tex","ACCEPTED","24F1B86C45B6A854F923D86DFD111BDA054D7C262811068679209ED06A1B9484","PASS_STATIC_SEMANTIC_SOURCE_CARRIER_EXPANSION_MORPHOLOGY_UNICODE_PAIRED_DIRECT_FILE_REPLAY_BUILD_DEFERRED_FOR_DEPENDENCY_CLOSURE","locale/fa-IR/content/set-theory/z/z.tex","ACCEPTED","1055A4DE67D868A13680D331BEF18676A8BCA68A21B7350915235A2A3D7E702C","PASS_STATIC_SEMANTIC_SOURCE_CARRIER_EXPANSION_MORPHOLOGY_UNICODE_PAIRED_DIRECT_FILE_REPLAY_BUILD_DEFERRED_FOR_DEPENDENCY_CLOSURE","ACCEPTED"
"OLP-0538","538","9620cc73f9c8e0ad003c514a5d3748f29611c4c0","content/set-theory/z/story.tex","675bc77160d15d826fc2960c15764275f12e8ef2450e121d6f34981d7af64a99","1611","33","231","true","true","538","canonical_complete_reader_reachable","Reached by ordered depth-first replay from content/open-logic-about.tex then content/content.tex through uncommented olimport edges.","reader_unit","The Story in More Detail","sth","0","","","1","content/set-theory/z/z.tex","0","","2","document:1|enumerate:1","0","0","1","0","0","0","0","0","0","0","0","0","0","0","2","2","4","locale/ar/content/set-theory/z/story.tex","ACCEPTED","ABA3240A39983D2237307530E2C4F8991F625EC3C591EBCFA27C0D37075D9D35","PASS_STATIC_SEMANTIC_SOURCE_CARRIER_EXPANSION_MORPHOLOGY_UNICODE_PAIRED_DIRECT_FILE_REPLAY_BUILD_DEFERRED_FOR_DEPENDENCY_CLOSURE","locale/fa-IR/content/set-theory/z/story.tex","ACCEPTED","976BE741185C7A2801D73A4D05180B43C030951C994A863F268A7E4692C97BE4","PASS_STATIC_SEMANTIC_SOURCE_CARRIER_EXPANSION_MORPHOLOGY_UNICODE_PAIRED_DIRECT_FILE_REPLAY_BUILD_DEFERRED_FOR_DEPENDENCY_CLOSURE","ACCEPTED"
"OLP-0539","539","9620cc73f9c8e0ad003c514a5d3748f29611c4c0","content/set-theory/z/separation.tex","5e4a9611823aa454b51908d88aa15f3fd4ee41af84f847a98e1c8a003a9b7a0b","4310","110","615","true","true","539","canonical_complete_reader_reachable","Reached by ordered depth-first replay from content/open-logic-about.tex then content/content.tex through uncommented olimport edges.","reader_unit","Separation","sth","0","","","1","content/set-theory/z/z.tex","0","","11","axiom:1|defish:1|document:1|proof:4|prop:3|thm:1","0","0","1","0","1","3","0","0","0","0","4","0","0","0","4","0","42","locale/ar/content/set-theory/z/separation.tex","ACCEPTED","1D1EA2139A7D9912518E94E293E8361F07F11C536AC2EA58AF4BC150D9ACA609","PASS_STATIC_SEMANTIC_SOURCE_CARRIER_EXPANSION_MORPHOLOGY_UNICODE_PAIRED_DIRECT_FILE_REPLAY_BUILD_DEFERRED_FOR_DEPENDENCY_CLOSURE","locale/fa-IR/content/set-theory/z/separation.tex","ACCEPTED","D5BE60D6A24939A91EF78BAFB7674C01DB530C6F645CF35E04B6042B1235ACD9","PASS_STATIC_SEMANTIC_SOURCE_CARRIER_EXPANSION_MORPHOLOGY_UNICODE_PAIRED_DIRECT_FILE_REPLAY_BUILD_DEFERRED_FOR_DEPENDENCY_CLOSURE","ACCEPTED"
"OLP-0540","540","9620cc73f9c8e0ad003c514a5d3748f29611c4c0","content/set-theory/z/union.tex","5cd50b70d0d606fa557040cfa94f3b34303bd1f5ac56c1ed03cb23ed4520fdc4","922","27","129","true","true","540","canonical_complete_reader_reachable","Reached by ordered depth-first replay from content/open-logic-about.tex then content/content.tex through uncommented olimport edges.","reader_unit","Union","sth","0","","","1","content/set-theory/z/z.tex","0","","2","axiom:1|document:1","0","0","1","0","0","0","0","0","0","0","0","0","0","0","1","0","13","locale/ar/content/set-theory/z/union.tex","ACCEPTED","89F71C92BA97D1D03B41CF8E3A3FC10FE13F951EDA01751AC22DB6971598E4AA","PASS_STATIC_SEMANTIC_SOURCE_CARRIER_EXPANSION_MORPHOLOGY_UNICODE_PAIRED_DIRECT_FILE_REPLAY_BUILD_DEFERRED_FOR_DEPENDENCY_CLOSURE","locale/fa-IR/content/set-theory/z/union.tex","ACCEPTED","6124B69EB26E5C643ABE47E1097A7B8B6E4F4E40A9C65AA759AA836CC8CE73EF","PASS_STATIC_SEMANTIC_SOURCE_CARRIER_EXPANSION_MORPHOLOGY_UNICODE_PAIRED_DIRECT_FILE_REPLAY_BUILD_DEFERRED_FOR_DEPENDENCY_CLOSURE","ACCEPTED"
"OLP-0541","541","9620cc73f9c8e0ad003c514a5d3748f29611c4c0","content/set-theory/z/pairs.tex","6e386f6c7bb1e2a08dd198e5ad421083df93eb4273efa9370d92b5432d11843f","2590","67","336","true","true","541","canonical_complete_reader_reachable","Reached by ordered depth-first replay from content/open-logic-about.tex then content/content.tex through uncommented olimport edges.","reader_unit","Pairs","sth","0","","","1","content/set-theory/z/z.tex","0","","8","axiom:1|document:1|enumerate:2|prob:2|proof:1|prop:1","0","0","1","0","0","1","0","0","0","2","1","0","0","0","5","0","32","locale/ar/content/set-theory/z/pairs.tex","ACCEPTED","E23D81A22E685E6EA1974DBF50FFEC9C23BC24262B6DDCD60450BF8068267D24","PASS_STATIC_SEMANTIC_SOURCE_CARRIER_EXPANSION_MORPHOLOGY_UNICODE_PAIRED_DIRECT_FILE_REPLAY_BUILD_DEFERRED_FOR_DEPENDENCY_CLOSURE","locale/fa-IR/content/set-theory/z/pairs.tex","ACCEPTED","7A3EEC9912AB28B725E2585EF4894764061CC5A04B316A6DC85720F40B9ABA56","PASS_STATIC_SEMANTIC_SOURCE_CARRIER_EXPANSION_MORPHOLOGY_UNICODE_PAIRED_DIRECT_FILE_REPLAY_BUILD_DEFERRED_FOR_DEPENDENCY_CLOSURE","ACCEPTED"
"OLP-0542","542","9620cc73f9c8e0ad003c514a5d3748f29611c4c0","content/set-theory/z/powerset.tex","e4189963f1fa098226ec3ae72a660f56882350d3d8be819b6c5232663261e722","2221","63","319","true","true","542","canonical_complete_reader_reachable","Reached by ordered depth-first replay from content/open-logic-about.tex then content/content.tex through uncommented olimport edges.","reader_unit","Powersets","sth","0","","","1","content/set-theory/z/z.tex","0","","6","axiom:1|document:1|prob:2|proof:1|prop:1","0","0","1","0","0","1","0","0","0","2","1","0","0","1","2","0","34","locale/ar/content/set-theory/z/powerset.tex","ACCEPTED","D6FA54D9A9AC9AC8211B5EC7A2F8167CFC8984B7761C94CD3F97C5934D3FC8E8","PASS_STATIC_SEMANTIC_SOURCE_CARRIER_EXPANSION_MORPHOLOGY_UNICODE_PAIRED_DIRECT_FILE_REPLAY_BUILD_DEFERRED_FOR_DEPENDENCY_CLOSURE","locale/fa-IR/content/set-theory/z/powerset.tex","ACCEPTED","3558714A82F428D87CD735FC9A4C01530304C29814B4637C58708063A11FFD85","PASS_STATIC_SEMANTIC_SOURCE_CARRIER_EXPANSION_MORPHOLOGY_UNICODE_PAIRED_DIRECT_FILE_REPLAY_BUILD_DEFERRED_FOR_DEPENDENCY_CLOSURE","ACCEPTED"
"OLP-0543","543","9620cc73f9c8e0ad003c514a5d3748f29611c4c0","content/set-theory/z/infinity-again.tex","29267a484b8628ec7cafd50d87dac4a0f6650914c625dec7dd06ac0e79aa3f91","6335","137","895","true","true","543","canonical_complete_reader_reachable","Reached by ordered depth-first replay from content/open-logic-about.tex then content/content.tex through uncommented olimport edges.","reader_unit","Infinity","sth","0","","","1","content/set-theory/z/z.tex","0","","9","align*:1|axiom:1|cases:1|defn:1|document:1|enumerate:2|proof:1|prop:1","0","0","1","1","0","1","0","0","0","0","1","0","0","0","7","0","60","locale/ar/content/set-theory/z/infinity-again.tex","ACCEPTED","930E631B0C7B4958F672CF463CFF0D6DDB509B83450878F0EE669E4654A35B9E","PASS_STATIC_SEMANTIC_SOURCE_CARRIER_EXPANSION_MORPHOLOGY_UNICODE_PAIRED_DIRECT_FILE_REPLAY_BUILD_DEFERRED_FOR_DEPENDENCY_CLOSURE","locale/fa-IR/content/set-theory/z/infinity-again.tex","ACCEPTED","124C3C2BE00362594507D4AE3DC1D4EA73BCE2BEDEB1490E60365CFB6D7564AF","PASS_STATIC_SEMANTIC_SOURCE_CARRIER_EXPANSION_MORPHOLOGY_UNICODE_PAIRED_DIRECT_FILE_REPLAY_BUILD_DEFERRED_FOR_DEPENDENCY_CLOSURE","ACCEPTED"
"OLP-0544","544","9620cc73f9c8e0ad003c514a5d3748f29611c4c0","content/set-theory/z/milestone.tex","15127543e5463e6dc278ab5cb43c4127fe55a54696e9b076d77c053608a5ff40","1360","32","179","true","true","544","canonical_complete_reader_reachable","Reached by ordered depth-first replay from content/open-logic-about.tex then content/content.tex through uncommented olimport edges.","reader_unit","$\Z^-$: a Milestone","sth","0","","","1","content/set-theory/z/z.tex","0","","2","defn:1|document:1","0","0","1","1","0","0","0","0","0","0","0","0","0","0","2","2","5","locale/ar/content/set-theory/z/milestone.tex","ACCEPTED","70321F31EB02A377D7F8C17AF454A6EB5812EAFC830D47E74FF67D1D6B5A16CE","PASS_STATIC_SEMANTIC_SOURCE_CARRIER_EXPANSION_MORPHOLOGY_UNICODE_PAIRED_DIRECT_FILE_REPLAY_BUILD_DEFERRED_FOR_DEPENDENCY_CLOSURE","locale/fa-IR/content/set-theory/z/milestone.tex","ACCEPTED","4C5BB0779677368A629AADB4B68A5182AB75C2381FF13DF17FE9609F6F29AA50","PASS_STATIC_SEMANTIC_SOURCE_CARRIER_EXPANSION_MORPHOLOGY_UNICODE_PAIRED_DIRECT_FILE_REPLAY_BUILD_DEFERRED_FOR_DEPENDENCY_CLOSURE","ACCEPTED"
"OLP-0545","545","9620cc73f9c8e0ad003c514a5d3748f29611c4c0","content/set-theory/z/nat.tex","33f3b77912ba9c7217893e6a0e9f59c16b2ca51e5b0652f99850bed6aeb8f12c","2773","57","355","true","true","545","canonical_complete_reader_reachable","Reached by ordered depth-first replay from content/open-logic-about.tex then content/content.tex through uncommented olimport edges.","reader_unit","Selecting our Natural Numbers","sth","0","","","1","content/set-theory/z/z.tex","0","","2","defish:1|document:1","0","0","1","0","0","0","0","0","0","0","0","0","0","0","5","3","11","locale/ar/content/set-theory/z/nat.tex","ACCEPTED","ABC3888638B438D749FADF47AE863C1414CCD9458BBE1FEA88224889BE213212","PASS_STATIC_SEMANTIC_SOURCE_CARRIER_EXPANSION_MORPHOLOGY_UNICODE_PAIRED_DIRECT_FILE_REPLAY_BUILD_DEFERRED_FOR_DEPENDENCY_CLOSURE","locale/fa-IR/content/set-theory/z/nat.tex","ACCEPTED","5814118CF757E71FBF8D8E70361E97876D4E709F6FA5192F5DAC1331878A57CF","PASS_STATIC_SEMANTIC_SOURCE_CARRIER_EXPANSION_MORPHOLOGY_UNICODE_PAIRED_DIRECT_FILE_REPLAY_BUILD_DEFERRED_FOR_DEPENDENCY_CLOSURE","ACCEPTED"
"OLP-0546","546","9620cc73f9c8e0ad003c514a5d3748f29611c4c0","content/set-theory/z/arbintersections.tex","866857905e11e5f329a248326ba04ba14f293b388bd8e3573caaf05fb2b7d56d","2979","63","345","true","true","546","canonical_complete_reader_reachable","Reached by ordered depth-first replay from content/open-logic-about.tex then content/content.tex through uncommented olimport edges.","reader_unit","Appendix: Closure, Comprehension, and Intersection","sth","0","","","1","content/set-theory/z/z.tex","0","","3","align*:1|document:1|equation:1","0","0","1","0","0","0","0","0","0","0","0","0","0","0","7","0","21","locale/ar/content/set-theory/z/arbintersections.tex","ACCEPTED","3E3DDC26A970FD4E3CB96DE82EBD0590524108F43FB6436D3763206E4466F6FB","PASS_STATIC_SEMANTIC_SOURCE_CARRIER_EXPANSION_MORPHOLOGY_UNICODE_PAIRED_DIRECT_FILE_REPLAY_BUILD_DEFERRED_FOR_DEPENDENCY_CLOSURE","locale/fa-IR/content/set-theory/z/arbintersections.tex","ACCEPTED","9318687C8743C0BEC6CFF881F280E50E204DBB20A273D64ABF1D0F115406AFCB","PASS_STATIC_SEMANTIC_SOURCE_CARRIER_EXPANSION_MORPHOLOGY_UNICODE_PAIRED_DIRECT_FILE_REPLAY_BUILD_DEFERRED_FOR_DEPENDENCY_CLOSURE","ACCEPTED"
"OLP-0547","547","9620cc73f9c8e0ad003c514a5d3748f29611c4c0","content/set-theory/ordinals/ordinals.tex","3d6d008e92ebe4566a0a4b90857b224aae85c637e8fc8f87457a2e6202247bf3","370","22","20","true","true","547","canonical_complete_reader_reachable","Reached by ordered depth-first replay from content/open-logic-about.tex then content/content.tex through uncommented olimport edges.","chapter_driver","Ordinals","","10","content/set-theory/ordinals/introduction.tex|content/set-theory/ordinals/idea.tex|content/set-theory/ordinals/wo.tex|content/set-theory/ordinals/iso.tex|content/set-theory/ordinals/vn.tex|content/set-theory/ordinals/basic.tex|content/set-theory/ordinals/replacement.tex|content/set-theory/ordinals/milestone.tex|content/set-theory/ordinals/ordtype.tex|content/set-theory/ordinals/opps.tex","","1","content/set-theory/set-theory.tex","0","","1","document:1","0","1","0","0","0","0","0","0","0","0","0","0","0","0","0","0","0","locale/ar/content/set-theory/ordinals/ordinals.tex","ACCEPTED","0EBEBFC97BA7A592F2457DA41C4C6C31C66E5779C935257C11892126D08EAA58","PASS_STATIC_SEMANTIC_SOURCE_CARRIER_EXPANSION_MORPHOLOGY_UNICODE_PAIRED_DIRECT_FILE_REPLAY_BUILD_DEFERRED_FOR_DEPENDENCY_CLOSURE","locale/fa-IR/content/set-theory/ordinals/ordinals.tex","ACCEPTED","00E2226DAA49F7E2CF1A7A405E01995BD17FC2A5C00B30C78A3A902694A0DD0A","PASS_STATIC_SEMANTIC_SOURCE_CARRIER_EXPANSION_MORPHOLOGY_UNICODE_PAIRED_DIRECT_FILE_REPLAY_BUILD_DEFERRED_FOR_DEPENDENCY_CLOSURE","ACCEPTED"
"OLP-0548","548","9620cc73f9c8e0ad003c514a5d3748f29611c4c0","content/set-theory/ordinals/introduction.tex","9db6acb08fc7abc9fe527932e10e04bfc71e548e642c624e824aaa2f041dc50c","1106","29","153","true","true","548","canonical_complete_reader_reachable","Reached by ordered depth-first replay from content/open-logic-about.tex then content/content.tex through uncommented olimport edges.","reader_unit","Introduction","sth","0","","","1","content/set-theory/ordinals/ordinals.tex","0","","1","document:1","0","0","1","0","0","0","0","0","0","0","0","0","0","0","1","0","0","locale/ar/content/set-theory/ordinals/introduction.tex","ACCEPTED","7235B64E150D411A3BBCFBBC05393993999D85467D96EA05E907AA415AC0765F","PASS_STATIC_SEMANTIC_SOURCE_CARRIER_EXPANSION_MORPHOLOGY_UNICODE_PAIRED_DIRECT_FILE_REPLAY_BUILD_DEFERRED_FOR_DEPENDENCY_CLOSURE","locale/fa-IR/content/set-theory/ordinals/introduction.tex","ACCEPTED","5CB19B8E24621FF9A2B22C51092626A9C2AF53F996830E4BD7864A00AFF3E300","PASS_STATIC_SEMANTIC_SOURCE_CARRIER_EXPANSION_MORPHOLOGY_UNICODE_PAIRED_DIRECT_FILE_REPLAY_BUILD_DEFERRED_FOR_DEPENDENCY_CLOSURE","ACCEPTED"
"OLP-0549","549","9620cc73f9c8e0ad003c514a5d3748f29611c4c0","content/set-theory/ordinals/idea.tex","69629365d22ecab6b74fa4d3896d24ad71371c5f9c079fc79ac18f4655c63c11","2384","67","232","true","true","549","canonical_complete_reader_reachable","Reached by ordered depth-first replay from content/open-logic-about.tex then content/content.tex through uncommented olimport edges.","reader_unit","The General Idea of an Ordinal","sth","0","","","1","content/set-theory/ordinals/ordinals.tex","0","","7","center:3|document:1|tikzpicture:3","0","0","1","0","0","0","0","0","0","0","0","0","3","0","0","0","29","locale/ar/content/set-theory/ordinals/idea.tex","ACCEPTED","6D347DA99EE03246132762660CDA5305F875B3E3C9B019C67E5C12D84E5A85B4","PASS_STATIC_SEMANTIC_SOURCE_CARRIER_EXPANSION_MORPHOLOGY_UNICODE_PAIRED_DIRECT_FILE_REPLAY_BUILD_DEFERRED_FOR_DEPENDENCY_CLOSURE","locale/fa-IR/content/set-theory/ordinals/idea.tex","ACCEPTED","D79D2073617892D705F9FB589965813ABAF6316A4D4AB5FFBC8C1F0FEBCD9761","PASS_STATIC_SEMANTIC_SOURCE_CARRIER_EXPANSION_MORPHOLOGY_UNICODE_PAIRED_DIRECT_FILE_REPLAY_BUILD_DEFERRED_FOR_DEPENDENCY_CLOSURE","ACCEPTED"
"OLP-0550","550","9620cc73f9c8e0ad003c514a5d3748f29611c4c0","content/set-theory/ordinals/wo.tex","31ff99cf24d9c18e905626855bdb8c9bfeb7c2a5c2814387a6c36ccf54df0313","2511","65","325","true","true","550","canonical_complete_reader_reachable","Reached by ordered depth-first replay from content/open-logic-about.tex then content/content.tex through uncommented olimport edges.","reader_unit","Well-Orderings","sth","0","","","1","content/set-theory/ordinals/ordinals.tex","0","","8","defn:1|document:1|enumerate:1|prob:1|proof:2|prop:2","0","0","1","1","0","2","0","0","0","1","2","0","0","0","0","0","48","locale/ar/content/set-theory/ordinals/wo.tex","ACCEPTED","943AE77382AC67F6C459022BEB6C63DB522B96EABCC26F99CFF2A1ED3A76D395","PASS_STATIC_SEMANTIC_SOURCE_CARRIER_EXPANSION_MORPHOLOGY_UNICODE_PAIRED_DIRECT_FILE_REPLAY_BUILD_DEFERRED_FOR_DEPENDENCY_CLOSURE","locale/fa-IR/content/set-theory/ordinals/wo.tex","ACCEPTED","18263829D95BECA6C86A65182366D3BA7BE28FF755E5204546A7D51917185B8D","PASS_STATIC_SEMANTIC_SOURCE_CARRIER_EXPANSION_MORPHOLOGY_UNICODE_PAIRED_DIRECT_FILE_REPLAY_BUILD_DEFERRED_FOR_DEPENDENCY_CLOSURE","ACCEPTED"
"OLP-0551","551","9620cc73f9c8e0ad003c514a5d3748f29611c4c0","content/set-theory/ordinals/iso.tex","eb57a72aed6e4ff2398fe8d9c52239c79d2578df37c5e4bb891568381a41cb39","6759","165","893","true","true","551","canonical_complete_reader_reachable","Reached by ordered depth-first replay from content/open-logic-about.tex then content/content.tex through uncommented olimport edges.","reader_unit","Order-Isomorphisms","sth","0","","","1","content/set-theory/ordinals/ordinals.tex","0","","18","align*:1|cor:1|defn:2|document:1|lem:4|prob:1|proof:6|prop:1|thm:1","0","0","1","2","1","1","4","1","0","1","6","0","0","0","10","0","117","locale/ar/content/set-theory/ordinals/iso.tex","ACCEPTED","A17CCE6429F19745EEE0D630072E8168D0FA3DFA38FD68FA78650D22B00E9CE1","PASS_STATIC_SEMANTIC_SOURCE_CARRIER_EXPANSION_MORPHOLOGY_UNICODE_PAIRED_DIRECT_FILE_REPLAY_BUILD_DEFERRED_FOR_DEPENDENCY_CLOSURE","locale/fa-IR/content/set-theory/ordinals/iso.tex","ACCEPTED","FE112C0F5A57C82ED232C2C0286B47AA17424F8586A5A58906DEEAD6EDFCEC13","PASS_STATIC_SEMANTIC_SOURCE_CARRIER_EXPANSION_MORPHOLOGY_UNICODE_PAIRED_DIRECT_FILE_REPLAY_BUILD_DEFERRED_FOR_DEPENDENCY_CLOSURE","ACCEPTED"
"OLP-0552","552","9620cc73f9c8e0ad003c514a5d3748f29611c4c0","content/set-theory/ordinals/vn.tex","1a1ffe53bdfd51d0ee3ad7a818981d6cc2b54405c92a219a4295fa48b1393529","2730","61","352","true","true","552","canonical_complete_reader_reachable","Reached by ordered depth-first replay from content/open-logic-about.tex then content/content.tex through uncommented olimport edges.","reader_unit","Von Neumann's Construction of the Ordinals","sth","0","","","1","content/set-theory/ordinals/ordinals.tex","0","","3","align*:1|defn:1|document:1","0","0","1","1","0","0","0","0","0","0","0","0","0","0","6","0","14","locale/ar/content/set-theory/ordinals/vn.tex","ACCEPTED","8CBC3AB1B907B5C3B234642F47B80BC8F6EAE9813945CBA60757D0B78DFB1AD0","PASS_STATIC_SEMANTIC_SOURCE_CARRIER_EXPANSION_MORPHOLOGY_UNICODE_PAIRED_DIRECT_FILE_REPLAY_BUILD_DEFERRED_FOR_DEPENDENCY_CLOSURE","locale/fa-IR/content/set-theory/ordinals/vn.tex","ACCEPTED","F428B3B1D55B5AEE9C24156CC348DBA088EB95DD4784B027367D515E15E25C06","PASS_STATIC_SEMANTIC_SOURCE_CARRIER_EXPANSION_MORPHOLOGY_UNICODE_PAIRED_DIRECT_FILE_REPLAY_BUILD_DEFERRED_FOR_DEPENDENCY_CLOSURE","ACCEPTED"
"OLP-0553","553","9620cc73f9c8e0ad003c514a5d3748f29611c4c0","content/set-theory/ordinals/basic.tex","7a9d1d198227e2de1a2af719417ae7d81ffc2c727e6da7d992b194f44a7f19c1","8434","211","836","true","true","553","canonical_complete_reader_reachable","Reached by ordered depth-first replay from content/open-logic-about.tex then content/content.tex through uncommented olimport edges.","reader_unit","Basic Properties of the Ordinals","sth","0","","","1","content/set-theory/ordinals/ordinals.tex","0","","24","cor:3|document:1|lem:1|prob:2|proof:10|prop:3|quote:1|thm:3","0","0","1","0","3","3","1","3","0","2","10","0","0","0","25","2","105","locale/ar/content/set-theory/ordinals/basic.tex","ACCEPTED","1E054C89C7F8CC9B7FDAC6798A67EF2304A357021CE6BF4FE5F685D6529AE015","PASS_STATIC_SEMANTIC_SOURCE_CARRIER_EXPANSION_MORPHOLOGY_UNICODE_PAIRED_DIRECT_FILE_REPLAY_BUILD_DEFERRED_FOR_DEPENDENCY_CLOSURE","locale/fa-IR/content/set-theory/ordinals/basic.tex","ACCEPTED","30AA958B1945070342FEFC2A9E59A3669D12EE6EA05D76BD0871A0179D2B5D33","PASS_STATIC_SEMANTIC_SOURCE_CARRIER_EXPANSION_MORPHOLOGY_UNICODE_PAIRED_DIRECT_FILE_REPLAY_BUILD_DEFERRED_FOR_DEPENDENCY_CLOSURE","ACCEPTED"
"OLP-0554","554","9620cc73f9c8e0ad003c514a5d3748f29611c4c0","content/set-theory/ordinals/replacement.tex","c081b7ac20726b738ce2fb496ad29e836a72883160c847b828582e4de0218523","3453","74","495","true","true","554","canonical_complete_reader_reachable","Reached by ordered depth-first replay from content/open-logic-about.tex then content/content.tex through uncommented olimport edges.","reader_unit","Replacement","sth","0","","","1","content/set-theory/ordinals/ordinals.tex","0","","6","axiom:1|cor:1|defish:1|document:1|proof:1|quote:1","0","0","1","0","0","0","0","1","0","0","1","0","0","0","4","0","37","locale/ar/content/set-theory/ordinals/replacement.tex","ACCEPTED","598CB337C2345B5B82EC9743A76FF634609C370A03B59073974D2598C35E87B3","PASS_STATIC_SEMANTIC_SOURCE_CARRIER_EXPANSION_MORPHOLOGY_UNICODE_PAIRED_DIRECT_FILE_REPLAY_BUILD_DEFERRED_FOR_DEPENDENCY_CLOSURE","locale/fa-IR/content/set-theory/ordinals/replacement.tex","ACCEPTED","E896E1D8649E30E8C726445697892CAF49FFA02F5726F3936E5DA3E56913CD25","PASS_STATIC_SEMANTIC_SOURCE_CARRIER_EXPANSION_MORPHOLOGY_UNICODE_PAIRED_DIRECT_FILE_REPLAY_BUILD_DEFERRED_FOR_DEPENDENCY_CLOSURE","ACCEPTED"
"OLP-0555","555","9620cc73f9c8e0ad003c514a5d3748f29611c4c0","content/set-theory/ordinals/milestone.tex","3f99ff5c244929fec27396ee3ff21b3b2bb76a56cada018c045a5d5459e6f289","1023","26","123","true","true","555","canonical_complete_reader_reachable","Reached by ordered depth-first replay from content/open-logic-about.tex then content/content.tex through uncommented olimport edges.","reader_unit","$\ZFminus$: a milestone","sth","0","","","1","content/set-theory/ordinals/ordinals.tex","0","","2","defn:1|document:1","0","0","1","1","0","0","0","0","0","0","0","0","0","0","1","2","5","locale/ar/content/set-theory/ordinals/milestone.tex","ACCEPTED","4EEDB5CB6ABB4834A4E6652799A7B7A8B1ACA74906C6F389CDD163A2E31994AE","PASS_STATIC_SEMANTIC_SOURCE_CARRIER_EXPANSION_MORPHOLOGY_UNICODE_PAIRED_DIRECT_FILE_REPLAY_BUILD_DEFERRED_FOR_DEPENDENCY_CLOSURE","locale/fa-IR/content/set-theory/ordinals/milestone.tex","ACCEPTED","C3C4EAD25A00A0E74627393A897A4C4EAFE5166FCA12B3B9BFBADA6F273C15A5","PASS_STATIC_SEMANTIC_SOURCE_CARRIER_EXPANSION_MORPHOLOGY_UNICODE_PAIRED_DIRECT_FILE_REPLAY_BUILD_DEFERRED_FOR_DEPENDENCY_CLOSURE","ACCEPTED"
"OLP-0556","556","9620cc73f9c8e0ad003c514a5d3748f29611c4c0","content/set-theory/ordinals/ordtype.tex","9a123198cbfcd0000eb27804a39148d5ee5fb7ad41cf7cff04ad78ea320dfcd6","3273","79","354","true","true","556","canonical_complete_reader_reachable","Reached by ordered depth-first replay from content/open-logic-about.tex then content/content.tex through uncommented olimport edges.","reader_unit","Ordinals as Order-Types","sth","0","","","1","content/set-theory/ordinals/ordinals.tex","0","","8","align*:2|cor:1|defn:1|document:1|proof:2|thm:1","0","0","1","1","1","0","0","1","0","0","2","0","0","0","9","0","39","locale/ar/content/set-theory/ordinals/ordtype.tex","ACCEPTED","22DC4D5A8AF16524F00C8157BEC5CF8BEC1B6E77E65B68A316BF00F6192D3B83","PASS_STATIC_SEMANTIC_SOURCE_CARRIER_EXPANSION_MORPHOLOGY_UNICODE_PAIRED_DIRECT_FILE_REPLAY_BUILD_DEFERRED_FOR_DEPENDENCY_CLOSURE","locale/fa-IR/content/set-theory/ordinals/ordtype.tex","ACCEPTED","650C113FC75D4CBA854E169EBFA417B0A84C4FFAC72B2C57EDFBB83B0116608E","PASS_STATIC_SEMANTIC_SOURCE_CARRIER_EXPANSION_MORPHOLOGY_UNICODE_PAIRED_DIRECT_FILE_REPLAY_BUILD_DEFERRED_FOR_DEPENDENCY_CLOSURE","ACCEPTED"
"OLP-0557","557","9620cc73f9c8e0ad003c514a5d3748f29611c4c0","content/set-theory/ordinals/opps.tex","f53aa4197833752c4ecdd3d7755c8e13cdec164fd68d0261dac26290a95cd171","3774","101","383","true","true","557","canonical_complete_reader_reachable","Reached by ordered depth-first replay from content/open-logic-about.tex then content/content.tex through uncommented olimport edges.","reader_unit","Successor and Limit Ordinals","sth","0","","","1","content/set-theory/ordinals/ordinals.tex","0","","11","defn:2|document:1|enumerate:2|proof:3|prop:2|thm:1","0","0","1","2","1","2","0","0","0","0","3","0","0","0","3","0","61","locale/ar/content/set-theory/ordinals/opps.tex","ACCEPTED","B68947CC4FA4CE6C21C13AE62147E379100E974A9040377D30E480072D002BDE","PASS_STATIC_SEMANTIC_SOURCE_CARRIER_EXPANSION_MORPHOLOGY_UNICODE_PAIRED_DIRECT_FILE_REPLAY_BUILD_DEFERRED_FOR_DEPENDENCY_CLOSURE","locale/fa-IR/content/set-theory/ordinals/opps.tex","ACCEPTED","2F5A85DF9D6A9C15CF1E9C9781E116B860842EA7D5EDCE4EE72766ED45EF2780","PASS_STATIC_SEMANTIC_SOURCE_CARRIER_EXPANSION_MORPHOLOGY_UNICODE_PAIRED_DIRECT_FILE_REPLAY_BUILD_DEFERRED_FOR_DEPENDENCY_CLOSURE","ACCEPTED"
"OLP-0558","558","9620cc73f9c8e0ad003c514a5d3748f29611c4c0","content/set-theory/spine/spine.tex","32d16adc1a044fcba0b5dfe250d9cb82e5f63ecdd15bcc8489599d94dbe77b50","325","19","18","true","true","558","canonical_complete_reader_reachable","Reached by ordered depth-first replay from content/open-logic-about.tex then content/content.tex through uncommented olimport edges.","chapter_driver","Stages and Ranks","","6","content/set-theory/spine/idea.tex|content/set-theory/spine/recursion.tex|content/set-theory/spine/stagesbasics.tex|content/set-theory/spine/foundation.tex|content/set-theory/spine/zf.tex|content/set-theory/spine/rank.tex","","1","content/set-theory/set-theory.tex","0","","1","document:1","0","1","0","0","0","0","0","0","0","0","0","0","0","0","0","0","0","locale/ar/content/set-theory/spine/spine.tex","ACCEPTED","9E69F53C5DDE08839B79691B11A74338B3E34035D018B1027173C3C6E970B4A6","PASS_STATIC_SEMANTIC_SOURCE_CARRIER_EXPANSION_MORPHOLOGY_UNICODE_PAIRED_DIRECT_FILE_REPLAY_BUILD_DEFERRED_FOR_DEPENDENCY_CLOSURE","locale/fa-IR/content/set-theory/spine/spine.tex","ACCEPTED","98612D27708DB22B891B055A6693DC027231C79B00765FF460A54F71AA33FC3B","PASS_STATIC_SEMANTIC_SOURCE_CARRIER_EXPANSION_MORPHOLOGY_UNICODE_PAIRED_DIRECT_FILE_REPLAY_BUILD_DEFERRED_FOR_DEPENDENCY_CLOSURE","ACCEPTED"
"OLP-0559","559","9620cc73f9c8e0ad003c514a5d3748f29611c4c0","content/set-theory/spine/idea.tex","72e78cfef1d30e6a2e097f398dd5f502654f906c855dc226b9f616947a2b6955","1750","43","219","true","true","559","canonical_complete_reader_reachable","Reached by ordered depth-first replay from content/open-logic-about.tex then content/content.tex through uncommented olimport edges.","reader_unit","Defining the Stages as the $V_\alpha$s","sth","0","","","1","content/set-theory/spine/spine.tex","0","","3","align*:1|defn:1|document:1","0","0","1","1","0","0","0","0","0","0","0","0","0","0","3","0","4","locale/ar/content/set-theory/spine/idea.tex","ACCEPTED","3E961E476727B8E3D1B10B266C1D351F6CBCD52A6E631109301B6938F8A5C246","PASS_STATIC_SEMANTIC_SOURCE_CARRIER_EXPANSION_MORPHOLOGY_UNICODE_PAIRED_DIRECT_FILE_REPLAY_BUILD_DEFERRED_FOR_DEPENDENCY_CLOSURE","locale/fa-IR/content/set-theory/spine/idea.tex","ACCEPTED","C2A70E5F602E100150106F78809FF9173F5C74F6FC68EF5602A418E49C2D3012","PASS_STATIC_SEMANTIC_SOURCE_CARRIER_EXPANSION_MORPHOLOGY_UNICODE_PAIRED_DIRECT_FILE_REPLAY_BUILD_DEFERRED_FOR_DEPENDENCY_CLOSURE","ACCEPTED"
"OLP-0560","560","9620cc73f9c8e0ad003c514a5d3748f29611c4c0","content/set-theory/spine/recursion.tex","e9b5fe7b4ab133bc97d234aabd8dae2412e91bbeeb9c785b4a8112ba1e1a0510","6139","132","569","true","true","560","canonical_complete_reader_reachable","Reached by ordered depth-first replay from content/open-logic-about.tex then content/content.tex through uncommented olimport edges.","reader_unit","The Transfinite Recursion Theorem(s)","sth","0","","","1","content/set-theory/spine/spine.tex","0","","11","align*:2|cases:1|defn:1|document:1|lem:1|proof:3|thm:2","0","0","1","1","2","0","1","0","0","0","3","0","0","0","10","0","77","locale/ar/content/set-theory/spine/recursion.tex","ACCEPTED","4352A0EA0AC853383527002FBC0DD1CF42B7B73086C874D8001707F81F0DB086","PASS_STATIC_SEMANTIC_SOURCE_CARRIER_EXPANSION_MORPHOLOGY_UNICODE_PAIRED_DIRECT_FILE_REPLAY_BUILD_DEFERRED_FOR_DEPENDENCY_CLOSURE","locale/fa-IR/content/set-theory/spine/recursion.tex","ACCEPTED","F8316C7ECE2D11E2DAE68651B116F67000300347AFD5AFE623E9EA9B9868DF1B","PASS_STATIC_SEMANTIC_SOURCE_CARRIER_EXPANSION_MORPHOLOGY_UNICODE_PAIRED_DIRECT_FILE_REPLAY_BUILD_DEFERRED_FOR_DEPENDENCY_CLOSURE","ACCEPTED"
"OLP-0561","561","9620cc73f9c8e0ad003c514a5d3748f29611c4c0","content/set-theory/spine/stagesbasics.tex","055948a696b012f7bf5b0a6e9ac39297a0a910f6c17ca9580782e9795e87def6","4444","95","466","true","true","561","canonical_complete_reader_reachable","Reached by ordered depth-first replay from content/open-logic-about.tex then content/content.tex through uncommented olimport edges.","reader_unit","Basic Properties of Stages","sth","0","","","1","content/set-theory/spine/spine.tex","0","","9","cor:1|defn:1|document:1|enumerate:1|lem:2|proof:3","0","0","1","1","0","0","2","1","0","0","3","0","0","0","14","1","66","locale/ar/content/set-theory/spine/stagesbasics.tex","ACCEPTED","B36F1FEC63E5AC5B1A6B1911886DBBDF2B6DF3145E1281099EA3C0D8F2828A12","PASS_STATIC_SEMANTIC_SOURCE_CARRIER_EXPANSION_MORPHOLOGY_UNICODE_PAIRED_DIRECT_FILE_REPLAY_BUILD_DEFERRED_FOR_DEPENDENCY_CLOSURE","locale/fa-IR/content/set-theory/spine/stagesbasics.tex","ACCEPTED","579287B6AE85B5F0BE9FFD056FB9E5C829AAE0D684CA5B0374A644EBE1AE9384","PASS_STATIC_SEMANTIC_SOURCE_CARRIER_EXPANSION_MORPHOLOGY_UNICODE_PAIRED_DIRECT_FILE_REPLAY_BUILD_DEFERRED_FOR_DEPENDENCY_CLOSURE","ACCEPTED"
"OLP-0562","562","9620cc73f9c8e0ad003c514a5d3748f29611c4c0","content/set-theory/spine/foundation.tex","18d5d41a2becf13c6d5221d1c3504ea8300d96d85572c8848ed22bfc7ea321a5","4349","105","501","true","true","562","canonical_complete_reader_reachable","Reached by ordered depth-first replay from content/open-logic-about.tex then content/content.tex through uncommented olimport edges.","reader_unit","Foundation","sth","0","","","1","content/set-theory/spine/spine.tex","0","","12","align*:2|axiom:1|defish:1|defn:1|document:1|lem:1|proof:3|prop:1|thm:1","0","0","1","1","1","1","1","0","0","0","3","0","0","0","6","0","51","locale/ar/content/set-theory/spine/foundation.tex","ACCEPTED","D7506E5FE10835889A7D7183C8A3A9CB8CDFCB190FC02C95443523857A02C529","PASS_STATIC_SEMANTIC_SOURCE_CARRIER_EXPANSION_MORPHOLOGY_UNICODE_PAIRED_DIRECT_FILE_REPLAY_BUILD_DEFERRED_FOR_DEPENDENCY_CLOSURE","locale/fa-IR/content/set-theory/spine/foundation.tex","ACCEPTED","A2F9BB5DFA80169A4F6045A1496F6F0ABA5742F7D2026A9266CC498B326678DC","PASS_STATIC_SEMANTIC_SOURCE_CARRIER_EXPANSION_MORPHOLOGY_UNICODE_PAIRED_DIRECT_FILE_REPLAY_BUILD_DEFERRED_FOR_DEPENDENCY_CLOSURE","ACCEPTED"
"OLP-0563","563","9620cc73f9c8e0ad003c514a5d3748f29611c4c0","content/set-theory/spine/zf.tex","94df3fb797ff5d12ce812c586f3dd8211fd7972ebaf25d3363bb135ad7686d73","1969","46","265","true","true","563","canonical_complete_reader_reachable","Reached by ordered depth-first replay from content/open-logic-about.tex then content/content.tex through uncommented olimport edges.","reader_unit","$\Z$ and $\ZF$: A Milestone","sth","0","","","1","content/set-theory/spine/spine.tex","0","","2","defn:1|document:1","0","0","1","1","0","0","0","0","0","0","0","0","0","0","1","0","19","locale/ar/content/set-theory/spine/zf.tex","ACCEPTED","44EEE58263BCEBCE9BA1533E327110818E6F504159BE2BE75DE8A6009E8A2775","PASS_STATIC_SEMANTIC_SOURCE_CARRIER_EXPANSION_MORPHOLOGY_UNICODE_PAIRED_DIRECT_FILE_REPLAY_BUILD_DEFERRED_FOR_DEPENDENCY_CLOSURE","locale/fa-IR/content/set-theory/spine/zf.tex","ACCEPTED","62977337725C00BB84A4EE00DC56A5F35AFA95FB42E2A99DD7D4CC9DC9FC4036","PASS_STATIC_SEMANTIC_SOURCE_CARRIER_EXPANSION_MORPHOLOGY_UNICODE_PAIRED_DIRECT_FILE_REPLAY_BUILD_DEFERRED_FOR_DEPENDENCY_CLOSURE","ACCEPTED"
"OLP-0564","564","9620cc73f9c8e0ad003c514a5d3748f29611c4c0","content/set-theory/spine/rank.tex","fa9b9faa09478d4d5d6e510c52a2d5752fa72985db8efaff4a432a0e24d81dd0","5018","128","480","true","true","564","canonical_complete_reader_reachable","Reached by ordered depth-first replay from content/open-logic-about.tex then content/content.tex through uncommented olimport edges.","reader_unit","Rank","sth","0","","","1","content/set-theory/spine/spine.tex","0","","18","cor:1|defn:1|document:1|prob:2|proof:7|prop:5|thm:1","0","0","1","1","1","5","0","1","0","2","7","0","0","0","12","0","64","locale/ar/content/set-theory/spine/rank.tex","ACCEPTED","8EE7E37D0E80D12A83663F6F1746BE5FFD7868C7875749E0891733C354D0856F","PASS_STATIC_SEMANTIC_SOURCE_CARRIER_EXPANSION_MORPHOLOGY_UNICODE_PAIRED_DIRECT_FILE_REPLAY_BUILD_DEFERRED_FOR_DEPENDENCY_CLOSURE","locale/fa-IR/content/set-theory/spine/rank.tex","ACCEPTED","F952D48907460F37A32F40AC56CD29177F7F21E8645E396C1A0608AE4A198A75","PASS_STATIC_SEMANTIC_SOURCE_CARRIER_EXPANSION_MORPHOLOGY_UNICODE_PAIRED_DIRECT_FILE_REPLAY_BUILD_DEFERRED_FOR_DEPENDENCY_CLOSURE","ACCEPTED"
"OLP-0565","565","9620cc73f9c8e0ad003c514a5d3748f29611c4c0","content/set-theory/replacement/replacement.tex","9b8a0eea8d3b6ccfe4c3ca2658bc31f418daff6744994b7a56e47e44d7784839","395","21","18","true","true","565","canonical_complete_reader_reachable","Reached by ordered depth-first replay from content/open-logic-about.tex then content/content.tex through uncommented olimport edges.","chapter_driver","Replacement","","8","content/set-theory/replacement/introduction.tex|content/set-theory/replacement/strength.tex|content/set-theory/replacement/extrinsic.tex|content/set-theory/replacement/limofsize.tex|content/set-theory/replacement/absinf.tex|content/set-theory/replacement/ref.tex|content/set-theory/replacement/refproofs.tex|content/set-theory/replacement/finiteaxiomatizability.tex","","1","content/set-theory/set-theory.tex","0","","1","document:1","0","1","0","0","0","0","0","0","0","0","0","0","0","0","0","0","0","locale/ar/content/set-theory/replacement/replacement.tex","ACCEPTED","11EAF41849672D20E6FD7D3D53C5336DC2F91618A8286A618BEAFE4B6AB93B3C","PASS_STATIC_SEMANTIC_SOURCE_CARRIER_EXPANSION_MORPHOLOGY_UNICODE_PAIRED_DIRECT_FILE_REPLAY_BUILD_DEFERRED_FOR_DEPENDENCY_CLOSURE","locale/fa-IR/content/set-theory/replacement/replacement.tex","ACCEPTED","00979EEC5E8C44319ECB14906557F9B7E1225B933EFF5CFB7C7BDA8C5B01B84C","PASS_STATIC_SEMANTIC_SOURCE_CARRIER_EXPANSION_MORPHOLOGY_UNICODE_PAIRED_DIRECT_FILE_REPLAY_BUILD_DEFERRED_FOR_DEPENDENCY_CLOSURE","ACCEPTED"
"OLP-0566","566","9620cc73f9c8e0ad003c514a5d3748f29611c4c0","content/set-theory/replacement/introduction.tex","f05b94bc04e2c2110bb8ec5147e5c377c7e6908b9b65b1fae22ea62c6f2fa196","1201","18","169","true","true","566","canonical_complete_reader_reachable","Reached by ordered depth-first replay from content/open-logic-about.tex then content/content.tex through uncommented olimport edges.","reader_unit","Introduction","sth","0","","","1","content/set-theory/replacement/replacement.tex","0","","1","document:1","0","0","1","0","0","0","0","0","0","0","0","0","0","0","1","3","2","locale/ar/content/set-theory/replacement/introduction.tex","ACCEPTED","AEBC4F082FFA1F8D1DB8A943ACD719FAF51BB2722EC96BE4FAB311B1BD72E10D","PASS_STATIC_SEMANTIC_SOURCE_CARRIER_EXPANSION_MORPHOLOGY_UNICODE_PAIRED_DIRECT_FILE_REPLAY_BUILD_DEFERRED_FOR_DEPENDENCY_CLOSURE","locale/fa-IR/content/set-theory/replacement/introduction.tex","ACCEPTED","F9B8E486599BEDC6BB545BB731F33FA977553D639ED9E8075F78AF12E313E414","PASS_STATIC_SEMANTIC_SOURCE_CARRIER_EXPANSION_MORPHOLOGY_UNICODE_PAIRED_DIRECT_FILE_REPLAY_BUILD_DEFERRED_FOR_DEPENDENCY_CLOSURE","ACCEPTED"
"OLP-0567","567","9620cc73f9c8e0ad003c514a5d3748f29611c4c0","content/set-theory/replacement/strength.tex","4f3e4108f3ab822b38f880ddcade17b6e270a0f0272d9b0c40e9a9a389911301","2769","53","359","true","true","567","canonical_complete_reader_reachable","Reached by ordered depth-first replay from content/open-logic-about.tex then content/content.tex through uncommented olimport edges.","reader_unit","The Strength of Replacement","sth","0","","","1","content/set-theory/replacement/replacement.tex","0","","3","align*:1|defn:1|document:1","0","0","1","1","0","0","0","0","0","0","0","0","0","0","7","0","32","locale/ar/content/set-theory/replacement/strength.tex","ACCEPTED","D0374A208E3CF2513A72AF3AEE7C712F21DC292EB6A28B7B82DDA8A1DF60F070","PASS_STATIC_SEMANTIC_SOURCE_CARRIER_EXPANSION_MORPHOLOGY_UNICODE_PAIRED_DIRECT_FILE_REPLAY_BUILD_DEFERRED_FOR_DEPENDENCY_CLOSURE","locale/fa-IR/content/set-theory/replacement/strength.tex","ACCEPTED","823FA19EB6DC1F87F71C41932D5BCD063C949C7D0643ABC92E64A1B4D15D4D40","PASS_STATIC_SEMANTIC_SOURCE_CARRIER_EXPANSION_MORPHOLOGY_UNICODE_PAIRED_DIRECT_FILE_REPLAY_BUILD_DEFERRED_FOR_DEPENDENCY_CLOSURE","ACCEPTED"
"OLP-0568","568","9620cc73f9c8e0ad003c514a5d3748f29611c4c0","content/set-theory/replacement/extrinsic.tex","004138bef28268b2a7f9547172634b404d5bcd15716839e7822f4cccc6126c30","5943","93","846","true","true","568","canonical_complete_reader_reachable","Reached by ordered depth-first replay from content/open-logic-about.tex then content/content.tex through uncommented olimport edges.","reader_unit","Extrinsic Considerations about Replacement","sth","0","","","1","content/set-theory/replacement/replacement.tex","0","","2","document:1|quote:1","0","0","1","0","0","0","0","0","0","0","0","0","0","0","0","8","38","locale/ar/content/set-theory/replacement/extrinsic.tex","ACCEPTED","1F05E36719F4CEB4C496F3C569079F90294F323A969A7E88DC364BCA2506C544","PASS_STATIC_SEMANTIC_SOURCE_CARRIER_EXPANSION_MORPHOLOGY_UNICODE_PAIRED_DIRECT_FILE_REPLAY_BUILD_DEFERRED_FOR_DEPENDENCY_CLOSURE","locale/fa-IR/content/set-theory/replacement/extrinsic.tex","ACCEPTED","517FB35D1FFB3CB6F0F4164FA7298186235E8F95D99364390640D11C021D7C01","PASS_STATIC_SEMANTIC_SOURCE_CARRIER_EXPANSION_MORPHOLOGY_UNICODE_PAIRED_DIRECT_FILE_REPLAY_BUILD_DEFERRED_FOR_DEPENDENCY_CLOSURE","ACCEPTED"
"OLP-0569","569","9620cc73f9c8e0ad003c514a5d3748f29611c4c0","content/set-theory/replacement/limofsize.tex","579ce35979a90771bcf225ff54b688aa34c19a88bd46fd5b51256f5ab2e68d49","3221","64","474","true","true","569","canonical_complete_reader_reachable","Reached by ordered depth-first replay from content/open-logic-about.tex then content/content.tex through uncommented olimport edges.","reader_unit","Limitation-of-size","sth","0","","","1","content/set-theory/replacement/replacement.tex","0","","2","document:1|enumerate:1","0","0","1","0","0","0","0","0","0","0","0","0","0","0","1","1","5","locale/ar/content/set-theory/replacement/limofsize.tex","ACCEPTED","708AA15DDF7CB8744372C8BF32119078E01F94CD8DB9DE1FBC34B51B595A6417","PASS_STATIC_SEMANTIC_SOURCE_CARRIER_EXPANSION_MORPHOLOGY_UNICODE_PAIRED_DIRECT_FILE_REPLAY_BUILD_DEFERRED_FOR_DEPENDENCY_CLOSURE","locale/fa-IR/content/set-theory/replacement/limofsize.tex","ACCEPTED","6F6ADECA73424069E15EF08D01FD6C53152859C5B50DF348A3196C434888CAB2","PASS_STATIC_SEMANTIC_SOURCE_CARRIER_EXPANSION_MORPHOLOGY_UNICODE_PAIRED_DIRECT_FILE_REPLAY_BUILD_DEFERRED_FOR_DEPENDENCY_CLOSURE","ACCEPTED"
"OLP-0570","570","9620cc73f9c8e0ad003c514a5d3748f29611c4c0","content/set-theory/replacement/absinf.tex","fd6cb8f41f12694c74f9cc52336851f0b04eee98efbcdad5b60300c2de0ebea2","5832","109","822","true","true","570","canonical_complete_reader_reachable","Reached by ordered depth-first replay from content/open-logic-about.tex then content/content.tex through uncommented olimport edges.","reader_unit","Replacement and ``Absolute Infinity''","sth","0","","","1","content/set-theory/replacement/replacement.tex","0","","4","document:1|enumerate:2|prob:1","0","0","1","0","0","0","0","0","0","1","0","0","0","0","6","5","35","locale/ar/content/set-theory/replacement/absinf.tex","ACCEPTED","F2D399EA0AF3BC2E31D690D9425A059E093BFDED2B0FE0BF8508EB23AD7052F6","PASS_STATIC_SEMANTIC_SOURCE_CARRIER_EXPANSION_MORPHOLOGY_UNICODE_PAIRED_DIRECT_FILE_REPLAY_BUILD_DEFERRED_FOR_DEPENDENCY_CLOSURE","locale/fa-IR/content/set-theory/replacement/absinf.tex","ACCEPTED","AD0F7D5272B418C04A6BE416DF53AAB0A10DF5922C5C041BC77C3500DD63FCFF","PASS_STATIC_SEMANTIC_SOURCE_CARRIER_EXPANSION_MORPHOLOGY_UNICODE_PAIRED_DIRECT_FILE_REPLAY_BUILD_DEFERRED_FOR_DEPENDENCY_CLOSURE","ACCEPTED"
"OLP-0571","571","9620cc73f9c8e0ad003c514a5d3748f29611c4c0","content/set-theory/replacement/ref.tex","fbdfc9b85a4c276113f81e9a1ba5a20f59930a75175e43a1e11a6d9bee57644e","2075","40","246","true","true","571","canonical_complete_reader_reachable","Reached by ordered depth-first replay from content/open-logic-about.tex then content/content.tex through uncommented olimport edges.","reader_unit","Replacement and Reflection","sth","0","","","1","content/set-theory/replacement/replacement.tex","0","","2","document:1|thm:1","0","0","1","0","1","0","0","0","0","0","0","0","0","0","2","3","10","locale/ar/content/set-theory/replacement/ref.tex","ACCEPTED","2AD22AED7B50ABEB8E9AC61BF9505366E8C0A49A100E95F76D584CBDE83B31D0","PASS_STATIC_SEMANTIC_SOURCE_CARRIER_EXPANSION_MORPHOLOGY_UNICODE_PAIRED_DIRECT_FILE_REPLAY_BUILD_DEFERRED_FOR_DEPENDENCY_CLOSURE","locale/fa-IR/content/set-theory/replacement/ref.tex","ACCEPTED","2DCA5BBDB2547BD40A0C34CB6C4CF456569E38F0FA062606D16ABD6E0339AA51","PASS_STATIC_SEMANTIC_SOURCE_CARRIER_EXPANSION_MORPHOLOGY_UNICODE_PAIRED_DIRECT_FILE_REPLAY_BUILD_DEFERRED_FOR_DEPENDENCY_CLOSURE","ACCEPTED"
"OLP-0572","572","9620cc73f9c8e0ad003c514a5d3748f29611c4c0","content/set-theory/replacement/refproofs.tex","4abcc3ffaeb815555332b98949519f6567b6f0ae857799da8789ec7a3e48e5ff","8051","178","948","true","true","572","canonical_complete_reader_reachable","Reached by ordered depth-first replay from content/open-logic-about.tex then content/content.tex through uncommented olimport edges.","reader_unit","Appendix: Results surrounding Replacement","sth","0","","","1","content/set-theory/replacement/replacement.tex","0","","16","align:1|align*:6|defish:1|document:1|lem:2|proof:4|thm:1","0","0","1","0","1","0","2","0","0","0","4","0","0","2","5","4","114","locale/ar/content/set-theory/replacement/refproofs.tex","ACCEPTED","F2652CA3B9F81FD2223FEA27315C0AFAFCC7ED5CA87F62FB08E3EBB63DE2E1F1","PASS_STATIC_SEMANTIC_SOURCE_CARRIER_EXPANSION_MORPHOLOGY_UNICODE_PAIRED_DIRECT_FILE_REPLAY_BUILD_DEFERRED_FOR_DEPENDENCY_CLOSURE","locale/fa-IR/content/set-theory/replacement/refproofs.tex","ACCEPTED","7C120B19CD5AC51686353EC1CD0F1B4B13A3D9D172BBE17897ED1251F4668634","PASS_STATIC_SEMANTIC_SOURCE_CARRIER_EXPANSION_MORPHOLOGY_UNICODE_PAIRED_DIRECT_FILE_REPLAY_BUILD_DEFERRED_FOR_DEPENDENCY_CLOSURE","ACCEPTED"
"OLP-0573","573","9620cc73f9c8e0ad003c514a5d3748f29611c4c0","content/set-theory/replacement/finiteaxiomatizability.tex","52bd181678b672d154c59992f6be199144558fb717349a847ab6646b1accea44","5143","73","504","true","true","573","canonical_complete_reader_reachable","Reached by ordered depth-first replay from content/open-logic-about.tex then content/content.tex through uncommented olimport edges.","reader_unit","Appendix: Finite axiomatizability","sth","0","","","1","content/set-theory/replacement/replacement.tex","0","","10","align*:1|document:1|equation:1|prob:3|proof:2|prop:1|thm:1","0","0","1","0","1","1","0","0","0","3","2","0","0","1","13","2","52","locale/ar/content/set-theory/replacement/finiteaxiomatizability.tex","ACCEPTED","123DB30EEB85957220EC160996DDB7969684210754885CCAC38A2162BF74A3D4","PASS_STATIC_SEMANTIC_SOURCE_CARRIER_EXPANSION_MORPHOLOGY_UNICODE_PAIRED_DIRECT_FILE_REPLAY_BUILD_DEFERRED_FOR_DEPENDENCY_CLOSURE","locale/fa-IR/content/set-theory/replacement/finiteaxiomatizability.tex","ACCEPTED","0886C2EF074BBB5506C5530E88EC927A025A44597026445989ED42550AF475BC","PASS_STATIC_SEMANTIC_SOURCE_CARRIER_EXPANSION_MORPHOLOGY_UNICODE_PAIRED_DIRECT_FILE_REPLAY_BUILD_DEFERRED_FOR_DEPENDENCY_CLOSURE","ACCEPTED"
"OLP-0574","574","9620cc73f9c8e0ad003c514a5d3748f29611c4c0","content/set-theory/ord-arithmetic/ord-arithmetic.tex","3444e989471ca24a662c616de80e6c1b2c5cbad814f89bc4132c778e59f6812f","353","18","18","true","true","574","canonical_complete_reader_reachable","Reached by ordered depth-first replay from content/open-logic-about.tex then content/content.tex through uncommented olimport edges.","chapter_driver","Ordinal Arithmetic","","5","content/set-theory/ord-arithmetic/introduction.tex|content/set-theory/ord-arithmetic/addition.tex|content/set-theory/ord-arithmetic/using-addition.tex|content/set-theory/ord-arithmetic/multiplication.tex|content/set-theory/ord-arithmetic/exponentiation.tex","","1","content/set-theory/set-theory.tex","0","","1","document:1","0","1","0","0","0","0","0","0","0","0","0","0","0","0","0","0","0","locale/ar/content/set-theory/ord-arithmetic/ord-arithmetic.tex","ACCEPTED","122D289D54D72CC274465D173BC6DC6A820DB9240B457A84DC68F419C8388C06","PASS_STATIC_SEMANTIC_SOURCE_CARRIER_EXPANSION_MORPHOLOGY_UNICODE_PAIRED_DIRECT_FILE_REPLAY_BUILD_DEFERRED_FOR_DEPENDENCY_CLOSURE","locale/fa-IR/content/set-theory/ord-arithmetic/ord-arithmetic.tex","ACCEPTED","704941411EC01958782DD2F1BE7A4F93030F446B719C586A8D7E508E861DE53B","PASS_STATIC_SEMANTIC_SOURCE_CARRIER_EXPANSION_MORPHOLOGY_UNICODE_PAIRED_DIRECT_FILE_REPLAY_BUILD_DEFERRED_FOR_DEPENDENCY_CLOSURE","ACCEPTED"
"OLP-0575","575","9620cc73f9c8e0ad003c514a5d3748f29611c4c0","content/set-theory/ord-arithmetic/introduction.tex","0a366104099a83d5c40566852278f806c0bdea2fbdc8729e6b1d1db38e1637dc","907","22","128","true","true","575","canonical_complete_reader_reachable","Reached by ordered depth-first replay from content/open-logic-about.tex then content/content.tex through uncommented olimport edges.","reader_unit","Introduction","sth","0","","","1","content/set-theory/ord-arithmetic/ord-arithmetic.tex","0","","1","document:1","0","0","1","0","0","0","0","0","0","0","0","0","0","0","3","0","3","locale/ar/content/set-theory/ord-arithmetic/introduction.tex","ACCEPTED","5F2A428180B05999EBE36AC0C304141F2ED7A4BFCC78CD3A5B3C035871F9FA9D","PASS_STATIC_SEMANTIC_SOURCE_CARRIER_EXPANSION_MORPHOLOGY_UNICODE_PAIRED_DIRECT_FILE_REPLAY_BUILD_DEFERRED_FOR_DEPENDENCY_CLOSURE","locale/fa-IR/content/set-theory/ord-arithmetic/introduction.tex","ACCEPTED","CB7D85B456DF1D1DDCE7671324DFC7A8B3D18BA5593C4BE1F4F612E86C2F9E59","PASS_STATIC_SEMANTIC_SOURCE_CARRIER_EXPANSION_MORPHOLOGY_UNICODE_PAIRED_DIRECT_FILE_REPLAY_BUILD_DEFERRED_FOR_DEPENDENCY_CLOSURE","ACCEPTED"
"OLP-0576","576","9620cc73f9c8e0ad003c514a5d3748f29611c4c0","content/set-theory/ord-arithmetic/addition.tex","e812adca016fb2b68daed98ef2bc27f45e48a57ceeeb27d244ad5c92a453a6e6","9309","206","777","true","true","576","canonical_complete_reader_reachable","Reached by ordered depth-first replay from content/open-logic-about.tex then content/content.tex through uncommented olimport edges.","reader_unit","Ordinal Addition","sth","0","","","1","content/set-theory/ord-arithmetic/ord-arithmetic.tex","0","","21","align*:5|defn:3|document:1|enumerate:1|lem:3|prob:1|proof:5|prop:2","0","0","1","3","0","2","3","0","0","1","5","0","0","0","11","0","86","locale/ar/content/set-theory/ord-arithmetic/addition.tex","ACCEPTED","D9A1021B4BD86DA549C60D507C6B1CCD80E4A1FF3A852C4D23789F10FB9445C5","PASS_STATIC_SEMANTIC_SOURCE_CARRIER_EXPANSION_MORPHOLOGY_UNICODE_PAIRED_DIRECT_FILE_REPLAY_BUILD_DEFERRED_FOR_DEPENDENCY_CLOSURE","locale/fa-IR/content/set-theory/ord-arithmetic/addition.tex","ACCEPTED","09E10E1FE527ECF156FE44F5080DCFCFFC1295344CC59773A84E164F134ECA1E","PASS_STATIC_SEMANTIC_SOURCE_CARRIER_EXPANSION_MORPHOLOGY_UNICODE_PAIRED_DIRECT_FILE_REPLAY_BUILD_DEFERRED_FOR_DEPENDENCY_CLOSURE","ACCEPTED"
"OLP-0577","577","9620cc73f9c8e0ad003c514a5d3748f29611c4c0","content/set-theory/ord-arithmetic/using-addition.tex","9641a137f0347689fad7fc04337f8889991e482c6179513c19a0bfbc619eaff1","4730","116","387","true","true","577","canonical_complete_reader_reachable","Reached by ordered depth-first replay from content/open-logic-about.tex then content/content.tex through uncommented olimport edges.","reader_unit","Using Ordinal Addition","sth","0","","","1","content/set-theory/ord-arithmetic/ord-arithmetic.tex","0","","8","document:1|enumerate:2|lem:2|prob:1|proof:2","0","0","1","0","0","0","2","0","0","1","2","0","0","0","24","0","64","locale/ar/content/set-theory/ord-arithmetic/using-addition.tex","ACCEPTED","7041F2478829662A3BCC6340DF2F386CAC3024662F08987A7B54C643017B4CDB","PASS_STATIC_SEMANTIC_SOURCE_CARRIER_EXPANSION_MORPHOLOGY_UNICODE_PAIRED_DIRECT_FILE_REPLAY_BUILD_DEFERRED_FOR_DEPENDENCY_CLOSURE","locale/fa-IR/content/set-theory/ord-arithmetic/using-addition.tex","ACCEPTED","5A28648A7B4DCBA3AAFCD53E75F61750D71BF29433E46A52FD89A2136734A08D","PASS_STATIC_SEMANTIC_SOURCE_CARRIER_EXPANSION_MORPHOLOGY_UNICODE_PAIRED_DIRECT_FILE_REPLAY_BUILD_DEFERRED_FOR_DEPENDENCY_CLOSURE","ACCEPTED"
"OLP-0578","578","9620cc73f9c8e0ad003c514a5d3748f29611c4c0","content/set-theory/ord-arithmetic/multiplication.tex","eade2bc67a7dede697f1a89e0359c3ef4a1c52154bbcf4b1b45176f5d3742abb","4066","111","365","true","true","578","canonical_complete_reader_reachable","Reached by ordered depth-first replay from content/open-logic-about.tex then content/content.tex through uncommented olimport edges.","reader_unit","Ordinal Multiplication","sth","0","","","1","content/set-theory/ord-arithmetic/ord-arithmetic.tex","0","","13","align*:1|defn:1|document:1|enumerate:1|lem:3|prob:1|proof:4|prop:1","0","0","1","1","0","1","3","0","0","1","4","0","0","0","5","0","38","locale/ar/content/set-theory/ord-arithmetic/multiplication.tex","ACCEPTED","721E41E99A409B7A385DFFF3833E4B7E1E8D5258D53D9D4A461202F8761252E7","PASS_STATIC_SEMANTIC_SOURCE_CARRIER_EXPANSION_MORPHOLOGY_UNICODE_PAIRED_DIRECT_FILE_REPLAY_BUILD_DEFERRED_FOR_DEPENDENCY_CLOSURE","locale/fa-IR/content/set-theory/ord-arithmetic/multiplication.tex","ACCEPTED","717D4073254AA82DA0DDA37F9D3FC7B0058B8C91950748C571D80F595D691E3A","PASS_STATIC_SEMANTIC_SOURCE_CARRIER_EXPANSION_MORPHOLOGY_UNICODE_PAIRED_DIRECT_FILE_REPLAY_BUILD_DEFERRED_FOR_DEPENDENCY_CLOSURE","ACCEPTED"
"OLP-0579","579","9620cc73f9c8e0ad003c514a5d3748f29611c4c0","content/set-theory/ord-arithmetic/exponentiation.tex","965be29d6ab8e9aad3e56b319cc8ddfb3cd212e836092f061198fafb561ae6fc","2721","59","269","true","true","579","canonical_complete_reader_reachable","Reached by ordered depth-first replay from content/open-logic-about.tex then content/content.tex through uncommented olimport edges.","reader_unit","Ordinal Exponentiation","sth","0","","","1","content/set-theory/ord-arithmetic/ord-arithmetic.tex","0","","5","align*:1|defn:1|document:1|prob:1|quote:1","0","0","1","1","0","0","0","0","0","1","0","0","0","0","1","1","21","locale/ar/content/set-theory/ord-arithmetic/exponentiation.tex","ACCEPTED","5B5AFE787F0022A6D832E67DEFC44E2BC8194C7F613BA09BC90DDB7675480D5E","PASS_STATIC_SEMANTIC_SOURCE_CARRIER_EXPANSION_MORPHOLOGY_UNICODE_PAIRED_DIRECT_FILE_REPLAY_BUILD_DEFERRED_FOR_DEPENDENCY_CLOSURE","locale/fa-IR/content/set-theory/ord-arithmetic/exponentiation.tex","ACCEPTED","0E620CBC5A5509014CE8D2019B2D83D1441074EAF48625E5E730505A1851737F","PASS_STATIC_SEMANTIC_SOURCE_CARRIER_EXPANSION_MORPHOLOGY_UNICODE_PAIRED_DIRECT_FILE_REPLAY_BUILD_DEFERRED_FOR_DEPENDENCY_CLOSURE","ACCEPTED"
"OLP-0580","580","9620cc73f9c8e0ad003c514a5d3748f29611c4c0","content/set-theory/cardinals/cardinals.tex","ac78463f4fc8fedda04f3c0fddcd4c74d11e9c838194beb7927b55b733008ef5","304","18","15","true","true","580","canonical_complete_reader_reachable","Reached by ordered depth-first replay from content/open-logic-about.tex then content/content.tex through uncommented olimport edges.","chapter_driver","Cardinals","","5","content/set-theory/cardinals/cp.tex|content/set-theory/cardinals/cardsasords.tex|content/set-theory/cardinals/milestone.tex|content/set-theory/cardinals/classing.tex|content/set-theory/cardinals/hp.tex","","1","content/set-theory/set-theory.tex","0","","1","document:1","0","1","0","0","0","0","0","0","0","0","0","0","0","0","0","0","0","locale/ar/content/set-theory/cardinals/cardinals.tex","ACCEPTED","42A3D2C4FA13A0CB097114ED127F40B15E192606B81038E37543EBD0E1016596","PASS_STATIC_SEMANTIC_SOURCE_CARRIER_EXPANSION_MORPHOLOGY_UNICODE_PAIRED_DIRECT_FILE_REPLAY_BUILD_DEFERRED_FOR_DEPENDENCY_CLOSURE","locale/fa-IR/content/set-theory/cardinals/cardinals.tex","ACCEPTED","544F200E930678084F099FD61B148CC2DD2684C91977617B450B729010463715","PASS_STATIC_SEMANTIC_SOURCE_CARRIER_EXPANSION_MORPHOLOGY_UNICODE_PAIRED_DIRECT_FILE_REPLAY_BUILD_DEFERRED_FOR_DEPENDENCY_CLOSURE","ACCEPTED"
"OLP-0581","581","9620cc73f9c8e0ad003c514a5d3748f29611c4c0","content/set-theory/cardinals/cp.tex","950307ddcd75e93c0cb6aeaeb8f969f17e519027f1ff3672f433552edd519fae","1893","44","272","true","true","581","canonical_complete_reader_reachable","Reached by ordered depth-first replay from content/open-logic-about.tex then content/content.tex through uncommented olimport edges.","reader_unit","Cantor's Principle","sth","0","","","1","content/set-theory/cardinals/cardinals.tex","0","","1","document:1","0","0","1","0","0","0","0","0","0","0","0","0","0","0","4","0","8","locale/ar/content/set-theory/cardinals/cp.tex","ACCEPTED","D86D602A1B71B99F8EC3D8C35946DE91B72C5E988C554C4CABF44D8C3F724D74","PASS_STATIC_SEMANTIC_SOURCE_CARRIER_EXPANSION_MORPHOLOGY_UNICODE_PAIRED_DIRECT_FILE_REPLAY_BUILD_DEFERRED_FOR_DEPENDENCY_CLOSURE","locale/fa-IR/content/set-theory/cardinals/cp.tex","ACCEPTED","F15997E8B7ACAA1E013A88E800CF3EA9852D567C0B48E3923318762EA0BD86BC","PASS_STATIC_SEMANTIC_SOURCE_CARRIER_EXPANSION_MORPHOLOGY_UNICODE_PAIRED_DIRECT_FILE_REPLAY_BUILD_DEFERRED_FOR_DEPENDENCY_CLOSURE","ACCEPTED"
"OLP-0582","582","9620cc73f9c8e0ad003c514a5d3748f29611c4c0","content/set-theory/cardinals/cardsasords.tex","76eb33836f0e2c21be7701b157030b8465ac08daccf532eeb5fa74dc8110100d","6005","128","725","true","true","582","canonical_complete_reader_reachable","Reached by ordered depth-first replay from content/open-logic-about.tex then content/content.tex through uncommented olimport edges.","reader_unit","Cardinals as Ordinals","sth","0","","","1","content/set-theory/cardinals/cardinals.tex","0","","12","align*:1|axiom:1|center:1|defn:1|document:1|enumerate:1|lem:2|proof:3|tikzpicture:1","0","0","1","1","0","0","2","0","0","0","3","0","1","0","19","0","61","locale/ar/content/set-theory/cardinals/cardsasords.tex","ACCEPTED","97D71CC6953E3D311838A28266D790EEA3F903801656555DBC3F6CED2E4DBFAD","PASS_STATIC_SEMANTIC_SOURCE_CARRIER_EXPANSION_MORPHOLOGY_UNICODE_PAIRED_DIRECT_FILE_REPLAY_BUILD_DEFERRED_FOR_DEPENDENCY_CLOSURE","locale/fa-IR/content/set-theory/cardinals/cardsasords.tex","ACCEPTED","54EEBD6188A475A9EF20803CCD6870C08B20DBA371EF6A2BB8F948FB81E70D77","PASS_STATIC_SEMANTIC_SOURCE_CARRIER_EXPANSION_MORPHOLOGY_UNICODE_PAIRED_DIRECT_FILE_REPLAY_BUILD_DEFERRED_FOR_DEPENDENCY_CLOSURE","ACCEPTED"
"OLP-0583","583","9620cc73f9c8e0ad003c514a5d3748f29611c4c0","content/set-theory/cardinals/milestone.tex","50f4f989834763156b2d27822acd03201532846baa243a8f97d6b3fa299a54fd","1056","27","134","true","true","583","canonical_complete_reader_reachable","Reached by ordered depth-first replay from content/open-logic-about.tex then content/content.tex through uncommented olimport edges.","reader_unit","$\ZFC$: A Milestone","sth","0","","","1","content/set-theory/cardinals/cardinals.tex","0","","2","defn:1|document:1","0","0","1","1","0","0","0","0","0","0","0","0","0","0","1","0","8","locale/ar/content/set-theory/cardinals/milestone.tex","ACCEPTED","DC543070CB9C546B8EBAF07DE6BBC6C559A0F8DEEC6B395DED28F21854197CE9","PASS_STATIC_SEMANTIC_SOURCE_CARRIER_EXPANSION_MORPHOLOGY_UNICODE_PAIRED_DIRECT_FILE_REPLAY_BUILD_DEFERRED_FOR_DEPENDENCY_CLOSURE","locale/fa-IR/content/set-theory/cardinals/milestone.tex","ACCEPTED","01E91F92C855FA222252C5C0B37DA1BEAE7D28AADFCF23E3122B5B8F7E76B4D8","PASS_STATIC_SEMANTIC_SOURCE_CARRIER_EXPANSION_MORPHOLOGY_UNICODE_PAIRED_DIRECT_FILE_REPLAY_BUILD_DEFERRED_FOR_DEPENDENCY_CLOSURE","ACCEPTED"
"OLP-0584","584","9620cc73f9c8e0ad003c514a5d3748f29611c4c0","content/set-theory/cardinals/classing.tex","facf3eb5d19661a660d1c6441f09c0acc909f944253f4c7fe129048f8ea35bc6","7093","186","781","true","true","584","canonical_complete_reader_reachable","Reached by ordered depth-first replay from content/open-logic-about.tex then content/content.tex through uncommented olimport edges.","reader_unit","","sth","0","","","1","content/set-theory/cardinals/cardinals.tex","0","","24","cor:4|defn:1|document:1|enumerate:2|proof:10|prop:3|thm:3","0","0","1","1","3","3","0","4","0","0","10","0","0","0","24","0","81","locale/ar/content/set-theory/cardinals/classing.tex","ACCEPTED","0B83840B5C6F3B8E35AA314458A9A08836D19D17B79734FAF57E2C3DAB98E2AB","PASS_STATIC_SEMANTIC_SOURCE_CARRIER_EXPANSION_MORPHOLOGY_UNICODE_PAIRED_DIRECT_FILE_REPLAY_BUILD_DEFERRED_FOR_DEPENDENCY_CLOSURE","locale/fa-IR/content/set-theory/cardinals/classing.tex","ACCEPTED","1992F358902040C283879CB838A45D91F3083D1A5E1E2E5016176E5409A3F3F4","PASS_STATIC_SEMANTIC_SOURCE_CARRIER_EXPANSION_MORPHOLOGY_UNICODE_PAIRED_DIRECT_FILE_REPLAY_BUILD_DEFERRED_FOR_DEPENDENCY_CLOSURE","ACCEPTED"
"OLP-0585","585","9620cc73f9c8e0ad003c514a5d3748f29611c4c0","content/set-theory/cardinals/hp.tex","b4c06d8cd04558e99e48c018a170bef91763b86b74ef03b260282ea5eae5b09e","4988","99","709","true","true","585","canonical_complete_reader_reachable","Reached by ordered depth-first replay from content/open-logic-about.tex then content/content.tex through uncommented olimport edges.","reader_unit","Appendix: Hume's Principle","sth","0","","","1","content/set-theory/cardinals/cardinals.tex","0","","4","align*:2|document:1|quote:1","0","0","1","0","0","0","0","0","0","0","0","0","0","0","4","2","41","locale/ar/content/set-theory/cardinals/hp.tex","ACCEPTED","4EA9AAE7FBBCA85484160E87581B67F64739187ECC79E806AD62F3DF4CB1C3B4","PASS_STATIC_SEMANTIC_SOURCE_CARRIER_EXPANSION_MORPHOLOGY_UNICODE_PAIRED_DIRECT_FILE_REPLAY_BUILD_DEFERRED_FOR_DEPENDENCY_CLOSURE","locale/fa-IR/content/set-theory/cardinals/hp.tex","ACCEPTED","BBAFD14958D4394ED4A7022561990B2BE77AC8E591DC250AFF7C0EFEBDE5D8F3","PASS_STATIC_SEMANTIC_SOURCE_CARRIER_EXPANSION_MORPHOLOGY_UNICODE_PAIRED_DIRECT_FILE_REPLAY_BUILD_DEFERRED_FOR_DEPENDENCY_CLOSURE","ACCEPTED"
"OLP-0586","586","9620cc73f9c8e0ad003c514a5d3748f29611c4c0","content/set-theory/card-arithmetic/card-arithmetic.tex","26eb9336173a6c4a121b0ac9b3052123f74dbc187365ff2a9a2cd23e96982423","316","18","17","true","true","586","canonical_complete_reader_reachable","Reached by ordered depth-first replay from content/open-logic-about.tex then content/content.tex through uncommented olimport edges.","chapter_driver","Cardinal Arithmetic","","5","content/set-theory/card-arithmetic/opps.tex|content/set-theory/card-arithmetic/simp.tex|content/set-theory/card-arithmetic/expotough.tex|content/set-theory/card-arithmetic/ch.tex|content/set-theory/card-arithmetic/fix.tex","","1","content/set-theory/set-theory.tex","0","","1","document:1","0","1","0","0","0","0","0","0","0","0","0","0","0","0","0","0","0","locale/ar/content/set-theory/card-arithmetic/card-arithmetic.tex","ACCEPTED","5556B4E0C39BA1E1DB99B0965302949D0DCC84EE4744275EB0252CBA512672C1","PASS_STATIC_SEMANTIC_SOURCE_CARRIER_EXPANSION_MORPHOLOGY_UNICODE_PAIRED_DIRECT_FILE_REPLAY_BUILD_DEFERRED_FOR_DEPENDENCY_CLOSURE","locale/fa-IR/content/set-theory/card-arithmetic/card-arithmetic.tex","ACCEPTED","02448278579D02EBD065CF17DFB6BC96866DD523B911C3FBCCEDBB7A52F06BFE","PASS_STATIC_SEMANTIC_SOURCE_CARRIER_EXPANSION_MORPHOLOGY_UNICODE_PAIRED_DIRECT_FILE_REPLAY_BUILD_DEFERRED_FOR_DEPENDENCY_CLOSURE","ACCEPTED"
"OLP-0587","587","9620cc73f9c8e0ad003c514a5d3748f29611c4c0","content/set-theory/card-arithmetic/opps.tex","fe59199062c34a36e296a777ee0da52721751686f202735791a472d0a0906872","5892","151","626","true","true","587","canonical_complete_reader_reachable","Reached by ordered depth-first replay from content/open-logic-about.tex then content/content.tex through uncommented olimport edges.","reader_unit","Defining the Basic Operations","sth","0","","","1","content/set-theory/card-arithmetic/card-arithmetic.tex","0","","18","align*:2|cases:1|cor:1|defn:1|document:1|lem:1|prob:3|proof:5|prop:2|thm:1","0","0","1","1","1","2","1","1","0","3","5","0","0","0","15","0","61","locale/ar/content/set-theory/card-arithmetic/opps.tex","ACCEPTED","983E4F420BEF30509D5E9E89892C877EBAD55AE6F0C18988BEE490F802FDA56D","PASS_STATIC_SEMANTIC_SOURCE_CARRIER_EXPANSION_MORPHOLOGY_UNICODE_PAIRED_DIRECT_FILE_REPLAY_BUILD_DEFERRED_FOR_DEPENDENCY_CLOSURE","locale/fa-IR/content/set-theory/card-arithmetic/opps.tex","ACCEPTED","53C4FAD2CDA38BFEDA7310F91D5C546B4C5FEAB393A5580D417BB7260FCC9642","PASS_STATIC_SEMANTIC_SOURCE_CARRIER_EXPANSION_MORPHOLOGY_UNICODE_PAIRED_DIRECT_FILE_REPLAY_BUILD_DEFERRED_FOR_DEPENDENCY_CLOSURE","ACCEPTED"
"OLP-0588","588","9620cc73f9c8e0ad003c514a5d3748f29611c4c0","content/set-theory/card-arithmetic/simp.tex","a606bab065a11c689b655ff8053e3e77894decb42b88e70605a981c129148da0","5779","137","431","true","true","588","canonical_complete_reader_reachable","Reached by ordered depth-first replay from content/open-logic-about.tex then content/content.tex through uncommented olimport edges.","reader_unit","Simplifying Addition and Multiplication","sth","0","","","1","content/set-theory/card-arithmetic/card-arithmetic.tex","0","","15","align*:2|defn:1|document:1|enumerate:1|lem:2|proof:5|prop:2|thm:1","0","0","1","1","1","2","2","0","0","0","5","0","0","0","7","0","71","locale/ar/content/set-theory/card-arithmetic/simp.tex","ACCEPTED","DA196646FD7DBAC539EA9E15329B4E96F908DBDBB12745D8E1F35F34A871D810","PASS_STATIC_SEMANTIC_SOURCE_CARRIER_EXPANSION_MORPHOLOGY_UNICODE_PAIRED_DIRECT_FILE_REPLAY_BUILD_DEFERRED_FOR_DEPENDENCY_CLOSURE","locale/fa-IR/content/set-theory/card-arithmetic/simp.tex","ACCEPTED","261EF38E88D91EF719CE34E0F4D99D1AF6888B71A250BC63FC06C47EC2650D1F","PASS_STATIC_SEMANTIC_SOURCE_CARRIER_EXPANSION_MORPHOLOGY_UNICODE_PAIRED_DIRECT_FILE_REPLAY_BUILD_DEFERRED_FOR_DEPENDENCY_CLOSURE","ACCEPTED"
"OLP-0589","589","9620cc73f9c8e0ad003c514a5d3748f29611c4c0","content/set-theory/card-arithmetic/expotough.tex","3c24595966608c406bd3b8f2eec62edc0476017588fee15ec14ba64798b208ec","4360","104","376","true","true","589","canonical_complete_reader_reachable","Reached by ordered depth-first replay from content/open-logic-about.tex then content/content.tex through uncommented olimport edges.","reader_unit","Some Simplification with Cardinal Exponentiation","sth","0","","","1","content/set-theory/card-arithmetic/card-arithmetic.tex","0","","10","align*:1|document:1|proof:4|prop:4","0","0","1","0","0","4","0","0","0","0","4","0","0","0","7","0","37","locale/ar/content/set-theory/card-arithmetic/expotough.tex","ACCEPTED","E6C4A6455C7BD2D9F5BA0CD78260D68A256FEA0CFBFC25F059E3DF6DDF2E2202","PASS_STATIC_SEMANTIC_SOURCE_CARRIER_EXPANSION_MORPHOLOGY_UNICODE_PAIRED_DIRECT_FILE_REPLAY_BUILD_DEFERRED_FOR_DEPENDENCY_CLOSURE","locale/fa-IR/content/set-theory/card-arithmetic/expotough.tex","ACCEPTED","0C70A98E294BD86EE8D4F4B94BFB6F442E1E28EE8576D635F3622B2237ABCCE2","PASS_STATIC_SEMANTIC_SOURCE_CARRIER_EXPANSION_MORPHOLOGY_UNICODE_PAIRED_DIRECT_FILE_REPLAY_BUILD_DEFERRED_FOR_DEPENDENCY_CLOSURE","ACCEPTED"
"OLP-0590","590","9620cc73f9c8e0ad003c514a5d3748f29611c4c0","content/set-theory/card-arithmetic/ch.tex","b1bdee185ce2a21eeba54cce52ebec13154b54b77a6652820ad4f7ac61e8b212","6837","150","745","true","true","590","canonical_complete_reader_reachable","Reached by ordered depth-first replay from content/open-logic-about.tex then content/content.tex through uncommented olimport edges.","reader_unit","The Continuum Hypothesis","sth","0","","","1","content/set-theory/card-arithmetic/card-arithmetic.tex","0","","9","align*:1|defish:2|defn:1|document:1|proof:2|prop:2","0","0","1","1","0","2","0","0","0","0","2","0","0","0","5","3","59","locale/ar/content/set-theory/card-arithmetic/ch.tex","ACCEPTED","FF0AD4D9487617BCD1504BC5162B01AAFF6C7E9F4D23B7D657CD8A20799167BA","PASS_STATIC_SEMANTIC_SOURCE_CARRIER_EXPANSION_MORPHOLOGY_UNICODE_PAIRED_DIRECT_FILE_REPLAY_BUILD_DEFERRED_FOR_DEPENDENCY_CLOSURE","locale/fa-IR/content/set-theory/card-arithmetic/ch.tex","ACCEPTED","B2425692685B5375690C237F7128FFE270F758A526425B3909A7278AE9A856DB","PASS_STATIC_SEMANTIC_SOURCE_CARRIER_EXPANSION_MORPHOLOGY_UNICODE_PAIRED_DIRECT_FILE_REPLAY_BUILD_DEFERRED_FOR_DEPENDENCY_CLOSURE","ACCEPTED"
"OLP-0591","591","9620cc73f9c8e0ad003c514a5d3748f29611c4c0","content/set-theory/card-arithmetic/fix.tex","cc111d7d7472b0e7ef940196977faef0f1b2867feaab0a74843e9d39077f5074","7091","164","795","true","true","591","canonical_complete_reader_reachable","Reached by ordered depth-first replay from content/open-logic-about.tex then content/content.tex through uncommented olimport edges.","reader_unit","$\aleph$-Fixed Points","sth","0","","","1","content/set-theory/card-arithmetic/card-arithmetic.tex","0","","13","align*:2|cor:1|document:1|proof:4|prop:3|quote:2","0","0","1","0","0","3","0","1","0","0","4","0","0","0","8","2","63","locale/ar/content/set-theory/card-arithmetic/fix.tex","ACCEPTED","2C741F9D86D0D2D986F807809B8AA1F2E8A82455090F8019C8736186C73E5C54","PASS_STATIC_SEMANTIC_SOURCE_CARRIER_EXPANSION_MORPHOLOGY_UNICODE_PAIRED_DIRECT_FILE_REPLAY_BUILD_DEFERRED_FOR_DEPENDENCY_CLOSURE","locale/fa-IR/content/set-theory/card-arithmetic/fix.tex","ACCEPTED","45E7DB735A7B2DF75DBF507A46D5505246352CF75F0F46AB07147596404CAC92","PASS_STATIC_SEMANTIC_SOURCE_CARRIER_EXPANSION_MORPHOLOGY_UNICODE_PAIRED_DIRECT_FILE_REPLAY_BUILD_DEFERRED_FOR_DEPENDENCY_CLOSURE","ACCEPTED"
"OLP-0592","592","9620cc73f9c8e0ad003c514a5d3748f29611c4c0","content/set-theory/choice/choice.tex","bddc53f49700d259464fa1b29d61287f56edb76a85c73239b0c9ce78b2d88e5e","392","21","18","true","true","592","canonical_complete_reader_reachable","Reached by ordered depth-first replay from content/open-logic-about.tex then content/content.tex through uncommented olimport edges.","chapter_driver","Choice","","8","content/set-theory/choice/introduction.tex|content/set-theory/choice/tarskiscott.tex|content/set-theory/choice/hartogs.tex|content/set-theory/choice/wellorderingproblem.tex|content/set-theory/choice/countablechoice.tex|content/set-theory/choice/justifications.tex|content/set-theory/choice/banach.tex|content/set-theory/choice/vitali.tex","","1","content/set-theory/set-theory.tex","0","","1","document:1","0","1","0","0","0","0","0","0","0","0","0","0","0","0","0","0","0","locale/ar/content/set-theory/choice/choice.tex","ACCEPTED","C21B68C0E37179C44381F5F5AF0DA7AEFA69094B36A0A8EF1C9F94342D4E37F0","PASS_STATIC_SEMANTIC_SOURCE_CARRIER_EXPANSION_MORPHOLOGY_UNICODE_PAIRED_DIRECT_FILE_REPLAY_BUILD_DEFERRED_FOR_DEPENDENCY_CLOSURE","locale/fa-IR/content/set-theory/choice/choice.tex","ACCEPTED","A599C0649D5825756CB0ACD3A4C60D02B673A2EDA04A85FCE7D04CB5F31691DD","PASS_STATIC_SEMANTIC_SOURCE_CARRIER_EXPANSION_MORPHOLOGY_UNICODE_PAIRED_DIRECT_FILE_REPLAY_BUILD_DEFERRED_FOR_DEPENDENCY_CLOSURE","ACCEPTED"
"OLP-0593","593","9620cc73f9c8e0ad003c514a5d3748f29611c4c0","content/set-theory/choice/introduction.tex","882c4a2b41ba6d2ddddc357d8522e3b30d02a7e1312786293bc1ce5c03922a4d","605","17","80","true","true","593","canonical_complete_reader_reachable","Reached by ordered depth-first replay from content/open-logic-about.tex then content/content.tex through uncommented olimport edges.","reader_unit","Introduction","sth","0","","","1","content/set-theory/choice/choice.tex","0","","1","document:1","0","0","1","0","0","0","0","0","0","0","0","0","0","0","0","0","0","locale/ar/content/set-theory/choice/introduction.tex","ACCEPTED","44A43325C5A342A688DCA9BDBAA41EF64D5845500D2DDBA48130EA2087ACEAB4","PASS_STATIC_SEMANTIC_SOURCE_CARRIER_EXPANSION_MORPHOLOGY_UNICODE_PAIRED_DIRECT_FILE_REPLAY_BUILD_DEFERRED_FOR_DEPENDENCY_CLOSURE","locale/fa-IR/content/set-theory/choice/introduction.tex","ACCEPTED","335BC8D26AAC0AE049D5143325259706CEB04EFC66EBB0E13CF23EB68539C5C2","PASS_STATIC_SEMANTIC_SOURCE_CARRIER_EXPANSION_MORPHOLOGY_UNICODE_PAIRED_DIRECT_FILE_REPLAY_BUILD_DEFERRED_FOR_DEPENDENCY_CLOSURE","ACCEPTED"
"OLP-0594","594","9620cc73f9c8e0ad003c514a5d3748f29611c4c0","content/set-theory/choice/tarskiscott.tex","2cf102fa76c9cb3c1080901967626539d8da1aa6dda38dddbbc743ae5e883579","3324","74","457","true","true","594","canonical_complete_reader_reachable","Reached by ordered depth-first replay from content/open-logic-about.tex then content/content.tex through uncommented olimport edges.","reader_unit","The Tarski--Scott Trick","sth","0","","","1","content/set-theory/choice/choice.tex","0","","3","defn:2|document:1","0","0","1","2","0","0","0","0","0","0","0","0","0","0","7","1","28","locale/ar/content/set-theory/choice/tarskiscott.tex","ACCEPTED","4BD3EAD505EB0155B86A072F4C4E1A954B38E862B59EF87AE22E9E1037F28CFE","PASS_STATIC_SEMANTIC_SOURCE_CARRIER_EXPANSION_MORPHOLOGY_UNICODE_PAIRED_DIRECT_FILE_REPLAY_BUILD_DEFERRED_FOR_DEPENDENCY_CLOSURE","locale/fa-IR/content/set-theory/choice/tarskiscott.tex","ACCEPTED","095539F43F90C2C7800ED42EE3E628B9BF78145B7E13DF743617EBCD1788C2E1","PASS_STATIC_SEMANTIC_SOURCE_CARRIER_EXPANSION_MORPHOLOGY_UNICODE_PAIRED_DIRECT_FILE_REPLAY_BUILD_DEFERRED_FOR_DEPENDENCY_CLOSURE","ACCEPTED"
"OLP-0595","595","9620cc73f9c8e0ad003c514a5d3748f29611c4c0","content/set-theory/choice/hartogs.tex","ffe4c3f0a800bd7893a39e68d109ca1eb9662b5f29cda42393cbc5777cf557c4","3605","86","408","true","true","595","canonical_complete_reader_reachable","Reached by ordered depth-first replay from content/open-logic-about.tex then content/content.tex through uncommented olimport edges.","reader_unit","Comparability and Hartogs' Lemma","sth","0","","","1","content/set-theory/choice/choice.tex","0","","7","align*:1|document:1|enumerate:1|lem:1|proof:2|thm:1","0","0","1","0","1","0","1","0","0","0","2","0","0","0","14","1","57","locale/ar/content/set-theory/choice/hartogs.tex","ACCEPTED","603BAA77C8319E656D2CDF8B7A1B507013EEE107241EC172497581ED8DB054B0","PASS_STATIC_SEMANTIC_SOURCE_CARRIER_EXPANSION_MORPHOLOGY_UNICODE_PAIRED_DIRECT_FILE_REPLAY_BUILD_DEFERRED_FOR_DEPENDENCY_CLOSURE","locale/fa-IR/content/set-theory/choice/hartogs.tex","ACCEPTED","31AFF6ED2202E7C6AD45406270A710CB076F9DEE0E79D1F8ACF265F3F319A347","PASS_STATIC_SEMANTIC_SOURCE_CARRIER_EXPANSION_MORPHOLOGY_UNICODE_PAIRED_DIRECT_FILE_REPLAY_BUILD_DEFERRED_FOR_DEPENDENCY_CLOSURE","ACCEPTED"
"OLP-0596","596","9620cc73f9c8e0ad003c514a5d3748f29611c4c0","content/set-theory/choice/wellorderingproblem.tex","9ca7bb6570d323e7caebb910c975827a9411c1bbe2b4dabd6d41f9ebe2f04fa4","3686","81","492","true","true","596","canonical_complete_reader_reachable","Reached by ordered depth-first replay from content/open-logic-about.tex then content/content.tex through uncommented olimport edges.","reader_unit","The Well-Ordering Problem","sth","0","","","1","content/set-theory/choice/choice.tex","0","","7","align*:1|axiom:1|cases:1|defn:1|document:1|proof:1|thm:1","0","0","1","1","1","0","0","0","0","0","1","0","0","0","2","4","46","locale/ar/content/set-theory/choice/wellorderingproblem.tex","ACCEPTED","4D34AC129C65D13ECF9032B95BEA28AAAB847CC7FFDC681E4E75C269BAF72D9C","PASS_STATIC_SEMANTIC_SOURCE_CARRIER_EXPANSION_MORPHOLOGY_UNICODE_PAIRED_DIRECT_FILE_REPLAY_BUILD_DEFERRED_FOR_DEPENDENCY_CLOSURE","locale/fa-IR/content/set-theory/choice/wellorderingproblem.tex","ACCEPTED","8EEB2EB689E7F59DF28FB5CC821CE1260C01311DFA69DC9BF8AA22DF89DA7B39","PASS_STATIC_SEMANTIC_SOURCE_CARRIER_EXPANSION_MORPHOLOGY_UNICODE_PAIRED_DIRECT_FILE_REPLAY_BUILD_DEFERRED_FOR_DEPENDENCY_CLOSURE","ACCEPTED"
"OLP-0597","597","9620cc73f9c8e0ad003c514a5d3748f29611c4c0","content/set-theory/choice/countablechoice.tex","37ed80e497f07f2c96db1a56b8573d90a6d8421e119f0bc7a2865fa2f534b994","7098","162","1022","true","true","597","canonical_complete_reader_reachable","Reached by ordered depth-first replay from content/open-logic-about.tex then content/content.tex through uncommented olimport edges.","reader_unit","Countable Choice","sth","0","","","1","content/set-theory/choice/choice.tex","0","","12","align*:1|defish:1|document:1|ex:2|lem:1|proof:3|quote:1|thm:2","0","0","1","0","2","0","1","0","2","0","3","0","0","0","5","6","69","locale/ar/content/set-theory/choice/countablechoice.tex","ACCEPTED","36D04092DF79C419A97AFDD02B1EA39BA16F41DFA2E635D4FC9E5EFE74EA95E4","PASS_STATIC_SEMANTIC_SOURCE_CARRIER_EXPANSION_MORPHOLOGY_UNICODE_PAIRED_DIRECT_FILE_REPLAY_BUILD_DEFERRED_FOR_DEPENDENCY_CLOSURE","locale/fa-IR/content/set-theory/choice/countablechoice.tex","ACCEPTED","0881E5EDEF9EE93C1D1DAE0E65B4721C20C3BBE268865F6CA537760F28DFD76F","PASS_STATIC_SEMANTIC_SOURCE_CARRIER_EXPANSION_MORPHOLOGY_UNICODE_PAIRED_DIRECT_FILE_REPLAY_BUILD_DEFERRED_FOR_DEPENDENCY_CLOSURE","ACCEPTED"
"OLP-0598","598","9620cc73f9c8e0ad003c514a5d3748f29611c4c0","content/set-theory/choice/justifications.tex","4ad40cf83f5d5fe896183b2bdeb7c9cb2d3879aeb4b1bb4192607241e95c4ed8","2735","64","411","true","true","598","canonical_complete_reader_reachable","Reached by ordered depth-first replay from content/open-logic-about.tex then content/content.tex through uncommented olimport edges.","reader_unit","Intrinsic Considerations about Choice","sth","0","","","1","content/set-theory/choice/choice.tex","0","","4","document:1|enumerate:1|prob:1|thm:1","0","0","1","0","1","0","0","0","0","1","0","0","0","0","3","2","22","locale/ar/content/set-theory/choice/justifications.tex","ACCEPTED","477442D1BFF25E2CD3F0B3348C77CF5591B42733C6A27243E32541D5F47EA0EF","PASS_STATIC_SEMANTIC_SOURCE_CARRIER_EXPANSION_MORPHOLOGY_UNICODE_PAIRED_DIRECT_FILE_REPLAY_BUILD_DEFERRED_FOR_DEPENDENCY_CLOSURE","locale/fa-IR/content/set-theory/choice/justifications.tex","ACCEPTED","EA38C7B42F6F4BD48ED4C4D5EAAE23BB3650B5F018B9DFA9D7AA460271184330","PASS_STATIC_SEMANTIC_SOURCE_CARRIER_EXPANSION_MORPHOLOGY_UNICODE_PAIRED_DIRECT_FILE_REPLAY_BUILD_DEFERRED_FOR_DEPENDENCY_CLOSURE","ACCEPTED"
"OLP-0599","599","9620cc73f9c8e0ad003c514a5d3748f29611c4c0","content/set-theory/choice/banach.tex","51f2d8e142b4bccd21bc0aa06330ecff874360d32005b34c415955eaaa24943a","3942","82","545","true","true","599","canonical_complete_reader_reachable","Reached by ordered depth-first replay from content/open-logic-about.tex then content/content.tex through uncommented olimport edges.","reader_unit","The Banach--Tarski Paradox","sth","0","","","1","content/set-theory/choice/choice.tex","0","","4","document:1|enumerate:2|thm:1","0","0","1","0","1","0","0","0","0","0","0","0","0","0","5","8","5","locale/ar/content/set-theory/choice/banach.tex","ACCEPTED","9722913EC23F92EEB4565A601A2AB063171D288F65703AD36B513BD33441F8EF","PASS_STATIC_SEMANTIC_SOURCE_CARRIER_EXPANSION_MORPHOLOGY_UNICODE_PAIRED_DIRECT_FILE_REPLAY_BUILD_DEFERRED_FOR_DEPENDENCY_CLOSURE","locale/fa-IR/content/set-theory/choice/banach.tex","ACCEPTED","73D279E7D0AC690B685D232AA5817AA5BAE2934C70F8D7DC83A6A488298DC421","PASS_STATIC_SEMANTIC_SOURCE_CARRIER_EXPANSION_MORPHOLOGY_UNICODE_PAIRED_DIRECT_FILE_REPLAY_BUILD_DEFERRED_FOR_DEPENDENCY_CLOSURE","ACCEPTED"
"OLP-0600","600","9620cc73f9c8e0ad003c514a5d3748f29611c4c0","content/set-theory/choice/vitali.tex","e9ae48138df4af723de80b69d70d43e2a77f3cc9c0ec680eded3a333c0892b32","12889","271","1562","true","true","600","canonical_complete_reader_reachable","Reached by ordered depth-first replay from content/open-logic-about.tex then content/content.tex through uncommented olimport edges.","reader_unit","Appendix: Vitali's Paradox","sth","0","","","1","content/set-theory/choice/choice.tex","0","","19","align*:1|cor:1|document:1|lem:6|proof:7|quote:1|thm:2","0","0","1","0","2","0","6","1","0","0","7","0","0","0","16","10","135","locale/ar/content/set-theory/choice/vitali.tex","ACCEPTED","56475AD3C9CF5953A7FDEC459A757434A3E84DF0BBD9276547ADFF45A298668D","PASS_STATIC_SEMANTIC_SOURCE_CARRIER_EXPANSION_MORPHOLOGY_UNICODE_PAIRED_DIRECT_FILE_REPLAY_BUILD_DEFERRED_FOR_DEPENDENCY_CLOSURE","locale/fa-IR/content/set-theory/choice/vitali.tex","ACCEPTED","DA7B7FFB4A2A5CD735A6924FE66A411C305CC612BE8F5C16954CA092FC5C4D68","PASS_STATIC_SEMANTIC_SOURCE_CARRIER_EXPANSION_MORPHOLOGY_UNICODE_PAIRED_DIRECT_FILE_REPLAY_BUILD_DEFERRED_FOR_DEPENDENCY_CLOSURE","ACCEPTED"
"OLP-0601","601","9620cc73f9c8e0ad003c514a5d3748f29611c4c0","content/methods/methods.tex","bed9153f391e0937825c1f86e9d808ef90aa3cb93eb33f0ee1a632a4d13aa2b6","619","25","66","true","true","601","canonical_complete_reader_reachable","Reached by ordered depth-first replay from content/open-logic-about.tex then content/content.tex through uncommented olimport edges.","part_driver","Methods","","2","content/methods/proofs/proofs.tex|content/methods/induction/induction.tex","","1","content/content.tex","0","","2","document:1|editorial:1","1","0","0","0","0","0","0","0","0","0","0","0","0","0","0","0","0","locale/ar/content/methods/methods.tex","ACCEPTED","6BFF984EFAECC4217CC3CD9D2D32869F4BFA6E804EF8FACE81A4872CBFEB5DBA","PASS_STATIC_SEMANTIC_SOURCE_CARRIER_EXPANSION_MORPHOLOGY_UNICODE_PAIRED_DIRECT_FILE_REPLAY_BUILD_DEFERRED_FOR_DEPENDENCY_CLOSURE","locale/fa-IR/content/methods/methods.tex","ACCEPTED","9F676B634FD73070A5F2E88CC4E4527BCC5BCE4F69A7FB96F05C2651A5F87666","PASS_STATIC_SEMANTIC_SOURCE_CARRIER_EXPANSION_MORPHOLOGY_UNICODE_PAIRED_DIRECT_FILE_REPLAY_BUILD_DEFERRED_FOR_DEPENDENCY_CLOSURE","ACCEPTED"
"OLP-0602","602","9620cc73f9c8e0ad003c514a5d3748f29611c4c0","content/methods/proofs/proofs.tex","26a34bb3d34de40ca0d16d8f1b88d156d3c694d1c7c6e9147454fcc5144c65f6","477","33","28","true","true","602","canonical_complete_reader_reachable","Reached by ordered depth-first replay from content/open-logic-about.tex then content/content.tex through uncommented olimport edges.","chapter_driver","Proofs","","10","content/methods/proofs/introduction.tex|content/methods/proofs/starting-proofs.tex|content/methods/proofs/using-definitions.tex|content/methods/proofs/inference-patterns.tex|content/methods/proofs/example-1.tex|content/methods/proofs/example-2.tex|content/methods/proofs/proof-by-contradiction.tex|content/methods/proofs/reading-proofs.tex|content/methods/proofs/cant-do-it.tex|content/methods/proofs/resources.tex","","1","content/methods/methods.tex","0","","1","document:1","0","1","0","0","0","0","0","0","0","0","0","0","0","0","0","0","0","locale/ar/content/methods/proofs/proofs.tex","ACCEPTED","F58072C06661B0F05BEA3A5416606A1705BCD3C2A78BE83A0052DDF8249A74D9","PASS_STATIC_SEMANTIC_SOURCE_CARRIER_EXPANSION_MORPHOLOGY_UNICODE_PAIRED_DIRECT_FILE_REPLAY_BUILD_DEFERRED_FOR_DEPENDENCY_CLOSURE","locale/fa-IR/content/methods/proofs/proofs.tex","ACCEPTED","54880A99B31EFE922D88B5ABA258C52E5FE877D5618486216255C5B9C748F692","PASS_STATIC_SEMANTIC_SOURCE_CARRIER_EXPANSION_MORPHOLOGY_UNICODE_PAIRED_DIRECT_FILE_REPLAY_BUILD_DEFERRED_FOR_DEPENDENCY_CLOSURE","ACCEPTED"
"OLP-0603","603","9620cc73f9c8e0ad003c514a5d3748f29611c4c0","content/methods/proofs/introduction.tex","ae06d0471d8f4c8565a11f9dbd7bb77513f837bb495032b6356cafbaa319ad83","3735","71","588","true","true","603","canonical_complete_reader_reachable","Reached by ordered depth-first replay from content/open-logic-about.tex then content/content.tex through uncommented olimport edges.","reader_unit","Introduction","mth","0","","","1","content/methods/proofs/proofs.tex","0","","1","document:1","0","0","1","0","0","0","0","0","0","0","0","0","0","0","0","0","6","locale/ar/content/methods/proofs/introduction.tex","ACCEPTED","BB811F4526180C3E26D8C9975AD0DCBBF9B597059971DD1F2F147D22F7F83296","PASS_STATIC_SEMANTIC_SOURCE_CARRIER_EXPANSION_MORPHOLOGY_UNICODE_PAIRED_DIRECT_FILE_REPLAY_BUILD_DEFERRED_FOR_DEPENDENCY_CLOSURE","locale/fa-IR/content/methods/proofs/introduction.tex","ACCEPTED","94A6A77204D603300B4BAD2149D2F810B9C2214C68E063DC99991A01C3C217D6","PASS_STATIC_SEMANTIC_SOURCE_CARRIER_EXPANSION_MORPHOLOGY_UNICODE_PAIRED_DIRECT_FILE_REPLAY_BUILD_DEFERRED_FOR_DEPENDENCY_CLOSURE","ACCEPTED"
"OLP-0604","604","9620cc73f9c8e0ad003c514a5d3748f29611c4c0","content/methods/proofs/starting-proofs.tex","84908cb7ef78b1ec62e2ccc41376d5bc039c6e44e1855c386d7b112c69d5ce64","1448","37","234","true","true","604","canonical_complete_reader_reachable","Reached by ordered depth-first replay from content/open-logic-about.tex then content/content.tex through uncommented olimport edges.","reader_unit","Starting a Proof","mth","0","","","1","content/methods/proofs/proofs.tex","0","","1","document:1","0","0","1","0","0","0","0","0","0","0","0","0","0","0","0","0","3","locale/ar/content/methods/proofs/starting-proofs.tex","ACCEPTED","A982E6A16373F9FD95AD8B0526F478890CE73DAB34DE90019F77A27789D47E11","PASS_STATIC_SEMANTIC_SOURCE_CARRIER_EXPANSION_MORPHOLOGY_UNICODE_PAIRED_DIRECT_FILE_REPLAY_BUILD_DEFERRED_FOR_DEPENDENCY_CLOSURE","locale/fa-IR/content/methods/proofs/starting-proofs.tex","ACCEPTED","0EB00EA7195B67D8B39CF5D595640F6F1FA8A3BF75483F0F6C4B4B3103271972","PASS_STATIC_SEMANTIC_SOURCE_CARRIER_EXPANSION_MORPHOLOGY_UNICODE_PAIRED_DIRECT_FILE_REPLAY_BUILD_DEFERRED_FOR_DEPENDENCY_CLOSURE","ACCEPTED"
"OLP-0605","605","9620cc73f9c8e0ad003c514a5d3748f29611c4c0","content/methods/proofs/using-definitions.tex","0496b9489f10eb402e2eb91b503c7b522c2e73349e1481ceb9781f2e191a3bce","5369","110","886","true","true","605","canonical_complete_reader_reachable","Reached by ordered depth-first replay from content/open-logic-about.tex then content/content.tex through uncommented olimport edges.","reader_unit","Using Definitions","mod","0","","","1","content/methods/proofs/proofs.tex","0","","5","defn:1|document:1|prob:1|prop:2","0","0","1","1","0","2","0","0","0","1","0","0","0","0","0","0","71","locale/ar/content/methods/proofs/using-definitions.tex","ACCEPTED","42073E6CFA5DF1CD4BC1542B6DB7DAF63335C70A44349A5079A8714A50A21E24","PASS_STATIC_SEMANTIC_SOURCE_CARRIER_EXPANSION_MORPHOLOGY_UNICODE_PAIRED_DIRECT_FILE_REPLAY_BUILD_DEFERRED_FOR_DEPENDENCY_CLOSURE","locale/fa-IR/content/methods/proofs/using-definitions.tex","ACCEPTED","04CA9419D02A3D9F30D08B91847ACEB0FD74CEBDA93ECE08D50A179164F71E9E","PASS_STATIC_SEMANTIC_SOURCE_CARRIER_EXPANSION_MORPHOLOGY_UNICODE_PAIRED_DIRECT_FILE_REPLAY_BUILD_DEFERRED_FOR_DEPENDENCY_CLOSURE","ACCEPTED"
"OLP-0606","606","9620cc73f9c8e0ad003c514a5d3748f29611c4c0","content/methods/proofs/inference-patterns.tex","dec51f23018334023107ecfaa7a2f31fdf964b2b0cb7aebaeeb4e1688ed6dd31","17286","354","2795","true","true","606","canonical_complete_reader_reachable","Reached by ordered depth-first replay from content/open-logic-about.tex then content/content.tex through uncommented olimport edges.","reader_unit","Inference Patterns","mth","0","","","1","content/methods/proofs/proofs.tex","0","","18","document:1|proof:4|prop:4|quote:9","0","0","9","0","0","4","0","0","0","0","4","0","0","0","0","0","301","locale/ar/content/methods/proofs/inference-patterns.tex","ACCEPTED","82907FDA0309EB29F436680ABAA9D6EF49AD0DDF34C9318BE5E27144A6A09C32","PASS_STATIC_SEMANTIC_SOURCE_CARRIER_EXPANSION_MORPHOLOGY_UNICODE_PAIRED_DIRECT_FILE_REPLAY_BUILD_DEFERRED_FOR_DEPENDENCY_CLOSURE","locale/fa-IR/content/methods/proofs/inference-patterns.tex","ACCEPTED","2A89B901AA8B16B1A6D9E6822F67FF9EDEBCFC7BB3B02B5910716F31E9C0A31C","PASS_STATIC_SEMANTIC_SOURCE_CARRIER_EXPANSION_MORPHOLOGY_UNICODE_PAIRED_DIRECT_FILE_REPLAY_BUILD_DEFERRED_FOR_DEPENDENCY_CLOSURE","ACCEPTED"
"OLP-0607","607","9620cc73f9c8e0ad003c514a5d3748f29611c4c0","content/methods/proofs/example-1.tex","d9536cc5ffc9bcaa7dee417fe8bbfb1c7f7dc99a5abec3fdf5fd58ea4593922a","7955","178","1269","true","true","607","canonical_complete_reader_reachable","Reached by ordered depth-first replay from content/open-logic-about.tex then content/content.tex through uncommented olimport edges.","reader_unit","An Example","mth","0","","","1","content/methods/proofs/proofs.tex","0","","18","document:1|proof:1|prop:1|quote:15","0","0","1","0","0","1","0","0","0","0","1","0","0","0","0","0","134","locale/ar/content/methods/proofs/example-1.tex","ACCEPTED","E82C11DAAD1735A2FB401D9268379CDE2EE8013E65F319B4C9B4F62DFD82A6BA","PASS_STATIC_SEMANTIC_SOURCE_CARRIER_EXPANSION_MORPHOLOGY_UNICODE_PAIRED_DIRECT_FILE_REPLAY_BUILD_DEFERRED_FOR_DEPENDENCY_CLOSURE","locale/fa-IR/content/methods/proofs/example-1.tex","ACCEPTED","F707FB67AEF20B2CD7ABC58B89748B3D2B2F45A79AC1A6E8A688F0489B9B2B3E","PASS_STATIC_SEMANTIC_SOURCE_CARRIER_EXPANSION_MORPHOLOGY_UNICODE_PAIRED_DIRECT_FILE_REPLAY_BUILD_DEFERRED_FOR_DEPENDENCY_CLOSURE","ACCEPTED"
"OLP-0608","608","9620cc73f9c8e0ad003c514a5d3748f29611c4c0","content/methods/proofs/example-2.tex","cbef120cea559b153f4e6b828d2fe7942050d3534e3bb61e642fd467f897aa80","4828","105","720","true","true","608","canonical_complete_reader_reachable","Reached by ordered depth-first replay from content/open-logic-about.tex then content/content.tex through uncommented olimport edges.","reader_unit","Another Example","mth","0","","","1","content/methods/proofs/proofs.tex","0","","10","document:1|proof:1|prop:1|quote:7","0","0","1","0","0","1","0","0","0","0","1","0","0","0","0","0","86","locale/ar/content/methods/proofs/example-2.tex","ACCEPTED","60540F1A7B95D3655DAF4DF12FF762BC38631C6FECD221E590EE84B916034587","PASS_STATIC_SEMANTIC_SOURCE_CARRIER_EXPANSION_MORPHOLOGY_UNICODE_PAIRED_DIRECT_FILE_REPLAY_BUILD_DEFERRED_FOR_DEPENDENCY_CLOSURE","locale/fa-IR/content/methods/proofs/example-2.tex","ACCEPTED","7C1EDCE49CD1F9B630689ED9D0C2C9F727179008588113ABE68DD55693636EE8","PASS_STATIC_SEMANTIC_SOURCE_CARRIER_EXPANSION_MORPHOLOGY_UNICODE_PAIRED_DIRECT_FILE_REPLAY_BUILD_DEFERRED_FOR_DEPENDENCY_CLOSURE","ACCEPTED"
"OLP-0609","609","9620cc73f9c8e0ad003c514a5d3748f29611c4c0","content/methods/proofs/proof-by-contradiction.tex","3eda384520d99069031c01f168564f639980118e7fd145ca105e8092fbe438dd","9908","221","1503","true","true","609","canonical_complete_reader_reachable","Reached by ordered depth-first replay from content/open-logic-about.tex then content/content.tex through uncommented olimport edges.","reader_unit","Proof by Contradiction","mth","0","","","1","content/methods/proofs/proofs.tex","0","","23","document:1|prob:1|proof:4|prop:4|quote:13","0","0","1","0","0","4","0","0","0","1","4","0","0","0","0","0","172","locale/ar/content/methods/proofs/proof-by-contradiction.tex","ACCEPTED","E4FD0B47EE9A70BDBD404149752B6875A116CE8730D70C65C63C2DF689EE9F07","PASS_STATIC_SEMANTIC_SOURCE_CARRIER_EXPANSION_MORPHOLOGY_UNICODE_PAIRED_DIRECT_FILE_REPLAY_BUILD_DEFERRED_FOR_DEPENDENCY_CLOSURE","locale/fa-IR/content/methods/proofs/proof-by-contradiction.tex","ACCEPTED","3F1C8A8F5C6F4D9CF9965493231BC854555B8FED4DD4A9FE3BF009A0CF9280CA","PASS_STATIC_SEMANTIC_SOURCE_CARRIER_EXPANSION_MORPHOLOGY_UNICODE_PAIRED_DIRECT_FILE_REPLAY_BUILD_DEFERRED_FOR_DEPENDENCY_CLOSURE","ACCEPTED"
"OLP-0610","610","9620cc73f9c8e0ad003c514a5d3748f29611c4c0","content/methods/proofs/reading-proofs.tex","e7c40a1f3481f3529d96e136191c8b9c98b27080ddae1a9cec732d0301775670","4996","112","809","true","true","610","canonical_complete_reader_reachable","Reached by ordered depth-first replay from content/open-logic-about.tex then content/content.tex through uncommented olimport edges.","reader_unit","Reading Proofs","mth","0","","","1","content/methods/proofs/proofs.tex","0","","8","document:1|prob:1|proof:3|prop:1|quote:2","0","0","1","0","0","1","0","0","0","1","3","0","0","0","0","0","85","locale/ar/content/methods/proofs/reading-proofs.tex","ACCEPTED","1E1C57A6FB7EB90CF921B76D264C394E03114FECE26167A3A54B2CBD69D899AB","PASS_STATIC_SEMANTIC_SOURCE_CARRIER_EXPANSION_MORPHOLOGY_UNICODE_PAIRED_DIRECT_FILE_REPLAY_BUILD_DEFERRED_FOR_DEPENDENCY_CLOSURE","locale/fa-IR/content/methods/proofs/reading-proofs.tex","ACCEPTED","07770FDD810CDBCDA7AC6F0BFBA2F8EBF9EA5BB99917136E7A6C451D0A818731","PASS_STATIC_SEMANTIC_SOURCE_CARRIER_EXPANSION_MORPHOLOGY_UNICODE_PAIRED_DIRECT_FILE_REPLAY_BUILD_DEFERRED_FOR_DEPENDENCY_CLOSURE","ACCEPTED"
"OLP-0611","611","9620cc73f9c8e0ad003c514a5d3748f29611c4c0","content/methods/proofs/cant-do-it.tex","47c3b4332e0c28351984e78cba0008e54deb442704710bf7d4f2ffa34e4e6c5e","3042","65","500","true","true","611","canonical_complete_reader_reachable","Reached by ordered depth-first replay from content/open-logic-about.tex then content/content.tex through uncommented olimport edges.","reader_unit","","mth","0","","","1","content/methods/proofs/proofs.tex","0","","2","document:1|enumerate:1","0","0","1","0","0","0","0","0","0","0","0","0","0","0","0","0","0","locale/ar/content/methods/proofs/cant-do-it.tex","ACCEPTED","31A0D59AB5DA6C290F84D9E09EB49983603BC837E74E45BBF957FDC0A05A514F","PASS_STATIC_SEMANTIC_SOURCE_CARRIER_EXPANSION_MORPHOLOGY_UNICODE_PAIRED_DIRECT_FILE_REPLAY_BUILD_DEFERRED_FOR_DEPENDENCY_CLOSURE","locale/fa-IR/content/methods/proofs/cant-do-it.tex","ACCEPTED","5D5ADFAA6CF5EC50FA7B6FC6312B7B494F4B8C5AE269DF8BC010E5A51145B182","PASS_STATIC_SEMANTIC_SOURCE_CARRIER_EXPANSION_MORPHOLOGY_UNICODE_PAIRED_DIRECT_FILE_REPLAY_BUILD_DEFERRED_FOR_DEPENDENCY_CLOSURE","ACCEPTED"
"OLP-0612","612","9620cc73f9c8e0ad003c514a5d3748f29611c4c0","content/methods/proofs/resources.tex","69bf95954428e38a55dfca85aa13d62ba2b9992afa406364da4a0b251d86fa44","1619","46","195","true","true","612","canonical_complete_reader_reachable","Reached by ordered depth-first replay from content/open-logic-about.tex then content/content.tex through uncommented olimport edges.","reader_unit","","mth","0","","","1","content/methods/proofs/proofs.tex","0","","2","document:1|itemize:1","0","0","2","0","0","0","0","0","0","0","0","0","0","0","0","7","0","locale/ar/content/methods/proofs/resources.tex","ACCEPTED","5975F5886E68AAE8B7A60CCE4ED2274C0A6EA10C725F461CEA4D4249CF89C708","PASS_STATIC_SEMANTIC_SOURCE_CARRIER_EXPANSION_MORPHOLOGY_UNICODE_PAIRED_DIRECT_FILE_REPLAY_BUILD_DEFERRED_FOR_DEPENDENCY_CLOSURE","locale/fa-IR/content/methods/proofs/resources.tex","ACCEPTED","2D78F4E9E0BAA49619CE4A3D8307E1030FD629395FF01BD19F82E3D4EEAB6920","PASS_STATIC_SEMANTIC_SOURCE_CARRIER_EXPANSION_MORPHOLOGY_UNICODE_PAIRED_DIRECT_FILE_REPLAY_BUILD_DEFERRED_FOR_DEPENDENCY_CLOSURE","ACCEPTED"
"OLP-0613","613","9620cc73f9c8e0ad003c514a5d3748f29611c4c0","content/methods/induction/induction.tex","fe221d57ce250433893679a71d00b74fbe41d562d29cd2299e40502df3271b16","381","25","21","true","true","613","canonical_complete_reader_reachable","Reached by ordered depth-first replay from content/open-logic-about.tex then content/content.tex through uncommented olimport edges.","chapter_driver","Induction","","6","content/methods/induction/introduction.tex|content/methods/induction/induction-on-N.tex|content/methods/induction/strong-induction.tex|content/methods/induction/inductive-definitions.tex|content/methods/induction/structural-induction.tex|content/methods/induction/relations.tex","","1","content/methods/methods.tex","0","","1","document:1","0","1","0","0","0","0","0","0","0","0","0","0","0","0","0","0","0","locale/ar/content/methods/induction/induction.tex","ACCEPTED","A4484C46F142D6D67FDE54764A0988411BA895719C942E8C583E3ECDC4F9B9A8","PASS_STATIC_SEMANTIC_SOURCE_CARRIER_EXPANSION_MORPHOLOGY_UNICODE_PAIRED_DIRECT_FILE_REPLAY_BUILD_DEFERRED_FOR_DEPENDENCY_CLOSURE","locale/fa-IR/content/methods/induction/induction.tex","ACCEPTED","139A2581CC60B1748459B989ADE86F7F7829450B637FE2DF78FDC87849CDFDA1","PASS_STATIC_SEMANTIC_SOURCE_CARRIER_EXPANSION_MORPHOLOGY_UNICODE_PAIRED_DIRECT_FILE_REPLAY_BUILD_DEFERRED_FOR_DEPENDENCY_CLOSURE","ACCEPTED"
"OLP-0614","614","9620cc73f9c8e0ad003c514a5d3748f29611c4c0","content/methods/induction/introduction.tex","7ed230622f1371a6fde2530a9f2037643ee3400ab429c488554f3f3d1a853d59","2327","52","337","true","true","614","canonical_complete_reader_reachable","Reached by ordered depth-first replay from content/open-logic-about.tex then content/content.tex through uncommented olimport edges.","reader_unit","Introduction","mth","0","","","1","content/methods/induction/induction.tex","0","","2","document:1|enumerate:1","0","0","1","0","0","0","0","0","0","0","0","0","0","0","0","0","6","locale/ar/content/methods/induction/introduction.tex","ACCEPTED","74F82C58F8FA39793001DE31E5437F3730F8A6D989665C8B10F0CEFC9A28626A","PASS_STATIC_SEMANTIC_SOURCE_CARRIER_EXPANSION_MORPHOLOGY_UNICODE_PAIRED_DIRECT_FILE_REPLAY_BUILD_DEFERRED_FOR_DEPENDENCY_CLOSURE","locale/fa-IR/content/methods/induction/introduction.tex","ACCEPTED","E9C448A8A0C9E46CF511B3ED2B6CBC693B7DA9073A2ED9C5DCB85F38D866C08C","PASS_STATIC_SEMANTIC_SOURCE_CARRIER_EXPANSION_MORPHOLOGY_UNICODE_PAIRED_DIRECT_FILE_REPLAY_BUILD_DEFERRED_FOR_DEPENDENCY_CLOSURE","ACCEPTED"
"OLP-0615","615","9620cc73f9c8e0ad003c514a5d3748f29611c4c0","content/methods/induction/induction-on-N.tex","3c0d810002766a55df30e29fe1ee6f71aee463a3562fa8590dc43bb7b5b8e072","5965","137","939","true","true","615","canonical_complete_reader_reachable","Reached by ordered depth-first replay from content/open-logic-about.tex then content/content.tex through uncommented olimport edges.","reader_unit","Induction on~$\Nat$","mth","0","","","1","content/methods/induction/induction.tex","0","","10","align*:3|document:1|enumerate:2|proof:2|prop:1|thm:1","0","0","1","0","1","1","0","0","0","0","2","0","0","0","0","0","131","locale/ar/content/methods/induction/induction-on-N.tex","ACCEPTED","F79B5B3E2F51D1E24853C405574AA461EDEB1CDD1B7315D223B0F5C942EA9384","PASS_STATIC_SEMANTIC_SOURCE_CARRIER_EXPANSION_MORPHOLOGY_UNICODE_PAIRED_DIRECT_FILE_REPLAY_BUILD_DEFERRED_FOR_DEPENDENCY_CLOSURE","locale/fa-IR/content/methods/induction/induction-on-N.tex","ACCEPTED","86573CCFA26F0E77AE693858DD7905312FDF63F8915E91345EAFBB33218FFAD5","PASS_STATIC_SEMANTIC_SOURCE_CARRIER_EXPANSION_MORPHOLOGY_UNICODE_PAIRED_DIRECT_FILE_REPLAY_BUILD_DEFERRED_FOR_DEPENDENCY_CLOSURE","ACCEPTED"
"OLP-0616","616","9620cc73f9c8e0ad003c514a5d3748f29611c4c0","content/methods/induction/strong-induction.tex","6bcb6eea209d16b55fcca74181bc548edf6978be7a3b7c48caeb15db712b5eec","2403","52","422","true","true","616","canonical_complete_reader_reachable","Reached by ordered depth-first replay from content/open-logic-about.tex then content/content.tex through uncommented olimport edges.","reader_unit","Strong Induction","mth","0","","","1","content/methods/induction/induction.tex","0","","1","document:1","0","0","1","0","0","0","0","0","0","0","0","0","0","0","0","0","57","locale/ar/content/methods/induction/strong-induction.tex","ACCEPTED","A17EFE42530ADB21521C049E6568D8A2B32B29C9E9CF71FE255EC520370A7A43","PASS_STATIC_SEMANTIC_SOURCE_CARRIER_EXPANSION_MORPHOLOGY_UNICODE_PAIRED_DIRECT_FILE_REPLAY_BUILD_DEFERRED_FOR_DEPENDENCY_CLOSURE","locale/fa-IR/content/methods/induction/strong-induction.tex","ACCEPTED","FEBA5411F0044A77C178A46736B6F51CA658BF18F42DAFEF26F4F36AA8DFDB0D","PASS_STATIC_SEMANTIC_SOURCE_CARRIER_EXPANSION_MORPHOLOGY_UNICODE_PAIRED_DIRECT_FILE_REPLAY_BUILD_DEFERRED_FOR_DEPENDENCY_CLOSURE","ACCEPTED"
"OLP-0617","617","9620cc73f9c8e0ad003c514a5d3748f29611c4c0","content/methods/induction/inductive-definitions.tex","c9acf225c06feb663a8cc96b505782decfb70d12dd2f76d3cde0627a5b3ea8e1","7003","155","1033","true","true","617","canonical_complete_reader_reachable","Reached by ordered depth-first replay from content/open-logic-about.tex then content/content.tex through uncommented olimport edges.","reader_unit","Inductive Definitions","mth","0","","","1","content/methods/induction/induction.tex","0","","9","defn:1|document:1|enumerate:3|prob:1|proof:1|prop:1|quote:1","0","0","1","1","0","1","0","0","0","1","1","0","0","0","0","0","139","locale/ar/content/methods/induction/inductive-definitions.tex","ACCEPTED","A2172800A5906B166BF0301333E596092E7A309FFBCC8237E7B78B43A054A52F","PASS_STATIC_SEMANTIC_SOURCE_CARRIER_EXPANSION_MORPHOLOGY_UNICODE_PAIRED_DIRECT_FILE_REPLAY_BUILD_DEFERRED_FOR_DEPENDENCY_CLOSURE","locale/fa-IR/content/methods/induction/inductive-definitions.tex","ACCEPTED","8E92921FB13C97E958508AEBEE93704E353B7B33891C88A47F914D5DD2420084","PASS_STATIC_SEMANTIC_SOURCE_CARRIER_EXPANSION_MORPHOLOGY_UNICODE_PAIRED_DIRECT_FILE_REPLAY_BUILD_DEFERRED_FOR_DEPENDENCY_CLOSURE","ACCEPTED"
"OLP-0618","618","9620cc73f9c8e0ad003c514a5d3748f29611c4c0","content/methods/induction/structural-induction.tex","b4cbd21821127a8c6d55063e229d17e4f3ee74b5208769f317192da94df54428","4589","108","686","true","true","618","canonical_complete_reader_reachable","Reached by ordered depth-first replay from content/open-logic-about.tex then content/content.tex through uncommented olimport edges.","reader_unit","Structural Induction","mth","0","","","1","content/methods/induction/induction.tex","0","","11","align*:1|document:1|enumerate:4|prob:1|proof:2|prop:2","0","0","1","0","0","2","0","0","0","1","2","0","0","0","0","0","104","locale/ar/content/methods/induction/structural-induction.tex","ACCEPTED","2AF6A4E22EFCCDC8AA7B08C6B9A578883EC779E9E6647181ED8E09353AAC0528","PASS_STATIC_SEMANTIC_SOURCE_CARRIER_EXPANSION_MORPHOLOGY_UNICODE_PAIRED_DIRECT_FILE_REPLAY_BUILD_DEFERRED_FOR_DEPENDENCY_CLOSURE","locale/fa-IR/content/methods/induction/structural-induction.tex","ACCEPTED","2F1F9FB27841775E3C465284725D2547D36B55CCF7538139214429DDC1D01CE0","PASS_STATIC_SEMANTIC_SOURCE_CARRIER_EXPANSION_MORPHOLOGY_UNICODE_PAIRED_DIRECT_FILE_REPLAY_BUILD_DEFERRED_FOR_DEPENDENCY_CLOSURE","ACCEPTED"
"OLP-0619","619","9620cc73f9c8e0ad003c514a5d3748f29611c4c0","content/methods/induction/relations.tex","7361c3481d3028c64b48e89a1b784e6cc827acd5aafc7273664ba999a9668c7e","7557","182","1012","true","true","619","canonical_complete_reader_reachable","Reached by ordered depth-first replay from content/open-logic-about.tex then content/content.tex through uncommented olimport edges.","reader_unit","Relations and Functions","mth","0","","","1","content/methods/induction/induction.tex","0","","17","align*:4|cases:2|center:1|defn:3|document:1|enumerate:2|prob:2|proof:1|prop:1","0","0","1","3","0","1","0","0","0","2","1","0","0","0","2","0","116","locale/ar/content/methods/induction/relations.tex","ACCEPTED","8E1DA73B83054CDABAB24BD065FF90CF1F3A2CD9B9B75170FF1923F98B5A752D","PASS_STATIC_SEMANTIC_SOURCE_CARRIER_EXPANSION_MORPHOLOGY_UNICODE_PAIRED_DIRECT_FILE_REPLAY_BUILD_DEFERRED_FOR_DEPENDENCY_CLOSURE","locale/fa-IR/content/methods/induction/relations.tex","ACCEPTED","F5CFC9B567995CA3543631DAFF386315FB464B5D4846048B3C2E7C913226283B","PASS_STATIC_SEMANTIC_SOURCE_CARRIER_EXPANSION_MORPHOLOGY_UNICODE_PAIRED_DIRECT_FILE_REPLAY_BUILD_DEFERRED_FOR_DEPENDENCY_CLOSURE","ACCEPTED"
"OLP-0620","620","9620cc73f9c8e0ad003c514a5d3748f29611c4c0","content/history/history.tex","f259aecdfd4ba07957fd0604ae81411ac215b6312f3c4008e4743636c0e4a06c","233","16","15","true","true","620","canonical_complete_reader_reachable","Reached by ordered depth-first replay from content/open-logic-about.tex then content/content.tex through uncommented olimport edges.","part_driver","History","","2","content/history/biographies/biographies.tex|content/history/set-theory/set-theory.tex","","1","content/content.tex","0","","1","document:1","1","0","0","0","0","0","0","0","0","0","0","0","0","0","0","0","0","locale/ar/content/history/history.tex","ACCEPTED","F389B08A94D25CEA2DB4CDDD2EAA0303EB6B540408210D6A3C003619156CE3DE","PASS_STATIC_SEMANTIC_SOURCE_CARRIER_EXPANSION_MORPHOLOGY_UNICODE_PAIRED_DIRECT_FILE_REPLAY_BUILD_DEFERRED_FOR_DEPENDENCY_CLOSURE","locale/fa-IR/content/history/history.tex","ACCEPTED","DCAE6A0B89B6427CCE338DE133EE11E9E95CA672410A0E274366CB7FF9B6627D","PASS_STATIC_SEMANTIC_SOURCE_CARRIER_EXPANSION_MORPHOLOGY_UNICODE_PAIRED_DIRECT_FILE_REPLAY_BUILD_DEFERRED_FOR_DEPENDENCY_CLOSURE","ACCEPTED"
"OLP-0621","621","9620cc73f9c8e0ad003c514a5d3748f29611c4c0","content/history/biographies/biographies.tex","0edbf5468702cdce37345da1a3bd16e8674e66739b8d2af4aab25d507c9436b0","508","35","32","true","true","621","canonical_complete_reader_reachable","Reached by ordered depth-first replay from content/open-logic-about.tex then content/content.tex through uncommented olimport edges.","chapter_driver","Biographies","","11","content/history/biographies/georg-cantor.tex|content/history/biographies/alonzo-church.tex|content/history/biographies/gerhard-gentzen.tex|content/history/biographies/kurt-goedel.tex|content/history/biographies/emmy-noether.tex|content/history/biographies/rozsa-peter.tex|content/history/biographies/julia-robinson.tex|content/history/biographies/bertrand-russell.tex|content/history/biographies/alfred-tarski.tex|content/history/biographies/alan-turing.tex|content/history/biographies/ernst-zermelo.tex","","1","content/history/history.tex","0","","1","document:1","0","1","0","0","0","0","0","0","0","0","0","0","0","0","0","0","0","locale/ar/content/history/biographies/biographies.tex","ACCEPTED","284EDB02C6E2946B655BB74603BC820D7A42BDF27338879A3F62A823FA292A25","PASS_STATIC_SEMANTIC_SOURCE_CARRIER_EXPANSION_MORPHOLOGY_UNICODE_PAIRED_DIRECT_FILE_REPLAY_BUILD_DEFERRED_FOR_DEPENDENCY_CLOSURE","locale/fa-IR/content/history/biographies/biographies.tex","ACCEPTED","A4BDB702B76587600759BB0B7773458D077D438825CBBFCBB88EF571E2439D3F","PASS_STATIC_SEMANTIC_SOURCE_CARRIER_EXPANSION_MORPHOLOGY_UNICODE_PAIRED_DIRECT_FILE_REPLAY_BUILD_DEFERRED_FOR_DEPENDENCY_CLOSURE","ACCEPTED"
"OLP-0622","622","9620cc73f9c8e0ad003c514a5d3748f29611c4c0","content/history/biographies/georg-cantor.tex","bbced7b9e0a88d802138fe1411686d8c8e94d54249eb7d769b5f5b8cec68257a","2026","50","277","true","true","622","canonical_complete_reader_reachable","Reached by ordered depth-first replay from content/open-logic-about.tex then content/content.tex through uncommented olimport edges.","reader_unit","Georg Cantor","his","0","","","1","content/history/biographies/biographies.tex","0","","2","document:1|reading:1","0","0","1","0","0","0","0","0","0","0","0","0","0","0","0","4","0","locale/ar/content/history/biographies/georg-cantor.tex","ACCEPTED","D1F82450E76D0AD6180AFB560D53026AEC8E13CA4BDE2104A325397382E45DE7","PASS_STATIC_SEMANTIC_SOURCE_CARRIER_EXPANSION_MORPHOLOGY_UNICODE_PAIRED_DIRECT_FILE_REPLAY_BUILD_DEFERRED_FOR_DEPENDENCY_CLOSURE","locale/fa-IR/content/history/biographies/georg-cantor.tex","ACCEPTED","6372B5E9D613727BE5E5D35B430F1BFD63A08FF60ECF8B41F7D8DC01BB5948FF","PASS_STATIC_SEMANTIC_SOURCE_CARRIER_EXPANSION_MORPHOLOGY_UNICODE_PAIRED_DIRECT_FILE_REPLAY_BUILD_DEFERRED_FOR_DEPENDENCY_CLOSURE","ACCEPTED"
"OLP-0623","623","9620cc73f9c8e0ad003c514a5d3748f29611c4c0","content/history/biographies/alonzo-church.tex","3709a815983eed2dc646d935097bc9e738ae4666be71eed90824e5ea8ecbfa53","2354","53","320","true","true","623","canonical_complete_reader_reachable","Reached by ordered depth-first replay from content/open-logic-about.tex then content/content.tex through uncommented olimport edges.","reader_unit","Alonzo Church","his","0","","","1","content/history/biographies/biographies.tex","0","","2","document:1|reading:1","0","0","1","0","0","0","0","0","0","0","0","0","0","0","0","4","0","locale/ar/content/history/biographies/alonzo-church.tex","ACCEPTED","05541E0C909C6DAD6B0ED3E31080D8E65D062CA2E4F154D0398747C8B9A417E1","PASS_STATIC_SEMANTIC_SOURCE_CARRIER_EXPANSION_MORPHOLOGY_UNICODE_PAIRED_DIRECT_FILE_REPLAY_BUILD_DEFERRED_FOR_DEPENDENCY_CLOSURE","locale/fa-IR/content/history/biographies/alonzo-church.tex","ACCEPTED","917A6046BAF2EC56D52153259FC35AA0C268807B373CAA66AF499DE0032C2441","PASS_STATIC_SEMANTIC_SOURCE_CARRIER_EXPANSION_MORPHOLOGY_UNICODE_PAIRED_DIRECT_FILE_REPLAY_BUILD_DEFERRED_FOR_DEPENDENCY_CLOSURE","ACCEPTED"
"OLP-0624","624","9620cc73f9c8e0ad003c514a5d3748f29611c4c0","content/history/biographies/gerhard-gentzen.tex","41ec3f95138582b671a3d9158ad12ddf9199d02ac16b838bb7ebf336b230fd87","3080","65","438","true","true","624","canonical_complete_reader_reachable","Reached by ordered depth-first replay from content/open-logic-about.tex then content/content.tex through uncommented olimport edges.","reader_unit","Gerhard Gentzen","his","0","","","1","content/history/biographies/biographies.tex","0","","2","document:1|reading:1","0","0","1","0","0","0","0","0","0","0","0","0","0","0","0","4","0","locale/ar/content/history/biographies/gerhard-gentzen.tex","ACCEPTED","5FD3D9479983B93802716092C172559EFD6D39C036712984A3F42B67B62FF91D","PASS_STATIC_SEMANTIC_SOURCE_CARRIER_EXPANSION_MORPHOLOGY_UNICODE_PAIRED_DIRECT_FILE_REPLAY_BUILD_DEFERRED_FOR_DEPENDENCY_CLOSURE","locale/fa-IR/content/history/biographies/gerhard-gentzen.tex","ACCEPTED","12C16C507C423CBA24C061B14E6157EECF5DAD26A2F56774F3A8F4EAECB95C4C","PASS_STATIC_SEMANTIC_SOURCE_CARRIER_EXPANSION_MORPHOLOGY_UNICODE_PAIRED_DIRECT_FILE_REPLAY_BUILD_DEFERRED_FOR_DEPENDENCY_CLOSURE","ACCEPTED"
"OLP-0625","625","9620cc73f9c8e0ad003c514a5d3748f29611c4c0","content/history/biographies/kurt-goedel.tex","774b6ae4b65b84158c18a0d1592e62253b88f8440456f2003df0111358975529","3719","81","536","true","true","625","canonical_complete_reader_reachable","Reached by ordered depth-first replay from content/open-logic-about.tex then content/content.tex through uncommented olimport edges.","reader_unit","Kurt G\""odel","his","0","","","1","content/history/biographies/biographies.tex","0","","2","document:1|reading:1","0","0","1","0","0","0","0","0","0","0","0","0","0","0","0","12","0","locale/ar/content/history/biographies/kurt-goedel.tex","ACCEPTED","EC6475EA5CE30BD10C0DABBE31077252E715706F7559033A02304753294DECF1","PASS_STATIC_SEMANTIC_SOURCE_CARRIER_EXPANSION_MORPHOLOGY_UNICODE_PAIRED_DIRECT_FILE_REPLAY_BUILD_DEFERRED_FOR_DEPENDENCY_CLOSURE","locale/fa-IR/content/history/biographies/kurt-goedel.tex","ACCEPTED","6785D4C8FC1A36A4C01376BC70E4DC188B361774CD05A2E7DF944FAE3D24076B","PASS_STATIC_SEMANTIC_SOURCE_CARRIER_EXPANSION_MORPHOLOGY_UNICODE_PAIRED_DIRECT_FILE_REPLAY_BUILD_DEFERRED_FOR_DEPENDENCY_CLOSURE","ACCEPTED"
"OLP-0626","626","9620cc73f9c8e0ad003c514a5d3748f29611c4c0","content/history/biographies/emmy-noether.tex","db8ba1078c0380309e686bb69373a26782ec90539880fff48d2cf4e08b89247b","3810","76","537","true","true","626","canonical_complete_reader_reachable","Reached by ordered depth-first replay from content/open-logic-about.tex then content/content.tex through uncommented olimport edges.","reader_unit","Emmy Noether","his","0","","","1","content/history/biographies/biographies.tex","0","","2","document:1|reading:1","0","0","1","0","0","0","0","0","0","0","0","0","0","0","0","5","3","locale/ar/content/history/biographies/emmy-noether.tex","ACCEPTED","BA6DC201D74B6934AC5221B2675CC07F7DCE2A5964BE355FB9C62461AB96C43A","PASS_STATIC_SEMANTIC_SOURCE_CARRIER_EXPANSION_MORPHOLOGY_UNICODE_PAIRED_DIRECT_FILE_REPLAY_BUILD_DEFERRED_FOR_DEPENDENCY_CLOSURE","locale/fa-IR/content/history/biographies/emmy-noether.tex","ACCEPTED","265BC94061CB4C39D8D3BBD9C4B56B81D73E0906C1DBF43AAB4D05BD844D4011","PASS_STATIC_SEMANTIC_SOURCE_CARRIER_EXPANSION_MORPHOLOGY_UNICODE_PAIRED_DIRECT_FILE_REPLAY_BUILD_DEFERRED_FOR_DEPENDENCY_CLOSURE","ACCEPTED"
"OLP-0627","627","9620cc73f9c8e0ad003c514a5d3748f29611c4c0","content/history/biographies/rozsa-peter.tex","7f2a2184f5f6fef0e4b236ca0f55db386e9cdb3c241c6296d4ab4f31deff7955","3756","77","563","true","true","627","canonical_complete_reader_reachable","Reached by ordered depth-first replay from content/open-logic-about.tex then content/content.tex through uncommented olimport edges.","reader_unit","R\'ozsa P\'eter","his","0","","","1","content/history/biographies/biographies.tex","0","","2","document:1|reading:1","0","0","1","0","0","0","0","0","0","0","0","0","0","0","0","7","0","locale/ar/content/history/biographies/rozsa-peter.tex","ACCEPTED","2A883210B424798FF35DB64B84A7B59235A4107352F5020EEE787227A462D2B0","PASS_STATIC_SEMANTIC_SOURCE_CARRIER_EXPANSION_MORPHOLOGY_UNICODE_PAIRED_DIRECT_FILE_REPLAY_BUILD_DEFERRED_FOR_DEPENDENCY_CLOSURE","locale/fa-IR/content/history/biographies/rozsa-peter.tex","ACCEPTED","65039AEBA35785B906256409F64840F3063A7264DCD8589358BB78F38224231E","PASS_STATIC_SEMANTIC_SOURCE_CARRIER_EXPANSION_MORPHOLOGY_UNICODE_PAIRED_DIRECT_FILE_REPLAY_BUILD_DEFERRED_FOR_DEPENDENCY_CLOSURE","ACCEPTED"
"OLP-0628","628","9620cc73f9c8e0ad003c514a5d3748f29611c4c0","content/history/biographies/julia-robinson.tex","bf33d0298a815add622d73d8c7bab3431eca05379f56a570eb8834fe490b84f0","4861","93","696","true","true","628","canonical_complete_reader_reachable","Reached by ordered depth-first replay from content/open-logic-about.tex then content/content.tex through uncommented olimport edges.","reader_unit","Julia Robinson","his","0","","","1","content/history/biographies/biographies.tex","0","","2","document:1|reading:1","0","0","1","0","0","0","0","0","0","0","0","0","0","0","0","11","1","locale/ar/content/history/biographies/julia-robinson.tex","ACCEPTED","A0CCC3532E6FEE46B12309977481C933285FC740723024279F763C0FB3D3F2B6","PASS_STATIC_SEMANTIC_SOURCE_CARRIER_EXPANSION_MORPHOLOGY_UNICODE_PAIRED_DIRECT_FILE_REPLAY_BUILD_DEFERRED_FOR_DEPENDENCY_CLOSURE","locale/fa-IR/content/history/biographies/julia-robinson.tex","ACCEPTED","106855A07DD7D398303645E17E9236EB6B9F577F0CDF5ECAFC0013E7B57C1E5F","PASS_STATIC_SEMANTIC_SOURCE_CARRIER_EXPANSION_MORPHOLOGY_UNICODE_PAIRED_DIRECT_FILE_REPLAY_BUILD_DEFERRED_FOR_DEPENDENCY_CLOSURE","ACCEPTED"
"OLP-0629","629","9620cc73f9c8e0ad003c514a5d3748f29611c4c0","content/history/biographies/bertrand-russell.tex","26988d38ef22124806835047b5cf8155e76655d11c66a86158a14ed07519c081","3364","71","466","true","true","629","canonical_complete_reader_reachable","Reached by ordered depth-first replay from content/open-logic-about.tex then content/content.tex through uncommented olimport edges.","reader_unit","Bertrand Russell","his","0","","","1","content/history/biographies/biographies.tex","0","","2","document:1|reading:1","0","0","1","0","0","0","0","0","0","0","0","0","0","0","0","6","0","locale/ar/content/history/biographies/bertrand-russell.tex","ACCEPTED","E3F504CE224E342B886EE00DE0E352DB7E0064ACF3AEE71AB728DF7B4D25FB40","PASS_STATIC_SEMANTIC_SOURCE_CARRIER_EXPANSION_MORPHOLOGY_UNICODE_PAIRED_DIRECT_FILE_REPLAY_BUILD_DEFERRED_FOR_DEPENDENCY_CLOSURE","locale/fa-IR/content/history/biographies/bertrand-russell.tex","ACCEPTED","FF4291B1DA5E64FF94547C15BC7762DE7F1DEC6045A0F423A68F2D4E4A1C7A6F","PASS_STATIC_SEMANTIC_SOURCE_CARRIER_EXPANSION_MORPHOLOGY_UNICODE_PAIRED_DIRECT_FILE_REPLAY_BUILD_DEFERRED_FOR_DEPENDENCY_CLOSURE","ACCEPTED"
"OLP-0630","630","9620cc73f9c8e0ad003c514a5d3748f29611c4c0","content/history/biographies/alfred-tarski.tex","8203154440eba980439cd72fbbcc3503654c4d023c1eb6721ce9f5120b73895f","2430","55","353","true","true","630","canonical_complete_reader_reachable","Reached by ordered depth-first replay from content/open-logic-about.tex then content/content.tex through uncommented olimport edges.","reader_unit","Alfred Tarski","his","0","","","1","content/history/biographies/biographies.tex","0","","2","document:1|reading:1","0","0","1","0","0","0","0","0","0","0","0","0","0","0","0","3","0","locale/ar/content/history/biographies/alfred-tarski.tex","ACCEPTED","0170FA3804E5E5B6583C6ECF90BF6E482C711CA69E78E21A0F374AC64B1F3181","PASS_STATIC_SEMANTIC_SOURCE_CARRIER_EXPANSION_MORPHOLOGY_UNICODE_PAIRED_DIRECT_FILE_REPLAY_BUILD_DEFERRED_FOR_DEPENDENCY_CLOSURE","locale/fa-IR/content/history/biographies/alfred-tarski.tex","ACCEPTED","81CC43EE3162460CF3428EAB8E7F6B49451BC1E40B26061F3E51BBF61F70BEDD","PASS_STATIC_SEMANTIC_SOURCE_CARRIER_EXPANSION_MORPHOLOGY_UNICODE_PAIRED_DIRECT_FILE_REPLAY_BUILD_DEFERRED_FOR_DEPENDENCY_CLOSURE","ACCEPTED"
"OLP-0631","631","9620cc73f9c8e0ad003c514a5d3748f29611c4c0","content/history/biographies/alan-turing.tex","ec91b61db399f1f5f6421f68bb095df943591c0f0d2428f3bedd36059397c1cd","3694","78","531","true","true","631","canonical_complete_reader_reachable","Reached by ordered depth-first replay from content/open-logic-about.tex then content/content.tex through uncommented olimport edges.","reader_unit","Alan Turing","his","0","","","1","content/history/biographies/biographies.tex","0","","2","document:1|reading:1","0","0","1","0","0","0","0","0","0","0","0","0","0","0","0","6","0","locale/ar/content/history/biographies/alan-turing.tex","ACCEPTED","4843C4FEB7C51A5CF0A1BA9112BF83A4D226748FBEA410197F9687C3E9541379","PASS_STATIC_SEMANTIC_SOURCE_CARRIER_EXPANSION_MORPHOLOGY_UNICODE_PAIRED_DIRECT_FILE_REPLAY_BUILD_DEFERRED_FOR_DEPENDENCY_CLOSURE","locale/fa-IR/content/history/biographies/alan-turing.tex","ACCEPTED","617A13593717E80A2AF24CA32439FAB3AE81FF1619D72373F772D691E61A521E","PASS_STATIC_SEMANTIC_SOURCE_CARRIER_EXPANSION_MORPHOLOGY_UNICODE_PAIRED_DIRECT_FILE_REPLAY_BUILD_DEFERRED_FOR_DEPENDENCY_CLOSURE","ACCEPTED"
"OLP-0632","632","9620cc73f9c8e0ad003c514a5d3748f29611c4c0","content/history/biographies/ernst-zermelo.tex","d8bfb0c221d8b32c6afd40006964d1e17c320e08b31ff915b1d2a9feb68c82ce","2703","60","375","true","true","632","canonical_complete_reader_reachable","Reached by ordered depth-first replay from content/open-logic-about.tex then content/content.tex through uncommented olimport edges.","reader_unit","Ernst Zermelo","his","0","","","1","content/history/biographies/biographies.tex","0","","2","document:1|reading:1","0","0","1","0","0","0","0","0","0","0","0","0","0","0","0","3","0","locale/ar/content/history/biographies/ernst-zermelo.tex","ACCEPTED","4324A1084EBE9A52003F293333EA5B9C6D185EEC7A70775502A87D36A80A915C","PASS_STATIC_SEMANTIC_SOURCE_CARRIER_EXPANSION_MORPHOLOGY_UNICODE_PAIRED_DIRECT_FILE_REPLAY_BUILD_DEFERRED_FOR_DEPENDENCY_CLOSURE","locale/fa-IR/content/history/biographies/ernst-zermelo.tex","ACCEPTED","4A9A5C618DB61B82E23EEC4DFAF8232391717B6C40E5AA0DB16AC59878B0C291","PASS_STATIC_SEMANTIC_SOURCE_CARRIER_EXPANSION_MORPHOLOGY_UNICODE_PAIRED_DIRECT_FILE_REPLAY_BUILD_DEFERRED_FOR_DEPENDENCY_CLOSURE","ACCEPTED"
"OLP-0633","633","9620cc73f9c8e0ad003c514a5d3748f29611c4c0","content/history/set-theory/set-theory.tex","82d3ad3c4515616475879c280ebe41e74667f20f6b5a2a055d5ebfed620ae66c","475","23","38","true","true","633","canonical_complete_reader_reachable","Reached by ordered depth-first replay from content/open-logic-about.tex then content/content.tex through uncommented olimport edges.","chapter_driver","History and Mythology of Set Theory","","6","content/history/set-theory/infinitesimals.tex|content/history/set-theory/limits.tex|content/history/set-theory/pathologies.tex|content/history/set-theory/mythology.tex|content/history/set-theory/cantor-plane.tex|content/history/set-theory/hilbert-curve.tex","","1","content/history/history.tex","0","","2","document:1|editorial:1","0","1","0","0","0","0","0","0","0","0","0","0","0","0","0","0","0","locale/ar/content/history/set-theory/set-theory.tex","ACCEPTED","5FA81D5CB243F7CF80FFB519DD9B6B698BF5CA5CB904F0D11E7EA901D5DEA6C7","PASS_STATIC_SEMANTIC_SOURCE_CARRIER_EXPANSION_MORPHOLOGY_UNICODE_PAIRED_DIRECT_FILE_REPLAY_BUILD_DEFERRED_FOR_DEPENDENCY_CLOSURE","locale/fa-IR/content/history/set-theory/set-theory.tex","ACCEPTED","F71C623BA266B788D89BB82394964587C374DEA62965E57E424338EC9781E335","PASS_STATIC_SEMANTIC_SOURCE_CARRIER_EXPANSION_MORPHOLOGY_UNICODE_PAIRED_DIRECT_FILE_REPLAY_BUILD_DEFERRED_FOR_DEPENDENCY_CLOSURE","ACCEPTED"
"OLP-0634","634","9620cc73f9c8e0ad003c514a5d3748f29611c4c0","content/history/set-theory/infinitesimals.tex","3786a8e92d38becf74effa7b233c16f9bca37d5f6b0ac90d7049e71e77118436","4466","95","551","true","true","634","canonical_complete_reader_reachable","Reached by ordered depth-first replay from content/open-logic-about.tex then content/content.tex through uncommented olimport edges.","reader_unit","Infinitesimals and Differentiation","his","0","","","1","content/history/set-theory/set-theory.tex","0","","5","center:1|document:1|quote:2|tikzpicture:1","0","0","1","0","0","0","0","0","0","0","0","0","1","0","0","2","26","locale/ar/content/history/set-theory/infinitesimals.tex","ACCEPTED","A44A5BF31E78A81E3DF1FBCD7610F7FA60253295F477F9C7E60A746404EBAC85","PASS_STATIC_SEMANTIC_SOURCE_CARRIER_EXPANSION_MORPHOLOGY_UNICODE_PAIRED_DIRECT_FILE_REPLAY_BUILD_DEFERRED_FOR_DEPENDENCY_CLOSURE","locale/fa-IR/content/history/set-theory/infinitesimals.tex","ACCEPTED","B0572C2AEFF97F2AE87FD09B034B329B2D61A87652A22D0C56A3C2A999081460","PASS_STATIC_SEMANTIC_SOURCE_CARRIER_EXPANSION_MORPHOLOGY_UNICODE_PAIRED_DIRECT_FILE_REPLAY_BUILD_DEFERRED_FOR_DEPENDENCY_CLOSURE","ACCEPTED"
"OLP-0635","635","9620cc73f9c8e0ad003c514a5d3748f29611c4c0","content/history/set-theory/limits.tex","df5d36d65e7abafe7503527229866dfc618527177e567b16ce33ec01c683783d","4097","94","558","true","true","635","canonical_complete_reader_reachable","Reached by ordered depth-first replay from content/open-logic-about.tex then content/content.tex through uncommented olimport edges.","reader_unit","Rigorous Definition of Limits","his","0","","","1","content/history/set-theory/set-theory.tex","0","","4","center:2|document:1|tikzpicture:1","0","0","1","0","0","0","0","0","0","0","0","0","1","0","0","0","53","locale/ar/content/history/set-theory/limits.tex","ACCEPTED","B14E4E07BD300252250D18D919E1FE8352452633DDE4B11A31A2414D3087C17E","PASS_STATIC_SEMANTIC_SOURCE_CARRIER_EXPANSION_MORPHOLOGY_UNICODE_PAIRED_DIRECT_FILE_REPLAY_BUILD_DEFERRED_FOR_DEPENDENCY_CLOSURE","locale/fa-IR/content/history/set-theory/limits.tex","ACCEPTED","896DD86FF4BA5D71F3CB1E7229AF4E0274CBE1FD05C82FA037EF004B369F0CB7","PASS_STATIC_SEMANTIC_SOURCE_CARRIER_EXPANSION_MORPHOLOGY_UNICODE_PAIRED_DIRECT_FILE_REPLAY_BUILD_DEFERRED_FOR_DEPENDENCY_CLOSURE","ACCEPTED"
"OLP-0636","636","9620cc73f9c8e0ad003c514a5d3748f29611c4c0","content/history/set-theory/pathologies.tex","e48c454ab4d3058f89b6ce709da28387e9d633459425ffac9cd67b64d3de96e8","5672","109","792","true","true","636","canonical_complete_reader_reachable","Reached by ordered depth-first replay from content/open-logic-about.tex then content/content.tex through uncommented olimport edges.","reader_unit","Pathologies","his","0","","","1","content/history/set-theory/set-theory.tex","0","","10","center:1|document:1|quote:1|scope:6|tikzpicture:1","0","0","1","0","0","0","0","0","0","0","0","0","1","0","3","4","1","locale/ar/content/history/set-theory/pathologies.tex","ACCEPTED","A3D0839F7914E3E0E73DAE5DEE964504E27B6225D935677344002420B5AE118E","PASS_STATIC_SEMANTIC_SOURCE_CARRIER_EXPANSION_MORPHOLOGY_UNICODE_PAIRED_DIRECT_FILE_REPLAY_BUILD_DEFERRED_FOR_DEPENDENCY_CLOSURE","locale/fa-IR/content/history/set-theory/pathologies.tex","ACCEPTED","3AF7B2C89BCE1F87BAC0DFADEE956770D304934E7477C0704F8F46BCD5D75EC7","PASS_STATIC_SEMANTIC_SOURCE_CARRIER_EXPANSION_MORPHOLOGY_UNICODE_PAIRED_DIRECT_FILE_REPLAY_BUILD_DEFERRED_FOR_DEPENDENCY_CLOSURE","ACCEPTED"
"OLP-0637","637","9620cc73f9c8e0ad003c514a5d3748f29611c4c0","content/history/set-theory/mythology.tex","2ffceffef7cc6445f66391a252c598448190642ea60f60a748c6fe5e6a1ec55e","2243","50","341","true","true","637","canonical_complete_reader_reachable","Reached by ordered depth-first replay from content/open-logic-about.tex then content/content.tex through uncommented olimport edges.","reader_unit","More Myth than History?","his","0","","","1","content/history/set-theory/set-theory.tex","0","","2","document:1|quote:1","0","0","1","0","0","0","0","0","0","0","0","0","0","0","1","4","0","locale/ar/content/history/set-theory/mythology.tex","ACCEPTED","4436857296AE7A3E735AB9258468FB4B7086D15D838FC5CA77F27A9E61818FB0","PASS_STATIC_SEMANTIC_SOURCE_CARRIER_EXPANSION_MORPHOLOGY_UNICODE_PAIRED_DIRECT_FILE_REPLAY_BUILD_DEFERRED_FOR_DEPENDENCY_CLOSURE","locale/fa-IR/content/history/set-theory/mythology.tex","ACCEPTED","934858B0E6A62640C60A5B6D96C5EBC39ADFEA52897692072DDD811C071E8C05","PASS_STATIC_SEMANTIC_SOURCE_CARRIER_EXPANSION_MORPHOLOGY_UNICODE_PAIRED_DIRECT_FILE_REPLAY_BUILD_DEFERRED_FOR_DEPENDENCY_CLOSURE","ACCEPTED"
"OLP-0638","638","9620cc73f9c8e0ad003c514a5d3748f29611c4c0","content/history/set-theory/cantor-plane.tex","6abfeede65f95ac668d6e679053e537b0beb2ffcd566c1cdbdc223b0b767c737","3408","80","448","true","true","638","canonical_complete_reader_reachable","Reached by ordered depth-first replay from content/open-logic-about.tex then content/content.tex through uncommented olimport edges.","reader_unit","Cantor on the Line and the Plane","his","0","","","1","content/history/set-theory/set-theory.tex","0","","6","align*:2|document:1|proof:2|thm:1","0","0","1","0","1","0","0","0","0","0","2","0","0","0","3","0","42","locale/ar/content/history/set-theory/cantor-plane.tex","ACCEPTED","D8A282C6E41BCC1070F9849A0ACF13C8D3339E9E7BEAD3CDF4A5E88D55B32A8A","PASS_STATIC_SEMANTIC_SOURCE_CARRIER_EXPANSION_MORPHOLOGY_UNICODE_PAIRED_DIRECT_FILE_REPLAY_BUILD_DEFERRED_FOR_DEPENDENCY_CLOSURE","locale/fa-IR/content/history/set-theory/cantor-plane.tex","ACCEPTED","A6A08CC59C00F690979925A45FBFC712B6F8FAA3F1257DC8E4A91DE311C60ECF","PASS_STATIC_SEMANTIC_SOURCE_CARRIER_EXPANSION_MORPHOLOGY_UNICODE_PAIRED_DIRECT_FILE_REPLAY_BUILD_DEFERRED_FOR_DEPENDENCY_CLOSURE","ACCEPTED"
"OLP-0639","639","9620cc73f9c8e0ad003c514a5d3748f29611c4c0","content/history/set-theory/hilbert-curve.tex","bda8e7a38876ea87b03d2564ab16b39e2b1d1d6ec75a73fae27ca1faa73ab832","8390","150","1192","true","true","639","canonical_complete_reader_reachable","Reached by ordered depth-first replay from content/open-logic-about.tex then content/content.tex through uncommented olimport edges.","reader_unit","Appendix: Hilbert's Space-filling Curves","his","0","","","1","content/history/set-theory/set-theory.tex","0","","18","align*:1|center:3|defn:1|document:1|scope:9|tikzpicture:3","0","0","1","1","0","0","0","0","0","0","0","0","3","0","3","1","89","locale/ar/content/history/set-theory/hilbert-curve.tex","ACCEPTED","D849CD7EAB6EA09DDFD7CAFB09761E5B938D41760BD5552F39A69AC21944FC1F","PASS_STATIC_SEMANTIC_SOURCE_CARRIER_EXPANSION_MORPHOLOGY_UNICODE_PAIRED_DIRECT_FILE_REPLAY_BUILD_DEFERRED_FOR_DEPENDENCY_CLOSURE","locale/fa-IR/content/history/set-theory/hilbert-curve.tex","ACCEPTED","F443CA96FED3E5016F6167997D7847715E89BA9D400D8A08A1873C3A616B2FBE","PASS_STATIC_SEMANTIC_SOURCE_CARRIER_EXPANSION_MORPHOLOGY_UNICODE_PAIRED_DIRECT_FILE_REPLAY_BUILD_DEFERRED_FOR_DEPENDENCY_CLOSURE","ACCEPTED"
"OLP-0640","640","9620cc73f9c8e0ad003c514a5d3748f29611c4c0","content/reference/reference.tex","1e302b41c3baef0828d08807ae0e2d0579d07aeb7247a1dd2a6a8679a31208ed","426","21","37","true","true","640","canonical_complete_reader_reachable","Reached by ordered depth-first replay from content/open-logic-about.tex then content/content.tex through uncommented olimport edges.","part_driver","Reference","","2","content/reference/greek-alphabet/greek-alphabet.tex|content/reference/fraktur-alphabet/fraktur-alphabet.tex","","1","content/content.tex","0","","2","document:1|editorial:1","1","0","0","0","0","0","0","0","0","0","0","0","0","0","0","0","0","locale/ar/content/reference/reference.tex","ACCEPTED","2A856A1B1EBB73D0981295E38AD7C5360B108E5B64C33BB369D69CAFAD9C8491","PASS_STATIC_SEMANTIC_SOURCE_CARRIER_EXPANSION_MORPHOLOGY_UNICODE_PAIRED_DIRECT_FILE_REPLAY_BUILD_DEFERRED_FOR_DEPENDENCY_CLOSURE","locale/fa-IR/content/reference/reference.tex","ACCEPTED","EE4706086237254F6E79C5AEC44AA40602EA9F798AF8E5F6D219F071773670F3","PASS_STATIC_SEMANTIC_SOURCE_CARRIER_EXPANSION_MORPHOLOGY_UNICODE_PAIRED_DIRECT_FILE_REPLAY_BUILD_DEFERRED_FOR_DEPENDENCY_CLOSURE","ACCEPTED"
"OLP-0641","641","9620cc73f9c8e0ad003c514a5d3748f29611c4c0","content/reference/greek-alphabet/greek-alphabet.tex","8f30ac2b643a8da42255f860baa3176b2ce87110d0f4a504cda6155c4b99c8c6","1017","39","56","true","true","641","canonical_complete_reader_reachable","Reached by ordered depth-first replay from content/open-logic-about.tex then content/content.tex through uncommented olimport edges.","chapter_driver","The Greek Alphabet","","0","","","1","content/reference/reference.tex","0","","3","center:1|document:1|tabular:1","0","1","0","0","0","0","0","0","0","0","0","0","0","0","0","0","48","locale/ar/content/reference/greek-alphabet/greek-alphabet.tex","ACCEPTED","85D4E71DAD5E7A05AC6346AE44FFD122CBB0AA66F6DE0FA0A1BB007FBF16E56D","PASS_STATIC_SEMANTIC_SOURCE_CARRIER_EXPANSION_MORPHOLOGY_UNICODE_PAIRED_DIRECT_FILE_REPLAY_BUILD_DEFERRED_FOR_DEPENDENCY_CLOSURE","locale/fa-IR/content/reference/greek-alphabet/greek-alphabet.tex","ACCEPTED","3D43A0E12A77833655CDFA4ECC268FF28482A781F430EFFEAAE68BB2A89A6504","PASS_STATIC_SEMANTIC_SOURCE_CARRIER_EXPANSION_MORPHOLOGY_UNICODE_PAIRED_DIRECT_FILE_REPLAY_BUILD_DEFERRED_FOR_DEPENDENCY_CLOSURE","ACCEPTED"
"OLP-0642","642","9620cc73f9c8e0ad003c514a5d3748f29611c4c0","content/reference/fraktur-alphabet/fraktur-alphabet.tex","746ec51566b461c16bdf153e75b4cac0655a5f34b21f17be95a878448a577e41","1527","41","122","true","true","642","canonical_complete_reader_reachable","Reached by ordered depth-first replay from content/open-logic-about.tex then content/content.tex through uncommented olimport edges.","chapter_driver","The Fraktur Alphabet","","0","","","1","content/reference/reference.tex","0","","3","center:1|document:1|tabular:1","0","1","0","0","0","0","0","0","0","0","0","0","0","0","0","0","52","locale/ar/content/reference/fraktur-alphabet/fraktur-alphabet.tex","ACCEPTED","D3A0D4E39B3A3B5D3E47B70AD18B4230FE1C70670FFD4569A699927C0FC02566","PASS_STATIC_SEMANTIC_SOURCE_CARRIER_EXPANSION_MORPHOLOGY_UNICODE_PAIRED_DIRECT_FILE_REPLAY_BUILD_DEFERRED_FOR_DEPENDENCY_CLOSURE","locale/fa-IR/content/reference/fraktur-alphabet/fraktur-alphabet.tex","ACCEPTED","8F9558D51731AF1B15A6DFC307B0915EDCC1798590F8D905A5923459EFDDA963","PASS_STATIC_SEMANTIC_SOURCE_CARRIER_EXPANSION_MORPHOLOGY_UNICODE_PAIRED_DIRECT_FILE_REPLAY_BUILD_DEFERRED_FOR_DEPENDENCY_CLOSURE","ACCEPTED"
"OLP-0643","643","9620cc73f9c8e0ad003c514a5d3748f29611c4c0","content/first-order-logic/axiomatic-deduction/provability.tex","ce39569c807bdbe83a1d43638f94af123c5551e2c01487e7b38ef4c373d89022","12102","307","1216","true","false","","retained_english_content_other_not_imported_by_complete_reader","Retained because the controlling closure includes every tracked English content TeX file; reader reachability is scheduling metadata, not an exclusion rule.","reader_unit","","fol","0","","","0","","0","","34","derivation:9|document:1|enumerate:2|explain:1|itemize:1|lem:2|probtag:1|proof:8|prop:3|tagenumerate:2|thm:4","0","0","1","0","4","3","2","0","0","0","8","0","0","0","4","0","232","locale/ar/content/first-order-logic/axiomatic-deduction/provability.tex","ACCEPTED","B9CDBBAD9CAB3AD1311E0550958880FD8D7590A0E969A9074FB9DA1644D53111","PASS_STATIC_SEMANTIC_SOURCE_CARRIER_EXPANSION_MORPHOLOGY_UNICODE_PAIRED_DIRECT_FILE_REPLAY_BUILD_DEFERRED_FOR_DEPENDENCY_CLOSURE","locale/fa-IR/content/first-order-logic/axiomatic-deduction/provability.tex","ACCEPTED","E977D88B17F59CF6F111256C53965AF5909A2F7AB545E3C6392ADF73D3146693","PASS_STATIC_SEMANTIC_SOURCE_CARRIER_EXPANSION_MORPHOLOGY_UNICODE_PAIRED_DIRECT_FILE_REPLAY_BUILD_DEFERRED_FOR_DEPENDENCY_CLOSURE","ACCEPTED"
"OLP-0644","644","9620cc73f9c8e0ad003c514a5d3748f29611c4c0","content/first-order-logic/completeness/maximally-consistent-sets.tex","c369885c6575d5106d042c4da0eca79b3bece0e49dcaf1e165d27691343ca82c","7179","168","765","true","false","","retained_english_content_other_not_imported_by_complete_reader","Retained because the controlling closure includes every tracked English content TeX file; reader reachability is scheduling metadata, not an exclusion rule.","reader_unit","","fol","0","","","0","","0","","11","defn:1|document:1|enumerate:4|explain:2|prob:1|proof:1|prop:1","0","0","1","1","0","1","0","0","0","1","1","0","0","0","8","0","118","locale/ar/content/first-order-logic/completeness/maximally-consistent-sets.tex","ACCEPTED","5D69DE67324B7260DD63AE49BC148742062F84FF9B28438C514A676C807D564A","PASS_STATIC_SEMANTIC_SOURCE_CARRIER_EXPANSION_MORPHOLOGY_UNICODE_PAIRED_DIRECT_FILE_REPLAY_BUILD_DEFERRED_FOR_DEPENDENCY_CLOSURE","locale/fa-IR/content/first-order-logic/completeness/maximally-consistent-sets.tex","ACCEPTED","0B29553BE9F530E57EA08005F08F64017D4D5D1E3BE6904E6187A71A4130D1D0","PASS_STATIC_SEMANTIC_SOURCE_CARRIER_EXPANSION_MORPHOLOGY_UNICODE_PAIRED_DIRECT_FILE_REPLAY_BUILD_DEFERRED_FOR_DEPENDENCY_CLOSURE","ACCEPTED"
"OLP-0645","645","9620cc73f9c8e0ad003c514a5d3748f29611c4c0","content/first-order-logic/syntax-and-semantics/introduction.tex","88e9446773c05e0441662edac722b4bac4d10fc1793e0e924abc3488266b3c22","3648","71","541","true","false","","retained_english_content_other_not_imported_by_complete_reader","Retained because the controlling closure includes every tracked English content TeX file; reader reachability is scheduling metadata, not an exclusion rule.","reader_unit","Introduction","fol","0","","","1","content/first-order-logic/syntax-and-semantics/syntax-and-semantics.tex","0","","1","document:1","0","0","1","0","0","0","0","0","0","0","0","0","0","0","0","0","13","locale/ar/content/first-order-logic/syntax-and-semantics/introduction.tex","ACCEPTED","A6DAD96F8E25DE159777DA0B8C4547C18A1A8683604BEBE7C49D9AD7F42C7DDF","PASS_STATIC_SEMANTIC_SOURCE_CARRIER_EXPANSION_MORPHOLOGY_UNICODE_PAIRED_DIRECT_FILE_REPLAY_BUILD_DEFERRED_FOR_DEPENDENCY_CLOSURE","locale/fa-IR/content/first-order-logic/syntax-and-semantics/introduction.tex","ACCEPTED","ECAC36657A5AAD36DD111AAC296348B867D6F5E28E67746A0CEB9F97E2AFEFBD","PASS_STATIC_SEMANTIC_SOURCE_CARRIER_EXPANSION_MORPHOLOGY_UNICODE_PAIRED_DIRECT_FILE_REPLAY_BUILD_DEFERRED_FOR_DEPENDENCY_CLOSURE","ACCEPTED"
"OLP-0646","646","9620cc73f9c8e0ad003c514a5d3748f29611c4c0","content/first-order-logic/syntax-and-semantics/syntax-and-semantics.tex","1880c6998c14e22cab80c82e365930f3d21a109bed8cbff73f0af1f493cfaa09","675","43","37","true","false","","retained_english_content_other_not_imported_by_complete_reader","Retained because the controlling closure includes every tracked English content TeX file; reader reachability is scheduling metadata, not an exclusion rule.","chapter_driver","Syntax and Semantics","","15","content/first-order-logic/syntax-and-semantics/introduction.tex|content/first-order-logic/syntax-and-semantics/first-order-languages.tex|content/first-order-logic/syntax-and-semantics/terms-formulas.tex|content/first-order-logic/syntax-and-semantics/unique-readability.tex|content/first-order-logic/syntax-and-semantics/main-operator.tex|content/first-order-logic/syntax-and-semantics/subformulas.tex|content/first-order-logic/syntax-and-semantics/formation-sequences.tex|content/first-order-logic/syntax-and-semantics/free-vars-sentences.tex|content/first-order-logic/syntax-and-semantics/substitution.tex|content/first-order-logic/syntax-and-semantics/structures.tex|content/first-order-logic/syntax-and-semantics/covered-structures.tex|content/first-order-logic/syntax-and-semantics/satisfaction.tex|content/first-order-logic/syntax-and-semantics/assignments.tex|content/first-order-logic/syntax-and-semantics/extensionality.tex|content/first-order-logic/syntax-and-semantics/semantic-notions.tex","","0","","0","","1","document:1","0","1","0","0","0","0","0","0","0","0","0","0","0","0","0","0","0","locale/ar/content/first-order-logic/syntax-and-semantics/syntax-and-semantics.tex","ACCEPTED","4E31F46B87B06C7ECE12758CA39A30D3CD528E30919EB2F9AEE575635F7211C7","PASS_STATIC_SEMANTIC_SOURCE_CARRIER_EXPANSION_MORPHOLOGY_UNICODE_PAIRED_DIRECT_FILE_REPLAY_BUILD_DEFERRED_FOR_DEPENDENCY_CLOSURE","locale/fa-IR/content/first-order-logic/syntax-and-semantics/syntax-and-semantics.tex","ACCEPTED","3131155556801ED043E7B9A1897F893D1D431F6CC6521768198C1CAE6969211B","PASS_STATIC_SEMANTIC_SOURCE_CARRIER_EXPANSION_MORPHOLOGY_UNICODE_PAIRED_DIRECT_FILE_REPLAY_BUILD_DEFERRED_FOR_DEPENDENCY_CLOSURE","ACCEPTED"
"OLP-0647","647","9620cc73f9c8e0ad003c514a5d3748f29611c4c0","content/incompleteness/representability-in-q/c-representable.tex","0703dafc87bb4ccd5c6eeb697d51c70f9baac3cacca4d464f007210d9e873216","7773","189","1099","true","false","","retained_english_content_other_not_imported_by_complete_reader","Retained because the controlling closure includes every tracked English content TeX file; reader reachability is scheduling metadata, not an exclusion rule.","reader_unit","","inc","0","","","0","","0","","12","document:1|enumerate:1|eqnarray*:2|explain:1|lem:3|multline*:1|proof:3","0","0","1","0","0","0","3","0","0","0","3","0","0","0","0","0","132","locale/ar/content/incompleteness/representability-in-q/c-representable.tex","ACCEPTED","411C78B2412BB9DBF751E5AA8CB4EDFC937D8076F9BDF168D1BAB767111FBDFB","PASS_STATIC_SEMANTIC_SOURCE_CARRIER_EXPANSION_MORPHOLOGY_UNICODE_PAIRED_DIRECT_FILE_REPLAY_BUILD_DEFERRED_FOR_DEPENDENCY_CLOSURE","locale/fa-IR/content/incompleteness/representability-in-q/c-representable.tex","ACCEPTED","10AF15322F8DDE85398297415CF35FE655D250A89AE1CF34DBA465891C6FCA67","PASS_STATIC_SEMANTIC_SOURCE_CARRIER_EXPANSION_MORPHOLOGY_UNICODE_PAIRED_DIRECT_FILE_REPLAY_BUILD_DEFERRED_FOR_DEPENDENCY_CLOSURE","ACCEPTED"
"OLP-0648","648","9620cc73f9c8e0ad003c514a5d3748f29611c4c0","content/incompleteness/representability-in-q/c.tex","6a6a1f8aaa86664555249c132e8ffc3b4d6cc1b3cccd1a71c3259410202b0752","1118","39","125","true","false","","retained_english_content_other_not_imported_by_complete_reader","Retained because the controlling closure includes every tracked English content TeX file; reader reachability is scheduling metadata, not an exclusion rule.","reader_unit","The Functions $C$","inc","0","","","0","","0","","3","document:1|enumerate:2","0","0","1","0","0","0","0","0","0","0","0","0","0","0","0","0","9","locale/ar/content/incompleteness/representability-in-q/c.tex","ACCEPTED","7E4BFD63D65A4928BC380E4F1811C9EEE7F92024A458ACC13DD0161BCE631D9F","PASS_STATIC_SEMANTIC_SOURCE_CARRIER_EXPANSION_MORPHOLOGY_UNICODE_PAIRED_DIRECT_FILE_REPLAY_BUILD_DEFERRED_FOR_DEPENDENCY_CLOSURE","locale/fa-IR/content/incompleteness/representability-in-q/c.tex","ACCEPTED","D9329584EE4E35DB77B8E877AF0909386AFABEF086F0F1D4C4774FC2E7F310E2","PASS_STATIC_SEMANTIC_SOURCE_CARRIER_EXPANSION_MORPHOLOGY_UNICODE_PAIRED_DIRECT_FILE_REPLAY_BUILD_DEFERRED_FOR_DEPENDENCY_CLOSURE","ACCEPTED"
"OLP-0649","649","9620cc73f9c8e0ad003c514a5d3748f29611c4c0","content/intuitionistic-logic/semantics/propositions.tex","2b6f494870916b37912a5208ed6e9203b0631f9538169a7e9a5a825e51802061","1407","53","140","true","false","","retained_english_content_other_not_imported_by_complete_reader","Retained because the controlling closure includes every tracked English content TeX file; reader reachability is scheduling metadata, not an exclusion rule.","reader_unit","Propositions","int","0","","","0","","0","","6","defn:1|document:1|enumerate:1|prob:1|proof:1|prop:1","0","0","1","1","0","1","0","0","0","1","1","0","0","0","1","0","23","locale/ar/content/intuitionistic-logic/semantics/propositions.tex","ACCEPTED","B444FE3E82FB9F7835BEC9EA99DFBC8868A37B87D52BC1B0680B6E44F0E862B1","PASS_STATIC_SEMANTIC_SOURCE_CARRIER_EXPANSION_MORPHOLOGY_UNICODE_PAIRED_DIRECT_FILE_REPLAY_BUILD_DEFERRED_FOR_DEPENDENCY_CLOSURE","locale/fa-IR/content/intuitionistic-logic/semantics/propositions.tex","ACCEPTED","72E35CD3F9A42CDF9E98E97F992742622D0C3F3CDC816F1134454A3C7227B422","PASS_STATIC_SEMANTIC_SOURCE_CARRIER_EXPANSION_MORPHOLOGY_UNICODE_PAIRED_DIRECT_FILE_REPLAY_BUILD_DEFERRED_FOR_DEPENDENCY_CLOSURE","ACCEPTED"
"OLP-0650","650","9620cc73f9c8e0ad003c514a5d3748f29611c4c0","content/lambda-calculus/lambda-definability/lists.tex","c7121718f9c43522034b81adec1250c53177131538ffcfc8aceca2762a17b1bd","1703","52","224","true","false","","retained_english_content_other_not_imported_by_complete_reader","Retained because the controlling closure includes every tracked English content TeX file; reader reachability is scheduling metadata, not an exclusion rule.","reader_unit","Lists","lam","0","","","0","","0","","5","align*:1|digress:1|document:1|prob:2","0","0","1","0","0","0","0","0","0","2","0","0","0","0","0","0","9","locale/ar/content/lambda-calculus/lambda-definability/lists.tex","ACCEPTED","75EE9AC2441265F1CAECFCD178BD81414A39D7EE40C2638C63BF0EBC23B6E17F","PASS_STATIC_SEMANTIC_SOURCE_CARRIER_EXPANSION_MORPHOLOGY_UNICODE_PAIRED_DIRECT_FILE_REPLAY_BUILD_DEFERRED_FOR_DEPENDENCY_CLOSURE","locale/fa-IR/content/lambda-calculus/lambda-definability/lists.tex","ACCEPTED","8DF0B98AC355BCD5EDAD644D53FA4ECD27A82DCBB6010C5ED2859288D671D387","PASS_STATIC_SEMANTIC_SOURCE_CARRIER_EXPANSION_MORPHOLOGY_UNICODE_PAIRED_DIRECT_FILE_REPLAY_BUILD_DEFERRED_FOR_DEPENDENCY_CLOSURE","ACCEPTED"
"OLP-0651","651","9620cc73f9c8e0ad003c514a5d3748f29611c4c0","content/lambda-calculus/syntax/conversion.tex","fa3c320d448b1b0ae122af52bcd4db08771cb04568874d2e77e58f73345248d9","659","23","70","true","false","","retained_english_content_other_not_imported_by_complete_reader","Retained because the controlling closure includes every tracked English content TeX file; reader reachability is scheduling metadata, not an exclusion rule.","reader_unit","Conversion and Reduction","lam","0","","","0","","0","","1","document:1","0","0","1","0","0","0","0","0","0","0","0","0","0","0","0","0","3","locale/ar/content/lambda-calculus/syntax/conversion.tex","ACCEPTED","613CE8642CEC8FACC963025272B4AE1EC7CDC7D16215DD5EA23F73124938DE88","PASS_STATIC_SEMANTIC_SOURCE_CARRIER_EXPANSION_MORPHOLOGY_UNICODE_PAIRED_DIRECT_FILE_REPLAY_BUILD_DEFERRED_FOR_DEPENDENCY_CLOSURE","locale/fa-IR/content/lambda-calculus/syntax/conversion.tex","ACCEPTED","B8F59A70D3D011388B09FCCA994460F7D4C72C214B0E68A5973B9D5E520E2E44","PASS_STATIC_SEMANTIC_SOURCE_CARRIER_EXPANSION_MORPHOLOGY_UNICODE_PAIRED_DIRECT_FILE_REPLAY_BUILD_DEFERRED_FOR_DEPENDENCY_CLOSURE","ACCEPTED"
"OLP-0652","652","9620cc73f9c8e0ad003c514a5d3748f29611c4c0","content/many-valued-logic/sequent-calculus/proof-theoretic-notions.tex","932f852e0aa0fbcfeb0398de561bdcfab8be88a8865fdad6d54b68fdbe0d9ec0","5882","164","568","true","false","","retained_english_content_other_not_imported_by_complete_reader","Retained because the controlling closure includes every tracked English content TeX file; reader reachability is scheduling metadata, not an exclusion rule.","reader_unit","Proof-Theoretic Notions","mvl","0","","","0","","0","","20","defn:3|document:1|enumerate:2|explain:1|prob:1|proof:5|prooftree:2|prop:5","0","0","1","3","0","5","0","0","0","1","5","0","0","0","1","0","99","locale/ar/content/many-valued-logic/sequent-calculus/proof-theoretic-notions.tex","ACCEPTED","D30F21490BD6CF778BE865823BA5B1EC7A1639E6A015E00DE83F3143BEB1F422","PASS_STATIC_SEMANTIC_SOURCE_CARRIER_EXPANSION_MORPHOLOGY_UNICODE_PAIRED_DIRECT_FILE_REPLAY_BUILD_DEFERRED_FOR_DEPENDENCY_CLOSURE","locale/fa-IR/content/many-valued-logic/sequent-calculus/proof-theoretic-notions.tex","ACCEPTED","C6B8D12F3130C0A6DB246D7AEFD7364FB650650F5E97ADA06AB3AF83DABD5650","PASS_STATIC_SEMANTIC_SOURCE_CARRIER_EXPANSION_MORPHOLOGY_UNICODE_PAIRED_DIRECT_FILE_REPLAY_BUILD_DEFERRED_FOR_DEPENDENCY_CLOSURE","ACCEPTED"
"OLP-0653","653","9620cc73f9c8e0ad003c514a5d3748f29611c4c0","content/model-theory/basics/nonstandard-arithmetic.tex","dd7b887e3d6de8666302d81e5049e5de34c22701b3fbcc2ad33cb2f29a0b8948","11319","229","1570","true","false","","retained_english_content_other_not_imported_by_complete_reader","Retained because the controlling closure includes every tracked English content TeX file; reader reachability is scheduling metadata, not an exclusion rule.","reader_unit","","mod","0","","","0","","0","","10","defn:2|document:1|enumerate:2|prob:3|proof:1|thm:1","0","0","1","2","1","0","0","0","0","3","1","0","0","0","4","0","248","locale/ar/content/model-theory/basics/nonstandard-arithmetic.tex","ACCEPTED","B9797CE8FF179FFE4533FC0DAD87A38588F01DECE0766006AA06BF9C317CAFF5","PASS_STATIC_SEMANTIC_SOURCE_CARRIER_EXPANSION_MORPHOLOGY_UNICODE_PAIRED_DIRECT_FILE_REPLAY_BUILD_DEFERRED_FOR_DEPENDENCY_CLOSURE","locale/fa-IR/content/model-theory/basics/nonstandard-arithmetic.tex","ACCEPTED","04DB9DC857AE14A07351E0BA3E6C9419BF668AEB0044EFC63FD0A2F37746D039","PASS_STATIC_SEMANTIC_SOURCE_CARRIER_EXPANSION_MORPHOLOGY_UNICODE_PAIRED_DIRECT_FILE_REPLAY_BUILD_DEFERRED_FOR_DEPENDENCY_CLOSURE","ACCEPTED"
"OLP-0654","654","9620cc73f9c8e0ad003c514a5d3748f29611c4c0","content/normal-modal-logic/syntax-and-semantics/normal-modal-logics.tex","fef4ca446bce14d7a56030aed9e59c929a7a3c262850b88077498beba1a856ef","2444","65","321","true","false","","retained_english_content_other_not_imported_by_complete_reader","Retained because the controlling closure includes every tracked English content TeX file; reader reachability is scheduling metadata, not an exclusion rule.","reader_unit","Normal Modal Logics","nml","0","","","0","","0","","8","align:1|defn:2|document:1|enumerate:3|ex:1","0","0","1","2","0","0","0","0","1","0","0","0","0","1","0","0","8","locale/ar/content/normal-modal-logic/syntax-and-semantics/normal-modal-logics.tex","ACCEPTED","686E65E07006249B962FAFDC02CE6D6ABB4FF0EFB7B39C5001C5ADBF4E881ABD","PASS_STATIC_SEMANTIC_SOURCE_CARRIER_EXPANSION_MORPHOLOGY_UNICODE_PAIRED_DIRECT_FILE_REPLAY_BUILD_DEFERRED_FOR_DEPENDENCY_CLOSURE","locale/fa-IR/content/normal-modal-logic/syntax-and-semantics/normal-modal-logics.tex","ACCEPTED","88E57CF4843487EA59075E3F41A73F2311FD85CCE6C4300B5FF8961735A1E346","PASS_STATIC_SEMANTIC_SOURCE_CARRIER_EXPANSION_MORPHOLOGY_UNICODE_PAIRED_DIRECT_FILE_REPLAY_BUILD_DEFERRED_FOR_DEPENDENCY_CLOSURE","ACCEPTED"
"OLP-0655","655","9620cc73f9c8e0ad003c514a5d3748f29611c4c0","content/proof-theory/cut-elimination/ce-largest.tex","64ec0682ec49bb67f7e7078f615bf988dea82ff6061a577f8b8d2321480e340f","14795","340","1736","true","false","","retained_english_content_proof_theory_not_imported_by_complete_reader","Retained because the controlling closure includes every tracked English content TeX file; reader reachability is scheduling metadata, not an exclusion rule.","reader_unit","Removing Largest Cuts","pt","0","","","1","content/proof-theory/cut-elimination/cut-elimination.tex","0","","9","document:1|enumerate:1|lem:2|prob:1|proof:3|thm:1","0","0","1","0","1","0","2","0","0","1","3","0","0","0","20","0","256","locale/ar/content/proof-theory/cut-elimination/ce-largest.tex","ACCEPTED","310A00523202A8E7AFA86C64BF66778368D466019B906F91012BC9FC7FD364BF","PASS_STATIC_SEMANTIC_SOURCE_CARRIER_CONFIG_EXPANSION_MORPHOLOGY_UNICODE_PAIRED_CORRECTION_REPLAY_BUILD_DEFERRED_FOR_DEPENDENCY_CLOSURE","locale/fa-IR/content/proof-theory/cut-elimination/ce-largest.tex","ACCEPTED","4FFC76C92BA4032E3B5B2AE2B97B7B548133D54078A78A59FC21FFB726A259CB","PASS_STATIC_SEMANTIC_SOURCE_CARRIER_CONFIG_EXPANSION_MORPHOLOGY_UNICODE_PAIRED_CORRECTION_REPLAY_BUILD_DEFERRED_FOR_DEPENDENCY_CLOSURE","ACCEPTED"
"OLP-0656","656","9620cc73f9c8e0ad003c514a5d3748f29611c4c0","content/proof-theory/cut-elimination/ce-topmost.tex","23f7c0ab26f8ab7c5db86c56f83287df46fc8dd6473632632b77ea59bfea7a80","23540","643","2334","true","false","","retained_english_content_proof_theory_not_imported_by_complete_reader","Retained because the controlling closure includes every tracked English content TeX file; reader reachability is scheduling metadata, not an exclusion rule.","reader_unit","Removing Topmost Cuts","pt","0","","","1","content/proof-theory/cut-elimination/cut-elimination.tex","0","","12","center:1|defn:1|document:1|enumerate:1|lem:1|prob:4|proof:2|thm:1","0","0","1","1","1","0","1","0","0","4","2","0","0","0","15","0","454","locale/ar/content/proof-theory/cut-elimination/ce-topmost.tex","ACCEPTED","F08953FED04BC683D2950F6982C3DB8D966A271121CC2B51A0ACD1560FDB9D4E","PASS_STATIC_SEMANTIC_SOURCE_CARRIER_CONFIG_EXPANSION_MORPHOLOGY_UNICODE_PAIRED_CORRECTION_REPLAY_BUILD_DEFERRED_FOR_DEPENDENCY_CLOSURE","locale/fa-IR/content/proof-theory/cut-elimination/ce-topmost.tex","ACCEPTED","8352A8618B56F5F5A4DDDBDB94044A3917A2CE6F36B667896E91848ED93037CF","PASS_STATIC_SEMANTIC_SOURCE_CARRIER_CONFIG_EXPANSION_MORPHOLOGY_UNICODE_PAIRED_CORRECTION_REPLAY_BUILD_DEFERRED_FOR_DEPENDENCY_CLOSURE","ACCEPTED"
"OLP-0657","657","9620cc73f9c8e0ad003c514a5d3748f29611c4c0","content/proof-theory/cut-elimination/cut-elimination.tex","e99ff46f34ae092bc70018d621f18bfc6b5b08957f62eb5a81ec2615c2fd8953","336","19","18","true","false","","retained_english_content_proof_theory_not_imported_by_complete_reader","Retained because the controlling closure includes every tracked English content TeX file; reader reachability is scheduling metadata, not an exclusion rule.","chapter_driver","Cut Elimination","","5","content/proof-theory/cut-elimination/introduction.tex|content/proof-theory/cut-elimination/ce-topmost.tex|content/proof-theory/cut-elimination/ce-largest.tex|content/proof-theory/cut-elimination/midsequent.tex|content/proof-theory/cut-elimination/interpolation.tex","","1","content/proof-theory/proof-theory.tex","0","","1","document:1","0","1","0","0","0","0","0","0","0","0","0","0","0","0","0","0","0","locale/ar/content/proof-theory/cut-elimination/cut-elimination.tex","ACCEPTED","676BF618A3F5D7BAB13E84585535B7984FEBD54F0A33AA3FE58736E842DEA77B","PASS_STATIC_SEMANTIC_SOURCE_CARRIER_CONFIG_EXPANSION_MORPHOLOGY_UNICODE_PAIRED_CORRECTION_REPLAY_BUILD_DEFERRED_FOR_DEPENDENCY_CLOSURE","locale/fa-IR/content/proof-theory/cut-elimination/cut-elimination.tex","ACCEPTED","365320ECCF23156AC7B9EFEC74CD9F9BBE2161325A602448A4CFE406C2914DAE","PASS_STATIC_SEMANTIC_SOURCE_CARRIER_CONFIG_EXPANSION_MORPHOLOGY_UNICODE_PAIRED_CORRECTION_REPLAY_BUILD_DEFERRED_FOR_DEPENDENCY_CLOSURE","ACCEPTED"
"OLP-0658","658","9620cc73f9c8e0ad003c514a5d3748f29611c4c0","content/proof-theory/cut-elimination/interpolation.tex","bbc03497792453598681584f4aa58b8a9bbcac9c3fb288fd71c794e1cfed6a0c","26938","595","2597","true","false","","retained_english_content_proof_theory_not_imported_by_complete_reader","Retained because the controlling closure includes every tracked English content TeX file; reader reachability is scheduling metadata, not an exclusion rule.","reader_unit","Maehara's Lemma and Craig's Interpolation Theorem","pt","0","","","1","content/proof-theory/cut-elimination/cut-elimination.tex","0","","20","align*:8|document:1|enumerate:2|lem:2|prob:1|proof:4|thm:2","0","0","1","0","2","0","2","0","0","1","4","0","0","0","3","0","356","locale/ar/content/proof-theory/cut-elimination/interpolation.tex","ACCEPTED","CB8600B790576D92D7D678AC41F9D5699593AD0F9C14C9B68289806EB1F68EB9","PASS_STATIC_SEMANTIC_SOURCE_CARRIER_CONFIG_EXPANSION_MORPHOLOGY_UNICODE_PAIRED_CORRECTION_REPLAY_BUILD_DEFERRED_FOR_DEPENDENCY_CLOSURE","locale/fa-IR/content/proof-theory/cut-elimination/interpolation.tex","ACCEPTED","90A31A0A97D83239B9EC4A4365C41DD28A15E6B3D3CB2DD2D8E7ED21EC77ADD6","PASS_STATIC_SEMANTIC_SOURCE_CARRIER_CONFIG_EXPANSION_MORPHOLOGY_UNICODE_PAIRED_CORRECTION_REPLAY_BUILD_DEFERRED_FOR_DEPENDENCY_CLOSURE","ACCEPTED"
"OLP-0659","659","9620cc73f9c8e0ad003c514a5d3748f29611c4c0","content/proof-theory/cut-elimination/introduction.tex","29f5d3373c0ead285b26a31c1349d79eadb0d871fdb8b9b2c8e4e7fcaa8f012c","5370","110","778","true","false","","retained_english_content_proof_theory_not_imported_by_complete_reader","Retained because the controlling closure includes every tracked English content TeX file; reader reachability is scheduling metadata, not an exclusion rule.","reader_unit","Introduction","pt","0","","","1","content/proof-theory/cut-elimination/cut-elimination.tex","0","","1","document:1","0","0","1","0","0","0","0","0","0","0","0","0","0","0","0","0","18","locale/ar/content/proof-theory/cut-elimination/introduction.tex","ACCEPTED","E358E7F402D598B0D38E2D3F9FCEC2F9C88A7398FC2EDD3A23C9822D61BA9BCD","PASS_STATIC_SEMANTIC_SOURCE_CARRIER_CONFIG_EXPANSION_MORPHOLOGY_UNICODE_PAIRED_CORRECTION_REPLAY_BUILD_DEFERRED_FOR_DEPENDENCY_CLOSURE","locale/fa-IR/content/proof-theory/cut-elimination/introduction.tex","ACCEPTED","A5D803512E518054F33E3995E1F7C93D26E5EEA9C7D9392E55151D8D14AAD0BB","PASS_STATIC_SEMANTIC_SOURCE_CARRIER_CONFIG_EXPANSION_MORPHOLOGY_UNICODE_PAIRED_CORRECTION_REPLAY_BUILD_DEFERRED_FOR_DEPENDENCY_CLOSURE","ACCEPTED"
"OLP-0660","660","9620cc73f9c8e0ad003c514a5d3748f29611c4c0","content/proof-theory/cut-elimination/intuitionistic.tex","860312dea2eabc1f0dad2257edf368b5a6f2202a4760401495485bf8d5299c25","2202","71","113","true","false","","retained_english_content_proof_theory_not_imported_by_complete_reader","Retained because the controlling closure includes every tracked English content TeX file; reader reachability is scheduling metadata, not an exclusion rule.","auxiliary_fragment","","","0","","","0","","0","","0","","0","0","0","0","0","0","0","0","0","0","0","0","0","0","1","0","44","locale/ar/content/proof-theory/cut-elimination/intuitionistic.tex","ACCEPTED","2A2B85D48E801CD6AA63FBD2AAF6D90AEF65BA8D83191181A351C3BF3F4237BF","PASS_STATIC_SEMANTIC_SOURCE_CARRIER_CONFIG_EXPANSION_MORPHOLOGY_UNICODE_PAIRED_CORRECTION_REPLAY_BUILD_DEFERRED_FOR_DEPENDENCY_CLOSURE","locale/fa-IR/content/proof-theory/cut-elimination/intuitionistic.tex","ACCEPTED","10B69CC2FF0D13FA9F7DCEFEEF062C270B8126259D659F7A5F59733B43691815","PASS_STATIC_SEMANTIC_SOURCE_CARRIER_CONFIG_EXPANSION_MORPHOLOGY_UNICODE_PAIRED_CORRECTION_REPLAY_BUILD_DEFERRED_FOR_DEPENDENCY_CLOSURE","ACCEPTED"
"OLP-0661","661","9620cc73f9c8e0ad003c514a5d3748f29611c4c0","content/proof-theory/cut-elimination/midsequent.tex","43256252e3edd0d03b8e10d16dc26bb972c63982700e939e92341e2cd4fb1714","11995","255","1442","true","false","","retained_english_content_proof_theory_not_imported_by_complete_reader","Retained because the controlling closure includes every tracked English content TeX file; reader reachability is scheduling metadata, not an exclusion rule.","reader_unit","The Midsequent Theorem and Herbrand's Theorem","pt","0","","","1","content/proof-theory/cut-elimination/cut-elimination.tex","0","","6","document:1|prob:1|proof:2|thm:2","0","0","1","0","2","0","0","0","0","1","2","0","0","0","2","0","169","locale/ar/content/proof-theory/cut-elimination/midsequent.tex","ACCEPTED","BD4F30B35A4AEC585A02C5B97B8AF8864D87413163307F8D9568763AB1CBECFD","PASS_STATIC_SEMANTIC_SOURCE_CARRIER_CONFIG_EXPANSION_MORPHOLOGY_UNICODE_PAIRED_CORRECTION_REPLAY_BUILD_DEFERRED_FOR_DEPENDENCY_CLOSURE","locale/fa-IR/content/proof-theory/cut-elimination/midsequent.tex","ACCEPTED","8D7ED3C8803D5CB6A24EBFE956F89926B82D655BBD65870C3235DE19B6BA2999","PASS_STATIC_SEMANTIC_SOURCE_CARRIER_CONFIG_EXPANSION_MORPHOLOGY_UNICODE_PAIRED_CORRECTION_REPLAY_BUILD_DEFERRED_FOR_DEPENDENCY_CLOSURE","ACCEPTED"
"OLP-0662","662","9620cc73f9c8e0ad003c514a5d3748f29611c4c0","content/proof-theory/natural-deduction/grafting.tex","36f20c49cf1442555849d58b691558280acacf07ed706376ca96b41fec5ce367","3259","84","409","true","false","","retained_english_content_proof_theory_not_imported_by_complete_reader","Retained because the controlling closure includes every tracked English content TeX file; reader reachability is scheduling metadata, not an exclusion rule.","reader_unit","","pt","0","","","1","content/proof-theory/natural-deduction/natural-deduction.tex","0","","5","defn:2|document:1|proof:1|prop:1","0","0","1","2","0","1","0","0","0","0","1","0","0","0","0","0","56","locale/ar/content/proof-theory/natural-deduction/grafting.tex","ACCEPTED","E718F87867A2C03A4958FBE487FE11F2A8D64370F357687630FE38C4CA651C81","PASS_STATIC_SEMANTIC_SOURCE_CARRIER_CONFIG_EXPANSION_MORPHOLOGY_UNICODE_PAIRED_CORRECTION_REPLAY_BUILD_DEFERRED_FOR_DEPENDENCY_CLOSURE","locale/fa-IR/content/proof-theory/natural-deduction/grafting.tex","ACCEPTED","1B6BB8DE2CC1A3C61174C624024C5E9FE61DD7FE17D1952452C8BF71857A6CEA","PASS_STATIC_SEMANTIC_SOURCE_CARRIER_CONFIG_EXPANSION_MORPHOLOGY_UNICODE_PAIRED_CORRECTION_REPLAY_BUILD_DEFERRED_FOR_DEPENDENCY_CLOSURE","ACCEPTED"
"OLP-0663","663","9620cc73f9c8e0ad003c514a5d3748f29611c4c0","content/proof-theory/natural-deduction/introduction.tex","4a7afe4fd8c0f248d291ad17853b266b4150a6fd53a0635013c488aabbc7018b","5405","112","752","true","false","","retained_english_content_proof_theory_not_imported_by_complete_reader","Retained because the controlling closure includes every tracked English content TeX file; reader reachability is scheduling metadata, not an exclusion rule.","reader_unit","Introduction","pt","0","","","1","content/proof-theory/natural-deduction/natural-deduction.tex","0","","1","document:1","0","0","1","0","0","0","0","0","0","0","0","0","0","0","0","0","48","locale/ar/content/proof-theory/natural-deduction/introduction.tex","ACCEPTED","B509BDF87FAE8FAD62036C8833BDF6AE8DB133B764191DDD48AED8366FA01354","PASS_STATIC_SEMANTIC_SOURCE_CARRIER_CONFIG_EXPANSION_MORPHOLOGY_UNICODE_PAIRED_CORRECTION_REPLAY_BUILD_DEFERRED_FOR_DEPENDENCY_CLOSURE","locale/fa-IR/content/proof-theory/natural-deduction/introduction.tex","ACCEPTED","13EB50E26B550FA8D64D97A85428C6EF081ADBA1245E540069A95D31EA078BC9","PASS_STATIC_SEMANTIC_SOURCE_CARRIER_CONFIG_EXPANSION_MORPHOLOGY_UNICODE_PAIRED_CORRECTION_REPLAY_BUILD_DEFERRED_FOR_DEPENDENCY_CLOSURE","ACCEPTED"
"OLP-0664","664","9620cc73f9c8e0ad003c514a5d3748f29611c4c0","content/proof-theory/natural-deduction/natural-deduction.tex","3d1b130e65a4988520a1a0e0bfb1b72c140d5279b23cebd995f01d69755083f6","392","21","23","true","false","","retained_english_content_proof_theory_not_imported_by_complete_reader","Retained because the controlling closure includes every tracked English content TeX file; reader reachability is scheduling metadata, not an exclusion rule.","chapter_driver","Natural Deduction","","7","content/proof-theory/natural-deduction/introduction.tex|content/proof-theory/natural-deduction/rules-proofs.tex|content/proof-theory/natural-deduction/sequents.tex|content/proof-theory/natural-deduction/quantifiers.tex|content/proof-theory/natural-deduction/grafting.tex|content/proof-theory/natural-deduction/translation-G2i.tex|content/proof-theory/natural-deduction/translation-N2i.tex","","1","content/proof-theory/proof-theory.tex","0","","1","document:1","0","1","0","0","0","0","0","0","0","0","0","0","0","0","0","0","0","locale/ar/content/proof-theory/natural-deduction/natural-deduction.tex","ACCEPTED","671228A5CBF896764EB2B913508E1C4A9BDE0B9F24A9B37B9086AFA7532DBFE5","PASS_STATIC_SEMANTIC_SOURCE_CARRIER_CONFIG_EXPANSION_MORPHOLOGY_UNICODE_PAIRED_CORRECTION_REPLAY_BUILD_DEFERRED_FOR_DEPENDENCY_CLOSURE","locale/fa-IR/content/proof-theory/natural-deduction/natural-deduction.tex","ACCEPTED","DFB9B8B54ABAA84D674CC3BC599202594D67BA31F9D08DD4653379EE1DCDBC6F","PASS_STATIC_SEMANTIC_SOURCE_CARRIER_CONFIG_EXPANSION_MORPHOLOGY_UNICODE_PAIRED_CORRECTION_REPLAY_BUILD_DEFERRED_FOR_DEPENDENCY_CLOSURE","ACCEPTED"
"OLP-0665","665","9620cc73f9c8e0ad003c514a5d3748f29611c4c0","content/proof-theory/natural-deduction/quantifiers.tex","f659fa8c840e145231972ce409fbbde75eeb7e42ec4cefc4f4317b244c83a528","7437","192","839","true","false","","retained_english_content_proof_theory_not_imported_by_complete_reader","Retained because the controlling closure includes every tracked English content TeX file; reader reachability is scheduling metadata, not an exclusion rule.","reader_unit","","pt","0","","","1","content/proof-theory/natural-deduction/natural-deduction.tex","0","","9","defn:1|document:1|enumerate:2|lem:1|prob:1|proof:2|prop:1","0","0","1","1","0","1","1","0","0","1","2","0","0","0","3","0","131","locale/ar/content/proof-theory/natural-deduction/quantifiers.tex","ACCEPTED","3C8870375D3724A35897592BF5C96EB67777D146C7912803C16D5E3DCB589DAA","PASS_STATIC_SEMANTIC_SOURCE_CARRIER_CONFIG_EXPANSION_MORPHOLOGY_UNICODE_PAIRED_CORRECTION_REPLAY_BUILD_DEFERRED_FOR_DEPENDENCY_CLOSURE","locale/fa-IR/content/proof-theory/natural-deduction/quantifiers.tex","ACCEPTED","EE5D3443FCE9927E723CCC24360FC39889FD0CD3DBDD8AD123492D7D3D0262AE","PASS_STATIC_SEMANTIC_SOURCE_CARRIER_CONFIG_EXPANSION_MORPHOLOGY_UNICODE_PAIRED_CORRECTION_REPLAY_BUILD_DEFERRED_FOR_DEPENDENCY_CLOSURE","ACCEPTED"
"OLP-0666","666","9620cc73f9c8e0ad003c514a5d3748f29611c4c0","content/proof-theory/natural-deduction/rules-N1.tex","235d43cc5cf2fb2c3730d1fdd08cebffa5a5c618ea4cf6e49dafec7a1782ee0c","2784","135","142","true","false","","retained_english_content_proof_theory_not_imported_by_complete_reader","Retained because the controlling closure includes every tracked English content TeX file; reader reachability is scheduling metadata, not an exclusion rule.","auxiliary_fragment","","","0","","","0","","0","","6","center:1|document:1|table:1|tabular:3","0","0","0","0","0","0","0","0","0","0","0","0","0","0","0","0","48","locale/ar/content/proof-theory/natural-deduction/rules-N1.tex","ACCEPTED","28098136DAE63EDCEB5BA2C50591445B582ED1376CD712EB64F273D733B04227","PASS_STATIC_SEMANTIC_SOURCE_CARRIER_CONFIG_EXPANSION_MORPHOLOGY_UNICODE_PAIRED_CORRECTION_REPLAY_BUILD_DEFERRED_FOR_DEPENDENCY_CLOSURE","locale/fa-IR/content/proof-theory/natural-deduction/rules-N1.tex","ACCEPTED","B100F16423AD2AA936CF2BCEED4DC26BDB28039A757B65262E3C796075047E15","PASS_STATIC_SEMANTIC_SOURCE_CARRIER_CONFIG_EXPANSION_MORPHOLOGY_UNICODE_PAIRED_CORRECTION_REPLAY_BUILD_DEFERRED_FOR_DEPENDENCY_CLOSURE","ACCEPTED"
"OLP-0667","667","9620cc73f9c8e0ad003c514a5d3748f29611c4c0","content/proof-theory/natural-deduction/rules-N2.tex","de8762e959e0af5bbe4408c47e504971dd708b417ae05b4d4d68a09a0f9491dd","2991","111","148","true","false","","retained_english_content_proof_theory_not_imported_by_complete_reader","Retained because the controlling closure includes every tracked English content TeX file; reader reachability is scheduling metadata, not an exclusion rule.","auxiliary_fragment","","","0","","","0","","0","","5","document:1|table:1|tabular:3","0","0","0","0","0","0","0","0","0","0","0","0","0","0","0","0","44","locale/ar/content/proof-theory/natural-deduction/rules-N2.tex","ACCEPTED","A576DF049E19A28E729D01FE3DFB806AA6A85F302EF549BA34765CFDBC80D0C5","PASS_STATIC_SEMANTIC_SOURCE_TOPOLOGY_CARRIER_CONFIG_EXPANSION_MORPHOLOGY_UNICODE_PAIRED_DIRECT_FILE_REPLAY_BUILD_DEFERRED_FOR_DEPENDENCY_CLOSURE","locale/fa-IR/content/proof-theory/natural-deduction/rules-N2.tex","ACCEPTED","480D7EF51F30B42476467E70A74610BC1D644EEB273DCBABB5B1D5CD688F0F04","PASS_STATIC_SEMANTIC_SOURCE_TOPOLOGY_CARRIER_CONFIG_EXPANSION_MORPHOLOGY_UNICODE_PAIRED_DIRECT_FILE_REPLAY_BUILD_DEFERRED_FOR_DEPENDENCY_CLOSURE","ACCEPTED"
"OLP-0668","668","9620cc73f9c8e0ad003c514a5d3748f29611c4c0","content/proof-theory/natural-deduction/rules-proofs.tex","401980e35bc8666a063fa4c30c545afd56cb0e5a95993c1c710e8e0cb15509e1","11080","293","1255","true","false","","retained_english_content_proof_theory_not_imported_by_complete_reader","Retained because the controlling closure includes every tracked English content TeX file; reader reachability is scheduling metadata, not an exclusion rule.","reader_unit","","pt","0","","","1","content/proof-theory/natural-deduction/natural-deduction.tex","1","rules-N1","6","defn:2|document:1|enumerate:2|ex:1","0","0","1","2","0","0","0","0","1","0","0","0","0","0","1","0","173","locale/ar/content/proof-theory/natural-deduction/rules-proofs.tex","ACCEPTED","33D7E37E67ABC035F9DB259E753ABC6C2C6B5BA8A080B5E225EC1A0DF6E7645B","PASS_STATIC_SEMANTIC_SOURCE_TOPOLOGY_CARRIER_CONFIG_EXPANSION_MORPHOLOGY_UNICODE_PAIRED_DIRECT_FILE_REPLAY_BUILD_DEFERRED_FOR_DEPENDENCY_CLOSURE","locale/fa-IR/content/proof-theory/natural-deduction/rules-proofs.tex","ACCEPTED","016E8BBAE64CFAD2A881AA557ACEB4C1265C59726F16DC35514AB37D2EA17A1B","PASS_STATIC_SEMANTIC_SOURCE_TOPOLOGY_CARRIER_CONFIG_EXPANSION_MORPHOLOGY_UNICODE_PAIRED_DIRECT_FILE_REPLAY_BUILD_DEFERRED_FOR_DEPENDENCY_CLOSURE","ACCEPTED"
"OLP-0669","669","9620cc73f9c8e0ad003c514a5d3748f29611c4c0","content/proof-theory/natural-deduction/sequents.tex","7bbcd1e76eea4d6e21e06a63ce38207f393e0e326d4a1c089f2ba2289cb2c865","5778","161","679","true","false","","retained_english_content_proof_theory_not_imported_by_complete_reader","Retained because the controlling closure includes every tracked English content TeX file; reader reachability is scheduling metadata, not an exclusion rule.","reader_unit","","pt","0","","","1","content/proof-theory/natural-deduction/natural-deduction.tex","1","rules-N2","5","document:1|proof:2|prop:2","0","0","1","0","0","2","0","0","0","0","2","0","0","0","1","0","98","locale/ar/content/proof-theory/natural-deduction/sequents.tex","ACCEPTED","2F896195673724941B84BA1E0BA176EA9DE3492D2409686F8DC6EE4F864C3C55","PASS_STATIC_SEMANTIC_SOURCE_TOPOLOGY_CARRIER_CONFIG_EXPANSION_MORPHOLOGY_UNICODE_PAIRED_DIRECT_FILE_REPLAY_BUILD_DEFERRED_FOR_DEPENDENCY_CLOSURE","locale/fa-IR/content/proof-theory/natural-deduction/sequents.tex","ACCEPTED","CF97537E40D2B2C15B31808A2F66C6404AD22AF704CADAD896A70758DE9C978F","PASS_STATIC_SEMANTIC_SOURCE_TOPOLOGY_CARRIER_CONFIG_EXPANSION_MORPHOLOGY_UNICODE_PAIRED_DIRECT_FILE_REPLAY_BUILD_DEFERRED_FOR_DEPENDENCY_CLOSURE","ACCEPTED"
"OLP-0670","670","9620cc73f9c8e0ad003c514a5d3748f29611c4c0","content/proof-theory/natural-deduction/translation-G2i.tex","77ca62c0fbd87b5453d2e3684f3bc8fc4552267948dd31c62cd9093c77472393","8642","206","815","true","false","","retained_english_content_proof_theory_not_imported_by_complete_reader","Retained because the controlling closure includes every tracked English content TeX file; reader reachability is scheduling metadata, not an exclusion rule.","reader_unit","","pt","0","","","1","content/proof-theory/natural-deduction/natural-deduction.tex","0","","4","document:1|enumerate:1|proof:1|prop:1","0","0","1","0","0","1","0","0","0","0","1","0","0","0","0","0","210","locale/ar/content/proof-theory/natural-deduction/translation-G2i.tex","ACCEPTED","77DBC0BF028F6D9553AD4B9B7D1AABC01B1C86EF4AE844469FB1E1DEA0FBE502","PASS_STATIC_SEMANTIC_SOURCE_TOPOLOGY_CARRIER_CONFIG_EXPANSION_MORPHOLOGY_UNICODE_PAIRED_DIRECT_FILE_REPLAY_BUILD_DEFERRED_FOR_DEPENDENCY_CLOSURE","locale/fa-IR/content/proof-theory/natural-deduction/translation-G2i.tex","ACCEPTED","5E9302B0FBD4E0C231113C151021FD6173DE9F1DDF21637A285F066159EF9B41","PASS_STATIC_SEMANTIC_SOURCE_TOPOLOGY_CARRIER_CONFIG_EXPANSION_MORPHOLOGY_UNICODE_PAIRED_DIRECT_FILE_REPLAY_BUILD_DEFERRED_FOR_DEPENDENCY_CLOSURE","ACCEPTED"
"OLP-0671","671","9620cc73f9c8e0ad003c514a5d3748f29611c4c0","content/proof-theory/natural-deduction/translation-N2i.tex","d86df7cf8214e1be21b79edb8b2403189d9e5aea9655c9d0a289f15a06f70085","4372","124","351","true","false","","retained_english_content_proof_theory_not_imported_by_complete_reader","Retained because the controlling closure includes every tracked English content TeX file; reader reachability is scheduling metadata, not an exclusion rule.","reader_unit","","pt","0","","","1","content/proof-theory/natural-deduction/natural-deduction.tex","0","","4","document:1|enumerate:1|proof:1|prop:1","0","0","1","0","0","1","0","0","0","0","1","0","0","0","0","0","93","locale/ar/content/proof-theory/natural-deduction/translation-N2i.tex","ACCEPTED","F8012AADDE1351DA2F5541760E2E92758870311AEBDA0B5DB2A41B20B1A21F91","PASS_STATIC_SEMANTIC_SOURCE_TOPOLOGY_CARRIER_CONFIG_EXPANSION_MORPHOLOGY_UNICODE_PAIRED_DIRECT_FILE_REPLAY_BUILD_DEFERRED_FOR_DEPENDENCY_CLOSURE","locale/fa-IR/content/proof-theory/natural-deduction/translation-N2i.tex","ACCEPTED","3C99A8D0638F2C8BD351DC27D6BFE23DFDC281E37A251CA6D4CC05486612A1A8","PASS_STATIC_SEMANTIC_SOURCE_TOPOLOGY_CARRIER_CONFIG_EXPANSION_MORPHOLOGY_UNICODE_PAIRED_DIRECT_FILE_REPLAY_BUILD_DEFERRED_FOR_DEPENDENCY_CLOSURE","ACCEPTED"
"OLP-0672","672","9620cc73f9c8e0ad003c514a5d3748f29611c4c0","content/proof-theory/normalization/introduction.tex","e7d822cb037c302eab15903e0b9111f4143cf9feab4dbb2e22e8c3411bc88f89","2448","61","333","true","false","","retained_english_content_proof_theory_not_imported_by_complete_reader","Retained because the controlling closure includes every tracked English content TeX file; reader reachability is scheduling metadata, not an exclusion rule.","reader_unit","Introduction","pt","0","","","1","content/proof-theory/normalization/normalization.tex","0","","1","document:1","0","0","1","0","0","0","0","0","0","0","0","0","0","0","0","0","21","locale/ar/content/proof-theory/normalization/introduction.tex","ACCEPTED","507FEA84182F3A6223268BF013EB4C87E58F921479B5427E33F5D6FFEA1D4900","PASS_STATIC_SEMANTIC_SOURCE_TOPOLOGY_CARRIER_CONFIG_EXPANSION_MORPHOLOGY_UNICODE_PAIRED_DIRECT_FILE_REPLAY_BUILD_DEFERRED_FOR_DEPENDENCY_CLOSURE","locale/fa-IR/content/proof-theory/normalization/introduction.tex","ACCEPTED","EADF05A13DEC26E3EBA03D5CC0DEB778ACA37EF2EE46D908969702E2C064920F","PASS_STATIC_SEMANTIC_SOURCE_TOPOLOGY_CARRIER_CONFIG_EXPANSION_MORPHOLOGY_UNICODE_PAIRED_DIRECT_FILE_REPLAY_BUILD_DEFERRED_FOR_DEPENDENCY_CLOSURE","ACCEPTED"
"OLP-0673","673","9620cc73f9c8e0ad003c514a5d3748f29611c4c0","content/proof-theory/normalization/normalization-thm.tex","9d53604ab4e2466f9f7494374dd967a9f267ea1cb1843860c088444af7b56862","2318","58","321","true","false","","retained_english_content_proof_theory_not_imported_by_complete_reader","Retained because the controlling closure includes every tracked English content TeX file; reader reachability is scheduling metadata, not an exclusion rule.","reader_unit","The Normalization Theorem","pt","0","","","1","content/proof-theory/normalization/normalization.tex","0","","4","document:1|proof:1|thm:2","0","0","1","0","2","0","0","0","0","0","1","0","0","0","0","0","11","locale/ar/content/proof-theory/normalization/normalization-thm.tex","ACCEPTED","2C2BD319B13D4C43588B5702BA9EF3BBE90B1F9E7FA6B977C6E226146EC47867","PASS_STATIC_SEMANTIC_SOURCE_TOPOLOGY_CARRIER_CONFIG_EXPANSION_MORPHOLOGY_UNICODE_PAIRED_DIRECT_FILE_REPLAY_BUILD_DEFERRED_FOR_DEPENDENCY_CLOSURE","locale/fa-IR/content/proof-theory/normalization/normalization-thm.tex","ACCEPTED","CFB14EA55D3F8C73FF763EC4AC63778F25DC82BE8832CD2EFDC94F75057793D8","PASS_STATIC_SEMANTIC_SOURCE_TOPOLOGY_CARRIER_CONFIG_EXPANSION_MORPHOLOGY_UNICODE_PAIRED_DIRECT_FILE_REPLAY_BUILD_DEFERRED_FOR_DEPENDENCY_CLOSURE","ACCEPTED"
"OLP-0674","674","9620cc73f9c8e0ad003c514a5d3748f29611c4c0","content/proof-theory/normalization/normalization.tex","be1be227ff38872ed4194551daf55be05c765cf66e83498cc08d0d6c8844cd57","361","20","17","true","false","","retained_english_content_proof_theory_not_imported_by_complete_reader","Retained because the controlling closure includes every tracked English content TeX file; reader reachability is scheduling metadata, not an exclusion rule.","chapter_driver","Normalization","","6","content/proof-theory/normalization/introduction.tex|content/proof-theory/normalization/segments.tex|content/proof-theory/normalization/permutations.tex|content/proof-theory/normalization/reductions.tex|content/proof-theory/normalization/normalization-thm.tex|content/proof-theory/normalization/translations.tex","","1","content/proof-theory/proof-theory.tex","0","","1","document:1","0","1","0","0","0","0","0","0","0","0","0","0","0","0","0","0","0","locale/ar/content/proof-theory/normalization/normalization.tex","ACCEPTED","69056A0DDF68D5B1B44D68E0D6E13AFA42A2BD35EE3D158A77E0C1EA1811DF2A","PASS_STATIC_SEMANTIC_SOURCE_TOPOLOGY_CARRIER_CONFIG_EXPANSION_MORPHOLOGY_UNICODE_PAIRED_DIRECT_FILE_REPLAY_BUILD_DEFERRED_FOR_DEPENDENCY_CLOSURE","locale/fa-IR/content/proof-theory/normalization/normalization.tex","ACCEPTED","0EB93DD22EC28E04AC820DCB5D058A0C2B85D94B728594A61DF2E753F5DA0968","PASS_STATIC_SEMANTIC_SOURCE_TOPOLOGY_CARRIER_CONFIG_EXPANSION_MORPHOLOGY_UNICODE_PAIRED_DIRECT_FILE_REPLAY_BUILD_DEFERRED_FOR_DEPENDENCY_CLOSURE","ACCEPTED"
"OLP-0675","675","9620cc73f9c8e0ad003c514a5d3748f29611c4c0","content/proof-theory/normalization/permutations.tex","594005d50c359946d7ff673f0b6eb86dcf0c56e8cd9bd001a66981bdf6602310","12368","426","872","true","false","","retained_english_content_proof_theory_not_imported_by_complete_reader","Retained because the controlling closure includes every tracked English content TeX file; reader reachability is scheduling metadata, not an exclusion rule.","reader_unit","Permutation Conversions","pt","0","","","1","content/proof-theory/normalization/normalization.tex","0","","5","document:1|longtable:1|prob:3","0","0","1","0","0","0","0","0","0","3","0","0","0","0","1","0","160","locale/ar/content/proof-theory/normalization/permutations.tex","ACCEPTED","68F7DC44529574F03FD172017B50ADAAE9685B905A4EFEF678654766A3D4A4CF","PASS_STATIC_SEMANTIC_SOURCE_TOPOLOGY_CARRIER_CONFIG_EXPANSION_MORPHOLOGY_UNICODE_PAIRED_DIRECT_FILE_REPLAY_BUILD_DEFERRED_FOR_DEPENDENCY_CLOSURE","locale/fa-IR/content/proof-theory/normalization/permutations.tex","ACCEPTED","110EA7B4D8F5B2F1F7F24E8B50971021E60CBDF37C86BA9466F50D73A1C273BF","PASS_STATIC_SEMANTIC_SOURCE_TOPOLOGY_CARRIER_CONFIG_EXPANSION_MORPHOLOGY_UNICODE_PAIRED_DIRECT_FILE_REPLAY_BUILD_DEFERRED_FOR_DEPENDENCY_CLOSURE","ACCEPTED"
"OLP-0676","676","9620cc73f9c8e0ad003c514a5d3748f29611c4c0","content/proof-theory/normalization/reductions.tex","97d1a7e894ca1acaceafe77023cda83c19b85717dc5e97f5b5bd0ef751d0d419","10426","346","962","true","false","","retained_english_content_proof_theory_not_imported_by_complete_reader","Retained because the controlling closure includes every tracked English content TeX file; reader reachability is scheduling metadata, not an exclusion rule.","reader_unit","Reduction Conversions","pt","0","","","1","content/proof-theory/normalization/normalization.tex","0","","5","document:1|enumerate:1|multline*:1|prob:1|table:1","0","0","1","0","0","0","0","0","0","1","0","0","0","0","1","0","158","locale/ar/content/proof-theory/normalization/reductions.tex","ACCEPTED","A6EFC991F94B645082DF1955F30DA36EC608D273F515F6B885ED99AE22B2FF07","PASS_STATIC_SEMANTIC_SOURCE_TOPOLOGY_CARRIER_CONFIG_EXPANSION_MORPHOLOGY_UNICODE_PAIRED_DIRECT_FILE_REPLAY_BUILD_DEFERRED_FOR_DEPENDENCY_CLOSURE","locale/fa-IR/content/proof-theory/normalization/reductions.tex","ACCEPTED","CCFEB283C0FB7043C105D72DA0B65B2A8AF2F3AD49D9BCCBCA8C52449147A449","PASS_STATIC_SEMANTIC_SOURCE_TOPOLOGY_CARRIER_CONFIG_EXPANSION_MORPHOLOGY_UNICODE_PAIRED_DIRECT_FILE_REPLAY_BUILD_DEFERRED_FOR_DEPENDENCY_CLOSURE","ACCEPTED"
"OLP-0677","677","9620cc73f9c8e0ad003c514a5d3748f29611c4c0","content/proof-theory/normalization/segments.tex","d010c5a559ecb648995f44d8a7da6150a6979e61f5ada1a10990fc149ddde243","3790","108","443","true","false","","retained_english_content_proof_theory_not_imported_by_complete_reader","Retained because the controlling closure includes every tracked English content TeX file; reader reachability is scheduling metadata, not an exclusion rule.","reader_unit","Segments and Cuts","pt","0","","","1","content/proof-theory/normalization/normalization.tex","0","","5","defn:3|document:1|enumerate:1","0","0","1","3","0","0","0","0","0","0","0","0","0","0","0","0","49","locale/ar/content/proof-theory/normalization/segments.tex","ACCEPTED","656E851F5DB9F6BCCB31B382D0AB48EFF7CE063130D0397E85C4EA04282557C9","PASS_STATIC_SEMANTIC_SOURCE_TOPOLOGY_CARRIER_CONFIG_EXPANSION_MORPHOLOGY_UNICODE_PAIRED_DIRECT_FILE_REPLAY_BUILD_DEFERRED_FOR_DEPENDENCY_CLOSURE","locale/fa-IR/content/proof-theory/normalization/segments.tex","ACCEPTED","28B4F9DEA5372C14B73A79552C7D182424A24A6DEEFAD31A9281B90987F8D632","PASS_STATIC_SEMANTIC_SOURCE_TOPOLOGY_CARRIER_CONFIG_EXPANSION_MORPHOLOGY_UNICODE_PAIRED_DIRECT_FILE_REPLAY_BUILD_DEFERRED_FOR_DEPENDENCY_CLOSURE","ACCEPTED"
"OLP-0678","678","9620cc73f9c8e0ad003c514a5d3748f29611c4c0","content/proof-theory/normalization/translations.tex","a4c49477d57cd7f79e43992953978e3c672db43ff1d0010edb42603665ba34f4","13305","328","1474","true","false","","retained_english_content_proof_theory_not_imported_by_complete_reader","Retained because the controlling closure includes every tracked English content TeX file; reader reachability is scheduling metadata, not an exclusion rule.","reader_unit","","pt","0","","","1","content/proof-theory/normalization/normalization.tex","0","","9","cor:2|document:1|enumerate:2|proof:3|prop:1","0","0","1","0","0","1","0","2","0","0","3","0","0","0","5","0","215","locale/ar/content/proof-theory/normalization/translations.tex","ACCEPTED","01EFD7D42FC0B8C94265B5FD80EFAEE5537B7A308BD6C548B638E084770B5D0B","PASS_STATIC_SEMANTIC_SOURCE_TOPOLOGY_CARRIER_CONFIG_EXPANSION_MORPHOLOGY_UNICODE_PAIRED_DIRECT_FILE_REPLAY_BUILD_DEFERRED_FOR_DEPENDENCY_CLOSURE","locale/fa-IR/content/proof-theory/normalization/translations.tex","ACCEPTED","2F03753B1D6EAC2DF8B91E679468B5337D5300E219FAD8536C5E929329B954D1","PASS_STATIC_SEMANTIC_SOURCE_TOPOLOGY_CARRIER_CONFIG_EXPANSION_MORPHOLOGY_UNICODE_PAIRED_DIRECT_FILE_REPLAY_BUILD_DEFERRED_FOR_DEPENDENCY_CLOSURE","ACCEPTED"
"OLP-0679","679","9620cc73f9c8e0ad003c514a5d3748f29611c4c0","content/proof-theory/proof-search/completeness.tex","e5bb86c0415c28d010d433610349f0b1defa84eb33d80a5f8242dcb1c6308840","9192","195","1229","true","false","","retained_english_content_proof_theory_not_imported_by_complete_reader","Retained because the controlling closure includes every tracked English content TeX file; reader reachability is scheduling metadata, not an exclusion rule.","reader_unit","Completeness","pt","0","","","1","content/proof-theory/proof-search/proof-search.tex","0","","10","cor:2|document:1|enumerate:3|lem:1|proof:3","0","0","1","0","0","0","1","2","0","0","3","0","0","0","2","0","183","locale/ar/content/proof-theory/proof-search/completeness.tex","ACCEPTED","C8FCFCB18C87AA8483D83947FF8C5E2ED998F5A79A24ED44C541F8DD108E58C3","PASS_STATIC_SEMANTIC_SOURCE_TOPOLOGY_CARRIER_CONFIG_EXPANSION_MORPHOLOGY_UNICODE_PAIRED_DIRECT_FILE_REPLAY_BUILD_DEFERRED_FOR_DEPENDENCY_CLOSURE","locale/fa-IR/content/proof-theory/proof-search/completeness.tex","ACCEPTED","BFA36802FB819D78C63DA0FA092DD9B186EB3DF6EC7ECCFA6B0479FFABD0CDCC","PASS_STATIC_SEMANTIC_SOURCE_TOPOLOGY_CARRIER_CONFIG_EXPANSION_MORPHOLOGY_UNICODE_PAIRED_DIRECT_FILE_REPLAY_BUILD_DEFERRED_FOR_DEPENDENCY_CLOSURE","ACCEPTED"
"OLP-0680","680","9620cc73f9c8e0ad003c514a5d3748f29611c4c0","content/proof-theory/proof-search/introduction.tex","8f6b2e6c0ec8a7e1a00ef22d7f840643b6fa02aa8b7b9e2e09b40e6efd60933b","6621","120","1013","true","false","","retained_english_content_proof_theory_not_imported_by_complete_reader","Retained because the controlling closure includes every tracked English content TeX file; reader reachability is scheduling metadata, not an exclusion rule.","reader_unit","Introduction","pt","0","","","1","content/proof-theory/proof-search/proof-search.tex","0","","1","document:1","0","0","1","0","0","0","0","0","0","0","0","0","0","0","0","0","29","locale/ar/content/proof-theory/proof-search/introduction.tex","ACCEPTED","5322C500AAE9F845C55117AB42F578D9B64AD7C7D69ABB450A2189F43CFDE6E7","PASS_STATIC_SEMANTIC_SOURCE_TOPOLOGY_CARRIER_CONFIG_EXPANSION_MORPHOLOGY_UNICODE_PAIRED_DIRECT_FILE_REPLAY_BUILD_DEFERRED_FOR_DEPENDENCY_CLOSURE","locale/fa-IR/content/proof-theory/proof-search/introduction.tex","ACCEPTED","B84922871D92220751E4758710D997C9E75E47DC7EA390FAF8FE87FD242EDCEE","PASS_STATIC_SEMANTIC_SOURCE_TOPOLOGY_CARRIER_CONFIG_EXPANSION_MORPHOLOGY_UNICODE_PAIRED_DIRECT_FILE_REPLAY_BUILD_DEFERRED_FOR_DEPENDENCY_CLOSURE","ACCEPTED"
"OLP-0681","681","9620cc73f9c8e0ad003c514a5d3748f29611c4c0","content/proof-theory/proof-search/proof-search.tex","034e18d6cebbf15dc804eb5bb383e4a989f2bba60613d5ec59668bb03c5075e8","309","18","16","true","false","","retained_english_content_proof_theory_not_imported_by_complete_reader","Retained because the controlling closure includes every tracked English content TeX file; reader reachability is scheduling metadata, not an exclusion rule.","chapter_driver","Proof Search","","4","content/proof-theory/proof-search/introduction.tex|content/proof-theory/proof-search/search-algorithm.tex|content/proof-theory/proof-search/completeness.tex|content/proof-theory/proof-search/tableaux.tex","","0","","0","","1","document:1","0","1","0","0","0","0","0","0","0","0","0","0","0","0","0","0","0","locale/ar/content/proof-theory/proof-search/proof-search.tex","ACCEPTED","BEA95CB03063F760F64FD1FB12E743C7ACD95F7A4634B361F180887EB0A5F8E2","PASS_STATIC_SEMANTIC_SOURCE_TOPOLOGY_CARRIER_CONFIG_EXPANSION_MORPHOLOGY_UNICODE_PAIRED_DIRECT_FILE_REPLAY_BUILD_DEFERRED_FOR_DEPENDENCY_CLOSURE","locale/fa-IR/content/proof-theory/proof-search/proof-search.tex","ACCEPTED","D970F4EC562B6698BBAE8E8C2FC4A9747313710337E8A058DF7462D32EBE4B94","PASS_STATIC_SEMANTIC_SOURCE_TOPOLOGY_CARRIER_CONFIG_EXPANSION_MORPHOLOGY_UNICODE_PAIRED_DIRECT_FILE_REPLAY_BUILD_DEFERRED_FOR_DEPENDENCY_CLOSURE","ACCEPTED"
"OLP-0682","682","9620cc73f9c8e0ad003c514a5d3748f29611c4c0","content/proof-theory/proof-search/rules-Tc.tex","c0938bb04a66e01c9abbe93289be6fce6c185cb032b1415b4a8a03d6fa542a38","2240","85","92","true","false","","retained_english_content_proof_theory_not_imported_by_complete_reader","Retained because the controlling closure includes every tracked English content TeX file; reader reachability is scheduling metadata, not an exclusion rule.","auxiliary_fragment","","","0","","","0","","0","","4","center:1|document:1|table:1|tabular:1","0","0","0","0","0","0","0","0","0","0","0","0","0","0","0","0","6","locale/ar/content/proof-theory/proof-search/rules-Tc.tex","ACCEPTED","7F15985B2E34A1F0F6E39C55BD802E4398E7161D681FF36DEA8A6A598310193F","PASS_STATIC_SEMANTIC_SOURCE_TOPOLOGY_CARRIER_CONFIG_EXPANSION_MORPHOLOGY_UNICODE_PAIRED_DIRECT_FILE_REPLAY_BUILD_DEFERRED_FOR_DEPENDENCY_CLOSURE","locale/fa-IR/content/proof-theory/proof-search/rules-Tc.tex","ACCEPTED","AEBE0128259BD73221F88D602334322FCF8A43E5F2AC5D78483C2BC0010B797C","PASS_STATIC_SEMANTIC_SOURCE_TOPOLOGY_CARRIER_CONFIG_EXPANSION_MORPHOLOGY_UNICODE_PAIRED_DIRECT_FILE_REPLAY_BUILD_DEFERRED_FOR_DEPENDENCY_CLOSURE","ACCEPTED"
"OLP-0683","683","9620cc73f9c8e0ad003c514a5d3748f29611c4c0","content/proof-theory/proof-search/search-algorithm.tex","cb91e07077ec7c1eccf4abef3ff86af7c4dd21838986adff2fac5037439be095","6758","150","945","true","false","","retained_english_content_proof_theory_not_imported_by_complete_reader","Retained because the controlling closure includes every tracked English content TeX file; reader reachability is scheduling metadata, not an exclusion rule.","reader_unit","","pt","0","","","1","content/proof-theory/proof-search/proof-search.tex","0","","3","document:1|enumerate:1|prop:1","0","0","1","0","0","1","0","0","0","0","0","0","0","0","0","0","81","locale/ar/content/proof-theory/proof-search/search-algorithm.tex","ACCEPTED","81F8F7E0B7BC2AC7728454F187BF70BCF8C2B19BB95CE42F96876DD944F9291C","PASS_STATIC_SEMANTIC_SOURCE_TOPOLOGY_CARRIER_CONFIG_EXPANSION_MORPHOLOGY_UNICODE_PAIRED_DIRECT_FILE_REPLAY_BUILD_DEFERRED_FOR_DEPENDENCY_CLOSURE","locale/fa-IR/content/proof-theory/proof-search/search-algorithm.tex","ACCEPTED","6891A77BBEF313D5D10233CFE35811DD00E77C5D9B19782F3B22CC8CD2F0D362","PASS_STATIC_SEMANTIC_SOURCE_TOPOLOGY_CARRIER_CONFIG_EXPANSION_MORPHOLOGY_UNICODE_PAIRED_DIRECT_FILE_REPLAY_BUILD_DEFERRED_FOR_DEPENDENCY_CLOSURE","ACCEPTED"
"OLP-0684","684","9620cc73f9c8e0ad003c514a5d3748f29611c4c0","content/proof-theory/proof-search/tableaux.tex","21be4b2a208c359f5fd90b18911e1363fbb03292d09a8d8a756707abae255884","8777","195","942","true","false","","retained_english_content_proof_theory_not_imported_by_complete_reader","Retained because the controlling closure includes every tracked English content TeX file; reader reachability is scheduling metadata, not an exclusion rule.","reader_unit","Tableaux","pt","0","","","1","content/proof-theory/proof-search/proof-search.tex","1","rules-Tc","2","document:1|oltableau:1","0","0","1","0","0","0","0","0","0","0","0","0","0","0","2","0","59","locale/ar/content/proof-theory/proof-search/tableaux.tex","ACCEPTED","2A897844360A8EAB2CD8733AAAC3BAD07C967FF87DDABF636D714F696A385F44","PASS_STATIC_SEMANTIC_SOURCE_TOPOLOGY_CARRIER_CONFIG_EXPANSION_MORPHOLOGY_UNICODE_PAIRED_DIRECT_FILE_REPLAY_BUILD_DEFERRED_FOR_DEPENDENCY_CLOSURE","locale/fa-IR/content/proof-theory/proof-search/tableaux.tex","ACCEPTED","89C2B1A64441FE08788E56CE18B0886ED1EEA29F2364BFF8CD129D3A4C343C53","PASS_STATIC_SEMANTIC_SOURCE_TOPOLOGY_CARRIER_CONFIG_EXPANSION_MORPHOLOGY_UNICODE_PAIRED_DIRECT_FILE_REPLAY_BUILD_DEFERRED_FOR_DEPENDENCY_CLOSURE","ACCEPTED"
"OLP-0685","685","9620cc73f9c8e0ad003c514a5d3748f29611c4c0","content/proof-theory/proof-theory.tex","8f25f4d43c10bb3ef51d57ee0e08d3d2ff2db67f55f94a0381fa2ce922b7f843","552","23","49","true","false","","retained_english_content_proof_theory_not_imported_by_complete_reader","Retained because the controlling closure includes every tracked English content TeX file; reader reachability is scheduling metadata, not an exclusion rule.","part_driver","Proof Theory","","5","content/proof-theory/sequent-calculus/sequent-calculus.tex|content/proof-theory/cut-elimination/cut-elimination.tex|content/proof-theory/natural-deduction/natural-deduction.tex|content/proof-theory/normalization/normalization.tex|content/proof-theory/propositions-as-types/propositions-as-types.tex","","0","","0","","2","document:1|editorial:1","1","0","0","0","0","0","0","0","0","0","0","0","0","0","0","0","0","locale/ar/content/proof-theory/proof-theory.tex","ACCEPTED","14ADEB5B0F55DA55D8ACD5348D3B2191696C5C0C9F2F01D26D5CD1C6E3EFF26D","PASS_STATIC_SEMANTIC_SOURCE_TOPOLOGY_CARRIER_CONFIG_EXPANSION_MORPHOLOGY_UNICODE_PAIRED_DIRECT_FILE_REPLAY_BUILD_DEFERRED_FOR_DEPENDENCY_CLOSURE","locale/fa-IR/content/proof-theory/proof-theory.tex","ACCEPTED","DCEE020ADE7894E26EEAF169C513F128DDE2921D7AEEB77C9654ABE88CBB2E51","PASS_STATIC_SEMANTIC_SOURCE_TOPOLOGY_CARRIER_CONFIG_EXPANSION_MORPHOLOGY_UNICODE_PAIRED_DIRECT_FILE_REPLAY_BUILD_DEFERRED_FOR_DEPENDENCY_CLOSURE","ACCEPTED"
"OLP-0686","686","9620cc73f9c8e0ad003c514a5d3748f29611c4c0","content/proof-theory/propositions-as-types/introduction.tex","340db7b4220e6c9596deaeaa90c7091ac94cb43630d014e14012ab92bb26a15d","5941","143","792","true","false","","retained_english_content_proof_theory_not_imported_by_complete_reader","Retained because the controlling closure includes every tracked English content TeX file; reader reachability is scheduling metadata, not an exclusion rule.","reader_unit","Introduction","int","0","","","1","content/proof-theory/propositions-as-types/propositions-as-types.tex","0","","5","center:1|document:1|gather*:1|prooftree:1|tabular:1","0","0","1","0","0","0","0","0","0","0","0","0","0","0","0","0","118","locale/ar/content/proof-theory/propositions-as-types/introduction.tex","ACCEPTED","1F91F112381B6015300139EE5D2C32AF416C40975E43EEACEE1BD2B8BF195D6B","PASS_STATIC_SEMANTIC_SOURCE_TOPOLOGY_CARRIER_CONFIG_EXPANSION_MORPHOLOGY_UNICODE_PAIRED_DIRECT_FILE_REPLAY_BUILD_DEFERRED_FOR_DEPENDENCY_CLOSURE","locale/fa-IR/content/proof-theory/propositions-as-types/introduction.tex","ACCEPTED","4A4663CB1D4506E017380D621729C10F97826B7014653A5A3B879283BE868FB5","PASS_STATIC_SEMANTIC_SOURCE_TOPOLOGY_CARRIER_CONFIG_EXPANSION_MORPHOLOGY_UNICODE_PAIRED_DIRECT_FILE_REPLAY_BUILD_DEFERRED_FOR_DEPENDENCY_CLOSURE","ACCEPTED"
"OLP-0687","687","9620cc73f9c8e0ad003c514a5d3748f29611c4c0","content/proof-theory/propositions-as-types/normalization.tex","abb9f9bc4d5a50031e5db507cf7a164d07625cccefc98a9c2c90ae0eb03223cc","11252","256","1595","true","false","","retained_english_content_proof_theory_not_imported_by_complete_reader","Retained because the controlling closure includes every tracked English content TeX file; reader reachability is scheduling metadata, not an exclusion rule.","reader_unit","Normalization","int","0","","","1","content/proof-theory/propositions-as-types/propositions-as-types.tex","0","","20","align*:3|document:1|enumerate:6|lem:3|proof:5|prop:1|thm:1","0","0","1","0","1","1","3","0","0","0","5","0","0","0","0","0","206","locale/ar/content/proof-theory/propositions-as-types/normalization.tex","ACCEPTED","235AFD624C026DFE7EC76A43648DCA1504F5952BAFC3AAECC04667874496ECA8","PASS_STATIC_SEMANTIC_SOURCE_TOPOLOGY_CARRIER_CONFIG_EXPANSION_MORPHOLOGY_UNICODE_PAIRED_DIRECT_FILE_REPLAY_BUILD_DEFERRED_FOR_DEPENDENCY_CLOSURE","locale/fa-IR/content/proof-theory/propositions-as-types/normalization.tex","ACCEPTED","26AB987D30C63ABE3D0B0C4F3A1B7BAFB7E6C8E175BE9A05AD881DF1012F7207","PASS_STATIC_SEMANTIC_SOURCE_TOPOLOGY_CARRIER_CONFIG_EXPANSION_MORPHOLOGY_UNICODE_PAIRED_DIRECT_FILE_REPLAY_BUILD_DEFERRED_FOR_DEPENDENCY_CLOSURE","ACCEPTED"
"OLP-0688","688","9620cc73f9c8e0ad003c514a5d3748f29611c4c0","content/proof-theory/propositions-as-types/proof-terms.tex","902be4badf2f41ac113c0ccc78f7e784149e151da319f7f9e5a95207471fa716","5960","133","831","true","false","","retained_english_content_proof_theory_not_imported_by_complete_reader","Retained because the controlling closure includes every tracked English content TeX file; reader reachability is scheduling metadata, not an exclusion rule.","reader_unit","Proof Terms","int","0","","","1","content/proof-theory/propositions-as-types/propositions-as-types.tex","1","rules-tN2","3","defn:1|document:1|enumerate:1","0","0","1","1","0","0","0","0","0","0","0","0","0","0","1","0","83","locale/ar/content/proof-theory/propositions-as-types/proof-terms.tex","ACCEPTED","4C24421E3FDA2C85664E6D4D8B21785711F91B88DCEE37DB4C74463BF7FAA9BB","PASS_STATIC_SEMANTIC_SOURCE_TOPOLOGY_CARRIER_CONFIG_EXPANSION_MORPHOLOGY_UNICODE_PAIRED_DIRECT_FILE_REPLAY_BUILD_DEFERRED_FOR_DEPENDENCY_CLOSURE","locale/fa-IR/content/proof-theory/propositions-as-types/proof-terms.tex","ACCEPTED","37C178827623943295C9D37686FA1B17637037E1D0A3BE610DC6272023675608","PASS_STATIC_SEMANTIC_SOURCE_TOPOLOGY_CARRIER_CONFIG_EXPANSION_MORPHOLOGY_UNICODE_PAIRED_DIRECT_FILE_REPLAY_BUILD_DEFERRED_FOR_DEPENDENCY_CLOSURE","ACCEPTED"
"OLP-0689","689","9620cc73f9c8e0ad003c514a5d3748f29611c4c0","content/proof-theory/propositions-as-types/proofs-to-terms.tex","ef162d32fcfeba5dc884bba4bfb795d7e758d409741d6cc671eb189e3c6f4e63","3633","97","380","true","false","","retained_english_content_proof_theory_not_imported_by_complete_reader","Retained because the controlling closure includes every tracked English content TeX file; reader reachability is scheduling metadata, not an exclusion rule.","reader_unit","","int","0","","","1","content/proof-theory/propositions-as-types/propositions-as-types.tex","0","","4","document:1|ex:1|proof:1|prop:1","0","0","1","0","0","1","0","0","1","0","1","0","0","0","0","0","48","locale/ar/content/proof-theory/propositions-as-types/proofs-to-terms.tex","ACCEPTED","DDAB66D8882F8A4E4895227A75CAA5E4BB2DCC54C705DD4720F8F9768E395BCF","PASS_STATIC_SEMANTIC_SOURCE_TOPOLOGY_CARRIER_CONFIG_EXPANSION_MORPHOLOGY_UNICODE_PAIRED_DIRECT_FILE_REPLAY_BUILD_DEFERRED_FOR_DEPENDENCY_CLOSURE","locale/fa-IR/content/proof-theory/propositions-as-types/proofs-to-terms.tex","ACCEPTED","3D617E567AFCDF0D6D821E1CE2620DFF42370D0936AF4802808DC19DD072283A","PASS_STATIC_SEMANTIC_SOURCE_TOPOLOGY_CARRIER_CONFIG_EXPANSION_MORPHOLOGY_UNICODE_PAIRED_DIRECT_FILE_REPLAY_BUILD_DEFERRED_FOR_DEPENDENCY_CLOSURE","ACCEPTED"
"OLP-0690","690","9620cc73f9c8e0ad003c514a5d3748f29611c4c0","content/proof-theory/propositions-as-types/propositions-as-types.tex","8e9e7241ac6a83d5fc5f21742cf2b9e59451c7cbf3e8da324b3c1c3443501bc0","1034","34","105","true","false","","retained_english_content_proof_theory_not_imported_by_complete_reader","Retained because the controlling closure includes every tracked English content TeX file; reader reachability is scheduling metadata, not an exclusion rule.","chapter_driver","Propositions as Types","","8","content/proof-theory/propositions-as-types/introduction.tex|content/proof-theory/propositions-as-types/proof-terms.tex|content/proof-theory/propositions-as-types/proofs-to-terms.tex|content/proof-theory/propositions-as-types/terms-to-proofs.tex|content/proof-theory/propositions-as-types/types.tex|content/proof-theory/propositions-as-types/reduction.tex|content/proof-theory/propositions-as-types/type-preservation.tex|content/proof-theory/propositions-as-types/normalization.tex","","1","content/proof-theory/proof-theory.tex","0","","2","document:1|editorial:1","0","1","0","0","0","0","0","0","0","0","0","0","0","0","0","0","0","locale/ar/content/proof-theory/propositions-as-types/propositions-as-types.tex","ACCEPTED","0CB9A69674C39A583170F4A13136AF25D4CA128C3A95D96097E9EBECEEDCB335","PASS_STATIC_SEMANTIC_SOURCE_TOPOLOGY_CARRIER_CONFIG_EXPANSION_MORPHOLOGY_UNICODE_PAIRED_DIRECT_FILE_REPLAY_BUILD_DEFERRED_FOR_DEPENDENCY_CLOSURE","locale/fa-IR/content/proof-theory/propositions-as-types/propositions-as-types.tex","ACCEPTED","BC832B9804CBAF7F918681A58B48BA3533E756F436B18DE65AEC7657036C10C9","PASS_STATIC_SEMANTIC_SOURCE_TOPOLOGY_CARRIER_CONFIG_EXPANSION_MORPHOLOGY_UNICODE_PAIRED_DIRECT_FILE_REPLAY_BUILD_DEFERRED_FOR_DEPENDENCY_CLOSURE","ACCEPTED"
"OLP-0691","691","9620cc73f9c8e0ad003c514a5d3748f29611c4c0","content/proof-theory/propositions-as-types/reduction.tex","2611124bd3d4c4a0028b4786ff23a9e773da2c59950678e08e4e4099c4dee705","6446","198","649","true","false","","retained_english_content_proof_theory_not_imported_by_complete_reader","Retained because the controlling closure includes every tracked English content TeX file; reader reachability is scheduling metadata, not an exclusion rule.","reader_unit","Reduction","int","0","","","1","content/proof-theory/propositions-as-types/propositions-as-types.tex","0","","7","document:1|gather*:5|multline*:1","0","0","1","0","0","0","0","0","0","0","0","0","0","0","0","0","122","locale/ar/content/proof-theory/propositions-as-types/reduction.tex","ACCEPTED","E3219C6B71962F873D8497EFD3190C7D002E5218E9D4BD5B82CCACC5E87D87F4","PASS_STATIC_SEMANTIC_SOURCE_TOPOLOGY_CARRIER_CONFIG_EXPANSION_MORPHOLOGY_UNICODE_PAIRED_DIRECT_FILE_REPLAY_BUILD_DEFERRED_FOR_DEPENDENCY_CLOSURE","locale/fa-IR/content/proof-theory/propositions-as-types/reduction.tex","ACCEPTED","D60762E9BA55F1DA3D6A664303F9228B5C069F130A436203338EB7225E98C49E","PASS_STATIC_SEMANTIC_SOURCE_TOPOLOGY_CARRIER_CONFIG_EXPANSION_MORPHOLOGY_UNICODE_PAIRED_DIRECT_FILE_REPLAY_BUILD_DEFERRED_FOR_DEPENDENCY_CLOSURE","ACCEPTED"
"OLP-0692","692","9620cc73f9c8e0ad003c514a5d3748f29611c4c0","content/proof-theory/propositions-as-types/rules-tN2.tex","f454a80ca9e593a7e2ff12db317e9830a63c603b4094d6cf9f8177a927bed044","2127","72","123","true","false","","retained_english_content_proof_theory_not_imported_by_complete_reader","Retained because the controlling closure includes every tracked English content TeX file; reader reachability is scheduling metadata, not an exclusion rule.","auxiliary_fragment","","","0","","","0","","0","","4","document:1|table:1|tabular:2","0","0","0","0","0","0","0","0","0","0","0","0","0","0","0","0","23","locale/ar/content/proof-theory/propositions-as-types/rules-tN2.tex","ACCEPTED","77373878C94A422B9A49ADC638AE9B62EAA048FC020D4BBE7AF579FD2788ABC7","PASS_STATIC_SEMANTIC_SOURCE_TOPOLOGY_CARRIER_CONFIG_EXPANSION_MORPHOLOGY_UNICODE_PAIRED_DIRECT_FILE_REPLAY_BUILD_DEFERRED_FOR_DEPENDENCY_CLOSURE","locale/fa-IR/content/proof-theory/propositions-as-types/rules-tN2.tex","ACCEPTED","82E6B8569E7149B6923C88992D084616DEF3D4A8B8BBB88008302A367C3F7114","PASS_STATIC_SEMANTIC_SOURCE_TOPOLOGY_CARRIER_CONFIG_EXPANSION_MORPHOLOGY_UNICODE_PAIRED_DIRECT_FILE_REPLAY_BUILD_DEFERRED_FOR_DEPENDENCY_CLOSURE","ACCEPTED"
"OLP-0693","693","9620cc73f9c8e0ad003c514a5d3748f29611c4c0","content/proof-theory/propositions-as-types/rules-tN3.tex","920460915c6fb200b4ab1a785aa84affce15e404b04512f11319b5976a2a66c0","2127","73","130","true","false","","retained_english_content_proof_theory_not_imported_by_complete_reader","Retained because the controlling closure includes every tracked English content TeX file; reader reachability is scheduling metadata, not an exclusion rule.","auxiliary_fragment","","","0","","","0","","0","","4","document:1|table:1|tabular:2","0","0","0","0","0","0","0","0","0","0","0","0","0","0","0","0","24","locale/ar/content/proof-theory/propositions-as-types/rules-tN3.tex","ACCEPTED","1A4BD228BF49516A05E16336E8EAF545776DF0A03DFEE87C088CF05B6B09AABB","PASS_STATIC_SEMANTIC_SOURCE_TOPOLOGY_CARRIER_CONFIG_EXPANSION_MORPHOLOGY_UNICODE_PAIRED_DIRECT_FILE_REPLAY_BUILD_DEFERRED_FOR_DEPENDENCY_CLOSURE","locale/fa-IR/content/proof-theory/propositions-as-types/rules-tN3.tex","ACCEPTED","6B563C5C6089477340243AB48A1232CC76AF9F9209C9820C16B401B957364C97","PASS_STATIC_SEMANTIC_SOURCE_TOPOLOGY_CARRIER_CONFIG_EXPANSION_MORPHOLOGY_UNICODE_PAIRED_DIRECT_FILE_REPLAY_BUILD_DEFERRED_FOR_DEPENDENCY_CLOSURE","ACCEPTED"
"OLP-0694","694","9620cc73f9c8e0ad003c514a5d3748f29611c4c0","content/proof-theory/propositions-as-types/sequent-natural-deduction.tex","6fbab7c45c11e351116316cfcfd77f71931428c35c32303dbd93413235eb679a","4351","129","332","true","false","","retained_english_content_proof_theory_not_imported_by_complete_reader","Retained because the controlling closure includes every tracked English content TeX file; reader reachability is scheduling metadata, not an exclusion rule.","reader_unit","Sequent Natural Deduction","int","0","","","0","","0","","6","document:1|gather*:1|prooftree:4","0","0","1","0","0","0","0","0","0","0","0","0","0","0","0","0","81","locale/ar/content/proof-theory/propositions-as-types/sequent-natural-deduction.tex","ACCEPTED","53E5B2C4D4AC557F648E9D29360FC819506CB0BB59D6E5147D5E5DA7F00A6790","PASS_STATIC_SEMANTIC_SOURCE_TOPOLOGY_CARRIER_CONFIG_EXPANSION_MORPHOLOGY_UNICODE_PAIRED_DIRECT_FILE_REPLAY_BUILD_DEFERRED_FOR_DEPENDENCY_CLOSURE","locale/fa-IR/content/proof-theory/propositions-as-types/sequent-natural-deduction.tex","ACCEPTED","0B13375A9F73476B2350DF4C06030AF815D4D27FEB5856D52B2466D60596AB61","PASS_STATIC_SEMANTIC_SOURCE_TOPOLOGY_CARRIER_CONFIG_EXPANSION_MORPHOLOGY_UNICODE_PAIRED_DIRECT_FILE_REPLAY_BUILD_DEFERRED_FOR_DEPENDENCY_CLOSURE","ACCEPTED"
"OLP-0695","695","9620cc73f9c8e0ad003c514a5d3748f29611c4c0","content/proof-theory/propositions-as-types/terms-to-proofs.tex","cde54c448a688241f931d3d516a3cf7286a78fed2a11609b81471b1ab641cdf8","3929","98","427","true","false","","retained_english_content_proof_theory_not_imported_by_complete_reader","Retained because the controlling closure includes every tracked English content TeX file; reader reachability is scheduling metadata, not an exclusion rule.","reader_unit","","int","0","","","1","content/proof-theory/propositions-as-types/propositions-as-types.tex","0","","1","document:1","0","0","1","0","0","0","0","0","0","0","0","0","0","0","0","0","46","locale/ar/content/proof-theory/propositions-as-types/terms-to-proofs.tex","ACCEPTED","0F2E064577B8B9A19499B0FC43970766D376A647907CE3BCCB86454C44B8698E","PASS_STATIC_SEMANTIC_SOURCE_TOPOLOGY_CARRIER_CONFIG_EXPANSION_MORPHOLOGY_UNICODE_PAIRED_DIRECT_FILE_REPLAY_BUILD_DEFERRED_FOR_DEPENDENCY_CLOSURE","locale/fa-IR/content/proof-theory/propositions-as-types/terms-to-proofs.tex","ACCEPTED","CBA57837634166A36F60A5DB519E29B211231A63B3F18FE9E77D157C89DD4CC5","PASS_STATIC_SEMANTIC_SOURCE_TOPOLOGY_CARRIER_CONFIG_EXPANSION_MORPHOLOGY_UNICODE_PAIRED_DIRECT_FILE_REPLAY_BUILD_DEFERRED_FOR_DEPENDENCY_CLOSURE","ACCEPTED"
"OLP-0696","696","9620cc73f9c8e0ad003c514a5d3748f29611c4c0","content/proof-theory/propositions-as-types/type-preservation.tex","75ba84fa67befc0aea744fd4094b0936dbd38c273dcb5e60919b123486a2cdf7","4751","115","529","true","false","","retained_english_content_proof_theory_not_imported_by_complete_reader","Retained because the controlling closure includes every tracked English content TeX file; reader reachability is scheduling metadata, not an exclusion rule.","reader_unit","Type Preservation","int","0","","","1","content/proof-theory/propositions-as-types/propositions-as-types.tex","0","","4","document:1|multline*:1|proof:1|prop:1","0","0","1","0","0","1","0","0","0","0","1","0","0","0","0","0","88","locale/ar/content/proof-theory/propositions-as-types/type-preservation.tex","ACCEPTED","5068FB82C317E473C11E20FBD236CD59599010AD07BF0DB16A00513FA77F77B5","PASS_STATIC_SEMANTIC_SOURCE_TOPOLOGY_CARRIER_CONFIG_EXPANSION_MORPHOLOGY_UNICODE_PAIRED_DIRECT_FILE_REPLAY_BUILD_DEFERRED_FOR_DEPENDENCY_CLOSURE","locale/fa-IR/content/proof-theory/propositions-as-types/type-preservation.tex","ACCEPTED","6A8856DD1E8F020DAE38E54B064FCCEFA63E278FA423E26B68973CDAAFAB5B7A","PASS_STATIC_SEMANTIC_SOURCE_TOPOLOGY_CARRIER_CONFIG_EXPANSION_MORPHOLOGY_UNICODE_PAIRED_DIRECT_FILE_REPLAY_BUILD_DEFERRED_FOR_DEPENDENCY_CLOSURE","ACCEPTED"
"OLP-0697","697","9620cc73f9c8e0ad003c514a5d3748f29611c4c0","content/proof-theory/propositions-as-types/types.tex","0129408d5454176b6a10e8bd7cf503d66373d3d2fa13c9f3c2fb517de665b7c6","5132","110","791","true","false","","retained_english_content_proof_theory_not_imported_by_complete_reader","Retained because the controlling closure includes every tracked English content TeX file; reader reachability is scheduling metadata, not an exclusion rule.","reader_unit","Types","int","0","","","1","content/proof-theory/propositions-as-types/propositions-as-types.tex","1","rules-tN3","6","defn:2|document:1|enumerate:1|proof:1|prop:1","0","0","1","2","0","1","0","0","0","0","1","0","0","0","2","0","119","locale/ar/content/proof-theory/propositions-as-types/types.tex","ACCEPTED","C49D9B5BE986873E0BAA2BC919C8866D7FB87C09EC92430E9936385D6AF07A30","PASS_STATIC_SEMANTIC_SOURCE_TOPOLOGY_CARRIER_CONFIG_EXPANSION_MORPHOLOGY_UNICODE_PAIRED_DIRECT_FILE_REPLAY_BUILD_DEFERRED_FOR_DEPENDENCY_CLOSURE","locale/fa-IR/content/proof-theory/propositions-as-types/types.tex","ACCEPTED","F84FB0146599ADF0F97CC40475D5B356A8B7D7F48936E013DDAAFFF421CA16DD","PASS_STATIC_SEMANTIC_SOURCE_TOPOLOGY_CARRIER_CONFIG_EXPANSION_MORPHOLOGY_UNICODE_PAIRED_DIRECT_FILE_REPLAY_BUILD_DEFERRED_FOR_DEPENDENCY_CLOSURE","ACCEPTED"
"OLP-0698","698","9620cc73f9c8e0ad003c514a5d3748f29611c4c0","content/proof-theory/sequent-calculus/admissible-derivable.tex","42bd3c0e07c6be9b6c82e85adee3933c295c10411c3d60a4778221db0b864862","10251","262","1151","true","false","","retained_english_content_proof_theory_not_imported_by_complete_reader","Retained because the controlling closure includes every tracked English content TeX file; reader reachability is scheduling metadata, not an exclusion rule.","reader_unit","Admissible and Derivable Rules","pt","0","","","1","content/proof-theory/sequent-calculus/sequent-calculus.tex","0","","13","defn:3|document:1|enumerate:1|ex:2|prob:2|proof:2|prop:2","0","0","1","3","0","2","0","0","2","2","2","0","0","0","3","0","159","locale/ar/content/proof-theory/sequent-calculus/admissible-derivable.tex","ACCEPTED","043CEB4EA8C2C7118137071BD193F69111E91F2C7A6E6F9F2AFAA4CFD1FAFDA2","PASS_STATIC_SEMANTIC_SOURCE_TOPOLOGY_CARRIER_CONFIG_EXPANSION_MORPHOLOGY_UNICODE_PAIRED_DIRECT_FILE_REPLAY_BUILD_DEFERRED_FOR_DEPENDENCY_CLOSURE","locale/fa-IR/content/proof-theory/sequent-calculus/admissible-derivable.tex","ACCEPTED","2662DF972C77F5777DD7E18E778E2CFCAF7A5FBB19F58F491C893E4391A4261E","PASS_STATIC_SEMANTIC_SOURCE_TOPOLOGY_CARRIER_CONFIG_EXPANSION_MORPHOLOGY_UNICODE_PAIRED_DIRECT_FILE_REPLAY_BUILD_DEFERRED_FOR_DEPENDENCY_CLOSURE","ACCEPTED"
"OLP-0699","699","9620cc73f9c8e0ad003c514a5d3748f29611c4c0","content/proof-theory/sequent-calculus/interpretation-rules.tex","54866e2d7c5736d5719a516e6193f8e805fb78504089ec01844d0b7cc5bd79db","6759","143","902","true","false","","retained_english_content_proof_theory_not_imported_by_complete_reader","Retained because the controlling closure includes every tracked English content TeX file; reader reachability is scheduling metadata, not an exclusion rule.","reader_unit","Interpretation of Rules","pt","0","","","1","content/proof-theory/sequent-calculus/sequent-calculus.tex","1","rules-G2c","3","align*:1|document:1|prob:1","0","0","1","0","0","0","0","0","0","1","0","0","0","0","1","0","67","locale/ar/content/proof-theory/sequent-calculus/interpretation-rules.tex","ACCEPTED","903C23524987937A3D90C72D2CBA996024C3808BB90A4AD648FECC20BB8046FE","PASS_STATIC_SEMANTIC_SOURCE_TOPOLOGY_CARRIER_CONFIG_EXPANSION_MORPHOLOGY_UNICODE_PAIRED_DIRECT_FILE_REPLAY_BUILD_DEFERRED_FOR_DEPENDENCY_CLOSURE","locale/fa-IR/content/proof-theory/sequent-calculus/interpretation-rules.tex","ACCEPTED","1ED534F483BE9B9E327F9B92F0BDC473EB7F0291DDDEF45AAE1834421D60A09A","PASS_STATIC_SEMANTIC_SOURCE_TOPOLOGY_CARRIER_CONFIG_EXPANSION_MORPHOLOGY_UNICODE_PAIRED_DIRECT_FILE_REPLAY_BUILD_DEFERRED_FOR_DEPENDENCY_CLOSURE","ACCEPTED"
"OLP-0700","700","9620cc73f9c8e0ad003c514a5d3748f29611c4c0","content/proof-theory/sequent-calculus/introduction.tex","2d6db9e0bb62467e90e007ae01cdd74d16e48f0110fc332ccbe67b1b3c47ae0f","6403","130","919","true","false","","retained_english_content_proof_theory_not_imported_by_complete_reader","Retained because the controlling closure includes every tracked English content TeX file; reader reachability is scheduling metadata, not an exclusion rule.","reader_unit","Introduction","pt","0","","","1","content/proof-theory/sequent-calculus/sequent-calculus.tex","2","rules-G1c|rules-G3c","2","defn:1|document:1","0","0","1","1","0","0","0","0","0","0","0","0","0","0","2","0","61","locale/ar/content/proof-theory/sequent-calculus/introduction.tex","ACCEPTED","4A8AD730030A46AAEAC33A2345C6B619D88E60437D9A510DE10FE9F70A915DF1","PASS_STATIC_SEMANTIC_SOURCE_TOPOLOGY_CARRIER_CONFIG_EXPANSION_MORPHOLOGY_UNICODE_PAIRED_DIRECT_FILE_REPLAY_BUILD_DEFERRED_FOR_DEPENDENCY_CLOSURE","locale/fa-IR/content/proof-theory/sequent-calculus/introduction.tex","ACCEPTED","0BBBED93A0BC6FD4DC9D432D25EE435B0A6D0C8A182B0438EF972B4D9A8040A4","PASS_STATIC_SEMANTIC_SOURCE_TOPOLOGY_CARRIER_CONFIG_EXPANSION_MORPHOLOGY_UNICODE_PAIRED_DIRECT_FILE_REPLAY_BUILD_DEFERRED_FOR_DEPENDENCY_CLOSURE","ACCEPTED"
"OLP-0701","701","9620cc73f9c8e0ad003c514a5d3748f29611c4c0","content/proof-theory/sequent-calculus/invertibility.tex","6d33bf9ab5325569e7b97eb00221de556688ab8d64bedf39637bac5b57ebcd8c","15789","393","1569","true","false","","retained_english_content_proof_theory_not_imported_by_complete_reader","Retained because the controlling closure includes every tracked English content TeX file; reader reachability is scheduling metadata, not an exclusion rule.","reader_unit","Invertibility of Rules","pt","0","","","1","content/proof-theory/sequent-calculus/sequent-calculus.tex","0","","14","align*:1|defn:1|document:1|enumerate:2|lem:2|prob:3|proof:3|prop:1","0","0","1","1","0","1","2","0","0","3","3","0","0","0","11","0","303","locale/ar/content/proof-theory/sequent-calculus/invertibility.tex","ACCEPTED","1EA3AFABC86C7B613B7BC72F2944766986BB09D89A28539C36EDFEF5FA385D51","PASS_STATIC_SEMANTIC_SOURCE_TOPOLOGY_CARRIER_CONFIG_EXPANSION_MORPHOLOGY_UNICODE_PAIRED_DIRECT_FILE_REPLAY_BUILD_DEFERRED_FOR_DEPENDENCY_CLOSURE","locale/fa-IR/content/proof-theory/sequent-calculus/invertibility.tex","ACCEPTED","781D0460B5C0406D939D7E87A099EFD8FDEC19C391440373AE26E33EF7B97661","PASS_STATIC_SEMANTIC_SOURCE_TOPOLOGY_CARRIER_CONFIG_EXPANSION_MORPHOLOGY_UNICODE_PAIRED_DIRECT_FILE_REPLAY_BUILD_DEFERRED_FOR_DEPENDENCY_CLOSURE","ACCEPTED"
"OLP-0702","702","9620cc73f9c8e0ad003c514a5d3748f29611c4c0","content/proof-theory/sequent-calculus/proof-examples.tex","c519583876b9c2dd3f92f13417818e1254fc3de080535f3e2d5c35ddb759f605","13362","348","1473","true","false","","retained_english_content_proof_theory_not_imported_by_complete_reader","Retained because the controlling closure includes every tracked English content TeX file; reader reachability is scheduling metadata, not an exclusion rule.","reader_unit","Examples of Proofs","pt","0","","","1","content/proof-theory/sequent-calculus/sequent-calculus.tex","0","","10","align*:1|defn:1|document:1|enumerate:1|prob:2|proof:2|prop:2","0","0","1","1","0","2","0","0","0","2","2","0","0","0","3","0","220","locale/ar/content/proof-theory/sequent-calculus/proof-examples.tex","ACCEPTED","86C6B157E7081E5185835D96BFB6080FD0022C2D302072817C25EAE2C111DD4C","PASS_STATIC_SEMANTIC_SOURCE_TOPOLOGY_CARRIER_CONFIG_EXPANSION_MORPHOLOGY_UNICODE_PAIRED_DIRECT_FILE_REPLAY_BUILD_DEFERRED_FOR_DEPENDENCY_CLOSURE","locale/fa-IR/content/proof-theory/sequent-calculus/proof-examples.tex","ACCEPTED","941DACEF3C31273832914B21EE6C4FFF38D3B002D6B1D61F168FB8B8FB8DA50F","PASS_STATIC_SEMANTIC_SOURCE_TOPOLOGY_CARRIER_CONFIG_EXPANSION_MORPHOLOGY_UNICODE_PAIRED_DIRECT_FILE_REPLAY_BUILD_DEFERRED_FOR_DEPENDENCY_CLOSURE","ACCEPTED"
"OLP-0703","703","9620cc73f9c8e0ad003c514a5d3748f29611c4c0","content/proof-theory/sequent-calculus/quantifiers.tex","15c8fe5ebaeac187948c9c217934511e70735afdb4de68191355fb590b25287c","6808","161","775","true","false","","retained_english_content_proof_theory_not_imported_by_complete_reader","Retained because the controlling closure includes every tracked English content TeX file; reader reachability is scheduling metadata, not an exclusion rule.","reader_unit","Regular Proofs and Substitution","pt","0","","","1","content/proof-theory/sequent-calculus/sequent-calculus.tex","0","","8","defn:1|document:1|enumerate:2|lem:1|proof:2|prop:1","0","0","1","1","0","1","1","0","0","0","2","0","0","0","1","0","105","locale/ar/content/proof-theory/sequent-calculus/quantifiers.tex","ACCEPTED","FCB3DC31A0EED525C92CEEFC6A223AC072A8EC4238F646F23853D63C3E78A0A8","PASS_STATIC_SEMANTIC_SOURCE_TOPOLOGY_CARRIER_CONFIG_EXPANSION_MORPHOLOGY_UNICODE_PAIRED_DIRECT_FILE_REPLAY_BUILD_DEFERRED_FOR_DEPENDENCY_CLOSURE","locale/fa-IR/content/proof-theory/sequent-calculus/quantifiers.tex","ACCEPTED","0FD478FC8C21A06D49F37182BC8ABCC762EE8A8C529A93739160169DEB7E625E","PASS_STATIC_SEMANTIC_SOURCE_TOPOLOGY_CARRIER_CONFIG_EXPANSION_MORPHOLOGY_UNICODE_PAIRED_DIRECT_FILE_REPLAY_BUILD_DEFERRED_FOR_DEPENDENCY_CLOSURE","ACCEPTED"
"OLP-0704","704","9620cc73f9c8e0ad003c514a5d3748f29611c4c0","content/proof-theory/sequent-calculus/rules-G1c.tex","895b9680300186beb0a6df68e9556a1e8a1b00f8c63a866632c567e01ff3d93f","3333","118","131","true","false","","retained_english_content_proof_theory_not_imported_by_complete_reader","Retained because the controlling closure includes every tracked English content TeX file; reader reachability is scheduling metadata, not an exclusion rule.","auxiliary_fragment","","","0","","","0","","0","","5","document:1|table:1|tabular:3","0","0","0","0","0","0","0","0","0","0","0","0","0","0","0","0","46","locale/ar/content/proof-theory/sequent-calculus/rules-G1c.tex","ACCEPTED","1B4635FFC71629ADAA11AFA98003F520D6DB137C190B2A7D755542E0187B52BA","PASS_STATIC_SEMANTIC_SOURCE_TOPOLOGY_CARRIER_CONFIG_EXPANSION_MORPHOLOGY_UNICODE_PAIRED_DIRECT_FILE_REPLAY_BUILD_DEFERRED_FOR_DEPENDENCY_CLOSURE","locale/fa-IR/content/proof-theory/sequent-calculus/rules-G1c.tex","ACCEPTED","C80F9812FD1E1E1CAFF7C2E27F8CC4720666CF43F3CB1306E846D75EE9F28B69","PASS_STATIC_SEMANTIC_SOURCE_TOPOLOGY_CARRIER_CONFIG_EXPANSION_MORPHOLOGY_UNICODE_PAIRED_DIRECT_FILE_REPLAY_BUILD_DEFERRED_FOR_DEPENDENCY_CLOSURE","ACCEPTED"
"OLP-0705","705","9620cc73f9c8e0ad003c514a5d3748f29611c4c0","content/proof-theory/sequent-calculus/rules-G1i.tex","0d23c141ee1f2cd75dd6eced909f5952ac2103ff49991cae288bd4da57be840b","3267","117","153","true","false","","retained_english_content_proof_theory_not_imported_by_complete_reader","Retained because the controlling closure includes every tracked English content TeX file; reader reachability is scheduling metadata, not an exclusion rule.","auxiliary_fragment","","","0","","","0","","0","","5","document:1|table:1|tabular:3","0","0","0","0","0","0","0","0","0","0","0","0","0","0","0","0","45","locale/ar/content/proof-theory/sequent-calculus/rules-G1i.tex","ACCEPTED","3B0EABC3DF152721E07485302107C9F6D89FACE018A96DDE657D660F073F7F8B","PASS_STATIC_SEMANTIC_SOURCE_TOPOLOGY_CARRIER_CONFIG_EXPANSION_MORPHOLOGY_UNICODE_PAIRED_DIRECT_FILE_REPLAY_BUILD_DEFERRED_FOR_DEPENDENCY_CLOSURE","locale/fa-IR/content/proof-theory/sequent-calculus/rules-G1i.tex","ACCEPTED","7F6C533299140B3F9C2EEF8EB2C39FEC87713B4968A095F464151EAF99A31DFF","PASS_STATIC_SEMANTIC_SOURCE_TOPOLOGY_CARRIER_CONFIG_EXPANSION_MORPHOLOGY_UNICODE_PAIRED_DIRECT_FILE_REPLAY_BUILD_DEFERRED_FOR_DEPENDENCY_CLOSURE","ACCEPTED"
"OLP-0706","706","9620cc73f9c8e0ad003c514a5d3748f29611c4c0","content/proof-theory/sequent-calculus/rules-G2c.tex","0258576664b34fc6c3f04233389e57ccaa5afc791dfcdf62d77c1f3dc9a967d1","3439","118","132","true","false","","retained_english_content_proof_theory_not_imported_by_complete_reader","Retained because the controlling closure includes every tracked English content TeX file; reader reachability is scheduling metadata, not an exclusion rule.","auxiliary_fragment","","","0","","","0","","0","","5","document:1|table:1|tabular:3","0","0","0","0","0","0","0","0","0","0","0","0","0","0","0","0","46","locale/ar/content/proof-theory/sequent-calculus/rules-G2c.tex","ACCEPTED","9EF96645DFFD833430AB50841158C3B766CA7F6764FB19FFE1BC77FBEA134D66","PASS_STATIC_SEMANTIC_SOURCE_TOPOLOGY_CARRIER_CONFIG_EXPANSION_MORPHOLOGY_UNICODE_PAIRED_DIRECT_FILE_REPLAY_BUILD_DEFERRED_FOR_DEPENDENCY_CLOSURE","locale/fa-IR/content/proof-theory/sequent-calculus/rules-G2c.tex","ACCEPTED","C8BCDBF7A7DD29A0F2D58676797D0F0043CA1113F99173FE37A165BC08FB8EC2","PASS_STATIC_SEMANTIC_SOURCE_TOPOLOGY_CARRIER_CONFIG_EXPANSION_MORPHOLOGY_UNICODE_PAIRED_DIRECT_FILE_REPLAY_BUILD_DEFERRED_FOR_DEPENDENCY_CLOSURE","ACCEPTED"
"OLP-0707","707","9620cc73f9c8e0ad003c514a5d3748f29611c4c0","content/proof-theory/sequent-calculus/rules-G3c.tex","9b1dcced34fabc81925121e2696d8e1e027ade6caf3707ed2fb61155ef2faf79","2496","84","115","true","false","","retained_english_content_proof_theory_not_imported_by_complete_reader","Retained because the controlling closure includes every tracked English content TeX file; reader reachability is scheduling metadata, not an exclusion rule.","auxiliary_fragment","","","0","","","0","","0","","3","document:1|table:1|tabular:1","0","0","0","0","0","0","0","0","0","0","0","0","0","0","0","0","35","locale/ar/content/proof-theory/sequent-calculus/rules-G3c.tex","ACCEPTED","DFCCA0932DC23DC9D643CE3AD76D8EA352E4A9B437FD03E6E19AAF5F2C85AC61","PASS_STATIC_SEMANTIC_SOURCE_TOPOLOGY_CARRIER_CONFIG_EXPANSION_MORPHOLOGY_UNICODE_PAIRED_DIRECT_FILE_REPLAY_BUILD_DEFERRED_FOR_DEPENDENCY_CLOSURE","locale/fa-IR/content/proof-theory/sequent-calculus/rules-G3c.tex","ACCEPTED","EA28A9FB259EEED15D459EC874C326E966296DDDF739499DA737461A2B4C40DE","PASS_STATIC_SEMANTIC_SOURCE_TOPOLOGY_CARRIER_CONFIG_EXPANSION_MORPHOLOGY_UNICODE_PAIRED_DIRECT_FILE_REPLAY_BUILD_DEFERRED_FOR_DEPENDENCY_CLOSURE","ACCEPTED"
"OLP-0708","708","9620cc73f9c8e0ad003c514a5d3748f29611c4c0","content/proof-theory/sequent-calculus/rules-G3i.tex","322da67057a42c3ebe53c965b06a4df8ae914b873779e9d7125546312f84fa6f","2513","87","134","true","false","","retained_english_content_proof_theory_not_imported_by_complete_reader","Retained because the controlling closure includes every tracked English content TeX file; reader reachability is scheduling metadata, not an exclusion rule.","auxiliary_fragment","","","0","","","0","","0","","3","document:1|table:1|tabular:1","0","0","0","0","0","0","0","0","0","0","0","0","0","0","0","0","36","locale/ar/content/proof-theory/sequent-calculus/rules-G3i.tex","ACCEPTED","5328C3C69F6E87FCF541605A6FA7F02D48DADD73B3307F6C7A95586CB062C944","PASS_STATIC_SEMANTIC_SOURCE_TOPOLOGY_CARRIER_CONFIG_EXPANSION_MORPHOLOGY_UNICODE_PAIRED_DIRECT_FILE_REPLAY_BUILD_DEFERRED_FOR_DEPENDENCY_CLOSURE","locale/fa-IR/content/proof-theory/sequent-calculus/rules-G3i.tex","ACCEPTED","B961FCE3F5E914CDDEFD39953BEA9328D8224DC82B881E11A21080670513FD1B","PASS_STATIC_SEMANTIC_SOURCE_TOPOLOGY_CARRIER_CONFIG_EXPANSION_MORPHOLOGY_UNICODE_PAIRED_DIRECT_FILE_REPLAY_BUILD_DEFERRED_FOR_DEPENDENCY_CLOSURE","ACCEPTED"
"OLP-0709","709","9620cc73f9c8e0ad003c514a5d3748f29611c4c0","content/proof-theory/sequent-calculus/rules-LK.tex","c4e853e27fbfcf7386dd22a73d10eac3c507c35016c4368bae72c5cd9edfa55d","3644","128","139","true","false","","retained_english_content_proof_theory_not_imported_by_complete_reader","Retained because the controlling closure includes every tracked English content TeX file; reader reachability is scheduling metadata, not an exclusion rule.","auxiliary_fragment","","","0","","","0","","0","","5","document:1|table:1|tabular:3","0","0","0","0","0","0","0","0","0","0","0","0","0","0","0","0","51","locale/ar/content/proof-theory/sequent-calculus/rules-LK.tex","ACCEPTED","FE41ED2F8394690329433D83E53CA2556B2287E9132405473A52E5A4E4B01F4F","PASS_STATIC_SEMANTIC_SOURCE_TOPOLOGY_CARRIER_CONFIG_EXPANSION_MORPHOLOGY_UNICODE_PAIRED_DIRECT_FILE_REPLAY_BUILD_DEFERRED_FOR_DEPENDENCY_CLOSURE","locale/fa-IR/content/proof-theory/sequent-calculus/rules-LK.tex","ACCEPTED","23BDB65151A0BD0C919E921EB753232768CB8C81E6F7E00DADD2888CF46A1BD2","PASS_STATIC_SEMANTIC_SOURCE_TOPOLOGY_CARRIER_CONFIG_EXPANSION_MORPHOLOGY_UNICODE_PAIRED_DIRECT_FILE_REPLAY_BUILD_DEFERRED_FOR_DEPENDENCY_CLOSURE","ACCEPTED"
"OLP-0710","710","9620cc73f9c8e0ad003c514a5d3748f29611c4c0","content/proof-theory/sequent-calculus/rules-mG3i.tex","a7b114259de1d1770b989ff4e9ad2d94f6cea2ebc8bd570ee25f35739b349a3c","2604","87","130","true","false","","retained_english_content_proof_theory_not_imported_by_complete_reader","Retained because the controlling closure includes every tracked English content TeX file; reader reachability is scheduling metadata, not an exclusion rule.","auxiliary_fragment","","","0","","","0","","0","","3","document:1|table:1|tabular:1","0","0","0","0","0","0","0","0","0","0","0","0","0","0","0","0","36","locale/ar/content/proof-theory/sequent-calculus/rules-mG3i.tex","ACCEPTED","2A214A63A32C5314DC67C9F478BB3556D571DC2F0BF833FDF0970BC6AC397B39","PASS_STATIC_SEMANTIC_SOURCE_TOPOLOGY_CARRIER_CONFIG_EXPANSION_MORPHOLOGY_UNICODE_PAIRED_DIRECT_FILE_REPLAY_BUILD_DEFERRED_FOR_DEPENDENCY_CLOSURE","locale/fa-IR/content/proof-theory/sequent-calculus/rules-mG3i.tex","ACCEPTED","3992D1F9BE96920E00692B5CD6AF91D4B3C5B16E468803E9B8FCBABF02229C89","PASS_STATIC_SEMANTIC_SOURCE_TOPOLOGY_CARRIER_CONFIG_EXPANSION_MORPHOLOGY_UNICODE_PAIRED_DIRECT_FILE_REPLAY_BUILD_DEFERRED_FOR_DEPENDENCY_CLOSURE","ACCEPTED"
"OLP-0711","711","9620cc73f9c8e0ad003c514a5d3748f29611c4c0","content/proof-theory/sequent-calculus/rules-proofs.tex","8eed76ae91f4518e1cdc5f7cdd36890e1c8004a7f2f94b263e7caa8f405e5c8a","8046","196","993","true","false","","retained_english_content_proof_theory_not_imported_by_complete_reader","Retained because the controlling closure includes every tracked English content TeX file; reader reachability is scheduling metadata, not an exclusion rule.","reader_unit","","pt","0","","","1","content/proof-theory/sequent-calculus/sequent-calculus.tex","0","","6","defn:2|document:1|enumerate:2|ex:1","0","0","1","2","0","0","0","0","1","0","0","0","0","0","5","0","129","locale/ar/content/proof-theory/sequent-calculus/rules-proofs.tex","ACCEPTED","ACBC35B432142705DC63E74AF0CEEA3F71C4D39ED78B2E7947175564C5BDBDDB","PASS_STATIC_SEMANTIC_SOURCE_TOPOLOGY_CARRIER_CONFIG_EXPANSION_MORPHOLOGY_UNICODE_PAIRED_DIRECT_FILE_REPLAY_BUILD_DEFERRED_FOR_DEPENDENCY_CLOSURE","locale/fa-IR/content/proof-theory/sequent-calculus/rules-proofs.tex","ACCEPTED","8FA9AEB661F645299B856DDA7C08BA10E22CFDD250D9DD73C9EEE35FD41A10DE","PASS_STATIC_SEMANTIC_SOURCE_TOPOLOGY_CARRIER_CONFIG_EXPANSION_MORPHOLOGY_UNICODE_PAIRED_DIRECT_FILE_REPLAY_BUILD_DEFERRED_FOR_DEPENDENCY_CLOSURE","ACCEPTED"
"OLP-0712","712","9620cc73f9c8e0ad003c514a5d3748f29611c4c0","content/proof-theory/sequent-calculus/sequent-calculus.tex","18040cb58699de518bd453b32faac3807c3fc62b9d2940dc344564c995dd7317","440","22","24","true","false","","retained_english_content_proof_theory_not_imported_by_complete_reader","Retained because the controlling closure includes every tracked English content TeX file; reader reachability is scheduling metadata, not an exclusion rule.","chapter_driver","The Sequent Calculus","","8","content/proof-theory/sequent-calculus/introduction.tex|content/proof-theory/sequent-calculus/rules-proofs.tex|content/proof-theory/sequent-calculus/proof-examples.tex|content/proof-theory/sequent-calculus/interpretation-rules.tex|content/proof-theory/sequent-calculus/quantifiers.tex|content/proof-theory/sequent-calculus/admissible-derivable.tex|content/proof-theory/sequent-calculus/invertibility.tex|content/proof-theory/sequent-calculus/translations.tex","","1","content/proof-theory/proof-theory.tex","0","","1","document:1","0","1","0","0","0","0","0","0","0","0","0","0","0","0","0","0","0","locale/ar/content/proof-theory/sequent-calculus/sequent-calculus.tex","ACCEPTED","6520DEBB5A0FED50C5973A14A496302F8717D77C34B07D5E2FF6F4C3BA790BCE","PASS_STATIC_SEMANTIC_SOURCE_TOPOLOGY_CARRIER_CONFIG_EXPANSION_MORPHOLOGY_UNICODE_PAIRED_DIRECT_FILE_REPLAY_BUILD_DEFERRED_FOR_DEPENDENCY_CLOSURE","locale/fa-IR/content/proof-theory/sequent-calculus/sequent-calculus.tex","ACCEPTED","0AD909275EB0FCC13D6B5B1908317F8B4C8534FC137491AAEDDAEAD1A302EC48","PASS_STATIC_SEMANTIC_SOURCE_TOPOLOGY_CARRIER_CONFIG_EXPANSION_MORPHOLOGY_UNICODE_PAIRED_DIRECT_FILE_REPLAY_BUILD_DEFERRED_FOR_DEPENDENCY_CLOSURE","ACCEPTED"
"OLP-0713","713","9620cc73f9c8e0ad003c514a5d3748f29611c4c0","content/proof-theory/sequent-calculus/translations.tex","fe035ce79aae2c23f8756a69fc344736ff35e02f1ce9a40fe957ea55fab5b7d0","3844","101","439","true","false","","retained_english_content_proof_theory_not_imported_by_complete_reader","Retained because the controlling closure includes every tracked English content TeX file; reader reachability is scheduling metadata, not an exclusion rule.","reader_unit","","pt","0","","","1","content/proof-theory/sequent-calculus/sequent-calculus.tex","0","","5","document:1|proof:2|prop:2","0","0","1","0","0","2","0","0","0","0","2","0","0","0","4","0","42","locale/ar/content/proof-theory/sequent-calculus/translations.tex","ACCEPTED","A663B357BEC28F15E0AE4953F64FD76D517FB8B4EC65FF5FC5542E198C60737E","PASS_STATIC_SEMANTIC_SOURCE_TOPOLOGY_CARRIER_CONFIG_EXPANSION_MORPHOLOGY_UNICODE_PAIRED_DIRECT_FILE_REPLAY_BUILD_DEFERRED_FOR_DEPENDENCY_CLOSURE","locale/fa-IR/content/proof-theory/sequent-calculus/translations.tex","ACCEPTED","4ECEA82A2D5469944D5412DD21D6D155631CB4EDABD9A1A6DF239CCB1DF68772","PASS_STATIC_SEMANTIC_SOURCE_TOPOLOGY_CARRIER_CONFIG_EXPANSION_MORPHOLOGY_UNICODE_PAIRED_DIRECT_FILE_REPLAY_BUILD_DEFERRED_FOR_DEPENDENCY_CLOSURE","ACCEPTED"
"OLP-0714","714","9620cc73f9c8e0ad003c514a5d3748f29611c4c0","content/propositional-logic/syntax-and-semantics/completeness.tex","15c4d35ccd3a79ae4e165ca8c5195d8190a81e7fff32cf12fdd8279a35d2336c","4133","124","428","true","false","","retained_english_content_other_not_imported_by_complete_reader","Retained because the controlling closure includes every tracked English content TeX file; reader reachability is scheduling metadata, not an exclusion rule.","reader_unit","Completeness of Propositional Logic","pl","0","","","0","","0","","17","align*:1|cases:1|cor:2|defn:1|document:1|enumerate:3|lem:1|prob:1|proof:4|prop:1|thm:1","0","0","1","1","1","1","1","2","0","1","4","0","0","0","7","0","76","locale/ar/content/propositional-logic/syntax-and-semantics/completeness.tex","ACCEPTED","CF86A56A7AF3E097C4D6E32963C03BA47D1D07AF340E7F34675C6A3E63A2F6C7","PASS_STATIC_SEMANTIC_SOURCE_TOPOLOGY_CARRIER_CONFIG_EXPANSION_MORPHOLOGY_UNICODE_PAIRED_DIRECT_FILE_REPLAY_BUILD_DEFERRED_FOR_DEPENDENCY_CLOSURE","locale/fa-IR/content/propositional-logic/syntax-and-semantics/completeness.tex","ACCEPTED","0888E8FDAED2CB379E93322280306EA502D6707B0CCF6742DF0CFBE3BF7A1800","PASS_STATIC_SEMANTIC_SOURCE_TOPOLOGY_CARRIER_CONFIG_EXPANSION_MORPHOLOGY_UNICODE_PAIRED_DIRECT_FILE_REPLAY_BUILD_DEFERRED_FOR_DEPENDENCY_CLOSURE","ACCEPTED"
"OLP-0715","715","9620cc73f9c8e0ad003c514a5d3748f29611c4c0","content/propositional-logic/syntax-and-semantics/soundness.tex","e76bcb10a0a5ae28ffd1905cb127834d29995b886ed7faa87468449e41d84f12","963","34","99","true","false","","retained_english_content_other_not_imported_by_complete_reader","Retained because the controlling closure includes every tracked English content TeX file; reader reachability is scheduling metadata, not an exclusion rule.","reader_unit","Soundness of Propositional Logic","pl","0","","","0","","0","","4","cor:1|document:1|proof:1|thm:1","0","0","1","0","1","0","0","1","0","0","1","0","0","0","1","0","14","locale/ar/content/propositional-logic/syntax-and-semantics/soundness.tex","ACCEPTED","A38C8FB98720FE7F8D78F8310F11D82503C2AF32831149921CA08134C398C4ED","PASS_STATIC_SEMANTIC_SOURCE_TOPOLOGY_CARRIER_MORPHOLOGY_UNICODE_PAIRED_DIRECT_FILE_REPLAY_BUILD_DEFERRED_FOR_DEPENDENCY_CLOSURE","locale/fa-IR/content/propositional-logic/syntax-and-semantics/soundness.tex","ACCEPTED","1EE42C70804926B5F35D1D4B413DEA0EDCFCAC72D52F5EFBBC6A89E963D1420D","PASS_STATIC_SEMANTIC_SOURCE_TOPOLOGY_CARRIER_MORPHOLOGY_UNICODE_PAIRED_DIRECT_FILE_REPLAY_BUILD_DEFERRED_FOR_DEPENDENCY_CLOSURE","ACCEPTED"
"OLP-0716","716","9620cc73f9c8e0ad003c514a5d3748f29611c4c0","content/second-order-logic/syntax-and-semantics/language-of-sol.tex","b334d1a0decdc9ded917dc1b9b5e49dfafc14c67949233c912f7b19b432121d8","1747","41","230","true","false","","retained_english_content_other_not_imported_by_complete_reader","Retained because the controlling closure includes every tracked English content TeX file; reader reachability is scheduling metadata, not an exclusion rule.","reader_unit","The Language of Second-Order Logic","sol","0","","","0","","0","","2","document:1|enumerate:1","0","0","1","0","0","0","0","0","0","0","0","0","0","0","0","0","10","locale/ar/content/second-order-logic/syntax-and-semantics/language-of-sol.tex","ACCEPTED","0FDF2AE513BD8FDFB721D0198A2C2356E9214649858D3DA1D872181C47929235","PASS_STATIC_SEMANTIC_SOURCE_TOPOLOGY_CARRIER_MORPHOLOGY_UNICODE_PAIRED_DIRECT_FILE_REPLAY_BUILD_DEFERRED_FOR_DEPENDENCY_CLOSURE","locale/fa-IR/content/second-order-logic/syntax-and-semantics/language-of-sol.tex","ACCEPTED","687A7B76D5FA768E4507D5615B87F95C0A1367D7122065C602065181478D180D","PASS_STATIC_SEMANTIC_SOURCE_TOPOLOGY_CARRIER_MORPHOLOGY_UNICODE_PAIRED_DIRECT_FILE_REPLAY_BUILD_DEFERRED_FOR_DEPENDENCY_CLOSURE","ACCEPTED"
"OLP-0717","717","9620cc73f9c8e0ad003c514a5d3748f29611c4c0","content/sets-functions-relations/functions/isomorphic-functions.tex","2b84ab8574d4edab2ff4cb52ab2af2cdd474060649326ad6d797b56b78419790","1590","43","227","true","false","","retained_english_content_other_not_imported_by_complete_reader","Retained because the controlling closure includes every tracked English content TeX file; reader reachability is scheduling metadata, not an exclusion rule.","reader_unit","Isomorphism","sfr","0","","","0","","0","","4","defn:1|document:1|ex:1|explain:1","0","0","1","1","0","0","0","0","1","0","0","0","0","0","0","0","37","locale/ar/content/sets-functions-relations/functions/isomorphic-functions.tex","ACCEPTED","4BD1E1E371C1F3917D79DA3FB256EA42BCA4165091A4DD374337BEF23A24FDCB","PASS_STATIC_SEMANTIC_SOURCE_TOPOLOGY_CARRIER_MORPHOLOGY_UNICODE_PAIRED_DIRECT_FILE_REPLAY_BUILD_DEFERRED_FOR_DEPENDENCY_CLOSURE","locale/fa-IR/content/sets-functions-relations/functions/isomorphic-functions.tex","ACCEPTED","46B75C43D2180830F690F21CB54E16C6A9E5B5EA9B8AB24DA656E820653CDB3A","PASS_STATIC_SEMANTIC_SOURCE_TOPOLOGY_CARRIER_MORPHOLOGY_UNICODE_PAIRED_DIRECT_FILE_REPLAY_BUILD_DEFERRED_FOR_DEPENDENCY_CLOSURE","ACCEPTED"
"OLP-0718","718","9620cc73f9c8e0ad003c514a5d3748f29611c4c0","content/sets-functions-relations/inductive-defs-proofs/introduction.tex","0a3327920db03385bcae0062435654fd82227d5e622e87f4194628de4fdbddda","5144","136","713","true","false","","retained_english_content_other_not_imported_by_complete_reader","Retained because the controlling closure includes every tracked English content TeX file; reader reachability is scheduling metadata, not an exclusion rule.","reader_unit","Introduction","sfr","0","","","0","","0","","12","align*:1|defn:4|document:1|ex:1|explain:5","0","0","1","4","0","0","0","0","1","0","0","0","0","0","0","0","80","locale/ar/content/sets-functions-relations/inductive-defs-proofs/introduction.tex","ACCEPTED","7FE61358500B6F1F30E6656FB1ED55F5131D0283E511FCB37606703DEBF00871","PASS_STATIC_SEMANTIC_SOURCE_TOPOLOGY_CARRIER_MORPHOLOGY_UNICODE_PAIRED_DIRECT_FILE_REPLAY_BUILD_DEFERRED_FOR_DEPENDENCY_CLOSURE","locale/fa-IR/content/sets-functions-relations/inductive-defs-proofs/introduction.tex","ACCEPTED","D9BA7F8CF9194378FDEC699BFD42691516611ED5B41B2F9160DD89C10F2FC97C","PASS_STATIC_SEMANTIC_SOURCE_TOPOLOGY_CARRIER_MORPHOLOGY_UNICODE_PAIRED_DIRECT_FILE_REPLAY_BUILD_DEFERRED_FOR_DEPENDENCY_CLOSURE","ACCEPTED"
"OLP-0719","719","9620cc73f9c8e0ad003c514a5d3748f29611c4c0","content/sets-functions-relations/relations/relations.tex","69e7b017e60673c488d1ec98c186ed0986bc1489b8554f848c95c189af5c9e54","403","27","21","true","false","","retained_english_content_other_not_imported_by_complete_reader","Retained because the controlling closure includes every tracked English content TeX file; reader reachability is scheduling metadata, not an exclusion rule.","chapter_driver","Relations","","7","content/sets-functions-relations/relations/relations-as-sets.tex|content/sets-functions-relations/relations/special-properties.tex|content/sets-functions-relations/relations/equivalence-relations.tex|content/sets-functions-relations/relations/orders.tex|content/sets-functions-relations/relations/graphs.tex|content/sets-functions-relations/relations/trees.tex|content/sets-functions-relations/relations/operations.tex","","1","content/sets-functions-relations/sets-functions-relations.tex","0","","1","document:1","0","1","0","0","0","0","0","0","0","0","0","0","0","0","0","0","0","locale/ar/content/sets-functions-relations/relations/relations.tex","ACCEPTED","38B4D66430984831D9378ED8FC1613DAD7791980DDB116052D01AF93D205BE31","PASS_STATIC_SEMANTIC_SOURCE_TOPOLOGY_CARRIER_MORPHOLOGY_UNICODE_PAIRED_DIRECT_FILE_REPLAY_BUILD_DEFERRED_FOR_DEPENDENCY_CLOSURE","locale/fa-IR/content/sets-functions-relations/relations/relations.tex","ACCEPTED","2A5A2930CC940650823F26DA3E160AC2ACD5E10F91093692C762371383CF0313","PASS_STATIC_SEMANTIC_SOURCE_TOPOLOGY_CARRIER_MORPHOLOGY_UNICODE_PAIRED_DIRECT_FILE_REPLAY_BUILD_DEFERRED_FOR_DEPENDENCY_CLOSURE","ACCEPTED"
"OLP-0720","720","9620cc73f9c8e0ad003c514a5d3748f29611c4c0","content/sets-functions-relations/sets-functions-relations.tex","62c683ba88df4742cbef61369a755fbae8dd53e2173d5f3d1b8a9fc675f27538","999","32","123","true","false","","retained_english_content_other_not_imported_by_complete_reader","Retained because the controlling closure includes every tracked English content TeX file; reader reachability is scheduling metadata, not an exclusion rule.","part_driver","Sets, Relations, Functions","","4","content/sets-functions-relations/sets/sets.tex|content/sets-functions-relations/relations/relations.tex|content/sets-functions-relations/functions/functions.tex|content/sets-functions-relations/size-of-sets/size-of-sets.tex","","0","","0","","2","document:1|editorial:1","1","0","0","0","0","0","0","0","0","0","0","0","0","0","0","0","0","locale/ar/content/sets-functions-relations/sets-functions-relations.tex","ACCEPTED","5B8C18EAE1FFA3352715FC002688F203913B022AA67BE010E4C9524988CB65F3","PASS_STATIC_SEMANTIC_SOURCE_TOPOLOGY_CARRIER_MORPHOLOGY_UNICODE_PAIRED_DIRECT_FILE_REPLAY_BUILD_DEFERRED_FOR_DEPENDENCY_CLOSURE","locale/fa-IR/content/sets-functions-relations/sets-functions-relations.tex","ACCEPTED","EBF1F98882990E8DA4407E1924901501EE536BC17B920420E5075D0E49F72296","PASS_STATIC_SEMANTIC_SOURCE_TOPOLOGY_CARRIER_MORPHOLOGY_UNICODE_PAIRED_DIRECT_FILE_REPLAY_BUILD_DEFERRED_FOR_DEPENDENCY_CLOSURE","ACCEPTED"
"OLP-0721","721","9620cc73f9c8e0ad003c514a5d3748f29611c4c0","content/sets-functions-relations/sets/proofs-about-sets.tex","394714c03cea3d400ca79ed47f0c4b47c496cb714a3fd8e5c03debec1ab55161","4325","103","676","true","false","","retained_english_content_other_not_imported_by_complete_reader","Retained because the controlling closure includes every tracked English content TeX file; reader reachability is scheduling metadata, not an exclusion rule.","reader_unit","Proofs about Sets","sfr","0","","","0","","0","","8","document:1|editorial:1|explain:1|prob:1|proof:1|prop:1|quote:2","0","0","1","0","0","1","0","0","0","1","1","0","0","0","0","0","62","locale/ar/content/sets-functions-relations/sets/proofs-about-sets.tex","ACCEPTED","85892CC8C3E64F44D3F2007DD023525B9CF22B0CABC26FDBA31B910B88489BA0","PASS_STATIC_SEMANTIC_SOURCE_TOPOLOGY_CARRIER_MORPHOLOGY_UNICODE_PAIRED_DIRECT_FILE_REPLAY_BUILD_DEFERRED_FOR_DEPENDENCY_CLOSURE","locale/fa-IR/content/sets-functions-relations/sets/proofs-about-sets.tex","ACCEPTED","647A31198B84997B7706EDD4B090563C8F1B1D0489DB013A4FE36063FB3C6BA5","PASS_STATIC_SEMANTIC_SOURCE_TOPOLOGY_CARRIER_MORPHOLOGY_UNICODE_PAIRED_DIRECT_FILE_REPLAY_BUILD_DEFERRED_FOR_DEPENDENCY_CLOSURE","ACCEPTED"
"OLP-0722","722","9620cc73f9c8e0ad003c514a5d3748f29611c4c0","content/sets-functions-relations/size-of-sets/size-of-sets.tex","877c8e21a7381df4092d6d61cba7384197674ec0e182bf1aeee56dff00109793","890","41","84","true","false","","retained_english_content_other_not_imported_by_complete_reader","Retained because the controlling closure includes every tracked English content TeX file; reader reachability is scheduling metadata, not an exclusion rule.","chapter_driver","The Size of Sets","","10","content/sets-functions-relations/size-of-sets/introduction.tex|content/sets-functions-relations/size-of-sets/enumerability.tex|content/sets-functions-relations/size-of-sets/zig-zag.tex|content/sets-functions-relations/size-of-sets/pairing.tex|content/sets-functions-relations/size-of-sets/pairing-alt.tex|content/sets-functions-relations/size-of-sets/non-enumerability.tex|content/sets-functions-relations/size-of-sets/reduction.tex|content/sets-functions-relations/size-of-sets/equinumerous-sets.tex|content/sets-functions-relations/size-of-sets/comparing-size.tex|content/sets-functions-relations/size-of-sets/schroder-bernstein.tex","","1","content/sets-functions-relations/sets-functions-relations.tex","0","","2","document:1|editorial:1","0","1","0","0","0","0","0","0","0","0","0","0","0","0","0","0","0","locale/ar/content/sets-functions-relations/size-of-sets/size-of-sets.tex","ACCEPTED","30D4F1863C1F1352B97CAAF146A9037B54F1A1EB838E930BD649BB84BBFB7D12","PASS_STATIC_SEMANTIC_SOURCE_TOPOLOGY_CARRIER_MORPHOLOGY_UNICODE_PAIRED_DIRECT_FILE_REPLAY_BUILD_DEFERRED_FOR_DEPENDENCY_CLOSURE","locale/fa-IR/content/sets-functions-relations/size-of-sets/size-of-sets.tex","ACCEPTED","B81693974A4133D6B9E909551AF1926A076E940992544710ADD473CD348725ED","PASS_STATIC_SEMANTIC_SOURCE_TOPOLOGY_CARRIER_MORPHOLOGY_UNICODE_PAIRED_DIRECT_FILE_REPLAY_BUILD_DEFERRED_FOR_DEPENDENCY_CLOSURE","ACCEPTED"
