"unit_id","stable_order","source_commit","source_path","source_sha256","ar_branch","ar_target_path","ar_status","fa_branch","fa_target_path","fa_status","shared_cursor_after","qa_state"
"OLP-0001","1","9620cc73f9c8e0ad003c514a5d3748f29611c4c0","content/open-logic-about.tex","E4F2E2EC5D9957FA71DF41E9ED100641FE08230F63AF6065EAAFCB3D37346F4A","codex/openlogic-ar","locale/ar/content/open-logic-about.tex","ACCEPTED","codex/openlogic-fa-ir","locale/fa-IR/content/open-logic-about.tex","ACCEPTED","OLP-0002","PASS_STATIC_SEMANTIC_BUILD_VISUAL_INDEPENDENT_AI_WITH_ACCESSIBILITY_CAVEAT"
"OLP-0002","2","9620cc73f9c8e0ad003c514a5d3748f29611c4c0","content/content.tex","B42CD7F4BFD4185CCDA7F834A706973A728B2126498C873671924A77B4D8F1D6","codex/openlogic-ar","locale/ar/content/content.tex","ACCEPTED","codex/openlogic-fa-ir","locale/fa-IR/content/content.tex","ACCEPTED","OLP-0003","PASS_STATIC_SEMANTIC_INDEPENDENT_AI_BUILD_DEFERRED_FOR_DEPENDENCY_CLOSURE"
"OLP-0003","3","9620cc73f9c8e0ad003c514a5d3748f29611c4c0","content/sets-functions-relations/sets-functions-relations-complete.tex","03E55D8EE2EC4586A5DC8B64E6FA59950C46DA3CDEE54267946015E7BBD989ED","codex/openlogic-ar","locale/ar/content/sets-functions-relations/sets-functions-relations-complete.tex","ACCEPTED","codex/openlogic-fa-ir","locale/fa-IR/content/sets-functions-relations/sets-functions-relations-complete.tex","ACCEPTED","OLP-0004","PASS_STATIC_SEMANTIC_INDEPENDENT_AI_BUILD_DEFERRED_FOR_DEPENDENCY_CLOSURE"
"OLP-0004","4","9620cc73f9c8e0ad003c514a5d3748f29611c4c0","content/sets-functions-relations/sets/sets.tex","EEA34D38BB52811468A0025D348457A0F4D3F44AAE4B7CABB28551D6328E2785","codex/openlogic-ar","locale/ar/content/sets-functions-relations/sets/sets.tex","ACCEPTED","codex/openlogic-fa-ir","locale/fa-IR/content/sets-functions-relations/sets/sets.tex","ACCEPTED","OLP-0005","PASS_STATIC_SEMANTIC_INDEPENDENT_AI_BUILD_DEFERRED_FOR_DEPENDENCY_CLOSURE"
"OLP-0005","5","9620cc73f9c8e0ad003c514a5d3748f29611c4c0","content/sets-functions-relations/sets/basics.tex","8BC9151AF0985E6E20C374AA38CDDD1ADD7A8DFFBABCCC94B89F324F62C40F8C","codex/openlogic-ar","locale/ar/content/sets-functions-relations/sets/basics.tex","ACCEPTED","codex/openlogic-fa-ir","locale/fa-IR/content/sets-functions-relations/sets/basics.tex","ACCEPTED","OLP-0006","PASS_STATIC_SEMANTIC_BUILD_VISUAL_INDEPENDENT_AI_WITH_ACCESSIBILITY_CAVEAT"
"OLP-0006","6","9620cc73f9c8e0ad003c514a5d3748f29611c4c0","content/sets-functions-relations/sets/subsets.tex","5D982F62C40325CF75DA4517ADD45CA073E23FB9463CFB3ADFB9AAFBB8582E46","codex/openlogic-ar","locale/ar/content/sets-functions-relations/sets/subsets.tex","ACCEPTED","codex/openlogic-fa-ir","locale/fa-IR/content/sets-functions-relations/sets/subsets.tex","ACCEPTED","OLP-0007","PASS_STATIC_SEMANTIC_BUILD_VISUAL_INDEPENDENT_AI_WITH_ACCESSIBILITY_CAVEAT"
"OLP-0007","7","9620cc73f9c8e0ad003c514a5d3748f29611c4c0","content/sets-functions-relations/sets/important-sets.tex","B1B998CAD3FA5AEF48670F755245F86EFE00B239D332A50E764147602405FB32","codex/openlogic-ar","locale/ar/content/sets-functions-relations/sets/important-sets.tex","ACCEPTED","codex/openlogic-fa-ir","locale/fa-IR/content/sets-functions-relations/sets/important-sets.tex","ACCEPTED","OLP-0008","PASS_STATIC_SEMANTIC_BUILD_VISUAL_INDEPENDENT_AI_WITH_ACCESSIBILITY_CAVEAT"
"OLP-0008","8","9620cc73f9c8e0ad003c514a5d3748f29611c4c0","content/sets-functions-relations/sets/unions-and-intersections.tex","2AD0EEC70308CEEFF2A4158B2DEE60E59A9B1CF9268FC95C4BB1DA05F65AD60D","codex/openlogic-ar","locale/ar/content/sets-functions-relations/sets/unions-and-intersections.tex","ACCEPTED","codex/openlogic-fa-ir","locale/fa-IR/content/sets-functions-relations/sets/unions-and-intersections.tex","ACCEPTED","OLP-0009","PASS_STATIC_SEMANTIC_BUILD_VISUAL_LINKS_INDEPENDENT_AI_WITH_ACCESSIBILITY_CAVEAT"
"OLP-0009","9","9620cc73f9c8e0ad003c514a5d3748f29611c4c0","content/sets-functions-relations/sets/pairs-and-products.tex","3DB7F0241D387B49488F70E78062C24192B813873618F761565D97BD7249431C","codex/openlogic-ar","locale/ar/content/sets-functions-relations/sets/pairs-and-products.tex","ACCEPTED","codex/openlogic-fa-ir","locale/fa-IR/content/sets-functions-relations/sets/pairs-and-products.tex","ACCEPTED","OLP-0010","PASS_STATIC_SEMANTIC_BUILD_VISUAL_LINKS_INDEPENDENT_AI_WITH_ACCESSIBILITY_CAVEAT"
"OLP-0010","10","9620cc73f9c8e0ad003c514a5d3748f29611c4c0","content/sets-functions-relations/sets/russells-paradox.tex","9A76315CD0D9CF89D27E90A9B87138B1C95AEA98E0D26DE3FE12D897B8C4D10D","codex/openlogic-ar","locale/ar/content/sets-functions-relations/sets/russells-paradox.tex","ACCEPTED","codex/openlogic-fa-ir","locale/fa-IR/content/sets-functions-relations/sets/russells-paradox.tex","ACCEPTED","OLP-0011","PASS_STATIC_SEMANTIC_BUILD_VISUAL_INDEPENDENT_AI_WITH_ACCESSIBILITY_CAVEAT"
"OLP-0011","11","9620cc73f9c8e0ad003c514a5d3748f29611c4c0","content/sets-functions-relations/relations/relations-complete.tex","7E1363F3E757004246334478742E4199101DBB2551FAC272462454CD40161E23","codex/openlogic-ar","locale/ar/content/sets-functions-relations/relations/relations-complete.tex","ACCEPTED","codex/openlogic-fa-ir","locale/fa-IR/content/sets-functions-relations/relations/relations-complete.tex","ACCEPTED","OLP-0012","PASS_STATIC_SEMANTIC_INDEPENDENT_AI_BUILD_VISUAL_RELATIONS_INTEGRATION_WITH_ACCESSIBILITY_CAVEAT"
"OLP-0012","12","9620cc73f9c8e0ad003c514a5d3748f29611c4c0","content/sets-functions-relations/relations/relations-as-sets.tex","412C6FA44EAD94F076DFEA7CD23F9E3CD748B08C1882DCB129B15F8EFCF5C29C","codex/openlogic-ar","locale/ar/content/sets-functions-relations/relations/relations-as-sets.tex","ACCEPTED","codex/openlogic-fa-ir","locale/fa-IR/content/sets-functions-relations/relations/relations-as-sets.tex","ACCEPTED","OLP-0013","PASS_STATIC_SEMANTIC_INDEPENDENT_AI_BUILD_VISUAL_RELATIONS_INTEGRATION_WITH_ACCESSIBILITY_CAVEAT"
"OLP-0013","13","9620cc73f9c8e0ad003c514a5d3748f29611c4c0","content/sets-functions-relations/relations/reflections.tex","1F94C1032EAEDB73B1DE69E6F010B8E0C7437FE240AB280583FF358896FA4B27","codex/openlogic-ar","locale/ar/content/sets-functions-relations/relations/reflections.tex","ACCEPTED","codex/openlogic-fa-ir","locale/fa-IR/content/sets-functions-relations/relations/reflections.tex","ACCEPTED","OLP-0014","PASS_STATIC_SEMANTIC_INDEPENDENT_AI_BUILD_VISUAL_RELATIONS_INTEGRATION_WITH_ACCESSIBILITY_CAVEAT"
"OLP-0014","14","9620cc73f9c8e0ad003c514a5d3748f29611c4c0","content/sets-functions-relations/relations/special-properties.tex","F9BDFCB4C680EA58FDB209F0347C2F8055DE96558CAF69A26EC3CE8E1E7CE6A1","codex/openlogic-ar","locale/ar/content/sets-functions-relations/relations/special-properties.tex","ACCEPTED","codex/openlogic-fa-ir","locale/fa-IR/content/sets-functions-relations/relations/special-properties.tex","ACCEPTED","OLP-0015","PASS_STATIC_SEMANTIC_INDEPENDENT_AI_BUILD_VISUAL_RELATIONS_INTEGRATION_WITH_ACCESSIBILITY_CAVEAT"
"OLP-0015","15","9620cc73f9c8e0ad003c514a5d3748f29611c4c0","content/sets-functions-relations/relations/equivalence-relations.tex","0B2167D0A9633938FD173D396F9E92B795826821471FF111483F7C7088A4BE46","codex/openlogic-ar","locale/ar/content/sets-functions-relations/relations/equivalence-relations.tex","ACCEPTED","codex/openlogic-fa-ir","locale/fa-IR/content/sets-functions-relations/relations/equivalence-relations.tex","ACCEPTED","OLP-0016","PASS_STATIC_SEMANTIC_INDEPENDENT_AI_BUILD_VISUAL_RELATIONS_INTEGRATION_WITH_ACCESSIBILITY_CAVEAT"
"OLP-0016","16","9620cc73f9c8e0ad003c514a5d3748f29611c4c0","content/sets-functions-relations/relations/orders.tex","C6B7F7F49379F9CAC28D844270639EAE141152978EF8AD68065D0CFD83CCBD38","codex/openlogic-ar","locale/ar/content/sets-functions-relations/relations/orders.tex","ACCEPTED","codex/openlogic-fa-ir","locale/fa-IR/content/sets-functions-relations/relations/orders.tex","ACCEPTED","OLP-0017","PASS_STATIC_SEMANTIC_INDEPENDENT_AI_BUILD_VISUAL_RELATIONS_INTEGRATION_WITH_ACCESSIBILITY_CAVEAT"
"OLP-0017","17","9620cc73f9c8e0ad003c514a5d3748f29611c4c0","content/sets-functions-relations/relations/graphs.tex","A538018608CE97D0B371A392912C3D6825D8F3B17719BCECA5744A77ACE26351","codex/openlogic-ar","locale/ar/content/sets-functions-relations/relations/graphs.tex","ACCEPTED","codex/openlogic-fa-ir","locale/fa-IR/content/sets-functions-relations/relations/graphs.tex","ACCEPTED","OLP-0018","PASS_STATIC_SEMANTIC_TIKZ_INDEPENDENT_AI_BUILD_VISUAL_RELATIONS_INTEGRATION_WITH_ACCESSIBILITY_CAVEAT"
"OLP-0018","18","9620cc73f9c8e0ad003c514a5d3748f29611c4c0","content/sets-functions-relations/relations/trees.tex","57CC56EE55506AA19E7BE6129D2CAD6B8635FD2D6407399D4F774782F2CDD588","codex/openlogic-ar","locale/ar/content/sets-functions-relations/relations/trees.tex","ACCEPTED","codex/openlogic-fa-ir","locale/fa-IR/content/sets-functions-relations/relations/trees.tex","ACCEPTED","OLP-0019","PASS_STATIC_SEMANTIC_TIKZ_INDEPENDENT_AI_BUILD_VISUAL_RELATIONS_INTEGRATION_WITH_ACCESSIBILITY_CAVEAT"
"OLP-0019","19","9620cc73f9c8e0ad003c514a5d3748f29611c4c0","content/sets-functions-relations/relations/operations.tex","5E6F57E9DDF53E1624955ADABD594EA3855AD787C1074BA12421B0025B432372","codex/openlogic-ar","locale/ar/content/sets-functions-relations/relations/operations.tex","ACCEPTED","codex/openlogic-fa-ir","locale/fa-IR/content/sets-functions-relations/relations/operations.tex","ACCEPTED","OLP-0020","PASS_STATIC_SEMANTIC_INDEPENDENT_AI_BUILD_VISUAL_RELATIONS_INTEGRATION_WITH_ACCESSIBILITY_CAVEAT"
"OLP-0020","20","9620cc73f9c8e0ad003c514a5d3748f29611c4c0","content/sets-functions-relations/functions/functions.tex","CE481E97A8F301C749D1461326B4EE3D0792B4ADC15A1FCEB7C6ED3B58CECA54","codex/openlogic-ar","locale/ar/content/sets-functions-relations/functions/functions.tex","ACCEPTED","codex/openlogic-fa-ir","locale/fa-IR/content/sets-functions-relations/functions/functions.tex","ACCEPTED","OLP-0021","PASS_STATIC_SEMANTIC_INDEPENDENT_AI_BUILD_VISUAL_FUNCTIONS_INTEGRATION_WITH_ACCESSIBILITY_CAVEAT"
"OLP-0021","21","9620cc73f9c8e0ad003c514a5d3748f29611c4c0","content/sets-functions-relations/functions/function-basics.tex","F01A58D84A175F42D8C233EF0E7D41C23D406B54E8F11475C14514B64ECA3DC7","codex/openlogic-ar","locale/ar/content/sets-functions-relations/functions/function-basics.tex","ACCEPTED","codex/openlogic-fa-ir","locale/fa-IR/content/sets-functions-relations/functions/function-basics.tex","ACCEPTED","OLP-0022","PASS_STATIC_SEMANTIC_INDEPENDENT_AI_BUILD_VISUAL_FUNCTIONS_INTEGRATION_WITH_ACCESSIBILITY_CAVEAT"
"OLP-0022","22","9620cc73f9c8e0ad003c514a5d3748f29611c4c0","content/sets-functions-relations/functions/function-kinds.tex","6DFE2A70579F8E3521D8E2286E2360DD58A19FBEDA9718B62342105388AB4F93","codex/openlogic-ar","locale/ar/content/sets-functions-relations/functions/function-kinds.tex","ACCEPTED","codex/openlogic-fa-ir","locale/fa-IR/content/sets-functions-relations/functions/function-kinds.tex","ACCEPTED","OLP-0023","PASS_STATIC_SEMANTIC_INDEPENDENT_AI_BUILD_VISUAL_FUNCTIONS_INTEGRATION_WITH_ACCESSIBILITY_CAVEAT"
"OLP-0023","23","9620cc73f9c8e0ad003c514a5d3748f29611c4c0","content/sets-functions-relations/functions/functions-relations.tex","0205F7168E0679F513E7C95EA7124CE364BCE36F9E04F06D519E90F6A5480A5C","codex/openlogic-ar","locale/ar/content/sets-functions-relations/functions/functions-relations.tex","ACCEPTED","codex/openlogic-fa-ir","locale/fa-IR/content/sets-functions-relations/functions/functions-relations.tex","ACCEPTED","OLP-0024","PASS_STATIC_SEMANTIC_INDEPENDENT_AI_BUILD_VISUAL_FUNCTIONS_INTEGRATION_WITH_ACCESSIBILITY_CAVEAT"
"OLP-0024","24","9620cc73f9c8e0ad003c514a5d3748f29611c4c0","content/sets-functions-relations/functions/inverses.tex","93A84A2705E1ED3C92A7F5206C4308420BEBBBBCB43824C1EB50E05F83777C4B","codex/openlogic-ar","locale/ar/content/sets-functions-relations/functions/inverses.tex","ACCEPTED","codex/openlogic-fa-ir","locale/fa-IR/content/sets-functions-relations/functions/inverses.tex","ACCEPTED","OLP-0025","PASS_STATIC_SEMANTIC_INDEPENDENT_AI_BUILD_VISUAL_FUNCTIONS_INTEGRATION_WITH_ACCESSIBILITY_CAVEAT"
"OLP-0025","25","9620cc73f9c8e0ad003c514a5d3748f29611c4c0","content/sets-functions-relations/functions/composition.tex","091C7AB9E4D0517B2A62F4ECF10E4EB75F0F83E31E1BBD9C365C4B751B981FEE","codex/openlogic-ar","locale/ar/content/sets-functions-relations/functions/composition.tex","ACCEPTED","codex/openlogic-fa-ir","locale/fa-IR/content/sets-functions-relations/functions/composition.tex","ACCEPTED","OLP-0026","PASS_STATIC_SEMANTIC_INDEPENDENT_AI_BUILD_VISUAL_FUNCTIONS_INTEGRATION_WITH_ACCESSIBILITY_CAVEAT"
"OLP-0026","26","9620cc73f9c8e0ad003c514a5d3748f29611c4c0","content/sets-functions-relations/functions/partial-functions.tex","2A1E79725A70FDE443CC3C19C325A2C422C49E7CCD095C965F8C50FD5CC6B10B","codex/openlogic-ar","locale/ar/content/sets-functions-relations/functions/partial-functions.tex","ACCEPTED","codex/openlogic-fa-ir","locale/fa-IR/content/sets-functions-relations/functions/partial-functions.tex","ACCEPTED","OLP-0027","PASS_STATIC_SEMANTIC_INDEPENDENT_AI_BUILD_VISUAL_FUNCTIONS_INTEGRATION_WITH_ACCESSIBILITY_CAVEAT"
"OLP-0027","27","9620cc73f9c8e0ad003c514a5d3748f29611c4c0","content/sets-functions-relations/size-of-sets/size-of-sets-complete.tex","D2B1A2F68E99EFC2E5FD9F15316DB26D7F898BD61135213309F61D28A6F00A60","codex/openlogic-ar","locale/ar/content/sets-functions-relations/size-of-sets/size-of-sets-complete.tex","ACCEPTED","codex/openlogic-fa-ir","locale/fa-IR/content/sets-functions-relations/size-of-sets/size-of-sets-complete.tex","ACCEPTED","OLP-0028","PASS_STATIC_SEMANTIC_INDEPENDENT_AI_BUILD_DEFERRED_FOR_DEPENDENCY_CLOSURE"
"OLP-0028","28","9620cc73f9c8e0ad003c514a5d3748f29611c4c0","content/sets-functions-relations/size-of-sets/introduction.tex","E771BD78D2B9819350B17F333524E22CE44A26647916F5B864CB934E380C1FB9","codex/openlogic-ar","locale/ar/content/sets-functions-relations/size-of-sets/introduction.tex","ACCEPTED","codex/openlogic-fa-ir","locale/fa-IR/content/sets-functions-relations/size-of-sets/introduction.tex","ACCEPTED","OLP-0029","PASS_STATIC_SEMANTIC_TOKEN_INDEPENDENT_AI_BUILD_DEFERRED_FOR_DEPENDENCY_CLOSURE"
"OLP-0029","29","9620cc73f9c8e0ad003c514a5d3748f29611c4c0","content/sets-functions-relations/size-of-sets/enumerability.tex","7657DB317A07EEF9CD5497AD88997483DD43C9F94F27D257ABE857084886A2FE","codex/openlogic-ar","locale/ar/content/sets-functions-relations/size-of-sets/enumerability.tex","ACCEPTED","codex/openlogic-fa-ir","locale/fa-IR/content/sets-functions-relations/size-of-sets/enumerability.tex","ACCEPTED","OLP-0030","PASS_STATIC_SEMANTIC_INDEPENDENT_AI_BUILD_DEFERRED_FOR_DEPENDENCY_CLOSURE"
"OLP-0030","30","9620cc73f9c8e0ad003c514a5d3748f29611c4c0","content/sets-functions-relations/size-of-sets/zig-zag.tex","18BF058D52E22B9DBC7A08AF314B58C81F35DD4009C0CCF726A0D00AEC391DEE","codex/openlogic-ar","locale/ar/content/sets-functions-relations/size-of-sets/zig-zag.tex","ACCEPTED","codex/openlogic-fa-ir","locale/fa-IR/content/sets-functions-relations/size-of-sets/zig-zag.tex","ACCEPTED","OLP-0031","PASS_STATIC_SEMANTIC_INDEPENDENT_AI_BUILD_DEFERRED_FOR_DEPENDENCY_CLOSURE"
"OLP-0031","31","9620cc73f9c8e0ad003c514a5d3748f29611c4c0","content/sets-functions-relations/size-of-sets/pairing.tex","345A39184E28AF727E378D5B5883B5E7D2E1C27CD729329376D19426DDAED484","codex/openlogic-ar","locale/ar/content/sets-functions-relations/size-of-sets/pairing.tex","ACCEPTED","codex/openlogic-fa-ir","locale/fa-IR/content/sets-functions-relations/size-of-sets/pairing.tex","ACCEPTED","OLP-0032","PASS_STATIC_SEMANTIC_INDEPENDENT_AI_BUILD_DEFERRED_FOR_DEPENDENCY_CLOSURE"
"OLP-0032","32","9620cc73f9c8e0ad003c514a5d3748f29611c4c0","content/sets-functions-relations/size-of-sets/pairing-alt.tex","FD523F5306E1FD0E5C03F4C572D244FB017D1C0BE27939F180BC6867A214E425","codex/openlogic-ar","locale/ar/content/sets-functions-relations/size-of-sets/pairing-alt.tex","ACCEPTED","codex/openlogic-fa-ir","locale/fa-IR/content/sets-functions-relations/size-of-sets/pairing-alt.tex","ACCEPTED","OLP-0033","PASS_STATIC_SEMANTIC_INDEPENDENT_AI_BUILD_DEFERRED_FOR_DEPENDENCY_CLOSURE"
"OLP-0033","33","9620cc73f9c8e0ad003c514a5d3748f29611c4c0","content/sets-functions-relations/size-of-sets/non-enumerability.tex","A272A841F8C50BDA6589AAC40278B9BFF7F8A1F5284730C7195423B09AC3BA2E","codex/openlogic-ar","locale/ar/content/sets-functions-relations/size-of-sets/non-enumerability.tex","ACCEPTED","codex/openlogic-fa-ir","locale/fa-IR/content/sets-functions-relations/size-of-sets/non-enumerability.tex","ACCEPTED","OLP-0034","PASS_STATIC_SEMANTIC_INDEPENDENT_AI_BUILD_DEFERRED_FOR_DEPENDENCY_CLOSURE"
"OLP-0034","34","9620cc73f9c8e0ad003c514a5d3748f29611c4c0","content/sets-functions-relations/size-of-sets/reduction.tex","33F0CBB35C8C1FA3FF0E4F44FA626FDC298D1C4612AEAAFB41BCB920E5D18AC8","codex/openlogic-ar","locale/ar/content/sets-functions-relations/size-of-sets/reduction.tex","ACCEPTED","codex/openlogic-fa-ir","locale/fa-IR/content/sets-functions-relations/size-of-sets/reduction.tex","ACCEPTED","OLP-0035","PASS_STATIC_SEMANTIC_INDEPENDENT_AI_BUILD_DEFERRED_FOR_DEPENDENCY_CLOSURE"
"OLP-0035","35","9620cc73f9c8e0ad003c514a5d3748f29611c4c0","content/sets-functions-relations/size-of-sets/equinumerous-sets.tex","7B0444E3293B300B72B7A6D49638913A778F5131FD94650DD64A5F11040C91F2","codex/openlogic-ar","locale/ar/content/sets-functions-relations/size-of-sets/equinumerous-sets.tex","ACCEPTED","codex/openlogic-fa-ir","locale/fa-IR/content/sets-functions-relations/size-of-sets/equinumerous-sets.tex","ACCEPTED","OLP-0036","PASS_STATIC_SEMANTIC_INDEPENDENT_AI_BUILD_DEFERRED_FOR_DEPENDENCY_CLOSURE"
"OLP-0036","36","9620cc73f9c8e0ad003c514a5d3748f29611c4c0","content/sets-functions-relations/size-of-sets/comparing-size.tex","CB92C7E6DF9529CED700D708AD8C6EFDA9A0D8C3F8E69D08BCB4D614C6F5041B","codex/openlogic-ar","locale/ar/content/sets-functions-relations/size-of-sets/comparing-size.tex","ACCEPTED","codex/openlogic-fa-ir","locale/fa-IR/content/sets-functions-relations/size-of-sets/comparing-size.tex","ACCEPTED","OLP-0037","PASS_STATIC_SEMANTIC_INDEPENDENT_AI_BUILD_DEFERRED_FOR_DEPENDENCY_CLOSURE"
"OLP-0037","37","9620cc73f9c8e0ad003c514a5d3748f29611c4c0","content/sets-functions-relations/size-of-sets/schroder-bernstein.tex","7B99B3E032E24E425383734CE80AD9A5CC37D018C09205E02F37B927D50BB56A","codex/openlogic-ar","locale/ar/content/sets-functions-relations/size-of-sets/schroder-bernstein.tex","ACCEPTED","codex/openlogic-fa-ir","locale/fa-IR/content/sets-functions-relations/size-of-sets/schroder-bernstein.tex","ACCEPTED","OLP-0038","PASS_STATIC_SEMANTIC_INDEPENDENT_AI_BUILD_DEFERRED_FOR_DEPENDENCY_CLOSURE"
"OLP-0038","38","9620cc73f9c8e0ad003c514a5d3748f29611c4c0","content/sets-functions-relations/size-of-sets/enumerability-alt.tex","8AD8D8941A5CA6D1B4CD2CC351FC16A912D00273783C0358838DD4FA51FB4627","codex/openlogic-ar","locale/ar/content/sets-functions-relations/size-of-sets/enumerability-alt.tex","ACCEPTED","codex/openlogic-fa-ir","locale/fa-IR/content/sets-functions-relations/size-of-sets/enumerability-alt.tex","ACCEPTED","OLP-0039","PASS_STATIC_SEMANTIC_INDEPENDENT_AI_BUILD_DEFERRED_FOR_DEPENDENCY_CLOSURE"
"OLP-0039","39","9620cc73f9c8e0ad003c514a5d3748f29611c4c0","content/sets-functions-relations/size-of-sets/non-enumerability-alt.tex","0C20A2C420FBF4DBD801BB97E37799B3C602AE33EF2B1DC85FF94E24208CA2BB","codex/openlogic-ar","locale/ar/content/sets-functions-relations/size-of-sets/non-enumerability-alt.tex","ACCEPTED","codex/openlogic-fa-ir","locale/fa-IR/content/sets-functions-relations/size-of-sets/non-enumerability-alt.tex","ACCEPTED","OLP-0040","PASS_STATIC_SEMANTIC_INDEPENDENT_AI_BUILD_DEFERRED_FOR_DEPENDENCY_CLOSURE"
"OLP-0040","40","9620cc73f9c8e0ad003c514a5d3748f29611c4c0","content/sets-functions-relations/size-of-sets/reduction-alt.tex","46381B85C0E9A1AB48CB9301518DE91F073D649C3B1119325C1409F5A6C1D663","codex/openlogic-ar","locale/ar/content/sets-functions-relations/size-of-sets/reduction-alt.tex","ACCEPTED","codex/openlogic-fa-ir","locale/fa-IR/content/sets-functions-relations/size-of-sets/reduction-alt.tex","ACCEPTED","OLP-0041","PASS_STATIC_SEMANTIC_INDEPENDENT_AI_BUILD_DEFERRED_FOR_DEPENDENCY_CLOSURE"
"OLP-0041","41","9620cc73f9c8e0ad003c514a5d3748f29611c4c0","content/sets-functions-relations/arithmetization/arithmetization.tex","05F8775A82C294927A6195AE372C1910E4777909FE8AD2AAA9CBF6DEA566FE24","codex/openlogic-ar","locale/ar/content/sets-functions-relations/arithmetization/arithmetization.tex","ACCEPTED","codex/openlogic-fa-ir","locale/fa-IR/content/sets-functions-relations/arithmetization/arithmetization.tex","ACCEPTED","OLP-0042","PASS_STATIC_SEMANTIC_INDEPENDENT_AI_BUILD_DEFERRED_FOR_DEPENDENCY_CLOSURE"
"OLP-0042","42","9620cc73f9c8e0ad003c514a5d3748f29611c4c0","content/sets-functions-relations/arithmetization/integers.tex","F93B142146B9527128437355D7E3922204EEDE2CA9C75A941D3C09A9A848CE77","codex/openlogic-ar","locale/ar/content/sets-functions-relations/arithmetization/integers.tex","ACCEPTED","codex/openlogic-fa-ir","locale/fa-IR/content/sets-functions-relations/arithmetization/integers.tex","ACCEPTED","OLP-0043","PASS_STATIC_SEMANTIC_INDEPENDENT_AI_BUILD_DEFERRED_FOR_DEPENDENCY_CLOSURE"
"OLP-0043","43","9620cc73f9c8e0ad003c514a5d3748f29611c4c0","content/sets-functions-relations/arithmetization/rationals.tex","7140495368042FCBC55907E6EE568C5BC8B7066E44A01A50CBF4202ACEBE71D2","codex/openlogic-ar","locale/ar/content/sets-functions-relations/arithmetization/rationals.tex","ACCEPTED","codex/openlogic-fa-ir","locale/fa-IR/content/sets-functions-relations/arithmetization/rationals.tex","ACCEPTED","OLP-0044","PASS_STATIC_SEMANTIC_INDEPENDENT_AI_BUILD_DEFERRED_FOR_DEPENDENCY_CLOSURE"
"OLP-0044","44","9620cc73f9c8e0ad003c514a5d3748f29611c4c0","content/sets-functions-relations/arithmetization/reals.tex","3DF30161417B836178FF701AA3D778B9EC7C1BA8E3A8A54F98B5584A7960F453","codex/openlogic-ar","locale/ar/content/sets-functions-relations/arithmetization/reals.tex","ACCEPTED","codex/openlogic-fa-ir","locale/fa-IR/content/sets-functions-relations/arithmetization/reals.tex","ACCEPTED","OLP-0045","PASS_STATIC_SEMANTIC_INDEPENDENT_AI_BUILD_DEFERRED_FOR_DEPENDENCY_CLOSURE"
"OLP-0045","45","9620cc73f9c8e0ad003c514a5d3748f29611c4c0","content/sets-functions-relations/arithmetization/cuts.tex","E7CB1029BCB0F0F1AC677C005AF8D4E6A10DF84BFFF50C7483447B972324B44C","codex/openlogic-ar","locale/ar/content/sets-functions-relations/arithmetization/cuts.tex","ACCEPTED","codex/openlogic-fa-ir","locale/fa-IR/content/sets-functions-relations/arithmetization/cuts.tex","ACCEPTED","OLP-0046","PASS_STATIC_SEMANTIC_INDEPENDENT_AI_BUILD_DEFERRED_FOR_DEPENDENCY_CLOSURE"
"OLP-0046","46","9620cc73f9c8e0ad003c514a5d3748f29611c4c0","content/sets-functions-relations/arithmetization/reflections.tex","01032BE342B6892C970733ACF0B553216C39C5E864C0378D25FEA8C5EAA11EAD","codex/openlogic-ar","locale/ar/content/sets-functions-relations/arithmetization/reflections.tex","ACCEPTED","codex/openlogic-fa-ir","locale/fa-IR/content/sets-functions-relations/arithmetization/reflections.tex","ACCEPTED","OLP-0047","PASS_STATIC_SEMANTIC_INDEPENDENT_AI_BUILD_DEFERRED_FOR_DEPENDENCY_CLOSURE"
"OLP-0047","47","9620cc73f9c8e0ad003c514a5d3748f29611c4c0","content/sets-functions-relations/arithmetization/checking-details.tex","D791C146F159C8E43368C12CD1A10E61A53F501BAF9F3D2C606C7BD589C0AE01","codex/openlogic-ar","locale/ar/content/sets-functions-relations/arithmetization/checking-details.tex","ACCEPTED","codex/openlogic-fa-ir","locale/fa-IR/content/sets-functions-relations/arithmetization/checking-details.tex","ACCEPTED","OLP-0048","PASS_STATIC_SEMANTIC_INDEPENDENT_AI_BUILD_DEFERRED_FOR_DEPENDENCY_CLOSURE"
"OLP-0048","48","9620cc73f9c8e0ad003c514a5d3748f29611c4c0","content/sets-functions-relations/arithmetization/cauchy.tex","35D0A39913340EADCAB7FB9D7742B56AEF0D0F29868CD65EECA9DC53694E8AC2","codex/openlogic-ar","locale/ar/content/sets-functions-relations/arithmetization/cauchy.tex","ACCEPTED","codex/openlogic-fa-ir","locale/fa-IR/content/sets-functions-relations/arithmetization/cauchy.tex","ACCEPTED","OLP-0049","PASS_STATIC_SEMANTIC_INDEPENDENT_AI_BUILD_DEFERRED_FOR_DEPENDENCY_CLOSURE"
"OLP-0049","49","9620cc73f9c8e0ad003c514a5d3748f29611c4c0","content/sets-functions-relations/infinite/infinite.tex","1F4A788F692454ADC1A93E2670899F785F45EE9849952AC2F36FCE7CDD77DBFF","codex/openlogic-ar","locale/ar/content/sets-functions-relations/infinite/infinite.tex","ACCEPTED","codex/openlogic-fa-ir","locale/fa-IR/content/sets-functions-relations/infinite/infinite.tex","ACCEPTED","OLP-0050","PASS_STATIC_SEMANTIC_INDEPENDENT_AI_BUILD_DEFERRED_FOR_DEPENDENCY_CLOSURE"
"OLP-0050","50","9620cc73f9c8e0ad003c514a5d3748f29611c4c0","content/sets-functions-relations/infinite/hilberts-hotel.tex","E9A73CAEFCC496D7074251A3AC15F66FD577415BD3A531DD23F79375502EE0ED","codex/openlogic-ar","locale/ar/content/sets-functions-relations/infinite/hilberts-hotel.tex","ACCEPTED","codex/openlogic-fa-ir","locale/fa-IR/content/sets-functions-relations/infinite/hilberts-hotel.tex","ACCEPTED","OLP-0051","PASS_STATIC_SEMANTIC_INDEPENDENT_AI_BUILD_DEFERRED_FOR_DEPENDENCY_CLOSURE"
"OLP-0051","51","9620cc73f9c8e0ad003c514a5d3748f29611c4c0","content/sets-functions-relations/infinite/dedekind-algebra.tex","9CEE716BB8CB3BFD507ED5C17BBD4477D05995AF6F8F8D411087793BDAA86036","codex/openlogic-ar","locale/ar/content/sets-functions-relations/infinite/dedekind-algebra.tex","ACCEPTED","codex/openlogic-fa-ir","locale/fa-IR/content/sets-functions-relations/infinite/dedekind-algebra.tex","ACCEPTED","OLP-0052","PASS_STATIC_SEMANTIC_INDEPENDENT_AI_BUILD_DEFERRED_FOR_DEPENDENCY_CLOSURE"
"OLP-0052","52","9620cc73f9c8e0ad003c514a5d3748f29611c4c0","content/sets-functions-relations/infinite/dedekind-induction.tex","EA5F6C80D70ABCA6F5598DE3E221C2F60524C40CBF533AE8A5336D5BB7186537","codex/openlogic-ar","locale/ar/content/sets-functions-relations/infinite/dedekind-induction.tex","ACCEPTED","codex/openlogic-fa-ir","locale/fa-IR/content/sets-functions-relations/infinite/dedekind-induction.tex","ACCEPTED","OLP-0053","PASS_STATIC_SEMANTIC_INDEPENDENT_AI_BUILD_DEFERRED_FOR_DEPENDENCY_CLOSURE"
"OLP-0053","53","9620cc73f9c8e0ad003c514a5d3748f29611c4c0","content/sets-functions-relations/infinite/dedekinds-proof.tex","A7C41CEBB6B7B0E2BED0D187777BE4BA69FECDB17BAA070975A0CA5C5C55B8BF","codex/openlogic-ar","locale/ar/content/sets-functions-relations/infinite/dedekinds-proof.tex","ACCEPTED","codex/openlogic-fa-ir","locale/fa-IR/content/sets-functions-relations/infinite/dedekinds-proof.tex","ACCEPTED","OLP-0054","PASS_STATIC_SEMANTIC_INDEPENDENT_AI_BUILD_DEFERRED_FOR_DEPENDENCY_CLOSURE"
"OLP-0054","54","9620cc73f9c8e0ad003c514a5d3748f29611c4c0","content/sets-functions-relations/infinite/card-sb.tex","88534A3F2BE736A704AB31343E45933EDB9712FA5B4411EB102C0F4A12D656E9","codex/openlogic-ar","locale/ar/content/sets-functions-relations/infinite/card-sb.tex","ACCEPTED","codex/openlogic-fa-ir","locale/fa-IR/content/sets-functions-relations/infinite/card-sb.tex","ACCEPTED","OLP-0055","PASS_STATIC_SEMANTIC_INDEPENDENT_AI_BUILD_DEFERRED_FOR_DEPENDENCY_CLOSURE"
"OLP-0055","55","9620cc73f9c8e0ad003c514a5d3748f29611c4c0","content/propositional-logic/propositional-logic.tex","8CFCB14B29EAE3AE53C6EF626987E2323B8C870010E27D52D454296F24452799","codex/openlogic-ar","locale/ar/content/propositional-logic/propositional-logic.tex","ACCEPTED","codex/openlogic-fa-ir","locale/fa-IR/content/propositional-logic/propositional-logic.tex","ACCEPTED","OLP-0056","PASS_STATIC_SEMANTIC_INDEPENDENT_AI_BUILD_DEFERRED_FOR_DEPENDENCY_CLOSURE"
"OLP-0056","56","9620cc73f9c8e0ad003c514a5d3748f29611c4c0","content/propositional-logic/syntax-and-semantics/syntax-and-semantics.tex","799D1DAB63CDA19A28C1DBF7097052FB790BBCE609AECD5367D2E368DECDB18B","codex/openlogic-ar","locale/ar/content/propositional-logic/syntax-and-semantics/syntax-and-semantics.tex","ACCEPTED","codex/openlogic-fa-ir","locale/fa-IR/content/propositional-logic/syntax-and-semantics/syntax-and-semantics.tex","ACCEPTED","OLP-0057","PASS_STATIC_SEMANTIC_INDEPENDENT_AI_BUILD_DEFERRED_FOR_DEPENDENCY_CLOSURE"
"OLP-0057","57","9620cc73f9c8e0ad003c514a5d3748f29611c4c0","content/propositional-logic/syntax-and-semantics/introduction.tex","2AD06497283FA1399D56862C75CAF1A418BB753FBB0195658AF9F0C57183A441","codex/openlogic-ar","locale/ar/content/propositional-logic/syntax-and-semantics/introduction.tex","ACCEPTED","codex/openlogic-fa-ir","locale/fa-IR/content/propositional-logic/syntax-and-semantics/introduction.tex","ACCEPTED","OLP-0058","PASS_STATIC_SEMANTIC_INDEPENDENT_AI_BUILD_DEFERRED_FOR_DEPENDENCY_CLOSURE"
"OLP-0058","58","9620cc73f9c8e0ad003c514a5d3748f29611c4c0","content/propositional-logic/syntax-and-semantics/formulas.tex","8777D77E48E3A41A527B1B737C67E00CB7850F4FA0902CE24846000B40724756","codex/openlogic-ar","locale/ar/content/propositional-logic/syntax-and-semantics/formulas.tex","ACCEPTED","codex/openlogic-fa-ir","locale/fa-IR/content/propositional-logic/syntax-and-semantics/formulas.tex","ACCEPTED","OLP-0059","PASS_STATIC_SEMANTIC_INDEPENDENT_AI_BUILD_DEFERRED_FOR_DEPENDENCY_CLOSURE"
"OLP-0059","59","9620cc73f9c8e0ad003c514a5d3748f29611c4c0","content/propositional-logic/syntax-and-semantics/preliminaries.tex","78673F8419AA1F936F1ECC5629C0FA92C74FD4EE3102BADF5F389E3D775F48D6","codex/openlogic-ar","locale/ar/content/propositional-logic/syntax-and-semantics/preliminaries.tex","ACCEPTED","codex/openlogic-fa-ir","locale/fa-IR/content/propositional-logic/syntax-and-semantics/preliminaries.tex","ACCEPTED","OLP-0060","PASS_STATIC_SEMANTIC_INDEPENDENT_AI_BUILD_DEFERRED_FOR_DEPENDENCY_CLOSURE"
"OLP-0060","60","9620cc73f9c8e0ad003c514a5d3748f29611c4c0","content/propositional-logic/syntax-and-semantics/formation-sequences.tex","4057BF6B85C70AD9EE56DC5365B21A1DAA0A99550079BDAFB1AB16F36B943356","codex/openlogic-ar","locale/ar/content/propositional-logic/syntax-and-semantics/formation-sequences.tex","ACCEPTED","codex/openlogic-fa-ir","locale/fa-IR/content/propositional-logic/syntax-and-semantics/formation-sequences.tex","ACCEPTED","OLP-0061","PASS_STATIC_SEMANTIC_INDEPENDENT_AI_BUILD_DEFERRED_FOR_DEPENDENCY_CLOSURE"
"OLP-0061","61","9620cc73f9c8e0ad003c514a5d3748f29611c4c0","content/propositional-logic/syntax-and-semantics/valuations-sat.tex","D1454E8C2366F3A204A371523F41FEACBDC72402F7A3A7AE6635B60B17C90481","codex/openlogic-ar","locale/ar/content/propositional-logic/syntax-and-semantics/valuations-sat.tex","ACCEPTED","codex/openlogic-fa-ir","locale/fa-IR/content/propositional-logic/syntax-and-semantics/valuations-sat.tex","ACCEPTED","OLP-0062","PASS_STATIC_SEMANTIC_INDEPENDENT_AI_BUILD_DEFERRED_FOR_DEPENDENCY_CLOSURE"
"OLP-0062","62","9620cc73f9c8e0ad003c514a5d3748f29611c4c0","content/propositional-logic/syntax-and-semantics/semantic-notions.tex","0167B2BAB0DC2A75D011556643190A246D29831244A60BDE5515B1B2F431406A","codex/openlogic-ar","locale/ar/content/propositional-logic/syntax-and-semantics/semantic-notions.tex","ACCEPTED","codex/openlogic-fa-ir","locale/fa-IR/content/propositional-logic/syntax-and-semantics/semantic-notions.tex","ACCEPTED","OLP-0063","PASS_STATIC_SEMANTIC_INDEPENDENT_AI_BUILD_DEFERRED_FOR_DEPENDENCY_CLOSURE"
"OLP-0063","63","9620cc73f9c8e0ad003c514a5d3748f29611c4c0","content/first-order-logic/proof-systems/proof-systems.tex","85B8A0FCA16C329AD16B3C17975735C159E0CF9D38E8DFC7501ACBA84171FB6C","codex/openlogic-ar","locale/ar/content/first-order-logic/proof-systems/proof-systems.tex","ACCEPTED","codex/openlogic-fa-ir","locale/fa-IR/content/first-order-logic/proof-systems/proof-systems.tex","ACCEPTED","OLP-0064","PASS_STATIC_SEMANTIC_BATCH_REPLAY_BUILD_DEFERRED_FOR_DEPENDENCY_CLOSURE"
"OLP-0064","64","9620cc73f9c8e0ad003c514a5d3748f29611c4c0","content/first-order-logic/proof-systems/introduction.tex","5172343625A0D66971257858A1A6E359805FFEEC979BD5AFDC0377864799A756","codex/openlogic-ar","locale/ar/content/first-order-logic/proof-systems/introduction.tex","ACCEPTED","codex/openlogic-fa-ir","locale/fa-IR/content/first-order-logic/proof-systems/introduction.tex","ACCEPTED","OLP-0065","PASS_STATIC_SEMANTIC_BATCH_REPLAY_BUILD_DEFERRED_FOR_DEPENDENCY_CLOSURE"
"OLP-0065","65","9620cc73f9c8e0ad003c514a5d3748f29611c4c0","content/first-order-logic/proof-systems/sequent-calculus.tex","9A847C7BD45AFE0D177230807FB2BA9DDA820B4C0551A9274002DB8776182003","codex/openlogic-ar","locale/ar/content/first-order-logic/proof-systems/sequent-calculus.tex","ACCEPTED","codex/openlogic-fa-ir","locale/fa-IR/content/first-order-logic/proof-systems/sequent-calculus.tex","ACCEPTED","OLP-0066","PASS_STATIC_SEMANTIC_BATCH_REPLAY_BUILD_DEFERRED_FOR_DEPENDENCY_CLOSURE"
"OLP-0066","66","9620cc73f9c8e0ad003c514a5d3748f29611c4c0","content/first-order-logic/proof-systems/natural-deduction.tex","C203DAA5161EED34188E9FB9022B83BE4F0201904F31CEF386C5B838FB9E7D49","codex/openlogic-ar","locale/ar/content/first-order-logic/proof-systems/natural-deduction.tex","ACCEPTED","codex/openlogic-fa-ir","locale/fa-IR/content/first-order-logic/proof-systems/natural-deduction.tex","ACCEPTED","OLP-0067","PASS_STATIC_SEMANTIC_BATCH_REPLAY_BUILD_DEFERRED_FOR_DEPENDENCY_CLOSURE"
"OLP-0067","67","9620cc73f9c8e0ad003c514a5d3748f29611c4c0","content/first-order-logic/proof-systems/tableaux.tex","6ABF691F97C618DD41BC0C30A21DCF74FA7025228AA378CFD9F0369A898C2966","codex/openlogic-ar","locale/ar/content/first-order-logic/proof-systems/tableaux.tex","ACCEPTED","codex/openlogic-fa-ir","locale/fa-IR/content/first-order-logic/proof-systems/tableaux.tex","ACCEPTED","OLP-0068","PASS_STATIC_SEMANTIC_BATCH_REPLAY_BUILD_DEFERRED_FOR_DEPENDENCY_CLOSURE"
"OLP-0068","68","9620cc73f9c8e0ad003c514a5d3748f29611c4c0","content/first-order-logic/proof-systems/axiomatic-deduction.tex","0269390EFEB94A0522020CE00D45F1D1E752E4A32DB564B7519D7A939FA13034","codex/openlogic-ar","locale/ar/content/first-order-logic/proof-systems/axiomatic-deduction.tex","ACCEPTED","codex/openlogic-fa-ir","locale/fa-IR/content/first-order-logic/proof-systems/axiomatic-deduction.tex","ACCEPTED","OLP-0069","PASS_STATIC_SEMANTIC_BATCH_REPLAY_BUILD_DEFERRED_FOR_DEPENDENCY_CLOSURE"
"OLP-0069","69","9620cc73f9c8e0ad003c514a5d3748f29611c4c0","content/first-order-logic/sequent-calculus/sequent-calculus.tex","8CBB6DF83670A2586D10EF405C78ED4F75102F8D63903EEF93E7AC2B8EA3B603","codex/openlogic-ar","locale/ar/content/first-order-logic/sequent-calculus/sequent-calculus.tex","ACCEPTED","codex/openlogic-fa-ir","locale/fa-IR/content/first-order-logic/sequent-calculus/sequent-calculus.tex","ACCEPTED","OLP-0070","PASS_STATIC_SEMANTIC_BATCH_REPLAY_BUILD_DEFERRED_FOR_DEPENDENCY_CLOSURE"
"OLP-0070","70","9620cc73f9c8e0ad003c514a5d3748f29611c4c0","content/first-order-logic/sequent-calculus/rules-and-proofs.tex","A598B850CB425035D0C7A01B88BB491502C840FC76C2BD3DBE7E2DDA5487D706","codex/openlogic-ar","locale/ar/content/first-order-logic/sequent-calculus/rules-and-proofs.tex","ACCEPTED","codex/openlogic-fa-ir","locale/fa-IR/content/first-order-logic/sequent-calculus/rules-and-proofs.tex","ACCEPTED","OLP-0071","PASS_STATIC_SEMANTIC_BATCH_REPLAY_BUILD_DEFERRED_FOR_DEPENDENCY_CLOSURE"
"OLP-0071","71","9620cc73f9c8e0ad003c514a5d3748f29611c4c0","content/first-order-logic/sequent-calculus/propositional-rules.tex","2A030E59A3A3156F61FF949E10A8A1470A0BE80A419851FC56821AA458092ADE","codex/openlogic-ar","locale/ar/content/first-order-logic/sequent-calculus/propositional-rules.tex","ACCEPTED","codex/openlogic-fa-ir","locale/fa-IR/content/first-order-logic/sequent-calculus/propositional-rules.tex","ACCEPTED","OLP-0072","PASS_STATIC_SEMANTIC_BATCH_REPLAY_BUILD_DEFERRED_FOR_DEPENDENCY_CLOSURE"
"OLP-0072","72","9620cc73f9c8e0ad003c514a5d3748f29611c4c0","content/first-order-logic/sequent-calculus/quantifier-rules.tex","254ABC98503C7370E046C43F8FEC7CF7B5E9909BE2959B0F1C513BB278D85B78","codex/openlogic-ar","locale/ar/content/first-order-logic/sequent-calculus/quantifier-rules.tex","ACCEPTED","codex/openlogic-fa-ir","locale/fa-IR/content/first-order-logic/sequent-calculus/quantifier-rules.tex","ACCEPTED","OLP-0073","PASS_STATIC_SEMANTIC_BATCH_REPLAY_BUILD_DEFERRED_FOR_DEPENDENCY_CLOSURE"
"OLP-0073","73","9620cc73f9c8e0ad003c514a5d3748f29611c4c0","content/first-order-logic/sequent-calculus/structural-rules.tex","EA1CA77ECA03EC566CC900B2399E95002B4CFC07EB3549A3F19DA9EE23A09793","codex/openlogic-ar","locale/ar/content/first-order-logic/sequent-calculus/structural-rules.tex","ACCEPTED","codex/openlogic-fa-ir","locale/fa-IR/content/first-order-logic/sequent-calculus/structural-rules.tex","ACCEPTED","OLP-0074","PASS_STATIC_SEMANTIC_BATCH_REPLAY_BUILD_DEFERRED_FOR_DEPENDENCY_CLOSURE"
"OLP-0074","74","9620cc73f9c8e0ad003c514a5d3748f29611c4c0","content/first-order-logic/sequent-calculus/derivations.tex","0D47D6984B609F00EDFEC9ACC49C85D33AC001609F10E5E501CBD96F3A5F63DD","codex/openlogic-ar","locale/ar/content/first-order-logic/sequent-calculus/derivations.tex","ACCEPTED","codex/openlogic-fa-ir","locale/fa-IR/content/first-order-logic/sequent-calculus/derivations.tex","ACCEPTED","OLP-0075","PASS_STATIC_SEMANTIC_BATCH_REPLAY_BUILD_DEFERRED_FOR_DEPENDENCY_CLOSURE"
"OLP-0075","75","9620cc73f9c8e0ad003c514a5d3748f29611c4c0","content/first-order-logic/sequent-calculus/proving-things.tex","73FA9C16DCBD072AC535C251FA02FC78640B82381D57162817043A6AD578B18E","codex/openlogic-ar","locale/ar/content/first-order-logic/sequent-calculus/proving-things.tex","ACCEPTED","codex/openlogic-fa-ir","locale/fa-IR/content/first-order-logic/sequent-calculus/proving-things.tex","ACCEPTED","OLP-0076","PASS_STATIC_SEMANTIC_BATCH_REPLAY_BUILD_DEFERRED_FOR_DEPENDENCY_CLOSURE"
"OLP-0076","76","9620cc73f9c8e0ad003c514a5d3748f29611c4c0","content/first-order-logic/sequent-calculus/proving-things-quant.tex","9C249F76AA00DDC5B64B68179B052D7DF7E7FFA69BE413DE20796D98BD80389D","codex/openlogic-ar","locale/ar/content/first-order-logic/sequent-calculus/proving-things-quant.tex","ACCEPTED","codex/openlogic-fa-ir","locale/fa-IR/content/first-order-logic/sequent-calculus/proving-things-quant.tex","ACCEPTED","OLP-0077","PASS_STATIC_SEMANTIC_BATCH_REPLAY_BUILD_DEFERRED_FOR_DEPENDENCY_CLOSURE"
"OLP-0077","77","9620cc73f9c8e0ad003c514a5d3748f29611c4c0","content/first-order-logic/sequent-calculus/proof-theoretic-notions.tex","AEA2DD5D73394A3CD97B72ADA3E7D21AAC0113CC4D995B54196A5506B1FA5A81","codex/openlogic-ar","locale/ar/content/first-order-logic/sequent-calculus/proof-theoretic-notions.tex","ACCEPTED","codex/openlogic-fa-ir","locale/fa-IR/content/first-order-logic/sequent-calculus/proof-theoretic-notions.tex","ACCEPTED","OLP-0078","PASS_STATIC_SEMANTIC_BATCH_REPLAY_BUILD_DEFERRED_FOR_DEPENDENCY_CLOSURE"
"OLP-0078","78","9620cc73f9c8e0ad003c514a5d3748f29611c4c0","content/first-order-logic/sequent-calculus/provability-consistency.tex","3E784D39F38D393203A7623B34E8FCAD64E3299C102EE2EF96A812B5E6C8C229","codex/openlogic-ar","locale/ar/content/first-order-logic/sequent-calculus/provability-consistency.tex","ACCEPTED","codex/openlogic-fa-ir","locale/fa-IR/content/first-order-logic/sequent-calculus/provability-consistency.tex","ACCEPTED","OLP-0079","PASS_STATIC_SEMANTIC_BATCH_REPLAY_BUILD_DEFERRED_FOR_DEPENDENCY_CLOSURE"
"OLP-0079","79","9620cc73f9c8e0ad003c514a5d3748f29611c4c0","content/first-order-logic/sequent-calculus/provability-propositional.tex","13DD017159225B5FC9BCAA38C927FDA407264D59C1305EBFD49329A85F5B9FA8","codex/openlogic-ar","locale/ar/content/first-order-logic/sequent-calculus/provability-propositional.tex","ACCEPTED","codex/openlogic-fa-ir","locale/fa-IR/content/first-order-logic/sequent-calculus/provability-propositional.tex","ACCEPTED","OLP-0080","PASS_STATIC_SEMANTIC_BATCH_REPLAY_BUILD_DEFERRED_FOR_DEPENDENCY_CLOSURE"
"OLP-0080","80","9620cc73f9c8e0ad003c514a5d3748f29611c4c0","content/first-order-logic/sequent-calculus/provability-quantifiers.tex","EB63F32C87BBDBEF776A65A4C1DA758FD5671E47E3C4171F224D3214B31AA48F","codex/openlogic-ar","locale/ar/content/first-order-logic/sequent-calculus/provability-quantifiers.tex","ACCEPTED","codex/openlogic-fa-ir","locale/fa-IR/content/first-order-logic/sequent-calculus/provability-quantifiers.tex","ACCEPTED","OLP-0081","PASS_STATIC_SEMANTIC_BATCH_REPLAY_BUILD_DEFERRED_FOR_DEPENDENCY_CLOSURE"
"OLP-0081","81","9620cc73f9c8e0ad003c514a5d3748f29611c4c0","content/first-order-logic/sequent-calculus/soundness.tex","D9F6180BEE35F29553144B6ECA5A1EB1916E0262DCDC8C30F50193A53D8001FA","codex/openlogic-ar","locale/ar/content/first-order-logic/sequent-calculus/soundness.tex","ACCEPTED","codex/openlogic-fa-ir","locale/fa-IR/content/first-order-logic/sequent-calculus/soundness.tex","ACCEPTED","OLP-0082","PASS_STATIC_SEMANTIC_BATCH_REPLAY_BUILD_DEFERRED_FOR_DEPENDENCY_CLOSURE"
"OLP-0082","82","9620cc73f9c8e0ad003c514a5d3748f29611c4c0","content/first-order-logic/sequent-calculus/identity.tex","F9ABED3C3D8C2079B2BE27FDCB551C8F1987D1B4DB18ECE56D4C9E1A7B066856","codex/openlogic-ar","locale/ar/content/first-order-logic/sequent-calculus/identity.tex","ACCEPTED","codex/openlogic-fa-ir","locale/fa-IR/content/first-order-logic/sequent-calculus/identity.tex","ACCEPTED","OLP-0083","PASS_STATIC_SEMANTIC_BATCH_REPLAY_BUILD_DEFERRED_FOR_DEPENDENCY_CLOSURE"
"OLP-0083","83","9620cc73f9c8e0ad003c514a5d3748f29611c4c0","content/first-order-logic/sequent-calculus/soundness-identity.tex","DA0C929628DC2C252D9D48D2FFF02439E26C7A984DB958943AA6CD55BB4FFEB5","codex/openlogic-ar","locale/ar/content/first-order-logic/sequent-calculus/soundness-identity.tex","ACCEPTED","codex/openlogic-fa-ir","locale/fa-IR/content/first-order-logic/sequent-calculus/soundness-identity.tex","ACCEPTED","OLP-0084","PASS_STATIC_SEMANTIC_BATCH_REPLAY_BUILD_DEFERRED_FOR_DEPENDENCY_CLOSURE"
"OLP-0084","84","9620cc73f9c8e0ad003c514a5d3748f29611c4c0","content/first-order-logic/natural-deduction/natural-deduction.tex","8FA1E5A3E1211CE9C55E0FF66ACBB8D5A6A9AF360529D7775587A626FBE49B8E","codex/openlogic-ar","locale/ar/content/first-order-logic/natural-deduction/natural-deduction.tex","ACCEPTED","codex/openlogic-fa-ir","locale/fa-IR/content/first-order-logic/natural-deduction/natural-deduction.tex","ACCEPTED","OLP-0085","PASS_STATIC_SEMANTIC_BATCH_REPLAY_BUILD_DEFERRED_FOR_DEPENDENCY_CLOSURE"
"OLP-0085","85","9620cc73f9c8e0ad003c514a5d3748f29611c4c0","content/first-order-logic/natural-deduction/rules-and-proofs.tex","0556326EEFD6FBB957243D9F94969FD23ADEFB4AF69F80419D4A2818D53088F0","codex/openlogic-ar","locale/ar/content/first-order-logic/natural-deduction/rules-and-proofs.tex","ACCEPTED","codex/openlogic-fa-ir","locale/fa-IR/content/first-order-logic/natural-deduction/rules-and-proofs.tex","ACCEPTED","OLP-0086","PASS_STATIC_SEMANTIC_BATCH_REPLAY_BUILD_DEFERRED_FOR_DEPENDENCY_CLOSURE"
"OLP-0086","86","9620cc73f9c8e0ad003c514a5d3748f29611c4c0","content/first-order-logic/natural-deduction/propositional-rules.tex","C22D2603CC9C4A79D630A4BC00B817C57C07B000E5D4BC443815E13B4F4CB515","codex/openlogic-ar","locale/ar/content/first-order-logic/natural-deduction/propositional-rules.tex","ACCEPTED","codex/openlogic-fa-ir","locale/fa-IR/content/first-order-logic/natural-deduction/propositional-rules.tex","ACCEPTED","OLP-0087","PASS_STATIC_SEMANTIC_BATCH_REPLAY_BUILD_DEFERRED_FOR_DEPENDENCY_CLOSURE"
"OLP-0087","87","9620cc73f9c8e0ad003c514a5d3748f29611c4c0","content/first-order-logic/natural-deduction/quantifier-rules.tex","5D9C3A507FE1B79E4D376963B5E3EFCA4A3352CC7CEF7D18255C61E60592F71B","codex/openlogic-ar","locale/ar/content/first-order-logic/natural-deduction/quantifier-rules.tex","ACCEPTED","codex/openlogic-fa-ir","locale/fa-IR/content/first-order-logic/natural-deduction/quantifier-rules.tex","ACCEPTED","OLP-0088","PASS_STATIC_SEMANTIC_BATCH_REPLAY_BUILD_DEFERRED_FOR_DEPENDENCY_CLOSURE"
"OLP-0088","88","9620cc73f9c8e0ad003c514a5d3748f29611c4c0","content/first-order-logic/natural-deduction/derivations.tex","04CDBAA301A71243B78D880551CE2F8EDBF6F059764ECEACD5B8910F0459CB26","codex/openlogic-ar","locale/ar/content/first-order-logic/natural-deduction/derivations.tex","ACCEPTED","codex/openlogic-fa-ir","locale/fa-IR/content/first-order-logic/natural-deduction/derivations.tex","ACCEPTED","OLP-0089","PASS_STATIC_SEMANTIC_BATCH_REPLAY_BUILD_DEFERRED_FOR_DEPENDENCY_CLOSURE"
"OLP-0089","89","9620cc73f9c8e0ad003c514a5d3748f29611c4c0","content/first-order-logic/natural-deduction/proving-things.tex","FF58B86389A21DBC6F240F49E62D5FCA0BDB4D3BA54E0D364792CDCDDD34724F","codex/openlogic-ar","locale/ar/content/first-order-logic/natural-deduction/proving-things.tex","ACCEPTED","codex/openlogic-fa-ir","locale/fa-IR/content/first-order-logic/natural-deduction/proving-things.tex","ACCEPTED","OLP-0090","PASS_STATIC_SEMANTIC_BATCH_REPLAY_BUILD_DEFERRED_FOR_DEPENDENCY_CLOSURE"
"OLP-0090","90","9620cc73f9c8e0ad003c514a5d3748f29611c4c0","content/first-order-logic/natural-deduction/proving-things-quant.tex","6F49B930A86F60A1CCA318D70259378F7BC6B5EBB76F307665C4EB4363E8235F","codex/openlogic-ar","locale/ar/content/first-order-logic/natural-deduction/proving-things-quant.tex","ACCEPTED","codex/openlogic-fa-ir","locale/fa-IR/content/first-order-logic/natural-deduction/proving-things-quant.tex","ACCEPTED","OLP-0091","PASS_STATIC_SEMANTIC_BATCH_REPLAY_BUILD_DEFERRED_FOR_DEPENDENCY_CLOSURE"
"OLP-0091","91","9620cc73f9c8e0ad003c514a5d3748f29611c4c0","content/first-order-logic/natural-deduction/proof-theoretic-notions.tex","7E05743251DD0C5071685193A98C28BAEA1C77B06836F11E3F3E3AA6A6BD9198","codex/openlogic-ar","locale/ar/content/first-order-logic/natural-deduction/proof-theoretic-notions.tex","ACCEPTED","codex/openlogic-fa-ir","locale/fa-IR/content/first-order-logic/natural-deduction/proof-theoretic-notions.tex","ACCEPTED","OLP-0092","PASS_STATIC_SEMANTIC_BATCH_REPLAY_BUILD_DEFERRED_FOR_DEPENDENCY_CLOSURE"
"OLP-0092","92","9620cc73f9c8e0ad003c514a5d3748f29611c4c0","content/first-order-logic/natural-deduction/provability-consistency.tex","9D967013E14C7F911BF612DDAB65B22A2E5F8D90F182926741C0BF7CAB5076BC","codex/openlogic-ar","locale/ar/content/first-order-logic/natural-deduction/provability-consistency.tex","ACCEPTED","codex/openlogic-fa-ir","locale/fa-IR/content/first-order-logic/natural-deduction/provability-consistency.tex","ACCEPTED","OLP-0093","PASS_STATIC_SEMANTIC_BATCH_REPLAY_BUILD_DEFERRED_FOR_DEPENDENCY_CLOSURE"
"OLP-0093","93","9620cc73f9c8e0ad003c514a5d3748f29611c4c0","content/first-order-logic/natural-deduction/provability-propositional.tex","7BE41CBF7877F1B7163F3CC9AD98867B4CF793B69F4A98E5734F731E3E802016","codex/openlogic-ar","locale/ar/content/first-order-logic/natural-deduction/provability-propositional.tex","ACCEPTED","codex/openlogic-fa-ir","locale/fa-IR/content/first-order-logic/natural-deduction/provability-propositional.tex","ACCEPTED","OLP-0094","PASS_STATIC_SEMANTIC_BATCH_REPLAY_BUILD_DEFERRED_FOR_DEPENDENCY_CLOSURE"
"OLP-0094","94","9620cc73f9c8e0ad003c514a5d3748f29611c4c0","content/first-order-logic/natural-deduction/provability-quantifiers.tex","C4A24BB64B2D02C75FCF5DCEBE13D48C4684AFD8F210DA029CEEFCB450990BF1","codex/openlogic-ar","locale/ar/content/first-order-logic/natural-deduction/provability-quantifiers.tex","ACCEPTED","codex/openlogic-fa-ir","locale/fa-IR/content/first-order-logic/natural-deduction/provability-quantifiers.tex","ACCEPTED","OLP-0095","PASS_STATIC_SEMANTIC_BATCH_REPLAY_BUILD_DEFERRED_FOR_DEPENDENCY_CLOSURE"
"OLP-0095","95","9620cc73f9c8e0ad003c514a5d3748f29611c4c0","content/first-order-logic/natural-deduction/soundness.tex","E470B5E3A94DD4445DCEDC0BBB2D4BB9C5520A3F79EA754F37E4AE1501376E35","codex/openlogic-ar","locale/ar/content/first-order-logic/natural-deduction/soundness.tex","ACCEPTED","codex/openlogic-fa-ir","locale/fa-IR/content/first-order-logic/natural-deduction/soundness.tex","ACCEPTED","OLP-0096","PASS_STATIC_SEMANTIC_BATCH_REPLAY_BUILD_DEFERRED_FOR_DEPENDENCY_CLOSURE"
"OLP-0096","96","9620cc73f9c8e0ad003c514a5d3748f29611c4c0","content/first-order-logic/natural-deduction/identity.tex","D5DF1D1BB3818A275E2439A584A3851036870182AFDE592FA6E8F80B55C00ADD","codex/openlogic-ar","locale/ar/content/first-order-logic/natural-deduction/identity.tex","ACCEPTED","codex/openlogic-fa-ir","locale/fa-IR/content/first-order-logic/natural-deduction/identity.tex","ACCEPTED","OLP-0097","PASS_STATIC_SEMANTIC_BATCH_REPLAY_BUILD_DEFERRED_FOR_DEPENDENCY_CLOSURE"
"OLP-0097","97","9620cc73f9c8e0ad003c514a5d3748f29611c4c0","content/first-order-logic/natural-deduction/soundness-identity.tex","2544F37FA6D7A3D81B12C7E7309E1416680DF9EE0D8D4E033084299370DA0BC8","codex/openlogic-ar","locale/ar/content/first-order-logic/natural-deduction/soundness-identity.tex","ACCEPTED","codex/openlogic-fa-ir","locale/fa-IR/content/first-order-logic/natural-deduction/soundness-identity.tex","ACCEPTED","OLP-0098","PASS_STATIC_SEMANTIC_BATCH_REPLAY_BUILD_DEFERRED_FOR_DEPENDENCY_CLOSURE"
"OLP-0098","98","9620cc73f9c8e0ad003c514a5d3748f29611c4c0","content/first-order-logic/tableaux/tableaux.tex","EAF9E7719E1E71EFB2B82FA80BAE67063790E30EF901686A065A23536E253098","codex/openlogic-ar","locale/ar/content/first-order-logic/tableaux/tableaux.tex","ACCEPTED","codex/openlogic-fa-ir","locale/fa-IR/content/first-order-logic/tableaux/tableaux.tex","ACCEPTED","OLP-0099","PASS_STATIC_SEMANTIC_BATCH_REPLAY_BUILD_DEFERRED_FOR_DEPENDENCY_CLOSURE"
"OLP-0099","99","9620cc73f9c8e0ad003c514a5d3748f29611c4c0","content/first-order-logic/tableaux/rules-and-proofs.tex","93CBE7B304B8AD0C3140C23D139DCCDF37DF9FE8756CB25D8CA47EFE1EE6F84D","codex/openlogic-ar","locale/ar/content/first-order-logic/tableaux/rules-and-proofs.tex","ACCEPTED","codex/openlogic-fa-ir","locale/fa-IR/content/first-order-logic/tableaux/rules-and-proofs.tex","ACCEPTED","OLP-0100","PASS_STATIC_SEMANTIC_BATCH_REPLAY_BUILD_DEFERRED_FOR_DEPENDENCY_CLOSURE"
"OLP-0100","100","9620cc73f9c8e0ad003c514a5d3748f29611c4c0","content/first-order-logic/tableaux/propositional-rules.tex","0E0A8D69DDABB157D54F03E7FF21416FB0C818E481343F4AC00EE4BA1D5BF151","codex/openlogic-ar","locale/ar/content/first-order-logic/tableaux/propositional-rules.tex","ACCEPTED","codex/openlogic-fa-ir","locale/fa-IR/content/first-order-logic/tableaux/propositional-rules.tex","ACCEPTED","OLP-0101","PASS_STATIC_SEMANTIC_BATCH_REPLAY_BUILD_DEFERRED_FOR_DEPENDENCY_CLOSURE"
"OLP-0101","101","9620cc73f9c8e0ad003c514a5d3748f29611c4c0","content/first-order-logic/tableaux/quantifier-rules.tex","800BFBB72D36D3E2C8F6D652146A797235F1CC785AD66457E2500919E2CC7A80","codex/openlogic-ar","locale/ar/content/first-order-logic/tableaux/quantifier-rules.tex","ACCEPTED","codex/openlogic-fa-ir","locale/fa-IR/content/first-order-logic/tableaux/quantifier-rules.tex","ACCEPTED","OLP-0102","PASS_STATIC_SEMANTIC_BATCH_REPLAY_BUILD_DEFERRED_FOR_DEPENDENCY_CLOSURE"
"OLP-0102","102","9620cc73f9c8e0ad003c514a5d3748f29611c4c0","content/first-order-logic/tableaux/derivations.tex","3F3E041127342C4F2565632D33C855FCB7A87964D63BEB38BD8313C8A71AD294","codex/openlogic-ar","locale/ar/content/first-order-logic/tableaux/derivations.tex","ACCEPTED","codex/openlogic-fa-ir","locale/fa-IR/content/first-order-logic/tableaux/derivations.tex","ACCEPTED","OLP-0103","PASS_STATIC_SEMANTIC_BATCH_REPLAY_BUILD_DEFERRED_FOR_DEPENDENCY_CLOSURE"
"OLP-0103","103","9620cc73f9c8e0ad003c514a5d3748f29611c4c0","content/first-order-logic/tableaux/proving-things.tex","BA6A2D3C2F7C7504DAA17942290C75084BBFAB92663A492557CA6530A175D914","codex/openlogic-ar","locale/ar/content/first-order-logic/tableaux/proving-things.tex","ACCEPTED","codex/openlogic-fa-ir","locale/fa-IR/content/first-order-logic/tableaux/proving-things.tex","ACCEPTED","OLP-0104","PASS_STATIC_SEMANTIC_BATCH_REPLAY_BUILD_DEFERRED_FOR_DEPENDENCY_CLOSURE"
"OLP-0104","104","9620cc73f9c8e0ad003c514a5d3748f29611c4c0","content/first-order-logic/tableaux/proving-things-quant.tex","72370C12BEE0766FB0E674EBAE09EC7940F611FF7F9592284DADFE21516B4032","codex/openlogic-ar","locale/ar/content/first-order-logic/tableaux/proving-things-quant.tex","ACCEPTED","codex/openlogic-fa-ir","locale/fa-IR/content/first-order-logic/tableaux/proving-things-quant.tex","ACCEPTED","OLP-0105","PASS_STATIC_SEMANTIC_BATCH_REPLAY_BUILD_DEFERRED_FOR_DEPENDENCY_CLOSURE"
"OLP-0105","105","9620cc73f9c8e0ad003c514a5d3748f29611c4c0","content/first-order-logic/tableaux/proof-theoretic-notions.tex","BAD25C1BA9DB9DE17F7C2FF5FFFA2C4F9F00AA13D23C197E5337FE759D6FDD39","codex/openlogic-ar","locale/ar/content/first-order-logic/tableaux/proof-theoretic-notions.tex","ACCEPTED","codex/openlogic-fa-ir","locale/fa-IR/content/first-order-logic/tableaux/proof-theoretic-notions.tex","ACCEPTED","OLP-0106","PASS_STATIC_SEMANTIC_BATCH_REPLAY_BUILD_DEFERRED_FOR_DEPENDENCY_CLOSURE"
"OLP-0106","106","9620cc73f9c8e0ad003c514a5d3748f29611c4c0","content/first-order-logic/tableaux/provability-consistency.tex","6D159D1C93F6B4BB24CF3D16E7F18096E15881679EF5F64DB5B25CEE57CCCDEF","codex/openlogic-ar","locale/ar/content/first-order-logic/tableaux/provability-consistency.tex","ACCEPTED","codex/openlogic-fa-ir","locale/fa-IR/content/first-order-logic/tableaux/provability-consistency.tex","ACCEPTED","OLP-0107","PASS_STATIC_SEMANTIC_BATCH_REPLAY_BUILD_DEFERRED_FOR_DEPENDENCY_CLOSURE"
"OLP-0107","107","9620cc73f9c8e0ad003c514a5d3748f29611c4c0","content/first-order-logic/tableaux/provability-propositional.tex","5DF9F0CF1B10689BABB2051DAAD6426E2ABEE00E55001F14A896D1A37AE30446","codex/openlogic-ar","locale/ar/content/first-order-logic/tableaux/provability-propositional.tex","ACCEPTED","codex/openlogic-fa-ir","locale/fa-IR/content/first-order-logic/tableaux/provability-propositional.tex","ACCEPTED","OLP-0108","PASS_STATIC_SEMANTIC_BATCH_REPLAY_BUILD_DEFERRED_FOR_DEPENDENCY_CLOSURE"
"OLP-0108","108","9620cc73f9c8e0ad003c514a5d3748f29611c4c0","content/first-order-logic/tableaux/provability-quantifiers.tex","E12B4C0AFF44DE0E26D0A5C1E9B7EC2A781BE5677035CB2C79CAD3A7487C32E3","codex/openlogic-ar","locale/ar/content/first-order-logic/tableaux/provability-quantifiers.tex","ACCEPTED","codex/openlogic-fa-ir","locale/fa-IR/content/first-order-logic/tableaux/provability-quantifiers.tex","ACCEPTED","OLP-0109","PASS_STATIC_SEMANTIC_BATCH_REPLAY_BUILD_DEFERRED_FOR_DEPENDENCY_CLOSURE"
"OLP-0109","109","9620cc73f9c8e0ad003c514a5d3748f29611c4c0","content/first-order-logic/tableaux/soundness.tex","49F119364F19485FA74C0C18E849F20B746E8EDEC9FDCCB9E98A8AFF7250A744","codex/openlogic-ar","locale/ar/content/first-order-logic/tableaux/soundness.tex","ACCEPTED","codex/openlogic-fa-ir","locale/fa-IR/content/first-order-logic/tableaux/soundness.tex","ACCEPTED","OLP-0110","PASS_STATIC_SEMANTIC_BATCH_REPLAY_BUILD_DEFERRED_FOR_DEPENDENCY_CLOSURE"
"OLP-0110","110","9620cc73f9c8e0ad003c514a5d3748f29611c4c0","content/first-order-logic/tableaux/identity.tex","B40DF45226792D6995A13AFBC4341601207236B40CDB11920E9D48D0C81B2088","codex/openlogic-ar","locale/ar/content/first-order-logic/tableaux/identity.tex","ACCEPTED","codex/openlogic-fa-ir","locale/fa-IR/content/first-order-logic/tableaux/identity.tex","ACCEPTED","OLP-0111","PASS_STATIC_SEMANTIC_BATCH_REPLAY_BUILD_DEFERRED_FOR_DEPENDENCY_CLOSURE"
"OLP-0111","111","9620cc73f9c8e0ad003c514a5d3748f29611c4c0","content/first-order-logic/tableaux/soundness-identity.tex","3E9430F5D59A07997815894A8A190147E796825FEA24A326DD9F7AF6767AD519","codex/openlogic-ar","locale/ar/content/first-order-logic/tableaux/soundness-identity.tex","ACCEPTED","codex/openlogic-fa-ir","locale/fa-IR/content/first-order-logic/tableaux/soundness-identity.tex","ACCEPTED","OLP-0112","PASS_STATIC_SEMANTIC_BATCH_REPLAY_BUILD_DEFERRED_FOR_DEPENDENCY_CLOSURE"
"OLP-0112","112","9620cc73f9c8e0ad003c514a5d3748f29611c4c0","content/first-order-logic/axiomatic-deduction/axiomatic-deduction.tex","BA510C171A8D19895307B36B2B06D3F64970BC5D926CFAD52412DA2A0727DB20","codex/openlogic-ar","locale/ar/content/first-order-logic/axiomatic-deduction/axiomatic-deduction.tex","ACCEPTED","codex/openlogic-fa-ir","locale/fa-IR/content/first-order-logic/axiomatic-deduction/axiomatic-deduction.tex","ACCEPTED","OLP-0113","PASS_STATIC_SEMANTIC_BATCH_REPLAY_BUILD_DEFERRED_FOR_DEPENDENCY_CLOSURE"
"OLP-0113","113","9620cc73f9c8e0ad003c514a5d3748f29611c4c0","content/first-order-logic/axiomatic-deduction/rules-and-proofs.tex","C630189AF9DB5F45A849E5D1B6362895BF575DD6D2236A169EB5E0FDBA9ED439","codex/openlogic-ar","locale/ar/content/first-order-logic/axiomatic-deduction/rules-and-proofs.tex","ACCEPTED","codex/openlogic-fa-ir","locale/fa-IR/content/first-order-logic/axiomatic-deduction/rules-and-proofs.tex","ACCEPTED","OLP-0114","PASS_STATIC_SEMANTIC_BATCH_REPLAY_BUILD_DEFERRED_FOR_DEPENDENCY_CLOSURE"
"OLP-0114","114","9620cc73f9c8e0ad003c514a5d3748f29611c4c0","content/first-order-logic/axiomatic-deduction/axioms-rules-propositional.tex","8D19F7612EDBB87DB30F052B75E8208638A5C68570EF05FAF6332111FBBC69FE","codex/openlogic-ar","locale/ar/content/first-order-logic/axiomatic-deduction/axioms-rules-propositional.tex","ACCEPTED","codex/openlogic-fa-ir","locale/fa-IR/content/first-order-logic/axiomatic-deduction/axioms-rules-propositional.tex","ACCEPTED","OLP-0115","PASS_STATIC_SEMANTIC_BATCH_REPLAY_BUILD_DEFERRED_FOR_DEPENDENCY_CLOSURE"
"OLP-0115","115","9620cc73f9c8e0ad003c514a5d3748f29611c4c0","content/first-order-logic/axiomatic-deduction/axioms-rules-quantifiers.tex","E860523EC9605B17FB155FCCBB22E644837C26DE84AB11439422AF805A26E2B3","codex/openlogic-ar","locale/ar/content/first-order-logic/axiomatic-deduction/axioms-rules-quantifiers.tex","ACCEPTED","codex/openlogic-fa-ir","locale/fa-IR/content/first-order-logic/axiomatic-deduction/axioms-rules-quantifiers.tex","ACCEPTED","OLP-0116","PASS_STATIC_SEMANTIC_BATCH_REPLAY_BUILD_DEFERRED_FOR_DEPENDENCY_CLOSURE"
"OLP-0116","116","9620cc73f9c8e0ad003c514a5d3748f29611c4c0","content/first-order-logic/axiomatic-deduction/proving-things.tex","AC5DC1913EB14BC8D0BA0ADB9D45D08B0882F02C4D7F152B654FC153F61FB1A7","codex/openlogic-ar","locale/ar/content/first-order-logic/axiomatic-deduction/proving-things.tex","ACCEPTED","codex/openlogic-fa-ir","locale/fa-IR/content/first-order-logic/axiomatic-deduction/proving-things.tex","ACCEPTED","OLP-0117","PASS_STATIC_SEMANTIC_BATCH_REPLAY_BUILD_DEFERRED_FOR_DEPENDENCY_CLOSURE"
"OLP-0117","117","9620cc73f9c8e0ad003c514a5d3748f29611c4c0","content/first-order-logic/axiomatic-deduction/proving-things-quant.tex","AFB6D653DAA62D083E07FF556FDDE130783B2643FDD23270E1AE0E1EC0140767","codex/openlogic-ar","locale/ar/content/first-order-logic/axiomatic-deduction/proving-things-quant.tex","ACCEPTED","codex/openlogic-fa-ir","locale/fa-IR/content/first-order-logic/axiomatic-deduction/proving-things-quant.tex","ACCEPTED","OLP-0118","PASS_STATIC_SEMANTIC_BATCH_REPLAY_BUILD_DEFERRED_FOR_DEPENDENCY_CLOSURE"
"OLP-0118","118","9620cc73f9c8e0ad003c514a5d3748f29611c4c0","content/first-order-logic/axiomatic-deduction/proof-theoretic-notions.tex","D5CD7EF578090B935AF9013BA65F020EA8C043B95EC17ED9A758A01129BBF859","codex/openlogic-ar","locale/ar/content/first-order-logic/axiomatic-deduction/proof-theoretic-notions.tex","ACCEPTED","codex/openlogic-fa-ir","locale/fa-IR/content/first-order-logic/axiomatic-deduction/proof-theoretic-notions.tex","ACCEPTED","OLP-0119","PASS_STATIC_SEMANTIC_BATCH_REPLAY_BUILD_DEFERRED_FOR_DEPENDENCY_CLOSURE"
"OLP-0119","119","9620cc73f9c8e0ad003c514a5d3748f29611c4c0","content/first-order-logic/axiomatic-deduction/deduction-theorem.tex","F74129E7541A9452530EBC0AB630C8763CD0D4177532BAF43CD249C635642CD4","codex/openlogic-ar","locale/ar/content/first-order-logic/axiomatic-deduction/deduction-theorem.tex","ACCEPTED","codex/openlogic-fa-ir","locale/fa-IR/content/first-order-logic/axiomatic-deduction/deduction-theorem.tex","ACCEPTED","OLP-0120","PASS_STATIC_SEMANTIC_BATCH_REPLAY_BUILD_DEFERRED_FOR_DEPENDENCY_CLOSURE"
"OLP-0120","120","9620cc73f9c8e0ad003c514a5d3748f29611c4c0","content/first-order-logic/axiomatic-deduction/deduction-theorem-quantifiers.tex","0DA5DFE61F218D9EF0820E07F1E6C0D71EF4E912D010E83E7484690BDD9AF1E7","codex/openlogic-ar","locale/ar/content/first-order-logic/axiomatic-deduction/deduction-theorem-quantifiers.tex","ACCEPTED","codex/openlogic-fa-ir","locale/fa-IR/content/first-order-logic/axiomatic-deduction/deduction-theorem-quantifiers.tex","ACCEPTED","OLP-0121","PASS_STATIC_SEMANTIC_BATCH_REPLAY_BUILD_DEFERRED_FOR_DEPENDENCY_CLOSURE"
"OLP-0121","121","9620cc73f9c8e0ad003c514a5d3748f29611c4c0","content/first-order-logic/axiomatic-deduction/provability-consistency.tex","069B652FA3CF1C8E7719AE95D355398B866C9ECF42FF747B755DDBF5FD3B6EEF","codex/openlogic-ar","locale/ar/content/first-order-logic/axiomatic-deduction/provability-consistency.tex","ACCEPTED","codex/openlogic-fa-ir","locale/fa-IR/content/first-order-logic/axiomatic-deduction/provability-consistency.tex","ACCEPTED","OLP-0122","PASS_STATIC_SEMANTIC_BATCH_REPLAY_BUILD_DEFERRED_FOR_DEPENDENCY_CLOSURE"
"OLP-0122","122","9620cc73f9c8e0ad003c514a5d3748f29611c4c0","content/first-order-logic/axiomatic-deduction/provability-propositional.tex","4DD07507288E361D9D65DCBB7C3DE67F4E3C83E9853B6D9032DCC9CBA3CEF187","codex/openlogic-ar","locale/ar/content/first-order-logic/axiomatic-deduction/provability-propositional.tex","ACCEPTED","codex/openlogic-fa-ir","locale/fa-IR/content/first-order-logic/axiomatic-deduction/provability-propositional.tex","ACCEPTED","OLP-0123","PASS_STATIC_SEMANTIC_BATCH_REPLAY_BUILD_DEFERRED_FOR_DEPENDENCY_CLOSURE"
"OLP-0123","123","9620cc73f9c8e0ad003c514a5d3748f29611c4c0","content/first-order-logic/axiomatic-deduction/provability-quantifiers.tex","A0C03C490E2874B9946B5FF3942C8A4BA73696D13CCA2B30E84A19D17DFB3066","codex/openlogic-ar","locale/ar/content/first-order-logic/axiomatic-deduction/provability-quantifiers.tex","ACCEPTED","codex/openlogic-fa-ir","locale/fa-IR/content/first-order-logic/axiomatic-deduction/provability-quantifiers.tex","ACCEPTED","OLP-0124","PASS_STATIC_SEMANTIC_BATCH_REPLAY_BUILD_DEFERRED_FOR_DEPENDENCY_CLOSURE"
"OLP-0124","124","9620cc73f9c8e0ad003c514a5d3748f29611c4c0","content/first-order-logic/axiomatic-deduction/soundness.tex","A3A783AE2ADD6B2420527AD65C82EB6A5E0C02AC8A44E3B34B757BC27985C1CF","codex/openlogic-ar","locale/ar/content/first-order-logic/axiomatic-deduction/soundness.tex","ACCEPTED","codex/openlogic-fa-ir","locale/fa-IR/content/first-order-logic/axiomatic-deduction/soundness.tex","ACCEPTED","OLP-0125","PASS_STATIC_SEMANTIC_BATCH_REPLAY_BUILD_DEFERRED_FOR_DEPENDENCY_CLOSURE"
"OLP-0125","125","9620cc73f9c8e0ad003c514a5d3748f29611c4c0","content/first-order-logic/axiomatic-deduction/identity.tex","424D98F16806276DEEB9CC0C5E0D1F70D25DD2026F0FE25F03D65D1CDE1D69E1","codex/openlogic-ar","locale/ar/content/first-order-logic/axiomatic-deduction/identity.tex","ACCEPTED","codex/openlogic-fa-ir","locale/fa-IR/content/first-order-logic/axiomatic-deduction/identity.tex","ACCEPTED","OLP-0126","PASS_STATIC_SEMANTIC_BATCH_REPLAY_BUILD_DEFERRED_FOR_DEPENDENCY_CLOSURE"
"OLP-0126","126","9620cc73f9c8e0ad003c514a5d3748f29611c4c0","content/first-order-logic/completeness/completeness.tex","35CBCFC7F12046CEABC5C4407C43817D71D3907E9E9D57A1B5928FCBE10C672C","codex/openlogic-ar","locale/ar/content/first-order-logic/completeness/completeness.tex","ACCEPTED","codex/openlogic-fa-ir","locale/fa-IR/content/first-order-logic/completeness/completeness.tex","ACCEPTED","OLP-0127","PASS_STATIC_SEMANTIC_BATCH_REPLAY_BUILD_DEFERRED_FOR_DEPENDENCY_CLOSURE"
"OLP-0127","127","9620cc73f9c8e0ad003c514a5d3748f29611c4c0","content/first-order-logic/completeness/introduction.tex","40A994A78343DCCB102C8347722A6EB85FD3A12DD4C6565A37960F7B24673500","codex/openlogic-ar","locale/ar/content/first-order-logic/completeness/introduction.tex","ACCEPTED","codex/openlogic-fa-ir","locale/fa-IR/content/first-order-logic/completeness/introduction.tex","ACCEPTED","OLP-0128","PASS_STATIC_SEMANTIC_BATCH_REPLAY_BUILD_DEFERRED_FOR_DEPENDENCY_CLOSURE"
"OLP-0128","128","9620cc73f9c8e0ad003c514a5d3748f29611c4c0","content/first-order-logic/completeness/outline.tex","E86BB4893FF5DA65AF4FA5B8B7EEBEC5807E0B4AA0562CA5388FAC369AEC642E","codex/openlogic-ar","locale/ar/content/first-order-logic/completeness/outline.tex","ACCEPTED","codex/openlogic-fa-ir","locale/fa-IR/content/first-order-logic/completeness/outline.tex","ACCEPTED","OLP-0129","PASS_STATIC_SEMANTIC_BATCH_REPLAY_BUILD_DEFERRED_FOR_DEPENDENCY_CLOSURE"
"OLP-0129","129","9620cc73f9c8e0ad003c514a5d3748f29611c4c0","content/first-order-logic/completeness/complete-consistent-sets.tex","CF7D517DE5D2D257492C66F2CF16347FCE490F2D932681A3F6EBD2386E9B1FFD","codex/openlogic-ar","locale/ar/content/first-order-logic/completeness/complete-consistent-sets.tex","ACCEPTED","codex/openlogic-fa-ir","locale/fa-IR/content/first-order-logic/completeness/complete-consistent-sets.tex","ACCEPTED","OLP-0130","PASS_STATIC_SEMANTIC_BATCH_REPLAY_BUILD_DEFERRED_FOR_DEPENDENCY_CLOSURE"
"OLP-0130","130","9620cc73f9c8e0ad003c514a5d3748f29611c4c0","content/first-order-logic/completeness/henkin-expansions.tex","A42F0551E062DB3102C47F082BE24CD4F8506504989A0008DF4B87564E1F9335","codex/openlogic-ar","locale/ar/content/first-order-logic/completeness/henkin-expansions.tex","ACCEPTED","codex/openlogic-fa-ir","locale/fa-IR/content/first-order-logic/completeness/henkin-expansions.tex","ACCEPTED","OLP-0131","PASS_STATIC_SEMANTIC_BATCH_REPLAY_BUILD_DEFERRED_FOR_DEPENDENCY_CLOSURE"
"OLP-0131","131","9620cc73f9c8e0ad003c514a5d3748f29611c4c0","content/first-order-logic/completeness/lindenbaums-lemma.tex","1EE3D9DD14DF1C3368C3E7A12D68E4D6627B9E92030A00820270B75CEB4BDF78","codex/openlogic-ar","locale/ar/content/first-order-logic/completeness/lindenbaums-lemma.tex","ACCEPTED","codex/openlogic-fa-ir","locale/fa-IR/content/first-order-logic/completeness/lindenbaums-lemma.tex","ACCEPTED","OLP-0132","PASS_STATIC_SEMANTIC_BATCH_REPLAY_BUILD_DEFERRED_FOR_DEPENDENCY_CLOSURE"
"OLP-0132","132","9620cc73f9c8e0ad003c514a5d3748f29611c4c0","content/first-order-logic/completeness/construction-of-model.tex","E8F3C25A2B378AC1996CC9CEBB1192B2BDC2527DF547E922008DAD3822D29969","codex/openlogic-ar","locale/ar/content/first-order-logic/completeness/construction-of-model.tex","ACCEPTED","codex/openlogic-fa-ir","locale/fa-IR/content/first-order-logic/completeness/construction-of-model.tex","ACCEPTED","OLP-0133","PASS_STATIC_SEMANTIC_BATCH_REPLAY_BUILD_DEFERRED_FOR_DEPENDENCY_CLOSURE"
"OLP-0133","133","9620cc73f9c8e0ad003c514a5d3748f29611c4c0","content/first-order-logic/completeness/identity.tex","2B497EAD07AAD76F2DB101BD56768ABD9BC71DF7C819164EDF0183656D148E7D","codex/openlogic-ar","locale/ar/content/first-order-logic/completeness/identity.tex","ACCEPTED","codex/openlogic-fa-ir","locale/fa-IR/content/first-order-logic/completeness/identity.tex","ACCEPTED","OLP-0134","PASS_STATIC_SEMANTIC_BATCH_REPLAY_BUILD_DEFERRED_FOR_DEPENDENCY_CLOSURE"
"OLP-0134","134","9620cc73f9c8e0ad003c514a5d3748f29611c4c0","content/first-order-logic/completeness/completeness-thm.tex","5510644C6A3FF18E97D5E97A928D00CB0B091506E8C10BAFA504C1B2C38B242B","codex/openlogic-ar","locale/ar/content/first-order-logic/completeness/completeness-thm.tex","ACCEPTED","codex/openlogic-fa-ir","locale/fa-IR/content/first-order-logic/completeness/completeness-thm.tex","ACCEPTED","OLP-0135","PASS_STATIC_SEMANTIC_BATCH_REPLAY_BUILD_DEFERRED_FOR_DEPENDENCY_CLOSURE"
"OLP-0135","135","9620cc73f9c8e0ad003c514a5d3748f29611c4c0","content/first-order-logic/completeness/compactness.tex","A872B7018576B26EB53179792E27B5B0AF3338B5220712086E1BE7D928B3D65C","codex/openlogic-ar","locale/ar/content/first-order-logic/completeness/compactness.tex","ACCEPTED","codex/openlogic-fa-ir","locale/fa-IR/content/first-order-logic/completeness/compactness.tex","ACCEPTED","OLP-0136","PASS_STATIC_SEMANTIC_BATCH_REPLAY_BUILD_DEFERRED_FOR_DEPENDENCY_CLOSURE"
"OLP-0136","136","9620cc73f9c8e0ad003c514a5d3748f29611c4c0","content/first-order-logic/completeness/compactness-direct.tex","E6398FCC96AC7A2E787C5128D1B2DBF8F515DBD0E780004831ABCFD0C3F327D8","codex/openlogic-ar","locale/ar/content/first-order-logic/completeness/compactness-direct.tex","ACCEPTED","codex/openlogic-fa-ir","locale/fa-IR/content/first-order-logic/completeness/compactness-direct.tex","ACCEPTED","OLP-0137","PASS_STATIC_SEMANTIC_BATCH_REPLAY_BUILD_DEFERRED_FOR_DEPENDENCY_CLOSURE"
"OLP-0137","137","9620cc73f9c8e0ad003c514a5d3748f29611c4c0","content/first-order-logic/completeness/downward-ls.tex","6F442281E52DD720ACDD540039544C4E8B998906154AA5C4CF7F5DA0D9500C48","codex/openlogic-ar","locale/ar/content/first-order-logic/completeness/downward-ls.tex","ACCEPTED","codex/openlogic-fa-ir","locale/fa-IR/content/first-order-logic/completeness/downward-ls.tex","ACCEPTED","OLP-0138","PASS_STATIC_SEMANTIC_BATCH_REPLAY_BUILD_DEFERRED_FOR_DEPENDENCY_CLOSURE"
"OLP-0138","138","9620cc73f9c8e0ad003c514a5d3748f29611c4c0","content/first-order-logic/first-order-logic.tex","3FEE444AE39C4094BD1BB1963010C0BF6350B5702C79D9E8BC62C430592F527E","codex/openlogic-ar","locale/ar/content/first-order-logic/first-order-logic.tex","ACCEPTED","codex/openlogic-fa-ir","locale/fa-IR/content/first-order-logic/first-order-logic.tex","ACCEPTED","OLP-0139","PASS_STATIC_SEMANTIC_BATCH_REPLAY_BUILD_DEFERRED_FOR_DEPENDENCY_CLOSURE"
"OLP-0139","139","9620cc73f9c8e0ad003c514a5d3748f29611c4c0","content/first-order-logic/introduction/introduction.tex","3DA46F27A563094A0904EACF23838C601CE3A22B0DB9D82CFE33D95D8A507B95","codex/openlogic-ar","locale/ar/content/first-order-logic/introduction/introduction.tex","ACCEPTED","codex/openlogic-fa-ir","locale/fa-IR/content/first-order-logic/introduction/introduction.tex","ACCEPTED","OLP-0140","PASS_STATIC_SEMANTIC_BATCH_REPLAY_BUILD_DEFERRED_FOR_DEPENDENCY_CLOSURE"
"OLP-0140","140","9620cc73f9c8e0ad003c514a5d3748f29611c4c0","content/first-order-logic/introduction/first-order-logic.tex","32887943E2083DE8AE7402CED896B1E5C85BEEE1C52DF199A5DCE311CDC91627","codex/openlogic-ar","locale/ar/content/first-order-logic/introduction/first-order-logic.tex","ACCEPTED","codex/openlogic-fa-ir","locale/fa-IR/content/first-order-logic/introduction/first-order-logic.tex","ACCEPTED","OLP-0141","PASS_STATIC_SEMANTIC_BATCH_REPLAY_BUILD_DEFERRED_FOR_DEPENDENCY_CLOSURE"
"OLP-0141","141","9620cc73f9c8e0ad003c514a5d3748f29611c4c0","content/first-order-logic/introduction/syntax.tex","91D8AAEA25B2D821AF6AA8016F994B2E0ABBF5CD2DEBDEF7354409FA8CE767D8","codex/openlogic-ar","locale/ar/content/first-order-logic/introduction/syntax.tex","ACCEPTED","codex/openlogic-fa-ir","locale/fa-IR/content/first-order-logic/introduction/syntax.tex","ACCEPTED","OLP-0142","PASS_STATIC_SEMANTIC_BATCH_REPLAY_BUILD_DEFERRED_FOR_DEPENDENCY_CLOSURE"
"OLP-0142","142","9620cc73f9c8e0ad003c514a5d3748f29611c4c0","content/first-order-logic/introduction/formulas.tex","43B36E58C2CF5BD1C22018EB0A758D0ED31AB304DC1B3D5532358F6E9703A7C1","codex/openlogic-ar","locale/ar/content/first-order-logic/introduction/formulas.tex","ACCEPTED","codex/openlogic-fa-ir","locale/fa-IR/content/first-order-logic/introduction/formulas.tex","ACCEPTED","OLP-0143","PASS_STATIC_SEMANTIC_BATCH_REPLAY_BUILD_DEFERRED_FOR_DEPENDENCY_CLOSURE"
"OLP-0143","143","9620cc73f9c8e0ad003c514a5d3748f29611c4c0","content/first-order-logic/introduction/satisfaction.tex","7131C06390C685FF0AF79611754CF0B98A22DD8A77256A332C84BF39E2F5CC0A","codex/openlogic-ar","locale/ar/content/first-order-logic/introduction/satisfaction.tex","ACCEPTED","codex/openlogic-fa-ir","locale/fa-IR/content/first-order-logic/introduction/satisfaction.tex","ACCEPTED","OLP-0144","PASS_STATIC_SEMANTIC_BATCH_REPLAY_BUILD_DEFERRED_FOR_DEPENDENCY_CLOSURE"
"OLP-0144","144","9620cc73f9c8e0ad003c514a5d3748f29611c4c0","content/first-order-logic/introduction/sentences.tex","E02B1D562648CE99867D653622B5C8BCB4CD4EEB9E02D335FA59715E193B3CC9","codex/openlogic-ar","locale/ar/content/first-order-logic/introduction/sentences.tex","ACCEPTED","codex/openlogic-fa-ir","locale/fa-IR/content/first-order-logic/introduction/sentences.tex","ACCEPTED","OLP-0145","PASS_STATIC_SEMANTIC_BATCH_REPLAY_BUILD_DEFERRED_FOR_DEPENDENCY_CLOSURE"
"OLP-0145","145","9620cc73f9c8e0ad003c514a5d3748f29611c4c0","content/first-order-logic/introduction/semantic-notions.tex","5B59AB9C84AAD202080A9A834229B1310BA7FB18CBC6891024C072723B9FBADD","codex/openlogic-ar","locale/ar/content/first-order-logic/introduction/semantic-notions.tex","ACCEPTED","codex/openlogic-fa-ir","locale/fa-IR/content/first-order-logic/introduction/semantic-notions.tex","ACCEPTED","OLP-0146","PASS_STATIC_SEMANTIC_BATCH_REPLAY_BUILD_DEFERRED_FOR_DEPENDENCY_CLOSURE"
"OLP-0146","146","9620cc73f9c8e0ad003c514a5d3748f29611c4c0","content/first-order-logic/introduction/substitution.tex","D1E27E94B43FDA8329176530BFA9528C859D444123257A7408D5A979151B8941","codex/openlogic-ar","locale/ar/content/first-order-logic/introduction/substitution.tex","ACCEPTED","codex/openlogic-fa-ir","locale/fa-IR/content/first-order-logic/introduction/substitution.tex","ACCEPTED","OLP-0147","PASS_STATIC_SEMANTIC_BATCH_REPLAY_BUILD_DEFERRED_FOR_DEPENDENCY_CLOSURE"
"OLP-0147","147","9620cc73f9c8e0ad003c514a5d3748f29611c4c0","content/first-order-logic/introduction/models-theories.tex","9207639415C1946C70EAD4464CEFAEC9ED2972F35121E88272980B6C9A076CA8","codex/openlogic-ar","locale/ar/content/first-order-logic/introduction/models-theories.tex","ACCEPTED","codex/openlogic-fa-ir","locale/fa-IR/content/first-order-logic/introduction/models-theories.tex","ACCEPTED","OLP-0148","PASS_STATIC_SEMANTIC_BATCH_REPLAY_BUILD_DEFERRED_FOR_DEPENDENCY_CLOSURE"
"OLP-0148","148","9620cc73f9c8e0ad003c514a5d3748f29611c4c0","content/first-order-logic/introduction/soundness-completeness.tex","49F9A2FB437D680D3E796D72B46D1BC1C5A60C58E3E13AC2E19E6BAC6976336E","codex/openlogic-ar","locale/ar/content/first-order-logic/introduction/soundness-completeness.tex","ACCEPTED","codex/openlogic-fa-ir","locale/fa-IR/content/first-order-logic/introduction/soundness-completeness.tex","ACCEPTED","OLP-0149","PASS_STATIC_SEMANTIC_BATCH_REPLAY_BUILD_DEFERRED_FOR_DEPENDENCY_CLOSURE"
"OLP-0149","149","9620cc73f9c8e0ad003c514a5d3748f29611c4c0","content/first-order-logic/syntax-and-semantics/syntax.tex","75C0E56B3D2F9557E39B9006855F371E6C8F04E8EF9817AFFD70A793613930AB","codex/openlogic-ar","locale/ar/content/first-order-logic/syntax-and-semantics/syntax.tex","ACCEPTED","codex/openlogic-fa-ir","locale/fa-IR/content/first-order-logic/syntax-and-semantics/syntax.tex","ACCEPTED","OLP-0150","PASS_STATIC_SEMANTIC_BATCH_REPLAY_BUILD_DEFERRED_FOR_DEPENDENCY_CLOSURE"
"OLP-0150","150","9620cc73f9c8e0ad003c514a5d3748f29611c4c0","content/first-order-logic/syntax-and-semantics/intro-syntax.tex","BA7DCCE5F1E3340374FF693A1C22C5BF4CCB0C2709CD8C6D50474D4982F7CDFC","codex/openlogic-ar","locale/ar/content/first-order-logic/syntax-and-semantics/intro-syntax.tex","ACCEPTED","codex/openlogic-fa-ir","locale/fa-IR/content/first-order-logic/syntax-and-semantics/intro-syntax.tex","ACCEPTED","OLP-0151","PASS_STATIC_SEMANTIC_BATCH_REPLAY_BUILD_DEFERRED_FOR_DEPENDENCY_CLOSURE"
"OLP-0151","151","9620cc73f9c8e0ad003c514a5d3748f29611c4c0","content/first-order-logic/syntax-and-semantics/first-order-languages.tex","582EA4B3B243FE2EE4EB627630172F77F014D4F7D7C93CD13FDB2BB70844C447","codex/openlogic-ar","locale/ar/content/first-order-logic/syntax-and-semantics/first-order-languages.tex","ACCEPTED","codex/openlogic-fa-ir","locale/fa-IR/content/first-order-logic/syntax-and-semantics/first-order-languages.tex","ACCEPTED","OLP-0152","PASS_STATIC_SEMANTIC_BATCH_REPLAY_BUILD_DEFERRED_FOR_DEPENDENCY_CLOSURE"
"OLP-0152","152","9620cc73f9c8e0ad003c514a5d3748f29611c4c0","content/first-order-logic/syntax-and-semantics/terms-formulas.tex","0B607CE2324CA66B23B164684F4F35B127107B903BBBD567EB25E94C2CE70210","codex/openlogic-ar","locale/ar/content/first-order-logic/syntax-and-semantics/terms-formulas.tex","ACCEPTED","codex/openlogic-fa-ir","locale/fa-IR/content/first-order-logic/syntax-and-semantics/terms-formulas.tex","ACCEPTED","OLP-0153","PASS_STATIC_SEMANTIC_BATCH_REPLAY_BUILD_DEFERRED_FOR_DEPENDENCY_CLOSURE"
"OLP-0153","153","9620cc73f9c8e0ad003c514a5d3748f29611c4c0","content/first-order-logic/syntax-and-semantics/unique-readability.tex","F2AD2961312808EF6C8DEDC884C9F8E00A2BE9EF993CFB7BE748A9D253D84E66","codex/openlogic-ar","locale/ar/content/first-order-logic/syntax-and-semantics/unique-readability.tex","ACCEPTED","codex/openlogic-fa-ir","locale/fa-IR/content/first-order-logic/syntax-and-semantics/unique-readability.tex","ACCEPTED","OLP-0154","PASS_STATIC_SEMANTIC_BATCH_REPLAY_BUILD_DEFERRED_FOR_DEPENDENCY_CLOSURE"
"OLP-0154","154","9620cc73f9c8e0ad003c514a5d3748f29611c4c0","content/first-order-logic/syntax-and-semantics/main-operator.tex","1BC4CC76CC670FDB1069CA53312D13DFCF2EA8444ADBB3D9EF4B8D31A5DA41FC","codex/openlogic-ar","locale/ar/content/first-order-logic/syntax-and-semantics/main-operator.tex","ACCEPTED","codex/openlogic-fa-ir","locale/fa-IR/content/first-order-logic/syntax-and-semantics/main-operator.tex","ACCEPTED","OLP-0155","PASS_STATIC_SEMANTIC_BATCH_REPLAY_BUILD_DEFERRED_FOR_DEPENDENCY_CLOSURE"
"OLP-0155","155","9620cc73f9c8e0ad003c514a5d3748f29611c4c0","content/first-order-logic/syntax-and-semantics/subformulas.tex","4C43825E4C236E55D25092FF1F5B68ED38A3F1E9AE8ED12FC2E14F3A03FC6C77","codex/openlogic-ar","locale/ar/content/first-order-logic/syntax-and-semantics/subformulas.tex","ACCEPTED","codex/openlogic-fa-ir","locale/fa-IR/content/first-order-logic/syntax-and-semantics/subformulas.tex","ACCEPTED","OLP-0156","PASS_STATIC_SEMANTIC_BATCH_REPLAY_BUILD_DEFERRED_FOR_DEPENDENCY_CLOSURE"
"OLP-0156","156","9620cc73f9c8e0ad003c514a5d3748f29611c4c0","content/first-order-logic/syntax-and-semantics/formation-sequences.tex","DC1735BB077F5086C6FD6E2F968591415A9CBA90B65BC0A3D412742CC62BC6FF","codex/openlogic-ar","locale/ar/content/first-order-logic/syntax-and-semantics/formation-sequences.tex","ACCEPTED","codex/openlogic-fa-ir","locale/fa-IR/content/first-order-logic/syntax-and-semantics/formation-sequences.tex","ACCEPTED","OLP-0157","PASS_STATIC_SEMANTIC_BATCH_REPLAY_BUILD_DEFERRED_FOR_DEPENDENCY_CLOSURE"
"OLP-0157","157","9620cc73f9c8e0ad003c514a5d3748f29611c4c0","content/first-order-logic/syntax-and-semantics/free-vars-sentences.tex","EA6BEA6E587867742143E68DD69A2674FC1544FFAAE27236BA1F517FE516BF1F","codex/openlogic-ar","locale/ar/content/first-order-logic/syntax-and-semantics/free-vars-sentences.tex","ACCEPTED","codex/openlogic-fa-ir","locale/fa-IR/content/first-order-logic/syntax-and-semantics/free-vars-sentences.tex","ACCEPTED","OLP-0158","PASS_STATIC_SEMANTIC_BATCH_REPLAY_BUILD_DEFERRED_FOR_DEPENDENCY_CLOSURE"
"OLP-0158","158","9620cc73f9c8e0ad003c514a5d3748f29611c4c0","content/first-order-logic/syntax-and-semantics/substitution.tex","19393C28F5F036DA9C43CE10BFB5F1B2F330DCA8CB2AD950D98EAB5B1B7E83B2","codex/openlogic-ar","locale/ar/content/first-order-logic/syntax-and-semantics/substitution.tex","ACCEPTED","codex/openlogic-fa-ir","locale/fa-IR/content/first-order-logic/syntax-and-semantics/substitution.tex","ACCEPTED","OLP-0159","PASS_STATIC_SEMANTIC_BATCH_REPLAY_BUILD_DEFERRED_FOR_DEPENDENCY_CLOSURE"
"OLP-0159","159","9620cc73f9c8e0ad003c514a5d3748f29611c4c0","content/first-order-logic/syntax-and-semantics/semantics.tex","D863C375746602BE962B1B45545D8A51E72F9D0D9DCA516F434152131B4107EC","codex/openlogic-ar","locale/ar/content/first-order-logic/syntax-and-semantics/semantics.tex","ACCEPTED","codex/openlogic-fa-ir","locale/fa-IR/content/first-order-logic/syntax-and-semantics/semantics.tex","ACCEPTED","OLP-0160","PASS_STATIC_SEMANTIC_BATCH_REPLAY_BUILD_DEFERRED_FOR_DEPENDENCY_CLOSURE"
"OLP-0160","160","9620cc73f9c8e0ad003c514a5d3748f29611c4c0","content/first-order-logic/syntax-and-semantics/intro-semantics.tex","0BCF5A399C46716183ABA26ED6D331ABAE45BDB63ED5BB26B3A7085B840E86E4","codex/openlogic-ar","locale/ar/content/first-order-logic/syntax-and-semantics/intro-semantics.tex","ACCEPTED","codex/openlogic-fa-ir","locale/fa-IR/content/first-order-logic/syntax-and-semantics/intro-semantics.tex","ACCEPTED","OLP-0161","PASS_STATIC_SEMANTIC_BATCH_REPLAY_BUILD_DEFERRED_FOR_DEPENDENCY_CLOSURE"
"OLP-0161","161","9620cc73f9c8e0ad003c514a5d3748f29611c4c0","content/first-order-logic/syntax-and-semantics/structures.tex","653BE0FBC8EF1D61D9F39E7515BD1B1B1911F42147E0131A3235670E677CC241","codex/openlogic-ar","locale/ar/content/first-order-logic/syntax-and-semantics/structures.tex","ACCEPTED","codex/openlogic-fa-ir","locale/fa-IR/content/first-order-logic/syntax-and-semantics/structures.tex","ACCEPTED","OLP-0162","PASS_STATIC_SEMANTIC_BATCH_REPLAY_BUILD_DEFERRED_FOR_DEPENDENCY_CLOSURE"
"OLP-0162","162","9620cc73f9c8e0ad003c514a5d3748f29611c4c0","content/first-order-logic/syntax-and-semantics/covered-structures.tex","47B8C3E2F2455D6FDEFBF11157CAE904E95C858545997FD9B22E7A2A8A1948D7","codex/openlogic-ar","locale/ar/content/first-order-logic/syntax-and-semantics/covered-structures.tex","ACCEPTED","codex/openlogic-fa-ir","locale/fa-IR/content/first-order-logic/syntax-and-semantics/covered-structures.tex","ACCEPTED","OLP-0163","PASS_STATIC_SEMANTIC_BATCH_REPLAY_BUILD_DEFERRED_FOR_DEPENDENCY_CLOSURE"
"OLP-0163","163","9620cc73f9c8e0ad003c514a5d3748f29611c4c0","content/first-order-logic/syntax-and-semantics/satisfaction.tex","E44B0BEA8C5D130077516BC8D757F46D4B337517AAB77049841581313820FD32","codex/openlogic-ar","locale/ar/content/first-order-logic/syntax-and-semantics/satisfaction.tex","ACCEPTED","codex/openlogic-fa-ir","locale/fa-IR/content/first-order-logic/syntax-and-semantics/satisfaction.tex","ACCEPTED","OLP-0164","PASS_STATIC_SEMANTIC_BATCH_REPLAY_BUILD_DEFERRED_FOR_DEPENDENCY_CLOSURE"
"OLP-0164","164","9620cc73f9c8e0ad003c514a5d3748f29611c4c0","content/first-order-logic/syntax-and-semantics/assignments.tex","158D852E2EAD50B060A48332CAC8C72C475CFC206D3DAB7AAC24A01BE3FF1771","codex/openlogic-ar","locale/ar/content/first-order-logic/syntax-and-semantics/assignments.tex","ACCEPTED","codex/openlogic-fa-ir","locale/fa-IR/content/first-order-logic/syntax-and-semantics/assignments.tex","ACCEPTED","OLP-0165","PASS_STATIC_SEMANTIC_BATCH_REPLAY_BUILD_DEFERRED_FOR_DEPENDENCY_CLOSURE"
"OLP-0165","165","9620cc73f9c8e0ad003c514a5d3748f29611c4c0","content/first-order-logic/syntax-and-semantics/extensionality.tex","B96BE00C844C1A06BE3DC8C18E237FDB595ED60B18462B01BCA43E6886D1DA4D","codex/openlogic-ar","locale/ar/content/first-order-logic/syntax-and-semantics/extensionality.tex","ACCEPTED","codex/openlogic-fa-ir","locale/fa-IR/content/first-order-logic/syntax-and-semantics/extensionality.tex","ACCEPTED","OLP-0166","PASS_STATIC_SEMANTIC_BATCH_REPLAY_BUILD_DEFERRED_FOR_DEPENDENCY_CLOSURE"
"OLP-0166","166","9620cc73f9c8e0ad003c514a5d3748f29611c4c0","content/first-order-logic/syntax-and-semantics/semantic-notions.tex","8B8740C064A3A876FF0CDF5DACD51BB8D3BBBA87256FE49180DE5F7C80FE08DD","codex/openlogic-ar","locale/ar/content/first-order-logic/syntax-and-semantics/semantic-notions.tex","ACCEPTED","codex/openlogic-fa-ir","locale/fa-IR/content/first-order-logic/syntax-and-semantics/semantic-notions.tex","ACCEPTED","OLP-0167","PASS_STATIC_SEMANTIC_BATCH_REPLAY_BUILD_DEFERRED_FOR_DEPENDENCY_CLOSURE"
"OLP-0167","167","9620cc73f9c8e0ad003c514a5d3748f29611c4c0","content/first-order-logic/models-theories/models-theories.tex","A3A51CFC65725ADF5E09F41AF5E24114847757EFFAD8D2C49827BB427E16DA6F","codex/openlogic-ar","locale/ar/content/first-order-logic/models-theories/models-theories.tex","ACCEPTED","codex/openlogic-fa-ir","locale/fa-IR/content/first-order-logic/models-theories/models-theories.tex","ACCEPTED","OLP-0168","PASS_STATIC_SEMANTIC_BATCH_REPLAY_BUILD_DEFERRED_FOR_DEPENDENCY_CLOSURE"
"OLP-0168","168","9620cc73f9c8e0ad003c514a5d3748f29611c4c0","content/first-order-logic/models-theories/introduction.tex","56518E9CB660F5393A035D369656023C1E2301DB8EB220C642131A14A5CDC8D8","codex/openlogic-ar","locale/ar/content/first-order-logic/models-theories/introduction.tex","ACCEPTED","codex/openlogic-fa-ir","locale/fa-IR/content/first-order-logic/models-theories/introduction.tex","ACCEPTED","OLP-0169","PASS_STATIC_SEMANTIC_BATCH_REPLAY_BUILD_DEFERRED_FOR_DEPENDENCY_CLOSURE"
"OLP-0169","169","9620cc73f9c8e0ad003c514a5d3748f29611c4c0","content/first-order-logic/models-theories/expressing-props-of-structures.tex","939BBD9F240291EEFAF1926DB84C710E635642E1C0B083D6BB8FD7C62B302DB0","codex/openlogic-ar","locale/ar/content/first-order-logic/models-theories/expressing-props-of-structures.tex","ACCEPTED","codex/openlogic-fa-ir","locale/fa-IR/content/first-order-logic/models-theories/expressing-props-of-structures.tex","ACCEPTED","OLP-0170","PASS_STATIC_SEMANTIC_BATCH_REPLAY_BUILD_DEFERRED_FOR_DEPENDENCY_CLOSURE"
"OLP-0170","170","9620cc73f9c8e0ad003c514a5d3748f29611c4c0","content/first-order-logic/models-theories/theories.tex","0D47CC25CB7555009033F6DD8131BEDDFE7A36D514989154D241D98C3AE92536","codex/openlogic-ar","locale/ar/content/first-order-logic/models-theories/theories.tex","ACCEPTED","codex/openlogic-fa-ir","locale/fa-IR/content/first-order-logic/models-theories/theories.tex","ACCEPTED","OLP-0171","PASS_STATIC_SEMANTIC_BATCH_REPLAY_BUILD_DEFERRED_FOR_DEPENDENCY_CLOSURE"
"OLP-0171","171","9620cc73f9c8e0ad003c514a5d3748f29611c4c0","content/first-order-logic/models-theories/expressing-relations.tex","4463B194F95A1E7649F0EE833E2851273E78E760D9DB32F67F925C8D551DAA7D","codex/openlogic-ar","locale/ar/content/first-order-logic/models-theories/expressing-relations.tex","ACCEPTED","codex/openlogic-fa-ir","locale/fa-IR/content/first-order-logic/models-theories/expressing-relations.tex","ACCEPTED","OLP-0172","PASS_STATIC_SEMANTIC_BATCH_REPLAY_BUILD_DEFERRED_FOR_DEPENDENCY_CLOSURE"
"OLP-0172","172","9620cc73f9c8e0ad003c514a5d3748f29611c4c0","content/first-order-logic/models-theories/set-theory.tex","C252116BC14449400E362E11E002D865F58E59177215CAB085CEAEC7AE9D2AA3","codex/openlogic-ar","locale/ar/content/first-order-logic/models-theories/set-theory.tex","ACCEPTED","codex/openlogic-fa-ir","locale/fa-IR/content/first-order-logic/models-theories/set-theory.tex","ACCEPTED","OLP-0173","PASS_STATIC_SEMANTIC_BATCH_REPLAY_BUILD_DEFERRED_FOR_DEPENDENCY_CLOSURE"
"OLP-0173","173","9620cc73f9c8e0ad003c514a5d3748f29611c4c0","content/first-order-logic/models-theories/size-of-structures.tex","B63FC24A59388785180FE06E738B2B2E0E61C05896050BBFB1959FD6DDCF0060","codex/openlogic-ar","locale/ar/content/first-order-logic/models-theories/size-of-structures.tex","ACCEPTED","codex/openlogic-fa-ir","locale/fa-IR/content/first-order-logic/models-theories/size-of-structures.tex","ACCEPTED","OLP-0174","PASS_STATIC_SEMANTIC_BATCH_REPLAY_BUILD_DEFERRED_FOR_DEPENDENCY_CLOSURE"
"OLP-0174","174","9620cc73f9c8e0ad003c514a5d3748f29611c4c0","content/first-order-logic/beyond/beyond.tex","01C5B0B8DFFF784FD345633AD6F9EC678B48CD6185A6912E8FC9AB317F61403E","codex/openlogic-ar","locale/ar/content/first-order-logic/beyond/beyond.tex","ACCEPTED","codex/openlogic-fa-ir","locale/fa-IR/content/first-order-logic/beyond/beyond.tex","ACCEPTED","OLP-0175","PASS_STATIC_SEMANTIC_BATCH_REPLAY_BUILD_DEFERRED_FOR_DEPENDENCY_CLOSURE"
"OLP-0175","175","9620cc73f9c8e0ad003c514a5d3748f29611c4c0","content/first-order-logic/beyond/introduction.tex","84223DDEB7093A489E9130870BE10BF99D6082762DB58DFF7763044C3CE6039E","codex/openlogic-ar","locale/ar/content/first-order-logic/beyond/introduction.tex","ACCEPTED","codex/openlogic-fa-ir","locale/fa-IR/content/first-order-logic/beyond/introduction.tex","ACCEPTED","OLP-0176","PASS_STATIC_SEMANTIC_BATCH_REPLAY_BUILD_DEFERRED_FOR_DEPENDENCY_CLOSURE"
"OLP-0176","176","9620cc73f9c8e0ad003c514a5d3748f29611c4c0","content/first-order-logic/beyond/many-sorted-logic.tex","00D702A1E3DDD4F8E98DDB1F01B5DDFFE140CE3E32A40ACAD54DBE1E4BA64F98","codex/openlogic-ar","locale/ar/content/first-order-logic/beyond/many-sorted-logic.tex","ACCEPTED","codex/openlogic-fa-ir","locale/fa-IR/content/first-order-logic/beyond/many-sorted-logic.tex","ACCEPTED","OLP-0177","PASS_STATIC_SEMANTIC_BATCH_REPLAY_BUILD_DEFERRED_FOR_DEPENDENCY_CLOSURE"
"OLP-0177","177","9620cc73f9c8e0ad003c514a5d3748f29611c4c0","content/first-order-logic/beyond/second-order-logic.tex","C5A38313F00A864F10C9F7005A8F8AD4EF9CA2289690F0222F66CAE6FA2AF8CF","codex/openlogic-ar","locale/ar/content/first-order-logic/beyond/second-order-logic.tex","ACCEPTED","codex/openlogic-fa-ir","locale/fa-IR/content/first-order-logic/beyond/second-order-logic.tex","ACCEPTED","OLP-0178","PASS_STATIC_SEMANTIC_BATCH_REPLAY_BUILD_DEFERRED_FOR_DEPENDENCY_CLOSURE"
"OLP-0178","178","9620cc73f9c8e0ad003c514a5d3748f29611c4c0","content/first-order-logic/beyond/higher-order-logic.tex","52968463DD9B903B6AD2BCF76B0CB5C71D222D2C439855672F5216FAC8335692","codex/openlogic-ar","locale/ar/content/first-order-logic/beyond/higher-order-logic.tex","ACCEPTED","codex/openlogic-fa-ir","locale/fa-IR/content/first-order-logic/beyond/higher-order-logic.tex","ACCEPTED","OLP-0179","PASS_STATIC_SEMANTIC_BATCH_REPLAY_BUILD_DEFERRED_FOR_DEPENDENCY_CLOSURE"
"OLP-0179","179","9620cc73f9c8e0ad003c514a5d3748f29611c4c0","content/first-order-logic/beyond/intuitionistic-logic.tex","3230D39434D6ECDBF0E6CD7E0C8B1DF843B991E8E2106B1ECD91DB9EA4F94CC0","codex/openlogic-ar","locale/ar/content/first-order-logic/beyond/intuitionistic-logic.tex","ACCEPTED","codex/openlogic-fa-ir","locale/fa-IR/content/first-order-logic/beyond/intuitionistic-logic.tex","ACCEPTED","OLP-0180","PASS_STATIC_SEMANTIC_BATCH_REPLAY_BUILD_DEFERRED_FOR_DEPENDENCY_CLOSURE"
"OLP-0180","180","9620cc73f9c8e0ad003c514a5d3748f29611c4c0","content/first-order-logic/beyond/modal-logics.tex","3BFC4F07DE2027FD339884563522915E040C5105207A857A65E2B033FEF4A1D1","codex/openlogic-ar","locale/ar/content/first-order-logic/beyond/modal-logics.tex","ACCEPTED","codex/openlogic-fa-ir","locale/fa-IR/content/first-order-logic/beyond/modal-logics.tex","ACCEPTED","OLP-0181","PASS_STATIC_SEMANTIC_BATCH_REPLAY_BUILD_DEFERRED_FOR_DEPENDENCY_CLOSURE"
"OLP-0181","181","9620cc73f9c8e0ad003c514a5d3748f29611c4c0","content/first-order-logic/beyond/other-logics.tex","BC7394B6A16921B5A7B2DC8129B1A6C8A2B2900DC3A30B886A06AB2028EA7691","codex/openlogic-ar","locale/ar/content/first-order-logic/beyond/other-logics.tex","ACCEPTED","codex/openlogic-fa-ir","locale/fa-IR/content/first-order-logic/beyond/other-logics.tex","ACCEPTED","OLP-0182","PASS_STATIC_SEMANTIC_BATCH_REPLAY_BUILD_DEFERRED_FOR_DEPENDENCY_CLOSURE"
"OLP-0182","182","9620cc73f9c8e0ad003c514a5d3748f29611c4c0","content/model-theory/model-theory.tex","D344FFDA1BED36FF693A10B8093066703E9F00CE0CA64BABAEA50D5A2D25613F","codex/openlogic-ar","locale/ar/content/model-theory/model-theory.tex","ACCEPTED","codex/openlogic-fa-ir","locale/fa-IR/content/model-theory/model-theory.tex","ACCEPTED","OLP-0183","PASS_STATIC_SEMANTIC_BATCH_REPLAY_BUILD_DEFERRED_FOR_DEPENDENCY_CLOSURE"
"OLP-0183","183","9620cc73f9c8e0ad003c514a5d3748f29611c4c0","content/model-theory/basics/basics.tex","DBAAB317A40A064D1325F5F071B3BE75C7A3FA581423F7A2551CF9F4B06873B4","codex/openlogic-ar","locale/ar/content/model-theory/basics/basics.tex","ACCEPTED","codex/openlogic-fa-ir","locale/fa-IR/content/model-theory/basics/basics.tex","ACCEPTED","OLP-0184","PASS_STATIC_SEMANTIC_BATCH_REPLAY_BUILD_DEFERRED_FOR_DEPENDENCY_CLOSURE"
"OLP-0184","184","9620cc73f9c8e0ad003c514a5d3748f29611c4c0","content/model-theory/basics/reducts-and-expansions.tex","F570B7501195FE1F9F137521C31AF6E33C31C6D87D304E82649408B523AEC20D","codex/openlogic-ar","locale/ar/content/model-theory/basics/reducts-and-expansions.tex","ACCEPTED","codex/openlogic-fa-ir","locale/fa-IR/content/model-theory/basics/reducts-and-expansions.tex","ACCEPTED","OLP-0185","PASS_STATIC_SEMANTIC_BATCH_REPLAY_BUILD_DEFERRED_FOR_DEPENDENCY_CLOSURE"
"OLP-0185","185","9620cc73f9c8e0ad003c514a5d3748f29611c4c0","content/model-theory/basics/substructures.tex","2C47B8ADD212CB4B0F9029D4D68ACB4E56E8827A7DA2E44EA2C5914B2F6F27D1","codex/openlogic-ar","locale/ar/content/model-theory/basics/substructures.tex","ACCEPTED","codex/openlogic-fa-ir","locale/fa-IR/content/model-theory/basics/substructures.tex","ACCEPTED","OLP-0186","PASS_STATIC_SEMANTIC_BATCH_REPLAY_BUILD_DEFERRED_FOR_DEPENDENCY_CLOSURE"
"OLP-0186","186","9620cc73f9c8e0ad003c514a5d3748f29611c4c0","content/model-theory/basics/overspill.tex","C0BCBF30F27166AC4D28CAA048C645701E64A64407184B553C37666ECDF7FBC5","codex/openlogic-ar","locale/ar/content/model-theory/basics/overspill.tex","ACCEPTED","codex/openlogic-fa-ir","locale/fa-IR/content/model-theory/basics/overspill.tex","ACCEPTED","OLP-0187","PASS_STATIC_SEMANTIC_BATCH_REPLAY_BUILD_DEFERRED_FOR_DEPENDENCY_CLOSURE"
"OLP-0187","187","9620cc73f9c8e0ad003c514a5d3748f29611c4c0","content/model-theory/basics/isomorphism.tex","400CED4B63FE2AB03F95DB16B1169E3BFA382AE0B4346C839C36220F51AAC563","codex/openlogic-ar","locale/ar/content/model-theory/basics/isomorphism.tex","ACCEPTED","codex/openlogic-fa-ir","locale/fa-IR/content/model-theory/basics/isomorphism.tex","ACCEPTED","OLP-0188","PASS_STATIC_SEMANTIC_BATCH_REPLAY_BUILD_DEFERRED_FOR_DEPENDENCY_CLOSURE"
"OLP-0188","188","9620cc73f9c8e0ad003c514a5d3748f29611c4c0","content/model-theory/basics/theory-of-m.tex","29FADDDC04FAEA7888457A0EB536FBBEF4D9942E4076A14F9ED186B61813E7A7","codex/openlogic-ar","locale/ar/content/model-theory/basics/theory-of-m.tex","ACCEPTED","codex/openlogic-fa-ir","locale/fa-IR/content/model-theory/basics/theory-of-m.tex","ACCEPTED","OLP-0189","PASS_STATIC_SEMANTIC_BATCH_REPLAY_BUILD_DEFERRED_FOR_DEPENDENCY_CLOSURE"
"OLP-0189","189","9620cc73f9c8e0ad003c514a5d3748f29611c4c0","content/model-theory/basics/partial-iso.tex","9233C0428A52F321404FD272342E7E2AD90B16EFCC7C6A0C5D766717EB739E97","codex/openlogic-ar","locale/ar/content/model-theory/basics/partial-iso.tex","ACCEPTED","codex/openlogic-fa-ir","locale/fa-IR/content/model-theory/basics/partial-iso.tex","ACCEPTED","OLP-0190","PASS_STATIC_SEMANTIC_BATCH_REPLAY_BUILD_DEFERRED_FOR_DEPENDENCY_CLOSURE"
"OLP-0190","190","9620cc73f9c8e0ad003c514a5d3748f29611c4c0","content/model-theory/basics/dlo.tex","2176D8ADD7D120C359C3A1F83010E0DCBCFA8A70C3D7595BF87931EB67354A8A","codex/openlogic-ar","locale/ar/content/model-theory/basics/dlo.tex","ACCEPTED","codex/openlogic-fa-ir","locale/fa-IR/content/model-theory/basics/dlo.tex","ACCEPTED","OLP-0191","PASS_STATIC_SEMANTIC_BATCH_REPLAY_BUILD_DEFERRED_FOR_DEPENDENCY_CLOSURE"
"OLP-0191","191","9620cc73f9c8e0ad003c514a5d3748f29611c4c0","content/model-theory/models-of-arithmetic/models-of-arithmetic.tex","3805D7A115D7D90554F1A29916190B1F050D1B5CAEDEB071E3226F6D38EE2100","codex/openlogic-ar","locale/ar/content/model-theory/models-of-arithmetic/models-of-arithmetic.tex","ACCEPTED","codex/openlogic-fa-ir","locale/fa-IR/content/model-theory/models-of-arithmetic/models-of-arithmetic.tex","ACCEPTED","OLP-0192","PASS_STATIC_SEMANTIC_BATCH_REPLAY_BUILD_DEFERRED_FOR_DEPENDENCY_CLOSURE"
"OLP-0192","192","9620cc73f9c8e0ad003c514a5d3748f29611c4c0","content/model-theory/models-of-arithmetic/introduction.tex","2D070E63927F9C2EA50BF5074FD6B3F15BFF465398575601D3B7ED8BC9867CBB","codex/openlogic-ar","locale/ar/content/model-theory/models-of-arithmetic/introduction.tex","ACCEPTED","codex/openlogic-fa-ir","locale/fa-IR/content/model-theory/models-of-arithmetic/introduction.tex","ACCEPTED","OLP-0193","PASS_STATIC_SEMANTIC_BATCH_REPLAY_BUILD_DEFERRED_FOR_DEPENDENCY_CLOSURE"
"OLP-0193","193","9620cc73f9c8e0ad003c514a5d3748f29611c4c0","content/model-theory/models-of-arithmetic/standard-models.tex","27E39B49BB28308233F0874DE2D15FF5F33D61CC294ACFA635BDE0BBE4710019","codex/openlogic-ar","locale/ar/content/model-theory/models-of-arithmetic/standard-models.tex","ACCEPTED","codex/openlogic-fa-ir","locale/fa-IR/content/model-theory/models-of-arithmetic/standard-models.tex","ACCEPTED","OLP-0194","PASS_STATIC_SEMANTIC_BATCH_REPLAY_BUILD_DEFERRED_FOR_DEPENDENCY_CLOSURE"
"OLP-0194","194","9620cc73f9c8e0ad003c514a5d3748f29611c4c0","content/model-theory/models-of-arithmetic/non-standard-models.tex","0895B776D3E5DED7C9695E63EC9F268DD0E096B38040C558624F4784C3024FCC","codex/openlogic-ar","locale/ar/content/model-theory/models-of-arithmetic/non-standard-models.tex","ACCEPTED","codex/openlogic-fa-ir","locale/fa-IR/content/model-theory/models-of-arithmetic/non-standard-models.tex","ACCEPTED","OLP-0195","PASS_STATIC_SEMANTIC_BATCH_REPLAY_BUILD_DEFERRED_FOR_DEPENDENCY_CLOSURE"
"OLP-0195","195","9620cc73f9c8e0ad003c514a5d3748f29611c4c0","content/model-theory/models-of-arithmetic/models-of-q.tex","E7F932A05807DF4E416BB015CC0AAC662DE3FB3F0A9F8E3E0EA1A9A4F1283AA7","codex/openlogic-ar","locale/ar/content/model-theory/models-of-arithmetic/models-of-q.tex","ACCEPTED","codex/openlogic-fa-ir","locale/fa-IR/content/model-theory/models-of-arithmetic/models-of-q.tex","ACCEPTED","OLP-0196","PASS_STATIC_SEMANTIC_BATCH_REPLAY_BUILD_DEFERRED_FOR_DEPENDENCY_CLOSURE"
"OLP-0196","196","9620cc73f9c8e0ad003c514a5d3748f29611c4c0","content/model-theory/models-of-arithmetic/models-of-pa.tex","8C4DEC337B74D9A8DD3CB6A65065BA12E883518DBA2A17834041D01D85C219BE","codex/openlogic-ar","locale/ar/content/model-theory/models-of-arithmetic/models-of-pa.tex","ACCEPTED","codex/openlogic-fa-ir","locale/fa-IR/content/model-theory/models-of-arithmetic/models-of-pa.tex","ACCEPTED","OLP-0197","PASS_STATIC_SEMANTIC_BATCH_REPLAY_BUILD_DEFERRED_FOR_DEPENDENCY_CLOSURE"
"OLP-0197","197","9620cc73f9c8e0ad003c514a5d3748f29611c4c0","content/model-theory/models-of-arithmetic/computable-models.tex","79A6A13D59F055788182E0FE9117C3E98782317A71AC747DB0E7483CA118CAC5","codex/openlogic-ar","locale/ar/content/model-theory/models-of-arithmetic/computable-models.tex","ACCEPTED","codex/openlogic-fa-ir","locale/fa-IR/content/model-theory/models-of-arithmetic/computable-models.tex","ACCEPTED","OLP-0198","PASS_STATIC_SEMANTIC_BATCH_REPLAY_BUILD_DEFERRED_FOR_DEPENDENCY_CLOSURE"
"OLP-0198","198","9620cc73f9c8e0ad003c514a5d3748f29611c4c0","content/model-theory/interpolation/interpolation.tex","30F05B67FA5F7AD8FD9E9C59FED138DDB53CDCA1FBD9FB65A4C58AEDA6B7342A","codex/openlogic-ar","locale/ar/content/model-theory/interpolation/interpolation.tex","ACCEPTED","codex/openlogic-fa-ir","locale/fa-IR/content/model-theory/interpolation/interpolation.tex","ACCEPTED","OLP-0199","PASS_STATIC_SEMANTIC_BATCH_REPLAY_BUILD_DEFERRED_FOR_DEPENDENCY_CLOSURE"
"OLP-0199","199","9620cc73f9c8e0ad003c514a5d3748f29611c4c0","content/model-theory/interpolation/introduction.tex","BF9E45873CB4E5C18FC57A8C51CD7ED5D94DBD1BDFD6F89F0C1BAD630AE22044","codex/openlogic-ar","locale/ar/content/model-theory/interpolation/introduction.tex","ACCEPTED","codex/openlogic-fa-ir","locale/fa-IR/content/model-theory/interpolation/introduction.tex","ACCEPTED","OLP-0200","PASS_STATIC_SEMANTIC_BATCH_REPLAY_BUILD_DEFERRED_FOR_DEPENDENCY_CLOSURE"
"OLP-0200","200","9620cc73f9c8e0ad003c514a5d3748f29611c4c0","content/model-theory/interpolation/separation.tex","0850DA6CB374079C24CD947CE17CF85604551F825BE405676E97FE2779B0A2F6","codex/openlogic-ar","locale/ar/content/model-theory/interpolation/separation.tex","ACCEPTED","codex/openlogic-fa-ir","locale/fa-IR/content/model-theory/interpolation/separation.tex","ACCEPTED","OLP-0201","PASS_STATIC_SEMANTIC_BATCH_REPLAY_BUILD_DEFERRED_FOR_DEPENDENCY_CLOSURE"
"OLP-0201","201","9620cc73f9c8e0ad003c514a5d3748f29611c4c0","content/model-theory/interpolation/interpolation-proof.tex","C2B53950362DA168A87E66758D2C91729041CC28A49EA78374283D46459BADE2","codex/openlogic-ar","locale/ar/content/model-theory/interpolation/interpolation-proof.tex","ACCEPTED","codex/openlogic-fa-ir","locale/fa-IR/content/model-theory/interpolation/interpolation-proof.tex","ACCEPTED","OLP-0202","PASS_STATIC_SEMANTIC_BATCH_REPLAY_BUILD_DEFERRED_FOR_DEPENDENCY_CLOSURE"
"OLP-0202","202","9620cc73f9c8e0ad003c514a5d3748f29611c4c0","content/model-theory/interpolation/definability.tex","8E89C08C0E211D3BD52C05CBD1D09B148DF444855E4165DF71E43461E84CBACA","codex/openlogic-ar","locale/ar/content/model-theory/interpolation/definability.tex","ACCEPTED","codex/openlogic-fa-ir","locale/fa-IR/content/model-theory/interpolation/definability.tex","ACCEPTED","OLP-0203","PASS_STATIC_SEMANTIC_BATCH_REPLAY_BUILD_DEFERRED_FOR_DEPENDENCY_CLOSURE"
"OLP-0203","203","9620cc73f9c8e0ad003c514a5d3748f29611c4c0","content/model-theory/lindstrom/lindstrom.tex","EA726CB752C7AA9832BF45F4B2DED0C69D9DCB376549C93BC2AF7DF4AACDDC8A","codex/openlogic-ar","locale/ar/content/model-theory/lindstrom/lindstrom.tex","ACCEPTED","codex/openlogic-fa-ir","locale/fa-IR/content/model-theory/lindstrom/lindstrom.tex","ACCEPTED","OLP-0204","PASS_STATIC_SEMANTIC_BATCH_REPLAY_BUILD_DEFERRED_FOR_DEPENDENCY_CLOSURE"
"OLP-0204","204","9620cc73f9c8e0ad003c514a5d3748f29611c4c0","content/model-theory/lindstrom/introduction.tex","C37AAC04A5F7E6123C558CD7CE3CA7C8159FAD3BCE92C2A47AA40EBF810BAA52","codex/openlogic-ar","locale/ar/content/model-theory/lindstrom/introduction.tex","ACCEPTED","codex/openlogic-fa-ir","locale/fa-IR/content/model-theory/lindstrom/introduction.tex","ACCEPTED","OLP-0205","PASS_STATIC_SEMANTIC_BATCH_REPLAY_BUILD_DEFERRED_FOR_DEPENDENCY_CLOSURE"
"OLP-0205","205","9620cc73f9c8e0ad003c514a5d3748f29611c4c0","content/model-theory/lindstrom/abstract-logics.tex","AB605690E24FFFB499EE9523A80E4CB422D9E7AC7BEB0B86CDD7A4EBA6EDBA9B","codex/openlogic-ar","locale/ar/content/model-theory/lindstrom/abstract-logics.tex","ACCEPTED","codex/openlogic-fa-ir","locale/fa-IR/content/model-theory/lindstrom/abstract-logics.tex","ACCEPTED","OLP-0206","PASS_STATIC_SEMANTIC_BATCH_REPLAY_BUILD_DEFERRED_FOR_DEPENDENCY_CLOSURE"
"OLP-0206","206","9620cc73f9c8e0ad003c514a5d3748f29611c4c0","content/model-theory/lindstrom/ls-property.tex","3E7B3F84ADF951CD912972A2D7AC5908D7D3C0130F881CAF70EEC03A5080EFE3","codex/openlogic-ar","locale/ar/content/model-theory/lindstrom/ls-property.tex","ACCEPTED","codex/openlogic-fa-ir","locale/fa-IR/content/model-theory/lindstrom/ls-property.tex","ACCEPTED","OLP-0207","PASS_STATIC_SEMANTIC_BATCH_REPLAY_BUILD_DEFERRED_FOR_DEPENDENCY_CLOSURE"
"OLP-0207","207","9620cc73f9c8e0ad003c514a5d3748f29611c4c0","content/model-theory/lindstrom/lindstrom-proof.tex","8E407658F1E11431AD859DD166B2DE535E6BAB8DA9B1A28B9549FD97B2EC87FC","codex/openlogic-ar","locale/ar/content/model-theory/lindstrom/lindstrom-proof.tex","ACCEPTED","codex/openlogic-fa-ir","locale/fa-IR/content/model-theory/lindstrom/lindstrom-proof.tex","ACCEPTED","OLP-0208","PASS_STATIC_SEMANTIC_BATCH_REPLAY_BUILD_DEFERRED_FOR_DEPENDENCY_CLOSURE"
"OLP-0208","208","9620cc73f9c8e0ad003c514a5d3748f29611c4c0","content/computability/computability.tex","EFC0B0D0A189854DB40AC8FC626A19327D6CF0B22E1A8EB3B74BCB727EFCD8E0","codex/openlogic-ar","locale/ar/content/computability/computability.tex","ACCEPTED","codex/openlogic-fa-ir","locale/fa-IR/content/computability/computability.tex","ACCEPTED","OLP-0209","PASS_STATIC_SEMANTIC_BATCH_REPLAY_BUILD_DEFERRED_FOR_DEPENDENCY_CLOSURE"
"OLP-0209","209","9620cc73f9c8e0ad003c514a5d3748f29611c4c0","content/computability/recursive-functions/recursive-functions.tex","567FEFFCA9844BE257C54E521E882775439F227BE7B8277DDFDAE9FE5333E45E","codex/openlogic-ar","locale/ar/content/computability/recursive-functions/recursive-functions.tex","ACCEPTED","codex/openlogic-fa-ir","locale/fa-IR/content/computability/recursive-functions/recursive-functions.tex","ACCEPTED","OLP-0210","PASS_STATIC_SEMANTIC_BATCH_REPLAY_BUILD_DEFERRED_FOR_DEPENDENCY_CLOSURE"
"OLP-0210","210","9620cc73f9c8e0ad003c514a5d3748f29611c4c0","content/computability/recursive-functions/introduction.tex","AA5DA3312ED4236449827261EDDDC5393A2D17306BCA57E36284C368F5FA3BC8","codex/openlogic-ar","locale/ar/content/computability/recursive-functions/introduction.tex","ACCEPTED","codex/openlogic-fa-ir","locale/fa-IR/content/computability/recursive-functions/introduction.tex","ACCEPTED","OLP-0211","PASS_STATIC_SEMANTIC_BATCH_REPLAY_BUILD_DEFERRED_FOR_DEPENDENCY_CLOSURE"
"OLP-0211","211","9620cc73f9c8e0ad003c514a5d3748f29611c4c0","content/computability/recursive-functions/primitive-recursion.tex","E98C274A0AB979761D083F4C9AD1486D440C7933A13C1C0D99AC1A52D8996FCC","codex/openlogic-ar","locale/ar/content/computability/recursive-functions/primitive-recursion.tex","ACCEPTED","codex/openlogic-fa-ir","locale/fa-IR/content/computability/recursive-functions/primitive-recursion.tex","ACCEPTED","OLP-0212","PASS_STATIC_SEMANTIC_PAIRED_DIRECT_FILE_REPLAY_BUILD_DEFERRED_FOR_DEPENDENCY_CLOSURE"
"OLP-0212","212","9620cc73f9c8e0ad003c514a5d3748f29611c4c0","content/computability/recursive-functions/composition.tex","76ED2309D26B936B5EB1CB6A7C90F58E40043D38AA3AFD1B7AD2E98D836245F0","codex/openlogic-ar","locale/ar/content/computability/recursive-functions/composition.tex","ACCEPTED","codex/openlogic-fa-ir","locale/fa-IR/content/computability/recursive-functions/composition.tex","ACCEPTED","OLP-0213","PASS_STATIC_SEMANTIC_PAIRED_DIRECT_FILE_REPLAY_BUILD_DEFERRED_FOR_DEPENDENCY_CLOSURE"
"OLP-0213","213","9620cc73f9c8e0ad003c514a5d3748f29611c4c0","content/computability/recursive-functions/pr-functions.tex","1BB48CAEC3680C643D88CEE6A910542CE36852E8F97B4E1728D4B5FC59D8F22F","codex/openlogic-ar","locale/ar/content/computability/recursive-functions/pr-functions.tex","ACCEPTED","codex/openlogic-fa-ir","locale/fa-IR/content/computability/recursive-functions/pr-functions.tex","ACCEPTED","OLP-0214","PASS_STATIC_SEMANTIC_PAIRED_DIRECT_FILE_REPLAY_BUILD_DEFERRED_FOR_DEPENDENCY_CLOSURE"
"OLP-0214","214","9620cc73f9c8e0ad003c514a5d3748f29611c4c0","content/computability/recursive-functions/notation-pr-functions.tex","6018C8FB8EC86201286B019A60163A63CA076925D3044DDE7060394822241272","codex/openlogic-ar","locale/ar/content/computability/recursive-functions/notation-pr-functions.tex","ACCEPTED","codex/openlogic-fa-ir","locale/fa-IR/content/computability/recursive-functions/notation-pr-functions.tex","ACCEPTED","OLP-0215","PASS_STATIC_SEMANTIC_PAIRED_DIRECT_FILE_REPLAY_BUILD_DEFERRED_FOR_DEPENDENCY_CLOSURE"
"OLP-0215","215","9620cc73f9c8e0ad003c514a5d3748f29611c4c0","content/computability/recursive-functions/pr-functions-computable.tex","10A26513E18C31EE991A53C54BC10682710D93B5766F0EE758CC766B38E321C9","codex/openlogic-ar","locale/ar/content/computability/recursive-functions/pr-functions-computable.tex","ACCEPTED","codex/openlogic-fa-ir","locale/fa-IR/content/computability/recursive-functions/pr-functions-computable.tex","ACCEPTED","OLP-0216","PASS_STATIC_SEMANTIC_PAIRED_DIRECT_FILE_REPLAY_BUILD_DEFERRED_FOR_DEPENDENCY_CLOSURE"
"OLP-0216","216","9620cc73f9c8e0ad003c514a5d3748f29611c4c0","content/computability/recursive-functions/examples.tex","431B72DF17CD6DE28A2F475F360742639CC40B5ABC1A68D0D7E91794A88188D9","codex/openlogic-ar","locale/ar/content/computability/recursive-functions/examples.tex","ACCEPTED","codex/openlogic-fa-ir","locale/fa-IR/content/computability/recursive-functions/examples.tex","ACCEPTED","OLP-0217","PASS_STATIC_SEMANTIC_PAIRED_DIRECT_FILE_REPLAY_BUILD_DEFERRED_FOR_DEPENDENCY_CLOSURE"
"OLP-0217","217","9620cc73f9c8e0ad003c514a5d3748f29611c4c0","content/computability/recursive-functions/pr-relations.tex","8323A8010F1D1FAED641B5EFC44C46956E1264FC4120C95E67EDC26FBAA4ACE2","codex/openlogic-ar","locale/ar/content/computability/recursive-functions/pr-relations.tex","ACCEPTED","codex/openlogic-fa-ir","locale/fa-IR/content/computability/recursive-functions/pr-relations.tex","ACCEPTED","OLP-0218","PASS_STATIC_SEMANTIC_PAIRED_DIRECT_FILE_REPLAY_BUILD_DEFERRED_FOR_DEPENDENCY_CLOSURE"
"OLP-0218","218","9620cc73f9c8e0ad003c514a5d3748f29611c4c0","content/computability/recursive-functions/bounded-minimization.tex","E92C4C37E242325519960AD6CC05F288CAC99A3422E3EEC6557F70325CE4A75E","codex/openlogic-ar","locale/ar/content/computability/recursive-functions/bounded-minimization.tex","ACCEPTED","codex/openlogic-fa-ir","locale/fa-IR/content/computability/recursive-functions/bounded-minimization.tex","ACCEPTED","OLP-0219","PASS_STATIC_SEMANTIC_PAIRED_DIRECT_FILE_REPLAY_BUILD_DEFERRED_FOR_DEPENDENCY_CLOSURE"
"OLP-0219","219","9620cc73f9c8e0ad003c514a5d3748f29611c4c0","content/computability/recursive-functions/primes.tex","02365C0E9DE7F0DF4BFAE770DC311F59C8947E48422A8570DE4C5E2C2D6A9157","codex/openlogic-ar","locale/ar/content/computability/recursive-functions/primes.tex","ACCEPTED","codex/openlogic-fa-ir","locale/fa-IR/content/computability/recursive-functions/primes.tex","ACCEPTED","OLP-0220","PASS_STATIC_SEMANTIC_PAIRED_DIRECT_FILE_REPLAY_BUILD_DEFERRED_FOR_DEPENDENCY_CLOSURE"
"OLP-0220","220","9620cc73f9c8e0ad003c514a5d3748f29611c4c0","content/computability/recursive-functions/sequences.tex","8199DDCF003B44E0E6D5A050D32DDBB13322D6A62BFE998B075C493D8A905DEE","codex/openlogic-ar","locale/ar/content/computability/recursive-functions/sequences.tex","ACCEPTED","codex/openlogic-fa-ir","locale/fa-IR/content/computability/recursive-functions/sequences.tex","ACCEPTED","OLP-0221","PASS_STATIC_SEMANTIC_PAIRED_DIRECT_FILE_REPLAY_BUILD_DEFERRED_FOR_DEPENDENCY_CLOSURE"
"OLP-0221","221","9620cc73f9c8e0ad003c514a5d3748f29611c4c0","content/computability/recursive-functions/trees.tex","894B0C7ADC8DCD90F8DCF342C07F0A1255861174F73B004C1FCD56C90B314D3A","codex/openlogic-ar","locale/ar/content/computability/recursive-functions/trees.tex","ACCEPTED","codex/openlogic-fa-ir","locale/fa-IR/content/computability/recursive-functions/trees.tex","ACCEPTED","OLP-0222","PASS_STATIC_SEMANTIC_PAIRED_DIRECT_FILE_REPLAY_BUILD_DEFERRED_FOR_DEPENDENCY_CLOSURE"
"OLP-0222","222","9620cc73f9c8e0ad003c514a5d3748f29611c4c0","content/computability/recursive-functions/other-recursions.tex","F3E558032C6F1E11BFE8710653A5A544AB28A3344E14B0606EFB8D8C42F5942E","codex/openlogic-ar","locale/ar/content/computability/recursive-functions/other-recursions.tex","ACCEPTED","codex/openlogic-fa-ir","locale/fa-IR/content/computability/recursive-functions/other-recursions.tex","ACCEPTED","OLP-0223","PASS_STATIC_SEMANTIC_PAIRED_DIRECT_FILE_REPLAY_BUILD_DEFERRED_FOR_DEPENDENCY_CLOSURE"
"OLP-0223","223","9620cc73f9c8e0ad003c514a5d3748f29611c4c0","content/computability/recursive-functions/non-pr-functions.tex","78D19B1607382B6E44C4C225C853B34634E4342B5998E3857BE2360CB5F6D8D2","codex/openlogic-ar","locale/ar/content/computability/recursive-functions/non-pr-functions.tex","ACCEPTED","codex/openlogic-fa-ir","locale/fa-IR/content/computability/recursive-functions/non-pr-functions.tex","ACCEPTED","OLP-0224","PASS_STATIC_SEMANTIC_PAIRED_DIRECT_FILE_REPLAY_BUILD_DEFERRED_FOR_DEPENDENCY_CLOSURE"
"OLP-0224","224","9620cc73f9c8e0ad003c514a5d3748f29611c4c0","content/computability/recursive-functions/partial-functions.tex","8BC40AD81D6D9DF66DFCFD82B0A8BA732528AB0FA870D2706A7A80B89CAA6A7C","codex/openlogic-ar","locale/ar/content/computability/recursive-functions/partial-functions.tex","ACCEPTED","codex/openlogic-fa-ir","locale/fa-IR/content/computability/recursive-functions/partial-functions.tex","ACCEPTED","OLP-0225","PASS_STATIC_SEMANTIC_PAIRED_DIRECT_FILE_REPLAY_BUILD_DEFERRED_FOR_DEPENDENCY_CLOSURE"
"OLP-0225","225","9620cc73f9c8e0ad003c514a5d3748f29611c4c0","content/computability/recursive-functions/normal-form.tex","BCAADBCFECE9D45963AC5E9E66176EFECC7D014ABA49C3924522E14C2F6058B2","codex/openlogic-ar","locale/ar/content/computability/recursive-functions/normal-form.tex","ACCEPTED","codex/openlogic-fa-ir","locale/fa-IR/content/computability/recursive-functions/normal-form.tex","ACCEPTED","OLP-0226","PASS_STATIC_SEMANTIC_PAIRED_DIRECT_FILE_REPLAY_BUILD_DEFERRED_FOR_DEPENDENCY_CLOSURE"
"OLP-0226","226","9620cc73f9c8e0ad003c514a5d3748f29611c4c0","content/computability/recursive-functions/halting-problem.tex","45EC5638665A104724A6591813603A2162182FFEDEF2288F210E4C99EB035D00","codex/openlogic-ar","locale/ar/content/computability/recursive-functions/halting-problem.tex","ACCEPTED","codex/openlogic-fa-ir","locale/fa-IR/content/computability/recursive-functions/halting-problem.tex","ACCEPTED","OLP-0227","PASS_STATIC_SEMANTIC_PAIRED_DIRECT_FILE_REPLAY_BUILD_DEFERRED_FOR_DEPENDENCY_CLOSURE"
"OLP-0227","227","9620cc73f9c8e0ad003c514a5d3748f29611c4c0","content/computability/recursive-functions/general-recursive-functions.tex","EC031B368A8B22F20144E845280E876EF9012CB3BFA524C01785D423519FEAEE","codex/openlogic-ar","locale/ar/content/computability/recursive-functions/general-recursive-functions.tex","ACCEPTED","codex/openlogic-fa-ir","locale/fa-IR/content/computability/recursive-functions/general-recursive-functions.tex","ACCEPTED","OLP-0228","PASS_STATIC_SEMANTIC_PAIRED_DIRECT_FILE_REPLAY_BUILD_DEFERRED_FOR_DEPENDENCY_CLOSURE"
"OLP-0228","228","9620cc73f9c8e0ad003c514a5d3748f29611c4c0","content/computability/computability-theory/computability-theory.tex","455935EBA9C7E9C84DFBAC734F6D7D99C9E1D1D29E1BFEC82DF6A04AF662F376","codex/openlogic-ar","locale/ar/content/computability/computability-theory/computability-theory.tex","ACCEPTED","codex/openlogic-fa-ir","locale/fa-IR/content/computability/computability-theory/computability-theory.tex","ACCEPTED","OLP-0229","PASS_STATIC_SEMANTIC_PAIRED_DIRECT_FILE_REPLAY_BUILD_DEFERRED_FOR_DEPENDENCY_CLOSURE"
"OLP-0229","229","9620cc73f9c8e0ad003c514a5d3748f29611c4c0","content/computability/computability-theory/introduction.tex","C3419C9D239782B621F14AAE61FDE98A1ECAA1A8E146D8D042D87476CD826107","codex/openlogic-ar","locale/ar/content/computability/computability-theory/introduction.tex","ACCEPTED","codex/openlogic-fa-ir","locale/fa-IR/content/computability/computability-theory/introduction.tex","ACCEPTED","OLP-0230","PASS_STATIC_SEMANTIC_PAIRED_DIRECT_FILE_REPLAY_BUILD_DEFERRED_FOR_DEPENDENCY_CLOSURE"
"OLP-0230","230","9620cc73f9c8e0ad003c514a5d3748f29611c4c0","content/computability/computability-theory/coding-computations.tex","A7F410FC4DF20DC8A33E389D77FEF080BC442C898F66FC6C7F2B416563AAC620","codex/openlogic-ar","locale/ar/content/computability/computability-theory/coding-computations.tex","ACCEPTED","codex/openlogic-fa-ir","locale/fa-IR/content/computability/computability-theory/coding-computations.tex","ACCEPTED","OLP-0231","PASS_STATIC_SEMANTIC_PAIRED_DIRECT_FILE_REPLAY_BUILD_DEFERRED_FOR_DEPENDENCY_CLOSURE"
"OLP-0231","231","9620cc73f9c8e0ad003c514a5d3748f29611c4c0","content/computability/computability-theory/normal-form.tex","275B05D5A1731214DDEC611571A58C1A0D1587409AE68462852E3CB253A800DC","codex/openlogic-ar","locale/ar/content/computability/computability-theory/normal-form.tex","ACCEPTED","codex/openlogic-fa-ir","locale/fa-IR/content/computability/computability-theory/normal-form.tex","ACCEPTED","OLP-0232","PASS_STATIC_SEMANTIC_PAIRED_DIRECT_FILE_REPLAY_BUILD_DEFERRED_FOR_DEPENDENCY_CLOSURE"
"OLP-0232","232","9620cc73f9c8e0ad003c514a5d3748f29611c4c0","content/computability/computability-theory/s-m-n.tex","4A1C61FD8F0426B389B529EE9052FCAB5D28E67895F48A95572804C92FEC995C","codex/openlogic-ar","locale/ar/content/computability/computability-theory/s-m-n.tex","ACCEPTED","codex/openlogic-fa-ir","locale/fa-IR/content/computability/computability-theory/s-m-n.tex","ACCEPTED","OLP-0233","PASS_STATIC_SEMANTIC_PAIRED_DIRECT_FILE_REPLAY_BUILD_DEFERRED_FOR_DEPENDENCY_CLOSURE"
"OLP-0233","233","9620cc73f9c8e0ad003c514a5d3748f29611c4c0","content/computability/computability-theory/universal-part-function.tex","AD8A25C4B89EFB3FB744AC5E31EB93E36E89AC7890F892A30DD0CA5886DF9EC4","codex/openlogic-ar","locale/ar/content/computability/computability-theory/universal-part-function.tex","ACCEPTED","codex/openlogic-fa-ir","locale/fa-IR/content/computability/computability-theory/universal-part-function.tex","ACCEPTED","OLP-0234","PASS_STATIC_SEMANTIC_PAIRED_DIRECT_FILE_REPLAY_BUILD_DEFERRED_FOR_DEPENDENCY_CLOSURE"
"OLP-0234","234","9620cc73f9c8e0ad003c514a5d3748f29611c4c0","content/computability/computability-theory/no-universal-function.tex","21CDBC8E03343AED5B966AA8DF3CB1670E06FF46BC95D6F70A25A45D68EDB8C0","codex/openlogic-ar","locale/ar/content/computability/computability-theory/no-universal-function.tex","ACCEPTED","codex/openlogic-fa-ir","locale/fa-IR/content/computability/computability-theory/no-universal-function.tex","ACCEPTED","OLP-0235","PASS_STATIC_SEMANTIC_PAIRED_DIRECT_FILE_REPLAY_BUILD_DEFERRED_FOR_DEPENDENCY_CLOSURE"
"OLP-0235","235","9620cc73f9c8e0ad003c514a5d3748f29611c4c0","content/computability/computability-theory/halting-problem.tex","07A2761BE56B61FDF53A8059C14CCC93F9E10E467834F49086BF1033B3325DA2","codex/openlogic-ar","locale/ar/content/computability/computability-theory/halting-problem.tex","ACCEPTED","codex/openlogic-fa-ir","locale/fa-IR/content/computability/computability-theory/halting-problem.tex","ACCEPTED","OLP-0236","PASS_STATIC_SEMANTIC_PAIRED_DIRECT_FILE_REPLAY_BUILD_DEFERRED_FOR_DEPENDENCY_CLOSURE"
"OLP-0236","236","9620cc73f9c8e0ad003c514a5d3748f29611c4c0","content/computability/computability-theory/russells-paradox.tex","8CDF210D5F1554D2C000429A6D18AD27EE2E81A264A1B66530BA061C7EB66D07","codex/openlogic-ar","locale/ar/content/computability/computability-theory/russells-paradox.tex","ACCEPTED","codex/openlogic-fa-ir","locale/fa-IR/content/computability/computability-theory/russells-paradox.tex","ACCEPTED","OLP-0237","PASS_STATIC_SEMANTIC_PAIRED_DIRECT_FILE_REPLAY_BUILD_DEFERRED_FOR_DEPENDENCY_CLOSURE"
"OLP-0237","237","9620cc73f9c8e0ad003c514a5d3748f29611c4c0","content/computability/computability-theory/computable-sets.tex","F5F564AF892EAEE08204F6B878E7172FA49BC45F8429FD5B91F1521FD116F222","codex/openlogic-ar","locale/ar/content/computability/computability-theory/computable-sets.tex","ACCEPTED","codex/openlogic-fa-ir","locale/fa-IR/content/computability/computability-theory/computable-sets.tex","ACCEPTED","OLP-0238","PASS_STATIC_SEMANTIC_PAIRED_DIRECT_FILE_REPLAY_BUILD_DEFERRED_FOR_DEPENDENCY_CLOSURE"
"OLP-0238","238","9620cc73f9c8e0ad003c514a5d3748f29611c4c0","content/computability/computability-theory/ce-sets.tex","B738F332001DAB70A842378F9EBCDD3C81F81A37D40093E9C3A12D724220031F","codex/openlogic-ar","locale/ar/content/computability/computability-theory/ce-sets.tex","ACCEPTED","codex/openlogic-fa-ir","locale/fa-IR/content/computability/computability-theory/ce-sets.tex","ACCEPTED","OLP-0239","PASS_STATIC_SEMANTIC_PAIRED_DIRECT_FILE_REPLAY_BUILD_DEFERRED_FOR_DEPENDENCY_CLOSURE"
"OLP-0239","239","9620cc73f9c8e0ad003c514a5d3748f29611c4c0","content/computability/computability-theory/equiv-ce-defs.tex","A195B2F0B2D78A5121D2C5993E5B7C31B493AA02D4F8103804F1F6780E1DBB30","codex/openlogic-ar","locale/ar/content/computability/computability-theory/equiv-ce-defs.tex","ACCEPTED","codex/openlogic-fa-ir","locale/fa-IR/content/computability/computability-theory/equiv-ce-defs.tex","ACCEPTED","OLP-0240","PASS_STATIC_SEMANTIC_PAIRED_DIRECT_FILE_REPLAY_BUILD_DEFERRED_FOR_DEPENDENCY_CLOSURE"
"OLP-0240","240","9620cc73f9c8e0ad003c514a5d3748f29611c4c0","content/computability/computability-theory/non-comp-set.tex","EA2588E217E3DF5956DB0C8ABD7CFBD46DDE8FFEEC2CC585354B43FEF11BDED2","codex/openlogic-ar","locale/ar/content/computability/computability-theory/non-comp-set.tex","ACCEPTED","codex/openlogic-fa-ir","locale/fa-IR/content/computability/computability-theory/non-comp-set.tex","ACCEPTED","OLP-0241","PASS_STATIC_SEMANTIC_PAIRED_DIRECT_FILE_REPLAY_BUILD_DEFERRED_FOR_DEPENDENCY_CLOSURE"
"OLP-0241","241","9620cc73f9c8e0ad003c514a5d3748f29611c4c0","content/computability/computability-theory/ce-closed-cup-cap.tex","6B5A606958985B35543AB2967D419A1894EA7BB37138594BE5A8EBF997D75094","codex/openlogic-ar","locale/ar/content/computability/computability-theory/ce-closed-cup-cap.tex","ACCEPTED","codex/openlogic-fa-ir","locale/fa-IR/content/computability/computability-theory/ce-closed-cup-cap.tex","ACCEPTED","OLP-0242","PASS_STATIC_SEMANTIC_PAIRED_DIRECT_FILE_REPLAY_BUILD_DEFERRED_FOR_DEPENDENCY_CLOSURE"
"OLP-0242","242","9620cc73f9c8e0ad003c514a5d3748f29611c4c0","content/computability/computability-theory/complement-ce.tex","AE7FDDD59FCA662C90BB7E23A2AF725A90DC7D9D95821EB3A55550F3F6B649D9","codex/openlogic-ar","locale/ar/content/computability/computability-theory/complement-ce.tex","ACCEPTED","codex/openlogic-fa-ir","locale/fa-IR/content/computability/computability-theory/complement-ce.tex","ACCEPTED","OLP-0243","PASS_STATIC_SEMANTIC_PAIRED_DIRECT_FILE_REPLAY_BUILD_DEFERRED_FOR_DEPENDENCY_CLOSURE"
"OLP-0243","243","9620cc73f9c8e0ad003c514a5d3748f29611c4c0","content/computability/computability-theory/reducibility.tex","9F392186D01BAEC03BD0C6CAD875C8FC66231174DDB294C4A9A014C590F8CE22","codex/openlogic-ar","locale/ar/content/computability/computability-theory/reducibility.tex","ACCEPTED","codex/openlogic-fa-ir","locale/fa-IR/content/computability/computability-theory/reducibility.tex","ACCEPTED","OLP-0244","PASS_STATIC_SEMANTIC_PAIRED_DIRECT_FILE_REPLAY_BUILD_DEFERRED_FOR_DEPENDENCY_CLOSURE"
"OLP-0244","244","9620cc73f9c8e0ad003c514a5d3748f29611c4c0","content/computability/computability-theory/prop-reduce.tex","ABA1C5594C0C29E062F0D40BD85948F4977A962CBDAD14F492BC19B36E51504D","codex/openlogic-ar","locale/ar/content/computability/computability-theory/prop-reduce.tex","ACCEPTED","codex/openlogic-fa-ir","locale/fa-IR/content/computability/computability-theory/prop-reduce.tex","ACCEPTED","OLP-0245","PASS_STATIC_SEMANTIC_PAIRED_DIRECT_FILE_REPLAY_BUILD_DEFERRED_FOR_DEPENDENCY_CLOSURE"
"OLP-0245","245","9620cc73f9c8e0ad003c514a5d3748f29611c4c0","content/computability/computability-theory/complete-ce-sets.tex","F2B3D831482A977FE0D186EED0E916F4EFA52C2AEB2CD828E29A1D012BB0C377","codex/openlogic-ar","locale/ar/content/computability/computability-theory/complete-ce-sets.tex","ACCEPTED","codex/openlogic-fa-ir","locale/fa-IR/content/computability/computability-theory/complete-ce-sets.tex","ACCEPTED","OLP-0246","PASS_STATIC_SEMANTIC_PAIRED_DIRECT_FILE_REPLAY_BUILD_DEFERRED_FOR_DEPENDENCY_CLOSURE"
"OLP-0246","246","9620cc73f9c8e0ad003c514a5d3748f29611c4c0","content/computability/computability-theory/k-1.tex","553B765FD06BAE91196DFD6A9404614F0B5C687D77D6EEBF53205B30CBA3CE2D","codex/openlogic-ar","locale/ar/content/computability/computability-theory/k-1.tex","ACCEPTED","codex/openlogic-fa-ir","locale/fa-IR/content/computability/computability-theory/k-1.tex","ACCEPTED","OLP-0247","PASS_STATIC_SEMANTIC_PAIRED_DIRECT_FILE_REPLAY_BUILD_DEFERRED_FOR_DEPENDENCY_CLOSURE"
"OLP-0247","247","9620cc73f9c8e0ad003c514a5d3748f29611c4c0","content/computability/computability-theory/total.tex","D165286D41A2D24092135479B2FB302B460176EC3E7370375E4A88A7C2B74228","codex/openlogic-ar","locale/ar/content/computability/computability-theory/total.tex","ACCEPTED","codex/openlogic-fa-ir","locale/fa-IR/content/computability/computability-theory/total.tex","ACCEPTED","OLP-0248","PASS_STATIC_SEMANTIC_PAIRED_DIRECT_FILE_REPLAY_BUILD_DEFERRED_FOR_DEPENDENCY_CLOSURE"
"OLP-0248","248","9620cc73f9c8e0ad003c514a5d3748f29611c4c0","content/computability/computability-theory/rice-theorem.tex","83B47DEF0C2B096E1A19487C7DF09CD43E330933E58848EFA68D431B606902D4","codex/openlogic-ar","locale/ar/content/computability/computability-theory/rice-theorem.tex","ACCEPTED","codex/openlogic-fa-ir","locale/fa-IR/content/computability/computability-theory/rice-theorem.tex","ACCEPTED","OLP-0249","PASS_STATIC_SEMANTIC_PAIRED_DIRECT_FILE_REPLAY_BUILD_DEFERRED_FOR_DEPENDENCY_CLOSURE"
"OLP-0249","249","9620cc73f9c8e0ad003c514a5d3748f29611c4c0","content/computability/computability-theory/fixed-point-thm.tex","FBA78FDF1ABFE96F69E5623EC0CFE75430B5E139D19FCB9E22484BB8DAE38820","codex/openlogic-ar","locale/ar/content/computability/computability-theory/fixed-point-thm.tex","ACCEPTED","codex/openlogic-fa-ir","locale/fa-IR/content/computability/computability-theory/fixed-point-thm.tex","ACCEPTED","OLP-0250","PASS_STATIC_SEMANTIC_PAIRED_DIRECT_FILE_REPLAY_BUILD_DEFERRED_FOR_DEPENDENCY_CLOSURE"
"OLP-0250","250","9620cc73f9c8e0ad003c514a5d3748f29611c4c0","content/computability/computability-theory/application-fixed-point.tex","864D0413932DE8279B535E9AA047420DD88A8E7F86BA3CAA338AC11429DFBA47","codex/openlogic-ar","locale/ar/content/computability/computability-theory/application-fixed-point.tex","ACCEPTED","codex/openlogic-fa-ir","locale/fa-IR/content/computability/computability-theory/application-fixed-point.tex","ACCEPTED","OLP-0251","PASS_STATIC_SEMANTIC_PAIRED_DIRECT_FILE_REPLAY_BUILD_DEFERRED_FOR_DEPENDENCY_CLOSURE"
"OLP-0251","251","9620cc73f9c8e0ad003c514a5d3748f29611c4c0","content/computability/computability-theory/def-functions-self-reference.tex","66F68FD888FBE9CD4E10F42A9943ADD43582BD0246E7C9C5F97EE151E9E85581","codex/openlogic-ar","locale/ar/content/computability/computability-theory/def-functions-self-reference.tex","ACCEPTED","codex/openlogic-fa-ir","locale/fa-IR/content/computability/computability-theory/def-functions-self-reference.tex","ACCEPTED","OLP-0252","PASS_STATIC_SEMANTIC_PAIRED_DIRECT_FILE_REPLAY_BUILD_DEFERRED_FOR_DEPENDENCY_CLOSURE"
"OLP-0252","252","9620cc73f9c8e0ad003c514a5d3748f29611c4c0","content/turing-machines/turing-machines.tex","8D2065D41CB0656E23A4E6ED368C115A62C5120FC297110DAB109CECDCCEAC6D","codex/openlogic-ar","locale/ar/content/turing-machines/turing-machines.tex","ACCEPTED","codex/openlogic-fa-ir","locale/fa-IR/content/turing-machines/turing-machines.tex","ACCEPTED","OLP-0253","PASS_STATIC_SEMANTIC_PAIRED_DIRECT_FILE_REPLAY_BUILD_DEFERRED_FOR_DEPENDENCY_CLOSURE"
"OLP-0253","253","9620cc73f9c8e0ad003c514a5d3748f29611c4c0","content/turing-machines/machines-computations/machines-computations.tex","B045DB3918D73862A4C1456EB26C3D25EC32D6BD65489EEDCAA9BD215BCC3EBC","codex/openlogic-ar","locale/ar/content/turing-machines/machines-computations/machines-computations.tex","ACCEPTED","codex/openlogic-fa-ir","locale/fa-IR/content/turing-machines/machines-computations/machines-computations.tex","ACCEPTED","OLP-0254","PASS_STATIC_SEMANTIC_PAIRED_DIRECT_FILE_REPLAY_BUILD_DEFERRED_FOR_DEPENDENCY_CLOSURE"
"OLP-0254","254","9620cc73f9c8e0ad003c514a5d3748f29611c4c0","content/turing-machines/machines-computations/introduction.tex","D6EFD543CF956DAC110B52D74254A61125FBE1B8866996DA524D81FA8C4EDA2F","codex/openlogic-ar","locale/ar/content/turing-machines/machines-computations/introduction.tex","ACCEPTED","codex/openlogic-fa-ir","locale/fa-IR/content/turing-machines/machines-computations/introduction.tex","ACCEPTED","OLP-0255","PASS_STATIC_SEMANTIC_PAIRED_DIRECT_FILE_REPLAY_BUILD_DEFERRED_FOR_DEPENDENCY_CLOSURE"
"OLP-0255","255","9620cc73f9c8e0ad003c514a5d3748f29611c4c0","content/turing-machines/machines-computations/representing-tms.tex","E38CB6C2FA1059639FE3C8EBD00400A185526A9B17A2DD5DD4B1E9DA0A927FA4","codex/openlogic-ar","locale/ar/content/turing-machines/machines-computations/representing-tms.tex","ACCEPTED","codex/openlogic-fa-ir","locale/fa-IR/content/turing-machines/machines-computations/representing-tms.tex","ACCEPTED","OLP-0256","PASS_STATIC_SEMANTIC_PAIRED_DIRECT_FILE_REPLAY_BUILD_DEFERRED_FOR_DEPENDENCY_CLOSURE"
"OLP-0256","256","9620cc73f9c8e0ad003c514a5d3748f29611c4c0","content/turing-machines/machines-computations/turing-machines.tex","7473C589E778E78E06486E8F7425C36B7D5A966124CCB562198AB94271CEE23D","codex/openlogic-ar","locale/ar/content/turing-machines/machines-computations/turing-machines.tex","ACCEPTED","codex/openlogic-fa-ir","locale/fa-IR/content/turing-machines/machines-computations/turing-machines.tex","ACCEPTED","OLP-0257","PASS_STATIC_SEMANTIC_PAIRED_DIRECT_FILE_REPLAY_BUILD_DEFERRED_FOR_DEPENDENCY_CLOSURE"
"OLP-0257","257","9620cc73f9c8e0ad003c514a5d3748f29611c4c0","content/turing-machines/machines-computations/configuration.tex","FAB65B4F55E6BCF68CB56E54CF467FB53D36190707F3D0366011FF1B6DDA2AAD","codex/openlogic-ar","locale/ar/content/turing-machines/machines-computations/configuration.tex","ACCEPTED","codex/openlogic-fa-ir","locale/fa-IR/content/turing-machines/machines-computations/configuration.tex","ACCEPTED","OLP-0258","PASS_STATIC_SEMANTIC_PAIRED_DIRECT_FILE_REPLAY_BUILD_DEFERRED_FOR_DEPENDENCY_CLOSURE"
"OLP-0258","258","9620cc73f9c8e0ad003c514a5d3748f29611c4c0","content/turing-machines/machines-computations/unary-numbers.tex","409632297A69260D6B40F8831F3BD2A61F8254684E5BEDF952B57088F393D4D0","codex/openlogic-ar","locale/ar/content/turing-machines/machines-computations/unary-numbers.tex","ACCEPTED","codex/openlogic-fa-ir","locale/fa-IR/content/turing-machines/machines-computations/unary-numbers.tex","ACCEPTED","OLP-0259","PASS_STATIC_SEMANTIC_PAIRED_DIRECT_FILE_REPLAY_BUILD_DEFERRED_FOR_DEPENDENCY_CLOSURE"
"OLP-0259","259","9620cc73f9c8e0ad003c514a5d3748f29611c4c0","content/turing-machines/machines-computations/halting-states.tex","C7078C4E10055C1C7C8643E40C1CC75A772AD1EBCE9F2C26CFAE36EE66647FF0","codex/openlogic-ar","locale/ar/content/turing-machines/machines-computations/halting-states.tex","ACCEPTED","codex/openlogic-fa-ir","locale/fa-IR/content/turing-machines/machines-computations/halting-states.tex","ACCEPTED","OLP-0260","PASS_STATIC_SEMANTIC_PAIRED_DIRECT_FILE_REPLAY_BUILD_DEFERRED_FOR_DEPENDENCY_CLOSURE"
"OLP-0260","260","9620cc73f9c8e0ad003c514a5d3748f29611c4c0","content/turing-machines/machines-computations/disciplined-machines.tex","A58BE19FE04F48AA1E0941F4C9A3F59FC6E5AE7673E96987062CDA5DCCCF6A0F","codex/openlogic-ar","locale/ar/content/turing-machines/machines-computations/disciplined-machines.tex","ACCEPTED","codex/openlogic-fa-ir","locale/fa-IR/content/turing-machines/machines-computations/disciplined-machines.tex","ACCEPTED","OLP-0261","PASS_STATIC_SEMANTIC_PAIRED_DIRECT_FILE_REPLAY_BUILD_DEFERRED_FOR_DEPENDENCY_CLOSURE"
"OLP-0261","261","9620cc73f9c8e0ad003c514a5d3748f29611c4c0","content/turing-machines/machines-computations/combining-machines.tex","A76BB5AA1ED05FFECB0F7A120F2077099C74C009E36B09792505E8C274B8D541","codex/openlogic-ar","locale/ar/content/turing-machines/machines-computations/combining-machines.tex","ACCEPTED","codex/openlogic-fa-ir","locale/fa-IR/content/turing-machines/machines-computations/combining-machines.tex","ACCEPTED","OLP-0262","PASS_STATIC_SEMANTIC_PAIRED_DIRECT_FILE_REPLAY_BUILD_DEFERRED_FOR_DEPENDENCY_CLOSURE"
"OLP-0262","262","9620cc73f9c8e0ad003c514a5d3748f29611c4c0","content/turing-machines/machines-computations/variants.tex","D841E98805432884D2BA3C6F7A18AB1F24A9486EDC6219F5E77C74040F3BAE1E","codex/openlogic-ar","locale/ar/content/turing-machines/machines-computations/variants.tex","ACCEPTED","codex/openlogic-fa-ir","locale/fa-IR/content/turing-machines/machines-computations/variants.tex","ACCEPTED","OLP-0263","PASS_STATIC_SEMANTIC_PAIRED_DIRECT_FILE_REPLAY_BUILD_DEFERRED_FOR_DEPENDENCY_CLOSURE"
"OLP-0263","263","9620cc73f9c8e0ad003c514a5d3748f29611c4c0","content/turing-machines/machines-computations/church-turing-thesis.tex","68DF389E68CC00534436F8DFFE8B5E68F8D3D8E50861C9C5DFF18DDC2735949F","codex/openlogic-ar","locale/ar/content/turing-machines/machines-computations/church-turing-thesis.tex","ACCEPTED","codex/openlogic-fa-ir","locale/fa-IR/content/turing-machines/machines-computations/church-turing-thesis.tex","ACCEPTED","OLP-0264","PASS_STATIC_SEMANTIC_PAIRED_DIRECT_FILE_REPLAY_BUILD_DEFERRED_FOR_DEPENDENCY_CLOSURE"
"OLP-0264","264","9620cc73f9c8e0ad003c514a5d3748f29611c4c0","content/turing-machines/undecidability/undecidability.tex","3FCF08F0D93542D0041E99065BFBAA88437E9E2CB3644F2491A5AA9C408E2C2D","codex/openlogic-ar","locale/ar/content/turing-machines/undecidability/undecidability.tex","ACCEPTED","codex/openlogic-fa-ir","locale/fa-IR/content/turing-machines/undecidability/undecidability.tex","ACCEPTED","OLP-0265","PASS_STATIC_SEMANTIC_PAIRED_DIRECT_FILE_REPLAY_BUILD_DEFERRED_FOR_DEPENDENCY_CLOSURE"
"OLP-0265","265","9620cc73f9c8e0ad003c514a5d3748f29611c4c0","content/turing-machines/undecidability/introduction.tex","885378C9749D0AB5D13CA636DBDBA7231490877F9F4052F7F46FDA11B36DDCCA","codex/openlogic-ar","locale/ar/content/turing-machines/undecidability/introduction.tex","ACCEPTED","codex/openlogic-fa-ir","locale/fa-IR/content/turing-machines/undecidability/introduction.tex","ACCEPTED","OLP-0266","PASS_STATIC_SEMANTIC_PAIRED_DIRECT_FILE_REPLAY_BUILD_DEFERRED_FOR_DEPENDENCY_CLOSURE"
"OLP-0266","266","9620cc73f9c8e0ad003c514a5d3748f29611c4c0","content/turing-machines/undecidability/enumerating-tms.tex","A921BB03BF1688C6C0EE1BB3297DBB8A1A7473A9C1572426C461BAFD98B083CB","codex/openlogic-ar","locale/ar/content/turing-machines/undecidability/enumerating-tms.tex","ACCEPTED","codex/openlogic-fa-ir","locale/fa-IR/content/turing-machines/undecidability/enumerating-tms.tex","ACCEPTED","OLP-0267","PASS_STATIC_SEMANTIC_PAIRED_DIRECT_FILE_REPLAY_BUILD_DEFERRED_FOR_DEPENDENCY_CLOSURE"
"OLP-0267","267","9620cc73f9c8e0ad003c514a5d3748f29611c4c0","content/turing-machines/undecidability/universal-tm.tex","F81D764047FDD2677EA371A5999C80B960CB2BB8F7EAE8E51E28DD3AC73EE993","codex/openlogic-ar","locale/ar/content/turing-machines/undecidability/universal-tm.tex","ACCEPTED","codex/openlogic-fa-ir","locale/fa-IR/content/turing-machines/undecidability/universal-tm.tex","ACCEPTED","OLP-0268","PASS_STATIC_SEMANTIC_PAIRED_DIRECT_FILE_REPLAY_BUILD_DEFERRED_FOR_DEPENDENCY_CLOSURE"
"OLP-0268","268","9620cc73f9c8e0ad003c514a5d3748f29611c4c0","content/turing-machines/undecidability/halting-problem.tex","F3EE453093E0F15AC6191D22345E7111E7533DDB3F004CCC1847A3B8D917A503","codex/openlogic-ar","locale/ar/content/turing-machines/undecidability/halting-problem.tex","ACCEPTED","codex/openlogic-fa-ir","locale/fa-IR/content/turing-machines/undecidability/halting-problem.tex","ACCEPTED","OLP-0269","PASS_STATIC_SEMANTIC_PAIRED_DIRECT_FILE_REPLAY_BUILD_DEFERRED_FOR_DEPENDENCY_CLOSURE"
"OLP-0269","269","9620cc73f9c8e0ad003c514a5d3748f29611c4c0","content/turing-machines/undecidability/decision-problem.tex","A94894E96E999458516410AD338A313876750A7DDEB798F7A1AD125E7F1B7B47","codex/openlogic-ar","locale/ar/content/turing-machines/undecidability/decision-problem.tex","ACCEPTED","codex/openlogic-fa-ir","locale/fa-IR/content/turing-machines/undecidability/decision-problem.tex","ACCEPTED","OLP-0270","PASS_STATIC_SEMANTIC_PAIRED_DIRECT_FILE_REPLAY_BUILD_DEFERRED_FOR_DEPENDENCY_CLOSURE"
"OLP-0270","270","9620cc73f9c8e0ad003c514a5d3748f29611c4c0","content/turing-machines/undecidability/representing-tms.tex","E27AA694148CAD6FA6AD74CD0326A4330B4E250068CA0455F8329BE697BDE72D","codex/openlogic-ar","locale/ar/content/turing-machines/undecidability/representing-tms.tex","ACCEPTED","codex/openlogic-fa-ir","locale/fa-IR/content/turing-machines/undecidability/representing-tms.tex","ACCEPTED","OLP-0271","PASS_STATIC_SEMANTIC_PAIRED_DIRECT_FILE_REPLAY_BUILD_DEFERRED_FOR_DEPENDENCY_CLOSURE"
"OLP-0271","271","9620cc73f9c8e0ad003c514a5d3748f29611c4c0","content/turing-machines/undecidability/verification.tex","05B5A11A1AAC078E442C710F0D29815833F684B0A40140A1705DCA43CBD65351","codex/openlogic-ar","locale/ar/content/turing-machines/undecidability/verification.tex","ACCEPTED","codex/openlogic-fa-ir","locale/fa-IR/content/turing-machines/undecidability/verification.tex","ACCEPTED","OLP-0272","PASS_STATIC_SEMANTIC_PAIRED_DIRECT_FILE_REPLAY_BUILD_DEFERRED_FOR_DEPENDENCY_CLOSURE"
"OLP-0272","272","9620cc73f9c8e0ad003c514a5d3748f29611c4c0","content/turing-machines/undecidability/unsolvability-decision-problem.tex","01FB69DBCC361212F2113D13554260F268D1CDBA68A9BED0D7E9B8ABD66F169B","codex/openlogic-ar","locale/ar/content/turing-machines/undecidability/unsolvability-decision-problem.tex","ACCEPTED","codex/openlogic-fa-ir","locale/fa-IR/content/turing-machines/undecidability/unsolvability-decision-problem.tex","ACCEPTED","OLP-0273","PASS_STATIC_SEMANTIC_PAIRED_DIRECT_FILE_REPLAY_BUILD_DEFERRED_FOR_DEPENDENCY_CLOSURE"
"OLP-0273","273","9620cc73f9c8e0ad003c514a5d3748f29611c4c0","content/turing-machines/undecidability/trakhtenbrot.tex","D0AB9328C29FAABBC06E98C43CD4610A497B45D84B86AC33FBDDD1ABAFAC7665","codex/openlogic-ar","locale/ar/content/turing-machines/undecidability/trakhtenbrot.tex","ACCEPTED","codex/openlogic-fa-ir","locale/fa-IR/content/turing-machines/undecidability/trakhtenbrot.tex","ACCEPTED","OLP-0274","PASS_STATIC_SEMANTIC_PAIRED_DIRECT_FILE_REPLAY_BUILD_DEFERRED_FOR_DEPENDENCY_CLOSURE"
"OLP-0274","274","9620cc73f9c8e0ad003c514a5d3748f29611c4c0","content/incompleteness/incompleteness.tex","A35DD35ED4DE8A64BA4BBE335C420D98148BAE58C83BF834D39B029DE1A7D1E2","codex/openlogic-ar","locale/ar/content/incompleteness/incompleteness.tex","ACCEPTED","codex/openlogic-fa-ir","locale/fa-IR/content/incompleteness/incompleteness.tex","ACCEPTED","OLP-0275","PASS_STATIC_SEMANTIC_PAIRED_DIRECT_FILE_REPLAY_BUILD_DEFERRED_FOR_DEPENDENCY_CLOSURE"
"OLP-0275","275","9620cc73f9c8e0ad003c514a5d3748f29611c4c0","content/incompleteness/introduction/introduction.tex","C9C0F8F07CF9DFBB54C0B074EE2947DF0A9C371077498432BEB51735A819E083","codex/openlogic-ar","locale/ar/content/incompleteness/introduction/introduction.tex","ACCEPTED","codex/openlogic-fa-ir","locale/fa-IR/content/incompleteness/introduction/introduction.tex","ACCEPTED","OLP-0276","PASS_STATIC_SEMANTIC_PAIRED_DIRECT_FILE_REPLAY_BUILD_DEFERRED_FOR_DEPENDENCY_CLOSURE"
"OLP-0276","276","9620cc73f9c8e0ad003c514a5d3748f29611c4c0","content/incompleteness/introduction/historical-background.tex","9BD497CDF8765E7DAC2BE200146BAF76F15E5809A840CBE35EE45C9E5D635CA3","codex/openlogic-ar","locale/ar/content/incompleteness/introduction/historical-background.tex","ACCEPTED","codex/openlogic-fa-ir","locale/fa-IR/content/incompleteness/introduction/historical-background.tex","ACCEPTED","OLP-0277","PASS_STATIC_SEMANTIC_PAIRED_DIRECT_FILE_REPLAY_BUILD_DEFERRED_FOR_DEPENDENCY_CLOSURE"
"OLP-0277","277","9620cc73f9c8e0ad003c514a5d3748f29611c4c0","content/incompleteness/introduction/definitions.tex","DEF29ECCA2555E477B8F2156BF8834DC08843FF774A10B4201895C9245A4B4DC","codex/openlogic-ar","locale/ar/content/incompleteness/introduction/definitions.tex","ACCEPTED","codex/openlogic-fa-ir","locale/fa-IR/content/incompleteness/introduction/definitions.tex","ACCEPTED","OLP-0278","PASS_STATIC_SEMANTIC_PAIRED_DIRECT_FILE_REPLAY_BUILD_DEFERRED_FOR_DEPENDENCY_CLOSURE"
"OLP-0278","278","9620cc73f9c8e0ad003c514a5d3748f29611c4c0","content/incompleteness/introduction/overview.tex","20ACD88351DC8056F6DFA8074D85C8D4D1EC3130D213F5CAE56D44BB40516875","codex/openlogic-ar","locale/ar/content/incompleteness/introduction/overview.tex","ACCEPTED","codex/openlogic-fa-ir","locale/fa-IR/content/incompleteness/introduction/overview.tex","ACCEPTED","OLP-0279","PASS_STATIC_SEMANTIC_PAIRED_DIRECT_FILE_REPLAY_BUILD_DEFERRED_FOR_DEPENDENCY_CLOSURE"
"OLP-0279","279","9620cc73f9c8e0ad003c514a5d3748f29611c4c0","content/incompleteness/introduction/undecidability.tex","5F2510480CD5F60FCFCC684DD91FB900E682C13ED3B52AEC44C22BB70397C4F8","codex/openlogic-ar","locale/ar/content/incompleteness/introduction/undecidability.tex","ACCEPTED","codex/openlogic-fa-ir","locale/fa-IR/content/incompleteness/introduction/undecidability.tex","ACCEPTED","OLP-0280","PASS_STATIC_SEMANTIC_PAIRED_DIRECT_FILE_REPLAY_BUILD_DEFERRED_FOR_DEPENDENCY_CLOSURE"
"OLP-0280","280","9620cc73f9c8e0ad003c514a5d3748f29611c4c0","content/incompleteness/arithmetization-syntax/arithmetization-syntax.tex","B2899FA7693D7E7DE3F8B3204062207BA2D69E2DF828D38B14004C0E7A2F69A9","codex/openlogic-ar","locale/ar/content/incompleteness/arithmetization-syntax/arithmetization-syntax.tex","ACCEPTED","codex/openlogic-fa-ir","locale/fa-IR/content/incompleteness/arithmetization-syntax/arithmetization-syntax.tex","ACCEPTED","OLP-0281","PASS_STATIC_SEMANTIC_PAIRED_DIRECT_FILE_REPLAY_BUILD_DEFERRED_FOR_DEPENDENCY_CLOSURE"
"OLP-0281","281","9620cc73f9c8e0ad003c514a5d3748f29611c4c0","content/incompleteness/arithmetization-syntax/introduction.tex","9C7AC4C192C2BCBF4EB61257C231C889DAD9F2C076EBCDB4E231B7EDEC489ACD","codex/openlogic-ar","locale/ar/content/incompleteness/arithmetization-syntax/introduction.tex","ACCEPTED","codex/openlogic-fa-ir","locale/fa-IR/content/incompleteness/arithmetization-syntax/introduction.tex","ACCEPTED","OLP-0282","PASS_STATIC_SEMANTIC_PAIRED_DIRECT_FILE_REPLAY_BUILD_DEFERRED_FOR_DEPENDENCY_CLOSURE"
"OLP-0282","282","9620cc73f9c8e0ad003c514a5d3748f29611c4c0","content/incompleteness/arithmetization-syntax/coding-symbols.tex","7336944EA3FA7B3D1B8B74F6EBF49FFFF81C8BAAFBAD35F279428A638872B6D3","codex/openlogic-ar","locale/ar/content/incompleteness/arithmetization-syntax/coding-symbols.tex","ACCEPTED","codex/openlogic-fa-ir","locale/fa-IR/content/incompleteness/arithmetization-syntax/coding-symbols.tex","ACCEPTED","OLP-0283","PASS_STATIC_SEMANTIC_PAIRED_DIRECT_FILE_REPLAY_BUILD_DEFERRED_FOR_DEPENDENCY_CLOSURE"
"OLP-0283","283","9620cc73f9c8e0ad003c514a5d3748f29611c4c0","content/incompleteness/arithmetization-syntax/coding-terms.tex","9B178E3CEEBB5293C82D56E355CA312AEC3BFE3BE553F09F7C23DF9119DC78B8","codex/openlogic-ar","locale/ar/content/incompleteness/arithmetization-syntax/coding-terms.tex","ACCEPTED","codex/openlogic-fa-ir","locale/fa-IR/content/incompleteness/arithmetization-syntax/coding-terms.tex","ACCEPTED","OLP-0284","PASS_STATIC_SEMANTIC_SOURCE_CARRIER_EXPANSION_MORPHOLOGY_PAIRED_DIRECT_FILE_REPLAY_BUILD_DEFERRED_FOR_DEPENDENCY_CLOSURE"
"OLP-0284","284","9620cc73f9c8e0ad003c514a5d3748f29611c4c0","content/incompleteness/arithmetization-syntax/coding-formulas.tex","4109B6C1085F27FF1E2410537F29CD688C22CC4446E3978572B7DD93B0CF32F3","codex/openlogic-ar","locale/ar/content/incompleteness/arithmetization-syntax/coding-formulas.tex","ACCEPTED","codex/openlogic-fa-ir","locale/fa-IR/content/incompleteness/arithmetization-syntax/coding-formulas.tex","ACCEPTED","OLP-0285","PASS_STATIC_SEMANTIC_SOURCE_CARRIER_EXPANSION_MORPHOLOGY_PAIRED_DIRECT_FILE_REPLAY_BUILD_DEFERRED_FOR_DEPENDENCY_CLOSURE"
"OLP-0285","285","9620cc73f9c8e0ad003c514a5d3748f29611c4c0","content/incompleteness/arithmetization-syntax/substitution.tex","BC67D981609236A40000A6A0A162CA22B3DE0ADE1A3B41911A7FC7089649E74A","codex/openlogic-ar","locale/ar/content/incompleteness/arithmetization-syntax/substitution.tex","ACCEPTED","codex/openlogic-fa-ir","locale/fa-IR/content/incompleteness/arithmetization-syntax/substitution.tex","ACCEPTED","OLP-0286","PASS_STATIC_SEMANTIC_SOURCE_CARRIER_EXPANSION_MORPHOLOGY_PAIRED_DIRECT_FILE_REPLAY_BUILD_DEFERRED_FOR_DEPENDENCY_CLOSURE"
"OLP-0286","286","9620cc73f9c8e0ad003c514a5d3748f29611c4c0","content/incompleteness/arithmetization-syntax/proofs-in-lk.tex","CFE9C7D281DFFC120412291224EE312054C74D3F5BCD677079DC81A5DC0378D7","codex/openlogic-ar","locale/ar/content/incompleteness/arithmetization-syntax/proofs-in-lk.tex","ACCEPTED","codex/openlogic-fa-ir","locale/fa-IR/content/incompleteness/arithmetization-syntax/proofs-in-lk.tex","ACCEPTED","OLP-0287","PASS_STATIC_SEMANTIC_SOURCE_CARRIER_EXPANSION_MORPHOLOGY_PAIRED_DIRECT_FILE_REPLAY_BUILD_DEFERRED_FOR_DEPENDENCY_CLOSURE"
"OLP-0287","287","9620cc73f9c8e0ad003c514a5d3748f29611c4c0","content/incompleteness/arithmetization-syntax/proofs-in-nd.tex","55474C8446CAECA99377485D8C57460C3A492300243BE06D64952F220FDD432F","codex/openlogic-ar","locale/ar/content/incompleteness/arithmetization-syntax/proofs-in-nd.tex","ACCEPTED","codex/openlogic-fa-ir","locale/fa-IR/content/incompleteness/arithmetization-syntax/proofs-in-nd.tex","ACCEPTED","OLP-0288","PASS_STATIC_SEMANTIC_SOURCE_CARRIER_EXPANSION_MORPHOLOGY_PAIRED_DIRECT_FILE_REPLAY_BUILD_DEFERRED_FOR_DEPENDENCY_CLOSURE"
"OLP-0288","288","9620cc73f9c8e0ad003c514a5d3748f29611c4c0","content/incompleteness/arithmetization-syntax/proofs-in-ax.tex","08E0DF4FDE4AC32DEE1672B4135F83E835033C845A64820692CE821EBCB1FB8E","codex/openlogic-ar","locale/ar/content/incompleteness/arithmetization-syntax/proofs-in-ax.tex","ACCEPTED","codex/openlogic-fa-ir","locale/fa-IR/content/incompleteness/arithmetization-syntax/proofs-in-ax.tex","ACCEPTED","OLP-0289","PASS_STATIC_SEMANTIC_SOURCE_CARRIER_EXPANSION_MORPHOLOGY_PAIRED_DIRECT_FILE_REPLAY_BUILD_DEFERRED_FOR_DEPENDENCY_CLOSURE"
"OLP-0289","289","9620cc73f9c8e0ad003c514a5d3748f29611c4c0","content/incompleteness/representability-in-q/representability-in-q.tex","59E2F7D0837E00F86A04179D0E67F19DBC25E15B2A11A6899E7EF42F87E3708C","codex/openlogic-ar","locale/ar/content/incompleteness/representability-in-q/representability-in-q.tex","ACCEPTED","codex/openlogic-fa-ir","locale/fa-IR/content/incompleteness/representability-in-q/representability-in-q.tex","ACCEPTED","OLP-0290","PASS_STATIC_SEMANTIC_SOURCE_CARRIER_EXPANSION_MORPHOLOGY_PAIRED_DIRECT_FILE_REPLAY_BUILD_DEFERRED_FOR_DEPENDENCY_CLOSURE"
"OLP-0290","290","9620cc73f9c8e0ad003c514a5d3748f29611c4c0","content/incompleteness/representability-in-q/introduction.tex","CDD4FFB67DCDEA1AC1ACA3664789F6A45A641BC81F85D26C98B770971FF2D03C","codex/openlogic-ar","locale/ar/content/incompleteness/representability-in-q/introduction.tex","ACCEPTED","codex/openlogic-fa-ir","locale/fa-IR/content/incompleteness/representability-in-q/introduction.tex","ACCEPTED","OLP-0291","PASS_STATIC_SEMANTIC_SOURCE_CARRIER_EXPANSION_MORPHOLOGY_PAIRED_DIRECT_FILE_REPLAY_BUILD_DEFERRED_FOR_DEPENDENCY_CLOSURE"
"OLP-0291","291","9620cc73f9c8e0ad003c514a5d3748f29611c4c0","content/incompleteness/representability-in-q/representable-comp.tex","C8E840A3BBC2A09898CE9DB3AC72E6E04D2D03F727B9DD0BA2FC1CEB291D56B8","codex/openlogic-ar","locale/ar/content/incompleteness/representability-in-q/representable-comp.tex","ACCEPTED","codex/openlogic-fa-ir","locale/fa-IR/content/incompleteness/representability-in-q/representable-comp.tex","ACCEPTED","OLP-0292","PASS_STATIC_SEMANTIC_SOURCE_CARRIER_EXPANSION_MORPHOLOGY_PAIRED_DIRECT_FILE_REPLAY_BUILD_DEFERRED_FOR_DEPENDENCY_CLOSURE"
"OLP-0292","292","9620cc73f9c8e0ad003c514a5d3748f29611c4c0","content/incompleteness/representability-in-q/beta-function.tex","4BA46568EC3FC0AC66B9769D4ECF30F4CFCE1BF09E4B27BD99540BBFD9EFF9ED","codex/openlogic-ar","locale/ar/content/incompleteness/representability-in-q/beta-function.tex","ACCEPTED","codex/openlogic-fa-ir","locale/fa-IR/content/incompleteness/representability-in-q/beta-function.tex","ACCEPTED","OLP-0293","PASS_STATIC_SEMANTIC_SOURCE_CARRIER_EXPANSION_MORPHOLOGY_PAIRED_DIRECT_FILE_REPLAY_BUILD_DEFERRED_FOR_DEPENDENCY_CLOSURE"
"OLP-0293","293","9620cc73f9c8e0ad003c514a5d3748f29611c4c0","content/incompleteness/representability-in-q/prim-rec.tex","0697FA5E74302609F8FB33E4D1FC67E0C1F64591CBAC3F980131804069E0A0D8","codex/openlogic-ar","locale/ar/content/incompleteness/representability-in-q/prim-rec.tex","ACCEPTED","codex/openlogic-fa-ir","locale/fa-IR/content/incompleteness/representability-in-q/prim-rec.tex","ACCEPTED","OLP-0294","PASS_STATIC_SEMANTIC_SOURCE_CARRIER_EXPANSION_MORPHOLOGY_PAIRED_DIRECT_FILE_REPLAY_BUILD_DEFERRED_FOR_DEPENDENCY_CLOSURE"
"OLP-0294","294","9620cc73f9c8e0ad003c514a5d3748f29611c4c0","content/incompleteness/representability-in-q/basic-representable.tex","05ADB7EF6D0558B05056834A66C31D87DCF5F8E0F90EBF2AFB26B5F0CC9B1BE3","codex/openlogic-ar","locale/ar/content/incompleteness/representability-in-q/basic-representable.tex","ACCEPTED","codex/openlogic-fa-ir","locale/fa-IR/content/incompleteness/representability-in-q/basic-representable.tex","ACCEPTED","OLP-0295","PASS_STATIC_SEMANTIC_SOURCE_CARRIER_EXPANSION_MORPHOLOGY_PAIRED_DIRECT_FILE_REPLAY_BUILD_DEFERRED_FOR_DEPENDENCY_CLOSURE"
"OLP-0295","295","9620cc73f9c8e0ad003c514a5d3748f29611c4c0","content/incompleteness/representability-in-q/composition-representable.tex","D22633EE0BF189AD4DBC0E58588CBAB3293BA97014A16064C2804F4DB38FD6AB","codex/openlogic-ar","locale/ar/content/incompleteness/representability-in-q/composition-representable.tex","ACCEPTED","codex/openlogic-fa-ir","locale/fa-IR/content/incompleteness/representability-in-q/composition-representable.tex","ACCEPTED","OLP-0296","PASS_STATIC_SEMANTIC_SOURCE_CARRIER_UNICODE_PAIRED_DIRECT_FILE_REPLAY_BUILD_DEFERRED_FOR_DEPENDENCY_CLOSURE"
"OLP-0296","296","9620cc73f9c8e0ad003c514a5d3748f29611c4c0","content/incompleteness/representability-in-q/minimization-representable.tex","B7F3BB0EFB885AFF8C77C3647E79599B28C37F7C92E1107D7EF0DBBBD8FBB43C","codex/openlogic-ar","locale/ar/content/incompleteness/representability-in-q/minimization-representable.tex","ACCEPTED","codex/openlogic-fa-ir","locale/fa-IR/content/incompleteness/representability-in-q/minimization-representable.tex","ACCEPTED","OLP-0297","PASS_STATIC_SEMANTIC_SOURCE_CARRIER_UNICODE_PAIRED_DIRECT_FILE_REPLAY_BUILD_DEFERRED_FOR_DEPENDENCY_CLOSURE"
"OLP-0297","297","9620cc73f9c8e0ad003c514a5d3748f29611c4c0","content/incompleteness/representability-in-q/comp-representable.tex","BE50D1A03DEBB27586B79493BD638BDB91A1BEBC13FCCADD2E90ADCEFF5A4376","codex/openlogic-ar","locale/ar/content/incompleteness/representability-in-q/comp-representable.tex","ACCEPTED","codex/openlogic-fa-ir","locale/fa-IR/content/incompleteness/representability-in-q/comp-representable.tex","ACCEPTED","OLP-0298","PASS_STATIC_SEMANTIC_SOURCE_CARRIER_UNICODE_PAIRED_DIRECT_FILE_REPLAY_BUILD_DEFERRED_FOR_DEPENDENCY_CLOSURE"
"OLP-0298","298","9620cc73f9c8e0ad003c514a5d3748f29611c4c0","content/incompleteness/representability-in-q/representing-relations.tex","AA293645FEFBA6B196A4C52F9DE43E69A86F3E0747E6420573ADD3349236D3F6","codex/openlogic-ar","locale/ar/content/incompleteness/representability-in-q/representing-relations.tex","ACCEPTED","codex/openlogic-fa-ir","locale/fa-IR/content/incompleteness/representability-in-q/representing-relations.tex","ACCEPTED","OLP-0299","PASS_STATIC_SEMANTIC_SOURCE_CARRIER_UNICODE_PAIRED_DIRECT_FILE_REPLAY_BUILD_DEFERRED_FOR_DEPENDENCY_CLOSURE"
"OLP-0299","299","9620cc73f9c8e0ad003c514a5d3748f29611c4c0","content/incompleteness/representability-in-q/undecidability.tex","E9567629E542B1B65F73B9E600C876DD4064766F8FF167980371F8AC6E5EB1B5","codex/openlogic-ar","locale/ar/content/incompleteness/representability-in-q/undecidability.tex","ACCEPTED","codex/openlogic-fa-ir","locale/fa-IR/content/incompleteness/representability-in-q/undecidability.tex","ACCEPTED","OLP-0300","PASS_STATIC_SEMANTIC_SOURCE_CARRIER_UNICODE_PAIRED_DIRECT_FILE_REPLAY_BUILD_DEFERRED_FOR_DEPENDENCY_CLOSURE"
"OLP-0300","300","9620cc73f9c8e0ad003c514a5d3748f29611c4c0","content/incompleteness/representability-in-q/sigma1-completeness.tex","769EC60E34823143347732BBF659035F00C18A93D627E795CC597B3442BC11FE","codex/openlogic-ar","locale/ar/content/incompleteness/representability-in-q/sigma1-completeness.tex","ACCEPTED","codex/openlogic-fa-ir","locale/fa-IR/content/incompleteness/representability-in-q/sigma1-completeness.tex","ACCEPTED","OLP-0301","PASS_STATIC_SEMANTIC_SOURCE_CARRIER_UNICODE_PAIRED_DIRECT_FILE_REPLAY_BUILD_DEFERRED_FOR_DEPENDENCY_CLOSURE"
"OLP-0301","301","9620cc73f9c8e0ad003c514a5d3748f29611c4c0","content/incompleteness/theories-computability/theories-computability.tex","412C43BD1865412B5CC1ED4133725393165B82D941AA413632888049D9B75208","codex/openlogic-ar","locale/ar/content/incompleteness/theories-computability/theories-computability.tex","ACCEPTED","codex/openlogic-fa-ir","locale/fa-IR/content/incompleteness/theories-computability/theories-computability.tex","ACCEPTED","OLP-0302","PASS_STATIC_SEMANTIC_SOURCE_CARRIER_UNICODE_PAIRED_DIRECT_FILE_REPLAY_BUILD_DEFERRED_FOR_DEPENDENCY_CLOSURE"
"OLP-0302","302","9620cc73f9c8e0ad003c514a5d3748f29611c4c0","content/incompleteness/theories-computability/introduction.tex","0E1C97BB1022504A5F9C1C59F71E71561FB452B6F7477359C24B34875D480818","codex/openlogic-ar","locale/ar/content/incompleteness/theories-computability/introduction.tex","ACCEPTED","codex/openlogic-fa-ir","locale/fa-IR/content/incompleteness/theories-computability/introduction.tex","ACCEPTED","OLP-0303","PASS_STATIC_SEMANTIC_SOURCE_CARRIER_UNICODE_PAIRED_DIRECT_FILE_REPLAY_BUILD_DEFERRED_FOR_DEPENDENCY_CLOSURE"
"OLP-0303","303","9620cc73f9c8e0ad003c514a5d3748f29611c4c0","content/incompleteness/theories-computability/q-is-ce.tex","C36B9BEF34B404A88FB91DA7437B1ABB3850A856D5C9907FF139C2F269D97EEA","codex/openlogic-ar","locale/ar/content/incompleteness/theories-computability/q-is-ce.tex","ACCEPTED","codex/openlogic-fa-ir","locale/fa-IR/content/incompleteness/theories-computability/q-is-ce.tex","ACCEPTED","OLP-0304","PASS_STATIC_SEMANTIC_SOURCE_CARRIER_UNICODE_PAIRED_DIRECT_FILE_REPLAY_BUILD_DEFERRED_FOR_DEPENDENCY_CLOSURE"
"OLP-0304","304","9620cc73f9c8e0ad003c514a5d3748f29611c4c0","content/incompleteness/theories-computability/oconsis-ext-of-q-undec.tex","60E9BAA196CB0F7C48184CB7D0772008BFE52675FF72CEAD3CD02C23BED3D17E","codex/openlogic-ar","locale/ar/content/incompleteness/theories-computability/oconsis-ext-of-q-undec.tex","ACCEPTED","codex/openlogic-fa-ir","locale/fa-IR/content/incompleteness/theories-computability/oconsis-ext-of-q-undec.tex","ACCEPTED","OLP-0305","PASS_STATIC_SEMANTIC_SOURCE_CARRIER_UNICODE_PAIRED_DIRECT_FILE_REPLAY_BUILD_DEFERRED_FOR_DEPENDENCY_CLOSURE"
"OLP-0305","305","9620cc73f9c8e0ad003c514a5d3748f29611c4c0","content/incompleteness/theories-computability/extensions-of-q-not-decidable.tex","5372B80C77F5200C4E3DE043785B6750A9FABF65CD5A2C925D483684CC2419E8","codex/openlogic-ar","locale/ar/content/incompleteness/theories-computability/extensions-of-q-not-decidable.tex","ACCEPTED","codex/openlogic-fa-ir","locale/fa-IR/content/incompleteness/theories-computability/extensions-of-q-not-decidable.tex","ACCEPTED","OLP-0306","PASS_STATIC_SEMANTIC_SOURCE_CARRIER_UNICODE_PAIRED_DIRECT_FILE_REPLAY_BUILD_DEFERRED_FOR_DEPENDENCY_CLOSURE"
"OLP-0306","306","9620cc73f9c8e0ad003c514a5d3748f29611c4c0","content/incompleteness/theories-computability/computably-axiomatizable.tex","A0C56DC47495D20B0C78105B896CBB2EF12A99C7F71F9BF4D18FD04EDF4F4440","codex/openlogic-ar","locale/ar/content/incompleteness/theories-computability/computably-axiomatizable.tex","ACCEPTED","codex/openlogic-fa-ir","locale/fa-IR/content/incompleteness/theories-computability/computably-axiomatizable.tex","ACCEPTED","OLP-0307","PASS_STATIC_SEMANTIC_SOURCE_CARRIER_UNICODE_PAIRED_DIRECT_FILE_REPLAY_BUILD_DEFERRED_FOR_DEPENDENCY_CLOSURE"
"OLP-0307","307","9620cc73f9c8e0ad003c514a5d3748f29611c4c0","content/incompleteness/theories-computability/complete-decidable.tex","3F0AC3119196CB3E19A0AE0DE850E46AA5D0965CA1B0B225B7656E5133156136","codex/openlogic-ar","locale/ar/content/incompleteness/theories-computability/complete-decidable.tex","ACCEPTED","codex/openlogic-fa-ir","locale/fa-IR/content/incompleteness/theories-computability/complete-decidable.tex","ACCEPTED","OLP-0308","PASS_STATIC_SEMANTIC_SOURCE_CARRIER_EXPANSION_MORPHOLOGY_UNICODE_PAIRED_DIRECT_FILE_REPLAY_BUILD_DEFERRED_FOR_DEPENDENCY_CLOSURE"
"OLP-0308","308","9620cc73f9c8e0ad003c514a5d3748f29611c4c0","content/incompleteness/theories-computability/first-incompleteness.tex","1E592928EE6E538CDEB4CE5E44884F4D6C7ACC0A6D9AC6F0939963F9B0BCF507","codex/openlogic-ar","locale/ar/content/incompleteness/theories-computability/first-incompleteness.tex","ACCEPTED","codex/openlogic-fa-ir","locale/fa-IR/content/incompleteness/theories-computability/first-incompleteness.tex","ACCEPTED","OLP-0309","PASS_STATIC_SEMANTIC_SOURCE_CARRIER_EXPANSION_MORPHOLOGY_UNICODE_PAIRED_DIRECT_FILE_REPLAY_BUILD_DEFERRED_FOR_DEPENDENCY_CLOSURE"
"OLP-0309","309","9620cc73f9c8e0ad003c514a5d3748f29611c4c0","content/incompleteness/theories-computability/inseparability.tex","E1A84BBA2FBC91A669BC9357184630F93B97DDBD91CEF4A319431EACDA6734FB","codex/openlogic-ar","locale/ar/content/incompleteness/theories-computability/inseparability.tex","ACCEPTED","codex/openlogic-fa-ir","locale/fa-IR/content/incompleteness/theories-computability/inseparability.tex","ACCEPTED","OLP-0310","PASS_STATIC_SEMANTIC_SOURCE_CARRIER_EXPANSION_MORPHOLOGY_UNICODE_PAIRED_DIRECT_FILE_REPLAY_BUILD_DEFERRED_FOR_DEPENDENCY_CLOSURE"
"OLP-0310","310","9620cc73f9c8e0ad003c514a5d3748f29611c4c0","content/incompleteness/theories-computability/consis-with-q.tex","09A1983AC2C41FCE429DA84ABCB128479B46DB10773D75CD461DAF651BBA72EF","codex/openlogic-ar","locale/ar/content/incompleteness/theories-computability/consis-with-q.tex","ACCEPTED","codex/openlogic-fa-ir","locale/fa-IR/content/incompleteness/theories-computability/consis-with-q.tex","ACCEPTED","OLP-0311","PASS_STATIC_SEMANTIC_SOURCE_CARRIER_EXPANSION_MORPHOLOGY_UNICODE_PAIRED_DIRECT_FILE_REPLAY_BUILD_DEFERRED_FOR_DEPENDENCY_CLOSURE"
"OLP-0311","311","9620cc73f9c8e0ad003c514a5d3748f29611c4c0","content/incompleteness/theories-computability/interpretability.tex","F113C9D84625731B1C4473E6178A2169249AE2399ED183B097D3840ECA16F9E5","codex/openlogic-ar","locale/ar/content/incompleteness/theories-computability/interpretability.tex","ACCEPTED","codex/openlogic-fa-ir","locale/fa-IR/content/incompleteness/theories-computability/interpretability.tex","ACCEPTED","OLP-0312","PASS_STATIC_SEMANTIC_SOURCE_CARRIER_EXPANSION_MORPHOLOGY_UNICODE_PAIRED_DIRECT_FILE_REPLAY_BUILD_DEFERRED_FOR_DEPENDENCY_CLOSURE"
"OLP-0312","312","9620cc73f9c8e0ad003c514a5d3748f29611c4c0","content/incompleteness/incompleteness-provability/incompleteness-provability.tex","37EC6B0D2ED4993622D45347DBDA0816FAB6BB02F4665B63BABAC6658EE236C7","codex/openlogic-ar","locale/ar/content/incompleteness/incompleteness-provability/incompleteness-provability.tex","ACCEPTED","codex/openlogic-fa-ir","locale/fa-IR/content/incompleteness/incompleteness-provability/incompleteness-provability.tex","ACCEPTED","OLP-0313","PASS_STATIC_SEMANTIC_SOURCE_CARRIER_EXPANSION_MORPHOLOGY_UNICODE_PAIRED_DIRECT_FILE_REPLAY_BUILD_DEFERRED_FOR_DEPENDENCY_CLOSURE"
"OLP-0313","313","9620cc73f9c8e0ad003c514a5d3748f29611c4c0","content/incompleteness/incompleteness-provability/introduction.tex","60FEB5BF5EA6AA27385212D6746D33B74E4C70FD4B80DFCCA666614EBA6C4301","codex/openlogic-ar","locale/ar/content/incompleteness/incompleteness-provability/introduction.tex","ACCEPTED","codex/openlogic-fa-ir","locale/fa-IR/content/incompleteness/incompleteness-provability/introduction.tex","ACCEPTED","OLP-0314","PASS_STATIC_SEMANTIC_SOURCE_CARRIER_EXPANSION_MORPHOLOGY_UNICODE_PAIRED_DIRECT_FILE_REPLAY_BUILD_DEFERRED_FOR_DEPENDENCY_CLOSURE"
"OLP-0314","314","9620cc73f9c8e0ad003c514a5d3748f29611c4c0","content/incompleteness/incompleteness-provability/fixed-point-lemma.tex","D329F0CDC9AEE3A35E49A487C9EE01FED67C4811BA6DC455A05646BC3A326DD3","codex/openlogic-ar","locale/ar/content/incompleteness/incompleteness-provability/fixed-point-lemma.tex","ACCEPTED","codex/openlogic-fa-ir","locale/fa-IR/content/incompleteness/incompleteness-provability/fixed-point-lemma.tex","ACCEPTED","OLP-0315","PASS_STATIC_SEMANTIC_SOURCE_CARRIER_EXPANSION_MORPHOLOGY_UNICODE_PAIRED_DIRECT_FILE_REPLAY_BUILD_DEFERRED_FOR_DEPENDENCY_CLOSURE"
"OLP-0315","315","9620cc73f9c8e0ad003c514a5d3748f29611c4c0","content/incompleteness/incompleteness-provability/first-incompleteness-thm.tex","EEEDD9CFEE28EAD98BA638711D797B37B8A1069AF1C2A5FFB6C1427572651114","codex/openlogic-ar","locale/ar/content/incompleteness/incompleteness-provability/first-incompleteness-thm.tex","ACCEPTED","codex/openlogic-fa-ir","locale/fa-IR/content/incompleteness/incompleteness-provability/first-incompleteness-thm.tex","ACCEPTED","OLP-0316","PASS_STATIC_SEMANTIC_SOURCE_CARRIER_EXPANSION_MORPHOLOGY_UNICODE_PAIRED_DIRECT_FILE_REPLAY_BUILD_DEFERRED_FOR_DEPENDENCY_CLOSURE"
"OLP-0316","316","9620cc73f9c8e0ad003c514a5d3748f29611c4c0","content/incompleteness/incompleteness-provability/rosser-thm.tex","41F6FCC111F4DF5F50827D2C5E46FFDA33B3477A165915BD5B3C8122F0445DAD","codex/openlogic-ar","locale/ar/content/incompleteness/incompleteness-provability/rosser-thm.tex","ACCEPTED","codex/openlogic-fa-ir","locale/fa-IR/content/incompleteness/incompleteness-provability/rosser-thm.tex","ACCEPTED","OLP-0317","PASS_STATIC_SEMANTIC_SOURCE_CARRIER_EXPANSION_MORPHOLOGY_UNICODE_PAIRED_DIRECT_FILE_REPLAY_BUILD_DEFERRED_FOR_DEPENDENCY_CLOSURE"
"OLP-0317","317","9620cc73f9c8e0ad003c514a5d3748f29611c4c0","content/incompleteness/incompleteness-provability/godels-paper.tex","D7B4D0F735A8BD1C09BC0BF17F3F153CFA6505603CD8EA688FE51481E1C4E58B","codex/openlogic-ar","locale/ar/content/incompleteness/incompleteness-provability/godels-paper.tex","ACCEPTED","codex/openlogic-fa-ir","locale/fa-IR/content/incompleteness/incompleteness-provability/godels-paper.tex","ACCEPTED","OLP-0318","PASS_STATIC_SEMANTIC_SOURCE_CARRIER_EXPANSION_MORPHOLOGY_UNICODE_PAIRED_DIRECT_FILE_REPLAY_BUILD_DEFERRED_FOR_DEPENDENCY_CLOSURE"
"OLP-0318","318","9620cc73f9c8e0ad003c514a5d3748f29611c4c0","content/incompleteness/incompleteness-provability/provability-conditions.tex","E2B3E768411A61327EF6E195F7123B07C69624EABBD8583A20FBC721792AFDF3","codex/openlogic-ar","locale/ar/content/incompleteness/incompleteness-provability/provability-conditions.tex","ACCEPTED","codex/openlogic-fa-ir","locale/fa-IR/content/incompleteness/incompleteness-provability/provability-conditions.tex","ACCEPTED","OLP-0319","PASS_STATIC_SEMANTIC_SOURCE_CARRIER_EXPANSION_MORPHOLOGY_UNICODE_PAIRED_DIRECT_FILE_REPLAY_BUILD_DEFERRED_FOR_DEPENDENCY_CLOSURE"
"OLP-0319","319","9620cc73f9c8e0ad003c514a5d3748f29611c4c0","content/incompleteness/incompleteness-provability/second-incompleteness-thm.tex","3EA221F4E1886B84738CE9A3268717630946305A41A6DFB8F74266D969F7A762","codex/openlogic-ar","locale/ar/content/incompleteness/incompleteness-provability/second-incompleteness-thm.tex","ACCEPTED","codex/openlogic-fa-ir","locale/fa-IR/content/incompleteness/incompleteness-provability/second-incompleteness-thm.tex","ACCEPTED","OLP-0320","PASS_STATIC_SEMANTIC_SOURCE_CARRIER_EXPANSION_MORPHOLOGY_UNICODE_PAIRED_DIRECT_FILE_REPLAY_BUILD_DEFERRED_FOR_DEPENDENCY_CLOSURE"
"OLP-0320","320","9620cc73f9c8e0ad003c514a5d3748f29611c4c0","content/incompleteness/incompleteness-provability/lob-thm.tex","F9E81B079E6B7209D6D6DC94D2AB89273A16FF791A9C03E8A3104A1CE805125E","codex/openlogic-ar","locale/ar/content/incompleteness/incompleteness-provability/lob-thm.tex","ACCEPTED","codex/openlogic-fa-ir","locale/fa-IR/content/incompleteness/incompleteness-provability/lob-thm.tex","ACCEPTED","OLP-0321","PASS_STATIC_SEMANTIC_SOURCE_CARRIER_EXPANSION_MORPHOLOGY_UNICODE_PAIRED_DIRECT_FILE_REPLAY_BUILD_DEFERRED_FOR_DEPENDENCY_CLOSURE"
"OLP-0321","321","9620cc73f9c8e0ad003c514a5d3748f29611c4c0","content/incompleteness/incompleteness-provability/tarski-thm.tex","B83D5521AFA3DD7E7C72318F242A6E78267ADDB406CCAA463C646B9CD5527DFD","codex/openlogic-ar","locale/ar/content/incompleteness/incompleteness-provability/tarski-thm.tex","ACCEPTED","codex/openlogic-fa-ir","locale/fa-IR/content/incompleteness/incompleteness-provability/tarski-thm.tex","ACCEPTED","OLP-0322","PASS_STATIC_SEMANTIC_SOURCE_CARRIER_EXPANSION_MORPHOLOGY_UNICODE_PAIRED_DIRECT_FILE_REPLAY_BUILD_DEFERRED_FOR_DEPENDENCY_CLOSURE"
"OLP-0322","322","9620cc73f9c8e0ad003c514a5d3748f29611c4c0","content/second-order-logic/second-order-logic.tex","5DC498C263D32773D1A40ECF5ABCA697D57F13526CB5272E907D5487B9636640","codex/openlogic-ar","locale/ar/content/second-order-logic/second-order-logic.tex","ACCEPTED","codex/openlogic-fa-ir","locale/fa-IR/content/second-order-logic/second-order-logic.tex","ACCEPTED","OLP-0323","PASS_STATIC_SEMANTIC_SOURCE_CARRIER_EXPANSION_MORPHOLOGY_UNICODE_PAIRED_DIRECT_FILE_REPLAY_BUILD_DEFERRED_FOR_DEPENDENCY_CLOSURE"
"OLP-0323","323","9620cc73f9c8e0ad003c514a5d3748f29611c4c0","content/second-order-logic/syntax-and-semantics/syntax-and-semantics.tex","A403B5CA94C5E700E42E6F315A81D19D6D3CA098E1C1998BF40E181AA82CDC82","codex/openlogic-ar","locale/ar/content/second-order-logic/syntax-and-semantics/syntax-and-semantics.tex","ACCEPTED","codex/openlogic-fa-ir","locale/fa-IR/content/second-order-logic/syntax-and-semantics/syntax-and-semantics.tex","ACCEPTED","OLP-0324","PASS_STATIC_SEMANTIC_SOURCE_CARRIER_EXPANSION_MORPHOLOGY_UNICODE_PAIRED_DIRECT_FILE_REPLAY_BUILD_DEFERRED_FOR_DEPENDENCY_CLOSURE"
"OLP-0324","324","9620cc73f9c8e0ad003c514a5d3748f29611c4c0","content/second-order-logic/syntax-and-semantics/introduction.tex","E62D0693E430A7E79ACD8CB1F75D4CCF29DABB85C8FB583F682BF45CD8A3EA06","codex/openlogic-ar","locale/ar/content/second-order-logic/syntax-and-semantics/introduction.tex","ACCEPTED","codex/openlogic-fa-ir","locale/fa-IR/content/second-order-logic/syntax-and-semantics/introduction.tex","ACCEPTED","OLP-0325","PASS_STATIC_SEMANTIC_SOURCE_CARRIER_EXPANSION_MORPHOLOGY_UNICODE_PAIRED_DIRECT_FILE_REPLAY_BUILD_DEFERRED_FOR_DEPENDENCY_CLOSURE"
"OLP-0325","325","9620cc73f9c8e0ad003c514a5d3748f29611c4c0","content/second-order-logic/syntax-and-semantics/terms-formulas.tex","F19ECB7317CC7EC85E9F3886EFCCE65C85B4F88A7C839779516443E9FCA053FF","codex/openlogic-ar","locale/ar/content/second-order-logic/syntax-and-semantics/terms-formulas.tex","ACCEPTED","codex/openlogic-fa-ir","locale/fa-IR/content/second-order-logic/syntax-and-semantics/terms-formulas.tex","ACCEPTED","OLP-0326","PASS_STATIC_SEMANTIC_SOURCE_CARRIER_EXPANSION_MORPHOLOGY_UNICODE_PAIRED_DIRECT_FILE_REPLAY_BUILD_DEFERRED_FOR_DEPENDENCY_CLOSURE"
"OLP-0326","326","9620cc73f9c8e0ad003c514a5d3748f29611c4c0","content/second-order-logic/syntax-and-semantics/satisfaction.tex","888D180BAD24363CBA4C5E08A0D00FBE06E004F11B1278072379532764145302","codex/openlogic-ar","locale/ar/content/second-order-logic/syntax-and-semantics/satisfaction.tex","ACCEPTED","codex/openlogic-fa-ir","locale/fa-IR/content/second-order-logic/syntax-and-semantics/satisfaction.tex","ACCEPTED","OLP-0327","PASS_STATIC_SEMANTIC_SOURCE_CARRIER_EXPANSION_MORPHOLOGY_UNICODE_PAIRED_DIRECT_FILE_REPLAY_BUILD_DEFERRED_FOR_DEPENDENCY_CLOSURE"
"OLP-0327","327","9620cc73f9c8e0ad003c514a5d3748f29611c4c0","content/second-order-logic/syntax-and-semantics/semantic-notions.tex","AF3F9A4DBDCA12DEE2CC40CFB2FB1612AF00DF377A220F9AF76EB395C2EA3DCD","codex/openlogic-ar","locale/ar/content/second-order-logic/syntax-and-semantics/semantic-notions.tex","ACCEPTED","codex/openlogic-fa-ir","locale/fa-IR/content/second-order-logic/syntax-and-semantics/semantic-notions.tex","ACCEPTED","OLP-0328","PASS_STATIC_SEMANTIC_SOURCE_CARRIER_EXPANSION_MORPHOLOGY_UNICODE_PAIRED_DIRECT_FILE_REPLAY_BUILD_DEFERRED_FOR_DEPENDENCY_CLOSURE"
"OLP-0328","328","9620cc73f9c8e0ad003c514a5d3748f29611c4c0","content/second-order-logic/syntax-and-semantics/expressive-power.tex","012D62525A1DCEFA38D5D70EB605F5D33E6DDFF6B616ECB530BEAA4AA3F42AF2","codex/openlogic-ar","locale/ar/content/second-order-logic/syntax-and-semantics/expressive-power.tex","ACCEPTED","codex/openlogic-fa-ir","locale/fa-IR/content/second-order-logic/syntax-and-semantics/expressive-power.tex","ACCEPTED","OLP-0329","PASS_STATIC_SEMANTIC_SOURCE_CARRIER_EXPANSION_MORPHOLOGY_UNICODE_PAIRED_DIRECT_FILE_REPLAY_BUILD_DEFERRED_FOR_DEPENDENCY_CLOSURE"
"OLP-0329","329","9620cc73f9c8e0ad003c514a5d3748f29611c4c0","content/second-order-logic/syntax-and-semantics/inf-count.tex","05941FF3223BE4D1E2085B995EAD321B0AC32C4E70EA95A76A5CB2F48C5A526C","codex/openlogic-ar","locale/ar/content/second-order-logic/syntax-and-semantics/inf-count.tex","ACCEPTED","codex/openlogic-fa-ir","locale/fa-IR/content/second-order-logic/syntax-and-semantics/inf-count.tex","ACCEPTED","OLP-0330","PASS_STATIC_SEMANTIC_SOURCE_CARRIER_EXPANSION_MORPHOLOGY_UNICODE_PAIRED_DIRECT_FILE_REPLAY_BUILD_DEFERRED_FOR_DEPENDENCY_CLOSURE"
"OLP-0330","330","9620cc73f9c8e0ad003c514a5d3748f29611c4c0","content/second-order-logic/metatheory/metatheory.tex","E6C796F24EA9B73DB8E26828C1067D34BE85EA7458607C0572746D22CE0584E2","codex/openlogic-ar","locale/ar/content/second-order-logic/metatheory/metatheory.tex","ACCEPTED","codex/openlogic-fa-ir","locale/fa-IR/content/second-order-logic/metatheory/metatheory.tex","ACCEPTED","OLP-0331","PASS_STATIC_SEMANTIC_SOURCE_CARRIER_EXPANSION_MORPHOLOGY_UNICODE_PAIRED_DIRECT_FILE_REPLAY_BUILD_DEFERRED_FOR_DEPENDENCY_CLOSURE"
"OLP-0331","331","9620cc73f9c8e0ad003c514a5d3748f29611c4c0","content/second-order-logic/metatheory/introduction.tex","F6757BE05C96C6B70E89D4BE689BE8A5A206FE1C946D3538E1DEAB0BB2741E8F","codex/openlogic-ar","locale/ar/content/second-order-logic/metatheory/introduction.tex","ACCEPTED","codex/openlogic-fa-ir","locale/fa-IR/content/second-order-logic/metatheory/introduction.tex","ACCEPTED","OLP-0332","PASS_STATIC_SEMANTIC_SOURCE_CARRIER_EXPANSION_MORPHOLOGY_UNICODE_PAIRED_DIRECT_FILE_REPLAY_BUILD_DEFERRED_FOR_DEPENDENCY_CLOSURE"
"OLP-0332","332","9620cc73f9c8e0ad003c514a5d3748f29611c4c0","content/second-order-logic/metatheory/second-order-arithmetic.tex","98B9EA14E07C131A798A54D4BB78AC429C45A58C1E1F53B36B5E2176E9C90771","codex/openlogic-ar","locale/ar/content/second-order-logic/metatheory/second-order-arithmetic.tex","ACCEPTED","codex/openlogic-fa-ir","locale/fa-IR/content/second-order-logic/metatheory/second-order-arithmetic.tex","ACCEPTED","OLP-0333","PASS_STATIC_SEMANTIC_SOURCE_CARRIER_EXPANSION_MORPHOLOGY_UNICODE_PAIRED_DIRECT_FILE_REPLAY_BUILD_DEFERRED_FOR_DEPENDENCY_CLOSURE"
"OLP-0333","333","9620cc73f9c8e0ad003c514a5d3748f29611c4c0","content/second-order-logic/metatheory/undecidability-and-axiomatizability.tex","75048CBDC69D60E28C2590EC03CFE57C12622B6667366A231B80431F88594435","codex/openlogic-ar","locale/ar/content/second-order-logic/metatheory/undecidability-and-axiomatizability.tex","ACCEPTED","codex/openlogic-fa-ir","locale/fa-IR/content/second-order-logic/metatheory/undecidability-and-axiomatizability.tex","ACCEPTED","OLP-0334","PASS_STATIC_SEMANTIC_SOURCE_CARRIER_EXPANSION_MORPHOLOGY_UNICODE_PAIRED_DIRECT_FILE_REPLAY_BUILD_DEFERRED_FOR_DEPENDENCY_CLOSURE"
"OLP-0334","334","9620cc73f9c8e0ad003c514a5d3748f29611c4c0","content/second-order-logic/metatheory/compactness.tex","3D6F37EE6CE0B5D5B37798BE31A6D44EF95C5CA79A9660BDB4319E0A24D118DB","codex/openlogic-ar","locale/ar/content/second-order-logic/metatheory/compactness.tex","ACCEPTED","codex/openlogic-fa-ir","locale/fa-IR/content/second-order-logic/metatheory/compactness.tex","ACCEPTED","OLP-0335","PASS_STATIC_SEMANTIC_SOURCE_CARRIER_EXPANSION_MORPHOLOGY_UNICODE_PAIRED_DIRECT_FILE_REPLAY_BUILD_DEFERRED_FOR_DEPENDENCY_CLOSURE"
"OLP-0335","335","9620cc73f9c8e0ad003c514a5d3748f29611c4c0","content/second-order-logic/metatheory/loewenheim-skolem.tex","91BBA660BCCCF12FCD7FBBBEE87EB590702D447CCA449C83CF8251E43CD4E525","codex/openlogic-ar","locale/ar/content/second-order-logic/metatheory/loewenheim-skolem.tex","ACCEPTED","codex/openlogic-fa-ir","locale/fa-IR/content/second-order-logic/metatheory/loewenheim-skolem.tex","ACCEPTED","OLP-0336","PASS_STATIC_SEMANTIC_SOURCE_CARRIER_EXPANSION_MORPHOLOGY_UNICODE_PAIRED_DIRECT_FILE_REPLAY_BUILD_DEFERRED_FOR_DEPENDENCY_CLOSURE"
"OLP-0336","336","9620cc73f9c8e0ad003c514a5d3748f29611c4c0","content/second-order-logic/sol-and-set-theory/sol-and-set-theory.tex","432B29FABBC93A3DDB4A65713FDE2C4D41C30E81D60A1021BB4F329AD2AAEA2A","codex/openlogic-ar","locale/ar/content/second-order-logic/sol-and-set-theory/sol-and-set-theory.tex","ACCEPTED","codex/openlogic-fa-ir","locale/fa-IR/content/second-order-logic/sol-and-set-theory/sol-and-set-theory.tex","ACCEPTED","OLP-0337","PASS_STATIC_SEMANTIC_SOURCE_CARRIER_EXPANSION_MORPHOLOGY_UNICODE_PAIRED_DIRECT_FILE_REPLAY_BUILD_DEFERRED_FOR_DEPENDENCY_CLOSURE"
"OLP-0337","337","9620cc73f9c8e0ad003c514a5d3748f29611c4c0","content/second-order-logic/sol-and-set-theory/introduction.tex","927ADD5DBB7296DF119EDCB7AC1E2A50D90FD2CD2666AC757884D9EB15E07821","codex/openlogic-ar","locale/ar/content/second-order-logic/sol-and-set-theory/introduction.tex","ACCEPTED","codex/openlogic-fa-ir","locale/fa-IR/content/second-order-logic/sol-and-set-theory/introduction.tex","ACCEPTED","OLP-0338","PASS_STATIC_SEMANTIC_SOURCE_CARRIER_EXPANSION_MORPHOLOGY_UNICODE_PAIRED_DIRECT_FILE_REPLAY_BUILD_DEFERRED_FOR_DEPENDENCY_CLOSURE"
"OLP-0338","338","9620cc73f9c8e0ad003c514a5d3748f29611c4c0","content/second-order-logic/sol-and-set-theory/comparing-sets.tex","31F3339A47D5A4EFF76D9CB302E35C0283E12B582F0A8E8A34B6C45D225E4FEC","codex/openlogic-ar","locale/ar/content/second-order-logic/sol-and-set-theory/comparing-sets.tex","ACCEPTED","codex/openlogic-fa-ir","locale/fa-IR/content/second-order-logic/sol-and-set-theory/comparing-sets.tex","ACCEPTED","OLP-0339","PASS_STATIC_SEMANTIC_SOURCE_CARRIER_EXPANSION_MORPHOLOGY_UNICODE_PAIRED_DIRECT_FILE_REPLAY_BUILD_DEFERRED_FOR_DEPENDENCY_CLOSURE"
"OLP-0339","339","9620cc73f9c8e0ad003c514a5d3748f29611c4c0","content/second-order-logic/sol-and-set-theory/cardinalities.tex","88FA084F0D3E66AA309713DEA420F9F170D7BA611CBDCB1DD43A4C0512269222","codex/openlogic-ar","locale/ar/content/second-order-logic/sol-and-set-theory/cardinalities.tex","ACCEPTED","codex/openlogic-fa-ir","locale/fa-IR/content/second-order-logic/sol-and-set-theory/cardinalities.tex","ACCEPTED","OLP-0340","PASS_STATIC_SEMANTIC_SOURCE_CARRIER_EXPANSION_MORPHOLOGY_UNICODE_PAIRED_DIRECT_FILE_REPLAY_BUILD_DEFERRED_FOR_DEPENDENCY_CLOSURE"
"OLP-0340","340","9620cc73f9c8e0ad003c514a5d3748f29611c4c0","content/second-order-logic/sol-and-set-theory/power-of-continuum.tex","6F274E0D12C548F62C65254143A794746A5438600D082E69B9272569123C7971","codex/openlogic-ar","locale/ar/content/second-order-logic/sol-and-set-theory/power-of-continuum.tex","ACCEPTED","codex/openlogic-fa-ir","locale/fa-IR/content/second-order-logic/sol-and-set-theory/power-of-continuum.tex","ACCEPTED","OLP-0341","PASS_STATIC_SEMANTIC_SOURCE_CARRIER_EXPANSION_MORPHOLOGY_UNICODE_PAIRED_DIRECT_FILE_REPLAY_BUILD_DEFERRED_FOR_DEPENDENCY_CLOSURE"
"OLP-0341","341","9620cc73f9c8e0ad003c514a5d3748f29611c4c0","content/lambda-calculus/lambda-calculus.tex","1CCBA9F96935AF933EC38E75BE07C11D0B3E0935C0E9A96291678392477CF736","codex/openlogic-ar","locale/ar/content/lambda-calculus/lambda-calculus.tex","ACCEPTED","codex/openlogic-fa-ir","locale/fa-IR/content/lambda-calculus/lambda-calculus.tex","ACCEPTED","OLP-0342","PASS_STATIC_SEMANTIC_SOURCE_CARRIER_EXPANSION_MORPHOLOGY_UNICODE_PAIRED_DIRECT_FILE_REPLAY_BUILD_DEFERRED_FOR_DEPENDENCY_CLOSURE"
"OLP-0342","342","9620cc73f9c8e0ad003c514a5d3748f29611c4c0","content/lambda-calculus/introduction/introduction.tex","F7E70EF1756CB021D7AE1DE12277280AD96E169A93C461D4B7F6571019AF1F62","codex/openlogic-ar","locale/ar/content/lambda-calculus/introduction/introduction.tex","ACCEPTED","codex/openlogic-fa-ir","locale/fa-IR/content/lambda-calculus/introduction/introduction.tex","ACCEPTED","OLP-0343","PASS_STATIC_SEMANTIC_SOURCE_CARRIER_EXPANSION_MORPHOLOGY_UNICODE_PAIRED_DIRECT_FILE_REPLAY_BUILD_DEFERRED_FOR_DEPENDENCY_CLOSURE"
"OLP-0343","343","9620cc73f9c8e0ad003c514a5d3748f29611c4c0","content/lambda-calculus/introduction/overview.tex","9A183958F0A2BCC40F0F52EF41740E41BFD40F829E1FCD6C70DC52239ED2DD9F","codex/openlogic-ar","locale/ar/content/lambda-calculus/introduction/overview.tex","ACCEPTED","codex/openlogic-fa-ir","locale/fa-IR/content/lambda-calculus/introduction/overview.tex","ACCEPTED","OLP-0344","PASS_STATIC_SEMANTIC_SOURCE_CARRIER_EXPANSION_MORPHOLOGY_UNICODE_PAIRED_DIRECT_FILE_REPLAY_BUILD_DEFERRED_FOR_DEPENDENCY_CLOSURE"
"OLP-0344","344","9620cc73f9c8e0ad003c514a5d3748f29611c4c0","content/lambda-calculus/introduction/syntax.tex","91D509F0D6774790541545165EEBC43344FDE3C1154814A7F25613CBF971DF33","codex/openlogic-ar","locale/ar/content/lambda-calculus/introduction/syntax.tex","ACCEPTED","codex/openlogic-fa-ir","locale/fa-IR/content/lambda-calculus/introduction/syntax.tex","ACCEPTED","OLP-0345","PASS_STATIC_SEMANTIC_SOURCE_CARRIER_EXPANSION_MORPHOLOGY_UNICODE_PAIRED_DIRECT_FILE_REPLAY_BUILD_DEFERRED_FOR_DEPENDENCY_CLOSURE"
"OLP-0345","345","9620cc73f9c8e0ad003c514a5d3748f29611c4c0","content/lambda-calculus/introduction/reduction.tex","B9BE9E0F0A757115DCB038F76C3DE71B98D511B558D3356248B9462CA1ADF728","codex/openlogic-ar","locale/ar/content/lambda-calculus/introduction/reduction.tex","ACCEPTED","codex/openlogic-fa-ir","locale/fa-IR/content/lambda-calculus/introduction/reduction.tex","ACCEPTED","OLP-0346","PASS_STATIC_SEMANTIC_SOURCE_CARRIER_EXPANSION_MORPHOLOGY_UNICODE_PAIRED_DIRECT_FILE_REPLAY_BUILD_DEFERRED_FOR_DEPENDENCY_CLOSURE"
"OLP-0346","346","9620cc73f9c8e0ad003c514a5d3748f29611c4c0","content/lambda-calculus/introduction/church-rosser.tex","82F34F5A06942B2890B1E623FF756685E2C2A9CAFD95AEBC4946090BF8E26F2A","codex/openlogic-ar","locale/ar/content/lambda-calculus/introduction/church-rosser.tex","ACCEPTED","codex/openlogic-fa-ir","locale/fa-IR/content/lambda-calculus/introduction/church-rosser.tex","ACCEPTED","OLP-0347","PASS_STATIC_SEMANTIC_SOURCE_CARRIER_EXPANSION_MORPHOLOGY_UNICODE_PAIRED_DIRECT_FILE_REPLAY_BUILD_DEFERRED_FOR_DEPENDENCY_CLOSURE"
"OLP-0347","347","9620cc73f9c8e0ad003c514a5d3748f29611c4c0","content/lambda-calculus/introduction/currying.tex","D15CA4BC2BE145FCBF40D41B077B21322A7647453B938E4182ED9C7864FB4E31","codex/openlogic-ar","locale/ar/content/lambda-calculus/introduction/currying.tex","ACCEPTED","codex/openlogic-fa-ir","locale/fa-IR/content/lambda-calculus/introduction/currying.tex","ACCEPTED","OLP-0348","PASS_STATIC_SEMANTIC_SOURCE_CARRIER_EXPANSION_MORPHOLOGY_UNICODE_PAIRED_DIRECT_FILE_REPLAY_BUILD_DEFERRED_FOR_DEPENDENCY_CLOSURE"
"OLP-0348","348","9620cc73f9c8e0ad003c514a5d3748f29611c4c0","content/lambda-calculus/introduction/lambda-definability.tex","891557BB7C05EE32762493764788121F1719DD24E897BF29B01AA264F6527816","codex/openlogic-ar","locale/ar/content/lambda-calculus/introduction/lambda-definability.tex","ACCEPTED","codex/openlogic-fa-ir","locale/fa-IR/content/lambda-calculus/introduction/lambda-definability.tex","ACCEPTED","OLP-0349","PASS_STATIC_SEMANTIC_SOURCE_CARRIER_EXPANSION_MORPHOLOGY_UNICODE_PAIRED_DIRECT_FILE_REPLAY_BUILD_DEFERRED_FOR_DEPENDENCY_CLOSURE"
"OLP-0349","349","9620cc73f9c8e0ad003c514a5d3748f29611c4c0","content/lambda-calculus/introduction/lambda-computable.tex","C9EEA509AFBC542557F6F4DB382A82EE101A7242D01040FFAD8BCF5B41A63EDA","codex/openlogic-ar","locale/ar/content/lambda-calculus/introduction/lambda-computable.tex","ACCEPTED","codex/openlogic-fa-ir","locale/fa-IR/content/lambda-calculus/introduction/lambda-computable.tex","ACCEPTED","OLP-0350","PASS_STATIC_SEMANTIC_SOURCE_CARRIER_EXPANSION_MORPHOLOGY_UNICODE_PAIRED_DIRECT_FILE_REPLAY_BUILD_DEFERRED_FOR_DEPENDENCY_CLOSURE"
"OLP-0350","350","9620cc73f9c8e0ad003c514a5d3748f29611c4c0","content/lambda-calculus/introduction/computable-lambda.tex","E385D9F282A0609F24B6847A728CD2BAB75EF631D36C479DD65FC11E07105276","codex/openlogic-ar","locale/ar/content/lambda-calculus/introduction/computable-lambda.tex","ACCEPTED","codex/openlogic-fa-ir","locale/fa-IR/content/lambda-calculus/introduction/computable-lambda.tex","ACCEPTED","OLP-0351","PASS_STATIC_SEMANTIC_SOURCE_CARRIER_EXPANSION_MORPHOLOGY_UNICODE_PAIRED_DIRECT_FILE_REPLAY_BUILD_DEFERRED_FOR_DEPENDENCY_CLOSURE"
"OLP-0351","351","9620cc73f9c8e0ad003c514a5d3748f29611c4c0","content/lambda-calculus/introduction/basic-pr-lambda.tex","22D0798BE8CF00937591874F939864E92C8E15BB6E0832DD45FD96A9D6908401","codex/openlogic-ar","locale/ar/content/lambda-calculus/introduction/basic-pr-lambda.tex","ACCEPTED","codex/openlogic-fa-ir","locale/fa-IR/content/lambda-calculus/introduction/basic-pr-lambda.tex","ACCEPTED","OLP-0352","PASS_STATIC_SEMANTIC_SOURCE_CARRIER_EXPANSION_MORPHOLOGY_UNICODE_PAIRED_DIRECT_FILE_REPLAY_BUILD_DEFERRED_FOR_DEPENDENCY_CLOSURE"
"OLP-0352","352","9620cc73f9c8e0ad003c514a5d3748f29611c4c0","content/lambda-calculus/introduction/composition.tex","8A15D1EE95B75F00D0C6E94D7B0872F709F67B394D9CE720790E36F1F83C9FF1","codex/openlogic-ar","locale/ar/content/lambda-calculus/introduction/composition.tex","ACCEPTED","codex/openlogic-fa-ir","locale/fa-IR/content/lambda-calculus/introduction/composition.tex","ACCEPTED","OLP-0353","PASS_STATIC_SEMANTIC_SOURCE_CARRIER_EXPANSION_MORPHOLOGY_UNICODE_PAIRED_DIRECT_FILE_REPLAY_BUILD_DEFERRED_FOR_DEPENDENCY_CLOSURE"
"OLP-0353","353","9620cc73f9c8e0ad003c514a5d3748f29611c4c0","content/lambda-calculus/introduction/primitive-recursion.tex","FD47E85AF6BA95CA61DEF453B26BA3B443654D5A3DC732060C2A9C1E93C3562B","codex/openlogic-ar","locale/ar/content/lambda-calculus/introduction/primitive-recursion.tex","ACCEPTED","codex/openlogic-fa-ir","locale/fa-IR/content/lambda-calculus/introduction/primitive-recursion.tex","ACCEPTED","OLP-0354","PASS_STATIC_SEMANTIC_SOURCE_CARRIER_EXPANSION_MORPHOLOGY_UNICODE_PAIRED_DIRECT_FILE_REPLAY_BUILD_DEFERRED_FOR_DEPENDENCY_CLOSURE"
"OLP-0354","354","9620cc73f9c8e0ad003c514a5d3748f29611c4c0","content/lambda-calculus/introduction/fixed-point-combinator.tex","A30A2EE0E64C03C9D10F4C18E716D42CC242A077A0A593B6963DF0B317400B7D","codex/openlogic-ar","locale/ar/content/lambda-calculus/introduction/fixed-point-combinator.tex","ACCEPTED","codex/openlogic-fa-ir","locale/fa-IR/content/lambda-calculus/introduction/fixed-point-combinator.tex","ACCEPTED","OLP-0355","PASS_STATIC_SEMANTIC_SOURCE_CARRIER_EXPANSION_MORPHOLOGY_UNICODE_PAIRED_DIRECT_FILE_REPLAY_BUILD_DEFERRED_FOR_DEPENDENCY_CLOSURE"
"OLP-0355","355","9620cc73f9c8e0ad003c514a5d3748f29611c4c0","content/lambda-calculus/introduction/minimization.tex","EA82C8BA3FBA93C92983D4EB5E46866829FEB5286BEDD739669B8B3CDB3E4EC7","codex/openlogic-ar","locale/ar/content/lambda-calculus/introduction/minimization.tex","ACCEPTED","codex/openlogic-fa-ir","locale/fa-IR/content/lambda-calculus/introduction/minimization.tex","ACCEPTED","OLP-0356","PASS_STATIC_SEMANTIC_SOURCE_CARRIER_EXPANSION_MORPHOLOGY_UNICODE_PAIRED_DIRECT_FILE_REPLAY_BUILD_DEFERRED_FOR_DEPENDENCY_CLOSURE"
"OLP-0356","356","9620cc73f9c8e0ad003c514a5d3748f29611c4c0","content/lambda-calculus/syntax/syntax.tex","12041C1CDC3E8E444DAC5FE3F0AF82D7995D30ED62F115382604F1AC1D75397B","codex/openlogic-ar","locale/ar/content/lambda-calculus/syntax/syntax.tex","ACCEPTED","codex/openlogic-fa-ir","locale/fa-IR/content/lambda-calculus/syntax/syntax.tex","ACCEPTED","OLP-0357","PASS_STATIC_SEMANTIC_SOURCE_CARRIER_EXPANSION_MORPHOLOGY_UNICODE_PAIRED_DIRECT_FILE_REPLAY_BUILD_DEFERRED_FOR_DEPENDENCY_CLOSURE"
"OLP-0357","357","9620cc73f9c8e0ad003c514a5d3748f29611c4c0","content/lambda-calculus/syntax/terms.tex","F7DA91449121D3C5E274E51F6A08FCE106D1DBACB7E5293B79CC09B3DA019B38","codex/openlogic-ar","locale/ar/content/lambda-calculus/syntax/terms.tex","ACCEPTED","codex/openlogic-fa-ir","locale/fa-IR/content/lambda-calculus/syntax/terms.tex","ACCEPTED","OLP-0358","PASS_STATIC_SEMANTIC_SOURCE_CARRIER_EXPANSION_MORPHOLOGY_UNICODE_PAIRED_DIRECT_FILE_REPLAY_BUILD_DEFERRED_FOR_DEPENDENCY_CLOSURE"
"OLP-0358","358","9620cc73f9c8e0ad003c514a5d3748f29611c4c0","content/lambda-calculus/syntax/unique-readability.tex","7CF0DBEB234CA9F4519BBF378AEA91B6BD78795AE0DB47C4ECB9682C36EFFF01","codex/openlogic-ar","locale/ar/content/lambda-calculus/syntax/unique-readability.tex","ACCEPTED","codex/openlogic-fa-ir","locale/fa-IR/content/lambda-calculus/syntax/unique-readability.tex","ACCEPTED","OLP-0359","PASS_STATIC_SEMANTIC_SOURCE_CARRIER_EXPANSION_MORPHOLOGY_UNICODE_PAIRED_DIRECT_FILE_REPLAY_BUILD_DEFERRED_FOR_DEPENDENCY_CLOSURE"
"OLP-0359","359","9620cc73f9c8e0ad003c514a5d3748f29611c4c0","content/lambda-calculus/syntax/abbreviated-syntax.tex","B9987C121BB971F20B15B2E4700B11B7F03CE17E854887DE1DE2A83C817F288F","codex/openlogic-ar","locale/ar/content/lambda-calculus/syntax/abbreviated-syntax.tex","ACCEPTED","codex/openlogic-fa-ir","locale/fa-IR/content/lambda-calculus/syntax/abbreviated-syntax.tex","ACCEPTED","OLP-0360","PASS_STATIC_SEMANTIC_SOURCE_CARRIER_EXPANSION_MORPHOLOGY_UNICODE_PAIRED_DIRECT_FILE_REPLAY_BUILD_DEFERRED_FOR_DEPENDENCY_CLOSURE"
"OLP-0360","360","9620cc73f9c8e0ad003c514a5d3748f29611c4c0","content/lambda-calculus/syntax/free-variables.tex","B6F1FBF35150B62139DBAEC9F0E48F5C8AA723F8FC84CFC1A0B3E620BCBBDD8E","codex/openlogic-ar","locale/ar/content/lambda-calculus/syntax/free-variables.tex","ACCEPTED","codex/openlogic-fa-ir","locale/fa-IR/content/lambda-calculus/syntax/free-variables.tex","ACCEPTED","OLP-0361","PASS_STATIC_SEMANTIC_SOURCE_CARRIER_EXPANSION_MORPHOLOGY_UNICODE_PAIRED_DIRECT_FILE_REPLAY_BUILD_DEFERRED_FOR_DEPENDENCY_CLOSURE"
"OLP-0361","361","9620cc73f9c8e0ad003c514a5d3748f29611c4c0","content/lambda-calculus/syntax/substitution.tex","D718CDEBD5F5B3B43E4BBB33A167D89458A9B2E378CDA57300C1A24DF6E7E9BD","codex/openlogic-ar","locale/ar/content/lambda-calculus/syntax/substitution.tex","ACCEPTED","codex/openlogic-fa-ir","locale/fa-IR/content/lambda-calculus/syntax/substitution.tex","ACCEPTED","OLP-0362","PASS_STATIC_SEMANTIC_SOURCE_CARRIER_EXPANSION_MORPHOLOGY_UNICODE_PAIRED_DIRECT_FILE_REPLAY_BUILD_DEFERRED_FOR_DEPENDENCY_CLOSURE"
"OLP-0362","362","9620cc73f9c8e0ad003c514a5d3748f29611c4c0","content/lambda-calculus/syntax/alpha.tex","41C0F51CF8B5B3F125AA23B0E5590CD339E9DD69BC0F1877E165B07782B2C664","codex/openlogic-ar","locale/ar/content/lambda-calculus/syntax/alpha.tex","ACCEPTED","codex/openlogic-fa-ir","locale/fa-IR/content/lambda-calculus/syntax/alpha.tex","ACCEPTED","OLP-0363","PASS_STATIC_SEMANTIC_SOURCE_CARRIER_EXPANSION_MORPHOLOGY_UNICODE_PAIRED_DIRECT_FILE_REPLAY_BUILD_DEFERRED_FOR_DEPENDENCY_CLOSURE"
"OLP-0363","363","9620cc73f9c8e0ad003c514a5d3748f29611c4c0","content/lambda-calculus/syntax/de-bruijn.tex","C0E5BF7D9E7210FD45F8B9CA471BBDF0811DE14151A3A360CDB767C8500EF118","codex/openlogic-ar","locale/ar/content/lambda-calculus/syntax/de-bruijn.tex","ACCEPTED","codex/openlogic-fa-ir","locale/fa-IR/content/lambda-calculus/syntax/de-bruijn.tex","ACCEPTED","OLP-0364","PASS_STATIC_SEMANTIC_SOURCE_CARRIER_EXPANSION_MORPHOLOGY_UNICODE_PAIRED_DIRECT_FILE_REPLAY_BUILD_DEFERRED_FOR_DEPENDENCY_CLOSURE"
"OLP-0364","364","9620cc73f9c8e0ad003c514a5d3748f29611c4c0","content/lambda-calculus/syntax/term-revisited.tex","5459ECE361A93D778910CD297BD020EBA5105022386A00DC2E4E8CA5E53EE313","codex/openlogic-ar","locale/ar/content/lambda-calculus/syntax/term-revisited.tex","ACCEPTED","codex/openlogic-fa-ir","locale/fa-IR/content/lambda-calculus/syntax/term-revisited.tex","ACCEPTED","OLP-0365","PASS_STATIC_SEMANTIC_SOURCE_CARRIER_EXPANSION_MORPHOLOGY_UNICODE_PAIRED_DIRECT_FILE_REPLAY_BUILD_DEFERRED_FOR_DEPENDENCY_CLOSURE"
"OLP-0365","365","9620cc73f9c8e0ad003c514a5d3748f29611c4c0","content/lambda-calculus/syntax/beta.tex","C96B738BEDB1278E240742F504F23E84BC65A485A628E513B542038791F29328","codex/openlogic-ar","locale/ar/content/lambda-calculus/syntax/beta.tex","ACCEPTED","codex/openlogic-fa-ir","locale/fa-IR/content/lambda-calculus/syntax/beta.tex","ACCEPTED","OLP-0366","PASS_STATIC_SEMANTIC_SOURCE_CARRIER_EXPANSION_MORPHOLOGY_UNICODE_PAIRED_DIRECT_FILE_REPLAY_BUILD_DEFERRED_FOR_DEPENDENCY_CLOSURE"
"OLP-0366","366","9620cc73f9c8e0ad003c514a5d3748f29611c4c0","content/lambda-calculus/syntax/eta.tex","D5332EEF46D99CA04ABD407E0C44EFFC418308B78C347F61E8A6BEA890520378","codex/openlogic-ar","locale/ar/content/lambda-calculus/syntax/eta.tex","ACCEPTED","codex/openlogic-fa-ir","locale/fa-IR/content/lambda-calculus/syntax/eta.tex","ACCEPTED","OLP-0367","PASS_STATIC_SEMANTIC_SOURCE_CARRIER_EXPANSION_MORPHOLOGY_UNICODE_PAIRED_DIRECT_FILE_REPLAY_BUILD_DEFERRED_FOR_DEPENDENCY_CLOSURE"
"OLP-0367","367","9620cc73f9c8e0ad003c514a5d3748f29611c4c0","content/lambda-calculus/church-rosser/church-rosser.tex","F9E678E31CC01A76B2A4166D4B2FAF179B2DFC4E51BCC1DAFE3F16228E831A74","codex/openlogic-ar","locale/ar/content/lambda-calculus/church-rosser/church-rosser.tex","ACCEPTED","codex/openlogic-fa-ir","locale/fa-IR/content/lambda-calculus/church-rosser/church-rosser.tex","ACCEPTED","OLP-0368","PASS_STATIC_SEMANTIC_SOURCE_CARRIER_EXPANSION_MORPHOLOGY_UNICODE_PAIRED_DIRECT_FILE_REPLAY_BUILD_DEFERRED_FOR_DEPENDENCY_CLOSURE"
"OLP-0368","368","9620cc73f9c8e0ad003c514a5d3748f29611c4c0","content/lambda-calculus/church-rosser/definitions-and-properties.tex","851F5AE1142D1F14FDC8912E2A6E89E025A19BB99C4CBD9B16E0EF2603FCFBA1","codex/openlogic-ar","locale/ar/content/lambda-calculus/church-rosser/definitions-and-properties.tex","ACCEPTED","codex/openlogic-fa-ir","locale/fa-IR/content/lambda-calculus/church-rosser/definitions-and-properties.tex","ACCEPTED","OLP-0369","PASS_STATIC_SEMANTIC_SOURCE_CARRIER_EXPANSION_MORPHOLOGY_UNICODE_PAIRED_DIRECT_FILE_REPLAY_BUILD_DEFERRED_FOR_DEPENDENCY_CLOSURE"
"OLP-0369","369","9620cc73f9c8e0ad003c514a5d3748f29611c4c0","content/lambda-calculus/church-rosser/parallel-beta-reduction.tex","152950CFBF2A17EF827A7E70210EF025D99E347EADCFB6C5C9A405E2BF1E6210","codex/openlogic-ar","locale/ar/content/lambda-calculus/church-rosser/parallel-beta-reduction.tex","ACCEPTED","codex/openlogic-fa-ir","locale/fa-IR/content/lambda-calculus/church-rosser/parallel-beta-reduction.tex","ACCEPTED","OLP-0370","PASS_STATIC_SEMANTIC_SOURCE_CARRIER_EXPANSION_MORPHOLOGY_UNICODE_PAIRED_DIRECT_FILE_REPLAY_BUILD_DEFERRED_FOR_DEPENDENCY_CLOSURE"
"OLP-0370","370","9620cc73f9c8e0ad003c514a5d3748f29611c4c0","content/lambda-calculus/church-rosser/beta-reduction.tex","635FA15A31A4F9ED77EE7C619860DC410D99F27663FBA33F84DBADB4F602E041","codex/openlogic-ar","locale/ar/content/lambda-calculus/church-rosser/beta-reduction.tex","ACCEPTED","codex/openlogic-fa-ir","locale/fa-IR/content/lambda-calculus/church-rosser/beta-reduction.tex","ACCEPTED","OLP-0371","PASS_STATIC_SEMANTIC_SOURCE_CARRIER_EXPANSION_MORPHOLOGY_UNICODE_PAIRED_DIRECT_FILE_REPLAY_BUILD_DEFERRED_FOR_DEPENDENCY_CLOSURE"
"OLP-0371","371","9620cc73f9c8e0ad003c514a5d3748f29611c4c0","content/lambda-calculus/church-rosser/parallel-beta-eta-reduction.tex","C1F77DDCDBBBD3070000C2AB163DB1A427369BC88BBB57F129E2577A0C12696A","codex/openlogic-ar","locale/ar/content/lambda-calculus/church-rosser/parallel-beta-eta-reduction.tex","ACCEPTED","codex/openlogic-fa-ir","locale/fa-IR/content/lambda-calculus/church-rosser/parallel-beta-eta-reduction.tex","ACCEPTED","OLP-0372","PASS_STATIC_SEMANTIC_SOURCE_CARRIER_EXPANSION_MORPHOLOGY_UNICODE_PAIRED_DIRECT_FILE_REPLAY_BUILD_DEFERRED_FOR_DEPENDENCY_CLOSURE"
"OLP-0372","372","9620cc73f9c8e0ad003c514a5d3748f29611c4c0","content/lambda-calculus/church-rosser/beta-eta-reduction.tex","D681B2D4808BBC48731065075B22681C0893E5CD403940DE1EA69B7B187D8D75","codex/openlogic-ar","locale/ar/content/lambda-calculus/church-rosser/beta-eta-reduction.tex","ACCEPTED","codex/openlogic-fa-ir","locale/fa-IR/content/lambda-calculus/church-rosser/beta-eta-reduction.tex","ACCEPTED","OLP-0373","PASS_STATIC_SEMANTIC_SOURCE_CARRIER_EXPANSION_MORPHOLOGY_UNICODE_PAIRED_DIRECT_FILE_REPLAY_BUILD_DEFERRED_FOR_DEPENDENCY_CLOSURE"
"OLP-0373","373","9620cc73f9c8e0ad003c514a5d3748f29611c4c0","content/lambda-calculus/lambda-definability/lambda-definability.tex","36E3B3C1ABDDFC1B8AF03BC4BF0F2CB2539FFD6C9F18C8994B7BD79D9D7CC46B","codex/openlogic-ar","locale/ar/content/lambda-calculus/lambda-definability/lambda-definability.tex","ACCEPTED","codex/openlogic-fa-ir","locale/fa-IR/content/lambda-calculus/lambda-definability/lambda-definability.tex","ACCEPTED","OLP-0374","PASS_STATIC_SEMANTIC_SOURCE_CARRIER_EXPANSION_MORPHOLOGY_UNICODE_PAIRED_DIRECT_FILE_REPLAY_BUILD_DEFERRED_FOR_DEPENDENCY_CLOSURE"
"OLP-0374","374","9620cc73f9c8e0ad003c514a5d3748f29611c4c0","content/lambda-calculus/lambda-definability/introduction.tex","746BCC7288B64088E3070DA183AFF9B2B672C017135F4E5DA9229FB243DBB8DB","codex/openlogic-ar","locale/ar/content/lambda-calculus/lambda-definability/introduction.tex","ACCEPTED","codex/openlogic-fa-ir","locale/fa-IR/content/lambda-calculus/lambda-definability/introduction.tex","ACCEPTED","OLP-0375","PASS_STATIC_SEMANTIC_SOURCE_CARRIER_EXPANSION_MORPHOLOGY_UNICODE_PAIRED_DIRECT_FILE_REPLAY_BUILD_DEFERRED_FOR_DEPENDENCY_CLOSURE"
"OLP-0375","375","9620cc73f9c8e0ad003c514a5d3748f29611c4c0","content/lambda-calculus/lambda-definability/arithmetical-functions.tex","1E7500FB862E562250B59DF5E786130148B9565564417D060138F0542141FE2E","codex/openlogic-ar","locale/ar/content/lambda-calculus/lambda-definability/arithmetical-functions.tex","ACCEPTED","codex/openlogic-fa-ir","locale/fa-IR/content/lambda-calculus/lambda-definability/arithmetical-functions.tex","ACCEPTED","OLP-0376","PASS_STATIC_SEMANTIC_SOURCE_CARRIER_EXPANSION_MORPHOLOGY_UNICODE_PAIRED_DIRECT_FILE_REPLAY_BUILD_DEFERRED_FOR_DEPENDENCY_CLOSURE"
"OLP-0376","376","9620cc73f9c8e0ad003c514a5d3748f29611c4c0","content/lambda-calculus/lambda-definability/pairs.tex","9832C9A0D78AC0DC04080FCF7613D117C29A21FE27E51C3BB7F1E6A29C69EFDF","codex/openlogic-ar","locale/ar/content/lambda-calculus/lambda-definability/pairs.tex","ACCEPTED","codex/openlogic-fa-ir","locale/fa-IR/content/lambda-calculus/lambda-definability/pairs.tex","ACCEPTED","OLP-0377","PASS_STATIC_SEMANTIC_SOURCE_CARRIER_EXPANSION_MORPHOLOGY_UNICODE_PAIRED_DIRECT_FILE_REPLAY_BUILD_DEFERRED_FOR_DEPENDENCY_CLOSURE"
"OLP-0377","377","9620cc73f9c8e0ad003c514a5d3748f29611c4c0","content/lambda-calculus/lambda-definability/truth-values.tex","2BDE4662AF2AEFB9BE953D1F7ABF5E1AF20DD022705ECF28F33AA86866C8D8F0","codex/openlogic-ar","locale/ar/content/lambda-calculus/lambda-definability/truth-values.tex","ACCEPTED","codex/openlogic-fa-ir","locale/fa-IR/content/lambda-calculus/lambda-definability/truth-values.tex","ACCEPTED","OLP-0378","PASS_STATIC_SEMANTIC_SOURCE_CARRIER_EXPANSION_MORPHOLOGY_UNICODE_PAIRED_DIRECT_FILE_REPLAY_BUILD_DEFERRED_FOR_DEPENDENCY_CLOSURE"
"OLP-0378","378","9620cc73f9c8e0ad003c514a5d3748f29611c4c0","content/lambda-calculus/lambda-definability/primitive-recursive-functions.tex","9E059524ACC2A9576A93578FBB7FCBCB7E32DBE2A9B2BACC117B013E00B61B62","codex/openlogic-ar","locale/ar/content/lambda-calculus/lambda-definability/primitive-recursive-functions.tex","ACCEPTED","codex/openlogic-fa-ir","locale/fa-IR/content/lambda-calculus/lambda-definability/primitive-recursive-functions.tex","ACCEPTED","OLP-0379","PASS_STATIC_SEMANTIC_SOURCE_CARRIER_EXPANSION_MORPHOLOGY_UNICODE_PAIRED_DIRECT_FILE_REPLAY_BUILD_DEFERRED_FOR_DEPENDENCY_CLOSURE"
"OLP-0379","379","9620cc73f9c8e0ad003c514a5d3748f29611c4c0","content/lambda-calculus/lambda-definability/fixpoints.tex","02F6F79AC6FBA17035DC7CC4F4F658ECFEB16204CF0EC496E4D54F55613477E0","codex/openlogic-ar","locale/ar/content/lambda-calculus/lambda-definability/fixpoints.tex","ACCEPTED","codex/openlogic-fa-ir","locale/fa-IR/content/lambda-calculus/lambda-definability/fixpoints.tex","ACCEPTED","OLP-0380","PASS_STATIC_SEMANTIC_SOURCE_CARRIER_EXPANSION_MORPHOLOGY_UNICODE_PAIRED_DIRECT_FILE_REPLAY_BUILD_DEFERRED_FOR_DEPENDENCY_CLOSURE"
"OLP-0380","380","9620cc73f9c8e0ad003c514a5d3748f29611c4c0","content/lambda-calculus/lambda-definability/minimization.tex","792FDAB3FCA1C04B414385F66CB0C5D762134B661A9486B1E2664F29C27E89F7","codex/openlogic-ar","locale/ar/content/lambda-calculus/lambda-definability/minimization.tex","ACCEPTED","codex/openlogic-fa-ir","locale/fa-IR/content/lambda-calculus/lambda-definability/minimization.tex","ACCEPTED","OLP-0381","PASS_STATIC_SEMANTIC_SOURCE_CARRIER_EXPANSION_MORPHOLOGY_UNICODE_PAIRED_DIRECT_FILE_REPLAY_BUILD_DEFERRED_FOR_DEPENDENCY_CLOSURE"
"OLP-0381","381","9620cc73f9c8e0ad003c514a5d3748f29611c4c0","content/lambda-calculus/lambda-definability/partial-recursive-functions.tex","3CCA3C4E7B7823E4FF52AC123941EC65F13752083190B37E349E8BBA6A8B6E0E","codex/openlogic-ar","locale/ar/content/lambda-calculus/lambda-definability/partial-recursive-functions.tex","ACCEPTED","codex/openlogic-fa-ir","locale/fa-IR/content/lambda-calculus/lambda-definability/partial-recursive-functions.tex","ACCEPTED","OLP-0382","PASS_STATIC_SEMANTIC_SOURCE_CARRIER_EXPANSION_MORPHOLOGY_UNICODE_PAIRED_DIRECT_FILE_REPLAY_BUILD_DEFERRED_FOR_DEPENDENCY_CLOSURE"
"OLP-0382","382","9620cc73f9c8e0ad003c514a5d3748f29611c4c0","content/lambda-calculus/lambda-definability/lambda-definable-recursive.tex","5084B64A843552BDE883517CE5804906CD8EBA67397B9EBF59978E07717095D2","codex/openlogic-ar","locale/ar/content/lambda-calculus/lambda-definability/lambda-definable-recursive.tex","ACCEPTED","codex/openlogic-fa-ir","locale/fa-IR/content/lambda-calculus/lambda-definability/lambda-definable-recursive.tex","ACCEPTED","OLP-0383","PASS_STATIC_SEMANTIC_SOURCE_CARRIER_EXPANSION_MORPHOLOGY_UNICODE_PAIRED_DIRECT_FILE_REPLAY_BUILD_DEFERRED_FOR_DEPENDENCY_CLOSURE"
"OLP-0383","383","9620cc73f9c8e0ad003c514a5d3748f29611c4c0","content/many-valued-logic/many-valued-logic.tex","2A69D563AC25CD027173829161A4D4CA4232563D204085E80613F2479086ACF3","codex/openlogic-ar","locale/ar/content/many-valued-logic/many-valued-logic.tex","ACCEPTED","codex/openlogic-fa-ir","locale/fa-IR/content/many-valued-logic/many-valued-logic.tex","ACCEPTED","OLP-0384","PASS_STATIC_SEMANTIC_SOURCE_CARRIER_EXPANSION_MORPHOLOGY_UNICODE_PAIRED_DIRECT_FILE_REPLAY_BUILD_DEFERRED_FOR_DEPENDENCY_CLOSURE"
"OLP-0384","384","9620cc73f9c8e0ad003c514a5d3748f29611c4c0","content/many-valued-logic/syntax-and-semantics/syntax-and-semantics.tex","3F17BC4B7EA0FE51D95F584B107306EDD4100705EC27DCC791DF365570AADAAB","codex/openlogic-ar","locale/ar/content/many-valued-logic/syntax-and-semantics/syntax-and-semantics.tex","ACCEPTED","codex/openlogic-fa-ir","locale/fa-IR/content/many-valued-logic/syntax-and-semantics/syntax-and-semantics.tex","ACCEPTED","OLP-0385","PASS_STATIC_SEMANTIC_SOURCE_CARRIER_EXPANSION_MORPHOLOGY_UNICODE_PAIRED_DIRECT_FILE_REPLAY_BUILD_DEFERRED_FOR_DEPENDENCY_CLOSURE"
"OLP-0385","385","9620cc73f9c8e0ad003c514a5d3748f29611c4c0","content/many-valued-logic/syntax-and-semantics/introduction.tex","04E2F80166006666F802B240319654D7DAEC140E1272C37EABC916930B0E6212","codex/openlogic-ar","locale/ar/content/many-valued-logic/syntax-and-semantics/introduction.tex","ACCEPTED","codex/openlogic-fa-ir","locale/fa-IR/content/many-valued-logic/syntax-and-semantics/introduction.tex","ACCEPTED","OLP-0386","PASS_STATIC_SEMANTIC_SOURCE_CARRIER_EXPANSION_MORPHOLOGY_UNICODE_PAIRED_DIRECT_FILE_REPLAY_BUILD_DEFERRED_FOR_DEPENDENCY_CLOSURE"
"OLP-0386","386","9620cc73f9c8e0ad003c514a5d3748f29611c4c0","content/many-valued-logic/syntax-and-semantics/connectives.tex","3E857C9E560394DC6839B520DB3E2B71EF9E24B1F542648CCBE5AF70A9993458","codex/openlogic-ar","locale/ar/content/many-valued-logic/syntax-and-semantics/connectives.tex","ACCEPTED","codex/openlogic-fa-ir","locale/fa-IR/content/many-valued-logic/syntax-and-semantics/connectives.tex","ACCEPTED","OLP-0387","PASS_STATIC_SEMANTIC_SOURCE_CARRIER_EXPANSION_MORPHOLOGY_UNICODE_PAIRED_DIRECT_FILE_REPLAY_BUILD_DEFERRED_FOR_DEPENDENCY_CLOSURE"
"OLP-0387","387","9620cc73f9c8e0ad003c514a5d3748f29611c4c0","content/many-valued-logic/syntax-and-semantics/formulas.tex","8001A85D62CFF1F3207E029DBFCF21EF8D8581BE0A0E50FFD6CD5EC87CC1BD38","codex/openlogic-ar","locale/ar/content/many-valued-logic/syntax-and-semantics/formulas.tex","ACCEPTED","codex/openlogic-fa-ir","locale/fa-IR/content/many-valued-logic/syntax-and-semantics/formulas.tex","ACCEPTED","OLP-0388","PASS_STATIC_SEMANTIC_SOURCE_CARRIER_EXPANSION_MORPHOLOGY_UNICODE_PAIRED_DIRECT_FILE_REPLAY_BUILD_DEFERRED_FOR_DEPENDENCY_CLOSURE"
"OLP-0388","388","9620cc73f9c8e0ad003c514a5d3748f29611c4c0","content/many-valued-logic/syntax-and-semantics/matrices.tex","A4B18492278743DEE4B6DF353C9CFD427F153EB499561B546998138370224644","codex/openlogic-ar","locale/ar/content/many-valued-logic/syntax-and-semantics/matrices.tex","ACCEPTED","codex/openlogic-fa-ir","locale/fa-IR/content/many-valued-logic/syntax-and-semantics/matrices.tex","ACCEPTED","OLP-0389","PASS_STATIC_SEMANTIC_SOURCE_CARRIER_EXPANSION_MORPHOLOGY_UNICODE_PAIRED_DIRECT_FILE_REPLAY_BUILD_DEFERRED_FOR_DEPENDENCY_CLOSURE"
"OLP-0389","389","9620cc73f9c8e0ad003c514a5d3748f29611c4c0","content/many-valued-logic/syntax-and-semantics/valuations-sat.tex","97290AAC82C2C9F18CAB5C5207AA29BB556270F42378D41E9A9AEB301742438A","codex/openlogic-ar","locale/ar/content/many-valued-logic/syntax-and-semantics/valuations-sat.tex","ACCEPTED","codex/openlogic-fa-ir","locale/fa-IR/content/many-valued-logic/syntax-and-semantics/valuations-sat.tex","ACCEPTED","OLP-0390","PASS_STATIC_SEMANTIC_SOURCE_CARRIER_EXPANSION_MORPHOLOGY_UNICODE_PAIRED_DIRECT_FILE_REPLAY_BUILD_DEFERRED_FOR_DEPENDENCY_CLOSURE"
"OLP-0390","390","9620cc73f9c8e0ad003c514a5d3748f29611c4c0","content/many-valued-logic/syntax-and-semantics/semantic-notions.tex","B0D2713E104A374B3AFC7C351B18CDC6F8270A5804161C97BE024CA273BD2DF9","codex/openlogic-ar","locale/ar/content/many-valued-logic/syntax-and-semantics/semantic-notions.tex","ACCEPTED","codex/openlogic-fa-ir","locale/fa-IR/content/many-valued-logic/syntax-and-semantics/semantic-notions.tex","ACCEPTED","OLP-0391","PASS_STATIC_SEMANTIC_SOURCE_CARRIER_EXPANSION_MORPHOLOGY_UNICODE_PAIRED_DIRECT_FILE_REPLAY_BUILD_DEFERRED_FOR_DEPENDENCY_CLOSURE"
"OLP-0391","391","9620cc73f9c8e0ad003c514a5d3748f29611c4c0","content/many-valued-logic/syntax-and-semantics/sublogics.tex","E831E5CE1375C0EA5B2743D8C8C45CF0D8299DDE538CDF46284E34A968C665A1","codex/openlogic-ar","locale/ar/content/many-valued-logic/syntax-and-semantics/sublogics.tex","ACCEPTED","codex/openlogic-fa-ir","locale/fa-IR/content/many-valued-logic/syntax-and-semantics/sublogics.tex","ACCEPTED","OLP-0392","PASS_STATIC_SEMANTIC_SOURCE_CARRIER_EXPANSION_MORPHOLOGY_UNICODE_PAIRED_DIRECT_FILE_REPLAY_BUILD_DEFERRED_FOR_DEPENDENCY_CLOSURE"
"OLP-0392","392","9620cc73f9c8e0ad003c514a5d3748f29611c4c0","content/many-valued-logic/three-valued-logics/three-valued-logics.tex","8015AD7F225F913AA068BD9E9CBA20B78B35E0B3844C60FE8A3989F6C2D9AC74","codex/openlogic-ar","locale/ar/content/many-valued-logic/three-valued-logics/three-valued-logics.tex","ACCEPTED","codex/openlogic-fa-ir","locale/fa-IR/content/many-valued-logic/three-valued-logics/three-valued-logics.tex","ACCEPTED","OLP-0393","PASS_STATIC_SEMANTIC_SOURCE_CARRIER_EXPANSION_MORPHOLOGY_UNICODE_PAIRED_DIRECT_FILE_REPLAY_BUILD_DEFERRED_FOR_DEPENDENCY_CLOSURE"
"OLP-0393","393","9620cc73f9c8e0ad003c514a5d3748f29611c4c0","content/many-valued-logic/three-valued-logics/introduction.tex","3C037AAF7BCD3D7986C15CCFF60ECF1763AFABBAF0E2BE4C5A8961DE46382EEF","codex/openlogic-ar","locale/ar/content/many-valued-logic/three-valued-logics/introduction.tex","ACCEPTED","codex/openlogic-fa-ir","locale/fa-IR/content/many-valued-logic/three-valued-logics/introduction.tex","ACCEPTED","OLP-0394","PASS_STATIC_SEMANTIC_SOURCE_CARRIER_EXPANSION_MORPHOLOGY_UNICODE_PAIRED_DIRECT_FILE_REPLAY_BUILD_DEFERRED_FOR_DEPENDENCY_CLOSURE"
"OLP-0394","394","9620cc73f9c8e0ad003c514a5d3748f29611c4c0","content/many-valued-logic/three-valued-logics/lukasiewicz.tex","F4F46FAB1263AB5437FC91964CF3E61A658CA18F5739C520A43F4E45F669F2AB","codex/openlogic-ar","locale/ar/content/many-valued-logic/three-valued-logics/lukasiewicz.tex","ACCEPTED","codex/openlogic-fa-ir","locale/fa-IR/content/many-valued-logic/three-valued-logics/lukasiewicz.tex","ACCEPTED","OLP-0395","PASS_STATIC_SEMANTIC_SOURCE_CARRIER_EXPANSION_MORPHOLOGY_UNICODE_PAIRED_DIRECT_FILE_REPLAY_BUILD_DEFERRED_FOR_DEPENDENCY_CLOSURE"
"OLP-0395","395","9620cc73f9c8e0ad003c514a5d3748f29611c4c0","content/many-valued-logic/three-valued-logics/kleene.tex","5630D9CB5C6A43DDE8E85791827E95326EA0258B9BE9AECBEF3E89EE098CB376","codex/openlogic-ar","locale/ar/content/many-valued-logic/three-valued-logics/kleene.tex","ACCEPTED","codex/openlogic-fa-ir","locale/fa-IR/content/many-valued-logic/three-valued-logics/kleene.tex","ACCEPTED","OLP-0396","PASS_STATIC_SEMANTIC_SOURCE_CARRIER_EXPANSION_MORPHOLOGY_UNICODE_PAIRED_DIRECT_FILE_REPLAY_BUILD_DEFERRED_FOR_DEPENDENCY_CLOSURE"
"OLP-0396","396","9620cc73f9c8e0ad003c514a5d3748f29611c4c0","content/many-valued-logic/three-valued-logics/goedel.tex","DE6E29F7CF74C9EE8288354943E960DF3CCB3F50EBAA2921442B20C9ADAC13BF","codex/openlogic-ar","locale/ar/content/many-valued-logic/three-valued-logics/goedel.tex","ACCEPTED","codex/openlogic-fa-ir","locale/fa-IR/content/many-valued-logic/three-valued-logics/goedel.tex","ACCEPTED","OLP-0397","PASS_STATIC_SEMANTIC_SOURCE_CARRIER_EXPANSION_MORPHOLOGY_UNICODE_PAIRED_DIRECT_FILE_REPLAY_BUILD_DEFERRED_FOR_DEPENDENCY_CLOSURE"
"OLP-0397","397","9620cc73f9c8e0ad003c514a5d3748f29611c4c0","content/many-valued-logic/three-valued-logics/multiple-designation.tex","105D956C622E310BF3039FAA57D0FB5604531A143CC8C7BCF3C48D26EE038A09","codex/openlogic-ar","locale/ar/content/many-valued-logic/three-valued-logics/multiple-designation.tex","ACCEPTED","codex/openlogic-fa-ir","locale/fa-IR/content/many-valued-logic/three-valued-logics/multiple-designation.tex","ACCEPTED","OLP-0398","PASS_STATIC_SEMANTIC_SOURCE_CARRIER_EXPANSION_MORPHOLOGY_UNICODE_PAIRED_DIRECT_FILE_REPLAY_BUILD_DEFERRED_FOR_DEPENDENCY_CLOSURE"
"OLP-0398","398","9620cc73f9c8e0ad003c514a5d3748f29611c4c0","content/many-valued-logic/infinite-valued-logics/infinite-valued-logics.tex","FB04E81A62757C4D33472613879B832AAAB480E9BE4F9E8B7396299017352921","codex/openlogic-ar","locale/ar/content/many-valued-logic/infinite-valued-logics/infinite-valued-logics.tex","ACCEPTED","codex/openlogic-fa-ir","locale/fa-IR/content/many-valued-logic/infinite-valued-logics/infinite-valued-logics.tex","ACCEPTED","OLP-0399","PASS_STATIC_SEMANTIC_SOURCE_CARRIER_EXPANSION_MORPHOLOGY_UNICODE_PAIRED_DIRECT_FILE_REPLAY_BUILD_DEFERRED_FOR_DEPENDENCY_CLOSURE"
"OLP-0399","399","9620cc73f9c8e0ad003c514a5d3748f29611c4c0","content/many-valued-logic/infinite-valued-logics/introduction.tex","AFFD39B02580135E472D159F31CBE2A5805F344A9EAB515A4BCE7FD18999889E","codex/openlogic-ar","locale/ar/content/many-valued-logic/infinite-valued-logics/introduction.tex","ACCEPTED","codex/openlogic-fa-ir","locale/fa-IR/content/many-valued-logic/infinite-valued-logics/introduction.tex","ACCEPTED","OLP-0400","PASS_STATIC_SEMANTIC_SOURCE_CARRIER_EXPANSION_MORPHOLOGY_UNICODE_PAIRED_DIRECT_FILE_REPLAY_BUILD_DEFERRED_FOR_DEPENDENCY_CLOSURE"
"OLP-0400","400","9620cc73f9c8e0ad003c514a5d3748f29611c4c0","content/many-valued-logic/infinite-valued-logics/lukasiewicz.tex","3B6867D8660841A2E8CE81B27726E0848EFB71629EDD19AA77FD8CBC638ED543","codex/openlogic-ar","locale/ar/content/many-valued-logic/infinite-valued-logics/lukasiewicz.tex","ACCEPTED","codex/openlogic-fa-ir","locale/fa-IR/content/many-valued-logic/infinite-valued-logics/lukasiewicz.tex","ACCEPTED","OLP-0401","PASS_STATIC_SEMANTIC_SOURCE_CARRIER_EXPANSION_MORPHOLOGY_UNICODE_PAIRED_DIRECT_FILE_REPLAY_BUILD_DEFERRED_FOR_DEPENDENCY_CLOSURE"
"OLP-0401","401","9620cc73f9c8e0ad003c514a5d3748f29611c4c0","content/many-valued-logic/infinite-valued-logics/goedel.tex","E763954137E0C3ED9E2CE32D0ED248BD50E922F7F147FC0506E482878932314B","codex/openlogic-ar","locale/ar/content/many-valued-logic/infinite-valued-logics/goedel.tex","ACCEPTED","codex/openlogic-fa-ir","locale/fa-IR/content/many-valued-logic/infinite-valued-logics/goedel.tex","ACCEPTED","OLP-0402","PASS_STATIC_SEMANTIC_SOURCE_CARRIER_EXPANSION_MORPHOLOGY_UNICODE_PAIRED_DIRECT_FILE_REPLAY_BUILD_DEFERRED_FOR_DEPENDENCY_CLOSURE"
"OLP-0402","402","9620cc73f9c8e0ad003c514a5d3748f29611c4c0","content/many-valued-logic/sequent-calculus/sequent-calculus.tex","DEF8A764C8CB783A86A6704D96AE02529921A0BB30D118B4FE4CFF4AC667CF19","codex/openlogic-ar","locale/ar/content/many-valued-logic/sequent-calculus/sequent-calculus.tex","ACCEPTED","codex/openlogic-fa-ir","locale/fa-IR/content/many-valued-logic/sequent-calculus/sequent-calculus.tex","ACCEPTED","OLP-0403","PASS_STATIC_SEMANTIC_SOURCE_CARRIER_EXPANSION_MORPHOLOGY_UNICODE_PAIRED_DIRECT_FILE_REPLAY_BUILD_DEFERRED_FOR_DEPENDENCY_CLOSURE"
"OLP-0403","403","9620cc73f9c8e0ad003c514a5d3748f29611c4c0","content/many-valued-logic/sequent-calculus/introduction.tex","4077EEE65FB505AB3B97EBFC37616593B555252FAFBBBEBE0413981E0988BBE3","codex/openlogic-ar","locale/ar/content/many-valued-logic/sequent-calculus/introduction.tex","ACCEPTED","codex/openlogic-fa-ir","locale/fa-IR/content/many-valued-logic/sequent-calculus/introduction.tex","ACCEPTED","OLP-0404","PASS_STATIC_SEMANTIC_SOURCE_CARRIER_EXPANSION_MORPHOLOGY_UNICODE_PAIRED_DIRECT_FILE_REPLAY_BUILD_DEFERRED_FOR_DEPENDENCY_CLOSURE"
"OLP-0404","404","9620cc73f9c8e0ad003c514a5d3748f29611c4c0","content/many-valued-logic/sequent-calculus/rules-and-proofs.tex","BC7F60E5E64AD1000DB484141861723F90D7EEE4316D1885263C3DB652089972","codex/openlogic-ar","locale/ar/content/many-valued-logic/sequent-calculus/rules-and-proofs.tex","ACCEPTED","codex/openlogic-fa-ir","locale/fa-IR/content/many-valued-logic/sequent-calculus/rules-and-proofs.tex","ACCEPTED","OLP-0405","PASS_STATIC_SEMANTIC_SOURCE_CARRIER_EXPANSION_MORPHOLOGY_UNICODE_PAIRED_DIRECT_FILE_REPLAY_BUILD_DEFERRED_FOR_DEPENDENCY_CLOSURE"
"OLP-0405","405","9620cc73f9c8e0ad003c514a5d3748f29611c4c0","content/many-valued-logic/sequent-calculus/structural-rules.tex","56CFF0E33DCC908B72E501CD49A7DD69F0A70E4B74DCD2B84E9A18494848AF14","codex/openlogic-ar","locale/ar/content/many-valued-logic/sequent-calculus/structural-rules.tex","ACCEPTED","codex/openlogic-fa-ir","locale/fa-IR/content/many-valued-logic/sequent-calculus/structural-rules.tex","ACCEPTED","OLP-0406","PASS_STATIC_SEMANTIC_SOURCE_CARRIER_EXPANSION_MORPHOLOGY_UNICODE_PAIRED_DIRECT_FILE_REPLAY_BUILD_DEFERRED_FOR_DEPENDENCY_CLOSURE"
"OLP-0406","406","9620cc73f9c8e0ad003c514a5d3748f29611c4c0","content/many-valued-logic/sequent-calculus/propositional-rules.tex","0D74A6C4BA24D5178D205FD05971DD4684E3D8FCDAE367878AB857E3A54513B6","codex/openlogic-ar","locale/ar/content/many-valued-logic/sequent-calculus/propositional-rules.tex","ACCEPTED","codex/openlogic-fa-ir","locale/fa-IR/content/many-valued-logic/sequent-calculus/propositional-rules.tex","ACCEPTED","OLP-0407","PASS_STATIC_SEMANTIC_SOURCE_CARRIER_EXPANSION_MORPHOLOGY_UNICODE_PAIRED_DIRECT_FILE_REPLAY_BUILD_DEFERRED_FOR_DEPENDENCY_CLOSURE"
"OLP-0407","407","9620cc73f9c8e0ad003c514a5d3748f29611c4c0","content/normal-modal-logic/normal-modal-logic.tex","E388C5BD59B5F2AC9FEE081E6645262CFD0361CDC72D3E1D6F51F07788F87077","codex/openlogic-ar","locale/ar/content/normal-modal-logic/normal-modal-logic.tex","ACCEPTED","codex/openlogic-fa-ir","locale/fa-IR/content/normal-modal-logic/normal-modal-logic.tex","ACCEPTED","OLP-0408","PASS_STATIC_SEMANTIC_SOURCE_CARRIER_EXPANSION_MORPHOLOGY_UNICODE_PAIRED_DIRECT_FILE_REPLAY_BUILD_DEFERRED_FOR_DEPENDENCY_CLOSURE"
"OLP-0408","408","9620cc73f9c8e0ad003c514a5d3748f29611c4c0","content/normal-modal-logic/syntax-and-semantics/syntax-and-semantics.tex","5E8E509437C77846B7EC17BDC55A8C960FCD45CFFC363A55830EBC76AC6B03FE","codex/openlogic-ar","locale/ar/content/normal-modal-logic/syntax-and-semantics/syntax-and-semantics.tex","ACCEPTED","codex/openlogic-fa-ir","locale/fa-IR/content/normal-modal-logic/syntax-and-semantics/syntax-and-semantics.tex","ACCEPTED","OLP-0409","PASS_STATIC_SEMANTIC_SOURCE_CARRIER_EXPANSION_MORPHOLOGY_UNICODE_PAIRED_DIRECT_FILE_REPLAY_BUILD_DEFERRED_FOR_DEPENDENCY_CLOSURE"
"OLP-0409","409","9620cc73f9c8e0ad003c514a5d3748f29611c4c0","content/normal-modal-logic/syntax-and-semantics/introduction.tex","42C2F00E8F81AAB33744C17ECD192E38262A12CFFA935CABB079A56E541618E2","codex/openlogic-ar","locale/ar/content/normal-modal-logic/syntax-and-semantics/introduction.tex","ACCEPTED","codex/openlogic-fa-ir","locale/fa-IR/content/normal-modal-logic/syntax-and-semantics/introduction.tex","ACCEPTED","OLP-0410","PASS_STATIC_SEMANTIC_SOURCE_CARRIER_EXPANSION_MORPHOLOGY_UNICODE_PAIRED_DIRECT_FILE_REPLAY_BUILD_DEFERRED_FOR_DEPENDENCY_CLOSURE"
"OLP-0410","410","9620cc73f9c8e0ad003c514a5d3748f29611c4c0","content/normal-modal-logic/syntax-and-semantics/language-modal-logic.tex","ADACD15035D83E6B193AEF874044156015BF168E67966833D5CDB5C064BDCE1D","codex/openlogic-ar","locale/ar/content/normal-modal-logic/syntax-and-semantics/language-modal-logic.tex","ACCEPTED","codex/openlogic-fa-ir","locale/fa-IR/content/normal-modal-logic/syntax-and-semantics/language-modal-logic.tex","ACCEPTED","OLP-0411","PASS_STATIC_SEMANTIC_SOURCE_CARRIER_EXPANSION_MORPHOLOGY_UNICODE_PAIRED_DIRECT_FILE_REPLAY_BUILD_DEFERRED_FOR_DEPENDENCY_CLOSURE"
"OLP-0411","411","9620cc73f9c8e0ad003c514a5d3748f29611c4c0","content/normal-modal-logic/syntax-and-semantics/substitution.tex","0BB0F93514FF2AC33A6A21DBBF58CBFDCBA80F31440588D322EF2B74CB2920C8","codex/openlogic-ar","locale/ar/content/normal-modal-logic/syntax-and-semantics/substitution.tex","ACCEPTED","codex/openlogic-fa-ir","locale/fa-IR/content/normal-modal-logic/syntax-and-semantics/substitution.tex","ACCEPTED","OLP-0412","PASS_STATIC_SEMANTIC_SOURCE_CARRIER_EXPANSION_MORPHOLOGY_UNICODE_PAIRED_DIRECT_FILE_REPLAY_BUILD_DEFERRED_FOR_DEPENDENCY_CLOSURE"
"OLP-0412","412","9620cc73f9c8e0ad003c514a5d3748f29611c4c0","content/normal-modal-logic/syntax-and-semantics/relational-models.tex","44275EA8CFE80A1E854FBC630DD3D5E37EAD7E8B0223BAA0FE6DF4E23B806F77","codex/openlogic-ar","locale/ar/content/normal-modal-logic/syntax-and-semantics/relational-models.tex","ACCEPTED","codex/openlogic-fa-ir","locale/fa-IR/content/normal-modal-logic/syntax-and-semantics/relational-models.tex","ACCEPTED","OLP-0413","PASS_STATIC_SEMANTIC_SOURCE_CARRIER_EXPANSION_MORPHOLOGY_UNICODE_PAIRED_DIRECT_FILE_REPLAY_BUILD_DEFERRED_FOR_DEPENDENCY_CLOSURE"
"OLP-0413","413","9620cc73f9c8e0ad003c514a5d3748f29611c4c0","content/normal-modal-logic/syntax-and-semantics/truth-at-w.tex","082E6F52306E829AB4B612BE9237998CF1D08BEC190F972D849B8F6B5E74E8CC","codex/openlogic-ar","locale/ar/content/normal-modal-logic/syntax-and-semantics/truth-at-w.tex","ACCEPTED","codex/openlogic-fa-ir","locale/fa-IR/content/normal-modal-logic/syntax-and-semantics/truth-at-w.tex","ACCEPTED","OLP-0414","PASS_STATIC_SEMANTIC_SOURCE_CARRIER_EXPANSION_MORPHOLOGY_UNICODE_PAIRED_DIRECT_FILE_REPLAY_BUILD_DEFERRED_FOR_DEPENDENCY_CLOSURE"
"OLP-0414","414","9620cc73f9c8e0ad003c514a5d3748f29611c4c0","content/normal-modal-logic/syntax-and-semantics/truth-in-model.tex","D5DE1040475BC5914585DDDBF1D0A6988B91B47370448007D5B8D6149B8155AA","codex/openlogic-ar","locale/ar/content/normal-modal-logic/syntax-and-semantics/truth-in-model.tex","ACCEPTED","codex/openlogic-fa-ir","locale/fa-IR/content/normal-modal-logic/syntax-and-semantics/truth-in-model.tex","ACCEPTED","OLP-0415","PASS_STATIC_SEMANTIC_SOURCE_CARRIER_EXPANSION_MORPHOLOGY_UNICODE_PAIRED_DIRECT_FILE_REPLAY_BUILD_DEFERRED_FOR_DEPENDENCY_CLOSURE"
"OLP-0415","415","9620cc73f9c8e0ad003c514a5d3748f29611c4c0","content/normal-modal-logic/syntax-and-semantics/modal-validity.tex","23DF39BEE4D4509F5B47252DE718B4D838A2C05D92E7DE008104B0BB5DAA6A4F","codex/openlogic-ar","locale/ar/content/normal-modal-logic/syntax-and-semantics/modal-validity.tex","ACCEPTED","codex/openlogic-fa-ir","locale/fa-IR/content/normal-modal-logic/syntax-and-semantics/modal-validity.tex","ACCEPTED","OLP-0416","PASS_STATIC_SEMANTIC_SOURCE_CARRIER_EXPANSION_MORPHOLOGY_UNICODE_PAIRED_DIRECT_FILE_REPLAY_BUILD_DEFERRED_FOR_DEPENDENCY_CLOSURE"
"OLP-0416","416","9620cc73f9c8e0ad003c514a5d3748f29611c4c0","content/normal-modal-logic/syntax-and-semantics/tautological-instances.tex","66C19333C30BEF87CDCAB48001EE3ADE880047253538863BA985D33DDBC34905","codex/openlogic-ar","locale/ar/content/normal-modal-logic/syntax-and-semantics/tautological-instances.tex","ACCEPTED","codex/openlogic-fa-ir","locale/fa-IR/content/normal-modal-logic/syntax-and-semantics/tautological-instances.tex","ACCEPTED","OLP-0417","PASS_STATIC_SEMANTIC_SOURCE_CARRIER_EXPANSION_MORPHOLOGY_UNICODE_PAIRED_DIRECT_FILE_REPLAY_BUILD_DEFERRED_FOR_DEPENDENCY_CLOSURE"
"OLP-0417","417","9620cc73f9c8e0ad003c514a5d3748f29611c4c0","content/normal-modal-logic/syntax-and-semantics/schemas.tex","5C9F569FBEE942E71C14AAB2686C1D8034A553E2AE7C92B2AFCAA1CEBD66CEF7","codex/openlogic-ar","locale/ar/content/normal-modal-logic/syntax-and-semantics/schemas.tex","ACCEPTED","codex/openlogic-fa-ir","locale/fa-IR/content/normal-modal-logic/syntax-and-semantics/schemas.tex","ACCEPTED","OLP-0418","PASS_STATIC_SEMANTIC_SOURCE_CARRIER_EXPANSION_MORPHOLOGY_UNICODE_PAIRED_DIRECT_FILE_REPLAY_BUILD_DEFERRED_FOR_DEPENDENCY_CLOSURE"
"OLP-0418","418","9620cc73f9c8e0ad003c514a5d3748f29611c4c0","content/normal-modal-logic/syntax-and-semantics/entailment.tex","101130800880B56A39C7D9DEA583488C625739DECEEAA402E90FD22D47962A05","codex/openlogic-ar","locale/ar/content/normal-modal-logic/syntax-and-semantics/entailment.tex","ACCEPTED","codex/openlogic-fa-ir","locale/fa-IR/content/normal-modal-logic/syntax-and-semantics/entailment.tex","ACCEPTED","OLP-0419","PASS_STATIC_SEMANTIC_SOURCE_CARRIER_EXPANSION_MORPHOLOGY_UNICODE_PAIRED_DIRECT_FILE_REPLAY_BUILD_DEFERRED_FOR_DEPENDENCY_CLOSURE"
"OLP-0419","419","9620cc73f9c8e0ad003c514a5d3748f29611c4c0","content/normal-modal-logic/frame-definability/frame-definability.tex","8FA74CA1A369C2DBD54BF32A2F71F1568A5A4138F15378624998CE37E2A70153","codex/openlogic-ar","locale/ar/content/normal-modal-logic/frame-definability/frame-definability.tex","ACCEPTED","codex/openlogic-fa-ir","locale/fa-IR/content/normal-modal-logic/frame-definability/frame-definability.tex","ACCEPTED","OLP-0420","PASS_STATIC_SEMANTIC_SOURCE_CARRIER_EXPANSION_MORPHOLOGY_UNICODE_PAIRED_DIRECT_FILE_REPLAY_BUILD_DEFERRED_FOR_DEPENDENCY_CLOSURE"
"OLP-0420","420","9620cc73f9c8e0ad003c514a5d3748f29611c4c0","content/normal-modal-logic/frame-definability/introduction.tex","9A12846CC6AEC1571D7BEA28A1006355FD1701AE4FEE0118742210179589DFA9","codex/openlogic-ar","locale/ar/content/normal-modal-logic/frame-definability/introduction.tex","ACCEPTED","codex/openlogic-fa-ir","locale/fa-IR/content/normal-modal-logic/frame-definability/introduction.tex","ACCEPTED","OLP-0421","PASS_STATIC_SEMANTIC_SOURCE_CARRIER_EXPANSION_MORPHOLOGY_UNICODE_PAIRED_DIRECT_FILE_REPLAY_BUILD_DEFERRED_FOR_DEPENDENCY_CLOSURE"
"OLP-0421","421","9620cc73f9c8e0ad003c514a5d3748f29611c4c0","content/normal-modal-logic/frame-definability/properties-accessibility.tex","6934AAC16103B285862B4C8619A88082D92D60DFB66F0A5C93ED746B52316D20","codex/openlogic-ar","locale/ar/content/normal-modal-logic/frame-definability/properties-accessibility.tex","ACCEPTED","codex/openlogic-fa-ir","locale/fa-IR/content/normal-modal-logic/frame-definability/properties-accessibility.tex","ACCEPTED","OLP-0422","PASS_STATIC_SEMANTIC_SOURCE_CARRIER_EXPANSION_MORPHOLOGY_UNICODE_PAIRED_DIRECT_FILE_REPLAY_BUILD_DEFERRED_FOR_DEPENDENCY_CLOSURE"
"OLP-0422","422","9620cc73f9c8e0ad003c514a5d3748f29611c4c0","content/normal-modal-logic/frame-definability/frames.tex","E53B6ADDD368A8E69F4CA6DF17FDC151634EF3B235C582F0195A453F0F35DE27","codex/openlogic-ar","locale/ar/content/normal-modal-logic/frame-definability/frames.tex","ACCEPTED","codex/openlogic-fa-ir","locale/fa-IR/content/normal-modal-logic/frame-definability/frames.tex","ACCEPTED","OLP-0423","PASS_STATIC_SEMANTIC_SOURCE_CARRIER_EXPANSION_MORPHOLOGY_UNICODE_PAIRED_DIRECT_FILE_REPLAY_BUILD_DEFERRED_FOR_DEPENDENCY_CLOSURE"
"OLP-0423","423","9620cc73f9c8e0ad003c514a5d3748f29611c4c0","content/normal-modal-logic/frame-definability/definability.tex","072DFD4F743977F825A23D779CA9236013811255AEE629948A92B96BFB4CBEFD","codex/openlogic-ar","locale/ar/content/normal-modal-logic/frame-definability/definability.tex","ACCEPTED","codex/openlogic-fa-ir","locale/fa-IR/content/normal-modal-logic/frame-definability/definability.tex","ACCEPTED","OLP-0424","PASS_STATIC_SEMANTIC_SOURCE_CARRIER_EXPANSION_MORPHOLOGY_UNICODE_PAIRED_DIRECT_FILE_REPLAY_BUILD_DEFERRED_FOR_DEPENDENCY_CLOSURE"
"OLP-0424","424","9620cc73f9c8e0ad003c514a5d3748f29611c4c0","content/normal-modal-logic/frame-definability/first-order-definability.tex","2C0B37BF344B0CD2841CA978E5F2999C1173694C45709DEE037C887C5E91C5A1","codex/openlogic-ar","locale/ar/content/normal-modal-logic/frame-definability/first-order-definability.tex","ACCEPTED","codex/openlogic-fa-ir","locale/fa-IR/content/normal-modal-logic/frame-definability/first-order-definability.tex","ACCEPTED","OLP-0425","PASS_STATIC_SEMANTIC_SOURCE_CARRIER_EXPANSION_MORPHOLOGY_UNICODE_PAIRED_DIRECT_FILE_REPLAY_BUILD_DEFERRED_FOR_DEPENDENCY_CLOSURE"
"OLP-0425","425","9620cc73f9c8e0ad003c514a5d3748f29611c4c0","content/normal-modal-logic/frame-definability/equivalence-S5.tex","8E65223DEDE5D8D51BCB8416F051F72B483F092FBC48A78F7039BE70EE13935D","codex/openlogic-ar","locale/ar/content/normal-modal-logic/frame-definability/equivalence-S5.tex","ACCEPTED","codex/openlogic-fa-ir","locale/fa-IR/content/normal-modal-logic/frame-definability/equivalence-S5.tex","ACCEPTED","OLP-0426","PASS_STATIC_SEMANTIC_SOURCE_CARRIER_EXPANSION_MORPHOLOGY_UNICODE_PAIRED_DIRECT_FILE_REPLAY_BUILD_DEFERRED_FOR_DEPENDENCY_CLOSURE"
"OLP-0426","426","9620cc73f9c8e0ad003c514a5d3748f29611c4c0","content/normal-modal-logic/frame-definability/second-order-definability.tex","94E8A7AA4E08B6783C65C18A10192DD49F82B14ACBD1133DD3830ABB6F324CE0","codex/openlogic-ar","locale/ar/content/normal-modal-logic/frame-definability/second-order-definability.tex","ACCEPTED","codex/openlogic-fa-ir","locale/fa-IR/content/normal-modal-logic/frame-definability/second-order-definability.tex","ACCEPTED","OLP-0427","PASS_STATIC_SEMANTIC_SOURCE_CARRIER_EXPANSION_MORPHOLOGY_UNICODE_PAIRED_DIRECT_FILE_REPLAY_BUILD_DEFERRED_FOR_DEPENDENCY_CLOSURE"
"OLP-0427","427","9620cc73f9c8e0ad003c514a5d3748f29611c4c0","content/normal-modal-logic/axioms-systems/axioms-systems.tex","E914516589D120A2AA25BBA0CB22C79853F972C93831EE984CF1C317A7F4E872","codex/openlogic-ar","locale/ar/content/normal-modal-logic/axioms-systems/axioms-systems.tex","ACCEPTED","codex/openlogic-fa-ir","locale/fa-IR/content/normal-modal-logic/axioms-systems/axioms-systems.tex","ACCEPTED","OLP-0428","PASS_STATIC_SEMANTIC_SOURCE_CARRIER_EXPANSION_MORPHOLOGY_UNICODE_PAIRED_DIRECT_FILE_REPLAY_BUILD_DEFERRED_FOR_DEPENDENCY_CLOSURE"
"OLP-0428","428","9620cc73f9c8e0ad003c514a5d3748f29611c4c0","content/normal-modal-logic/axioms-systems/introduction.tex","DA7134AD2FB27E1B08C74D4E6286A6E6036E07E55B43F79C8E3BE8B2C673A56C","codex/openlogic-ar","locale/ar/content/normal-modal-logic/axioms-systems/introduction.tex","ACCEPTED","codex/openlogic-fa-ir","locale/fa-IR/content/normal-modal-logic/axioms-systems/introduction.tex","ACCEPTED","OLP-0429","PASS_STATIC_SEMANTIC_SOURCE_CARRIER_EXPANSION_MORPHOLOGY_UNICODE_PAIRED_DIRECT_FILE_REPLAY_BUILD_DEFERRED_FOR_DEPENDENCY_CLOSURE"
"OLP-0429","429","9620cc73f9c8e0ad003c514a5d3748f29611c4c0","content/normal-modal-logic/axioms-systems/normal-logics.tex","26665F5C6237CF0FA90F5CA122FD38E0278DE2EB3E385CEAF656E8119DE0B746","codex/openlogic-ar","locale/ar/content/normal-modal-logic/axioms-systems/normal-logics.tex","ACCEPTED","codex/openlogic-fa-ir","locale/fa-IR/content/normal-modal-logic/axioms-systems/normal-logics.tex","ACCEPTED","OLP-0430","PASS_STATIC_SEMANTIC_SOURCE_CARRIER_EXPANSION_MORPHOLOGY_UNICODE_PAIRED_DIRECT_FILE_REPLAY_BUILD_DEFERRED_FOR_DEPENDENCY_CLOSURE"
"OLP-0430","430","9620cc73f9c8e0ad003c514a5d3748f29611c4c0","content/normal-modal-logic/axioms-systems/logics-proofs.tex","391EC991C00E706DE0B49EC44606BDDC392109911138A3A506A611FD72548774","codex/openlogic-ar","locale/ar/content/normal-modal-logic/axioms-systems/logics-proofs.tex","ACCEPTED","codex/openlogic-fa-ir","locale/fa-IR/content/normal-modal-logic/axioms-systems/logics-proofs.tex","ACCEPTED","OLP-0431","PASS_STATIC_SEMANTIC_SOURCE_CARRIER_EXPANSION_MORPHOLOGY_UNICODE_PAIRED_DIRECT_FILE_REPLAY_BUILD_DEFERRED_FOR_DEPENDENCY_CLOSURE"
"OLP-0431","431","9620cc73f9c8e0ad003c514a5d3748f29611c4c0","content/normal-modal-logic/axioms-systems/proofs-in-K.tex","2898ED73E8BFCFA8908CE113E21931F8D6F8F275E3BDFD0CB304AA907632D8DD","codex/openlogic-ar","locale/ar/content/normal-modal-logic/axioms-systems/proofs-in-K.tex","ACCEPTED","codex/openlogic-fa-ir","locale/fa-IR/content/normal-modal-logic/axioms-systems/proofs-in-K.tex","ACCEPTED","OLP-0432","PASS_STATIC_SEMANTIC_SOURCE_CARRIER_EXPANSION_MORPHOLOGY_UNICODE_PAIRED_DIRECT_FILE_REPLAY_BUILD_DEFERRED_FOR_DEPENDENCY_CLOSURE"
"OLP-0432","432","9620cc73f9c8e0ad003c514a5d3748f29611c4c0","content/normal-modal-logic/axioms-systems/derived-rules.tex","F1C5297BA77E51AA0D3311330A018D6E9EDD0E002512F730CE32C18B75C47245","codex/openlogic-ar","locale/ar/content/normal-modal-logic/axioms-systems/derived-rules.tex","ACCEPTED","codex/openlogic-fa-ir","locale/fa-IR/content/normal-modal-logic/axioms-systems/derived-rules.tex","ACCEPTED","OLP-0433","PASS_STATIC_SEMANTIC_SOURCE_CARRIER_EXPANSION_MORPHOLOGY_UNICODE_PAIRED_DIRECT_FILE_REPLAY_BUILD_DEFERRED_FOR_DEPENDENCY_CLOSURE"
"OLP-0433","433","9620cc73f9c8e0ad003c514a5d3748f29611c4c0","content/normal-modal-logic/axioms-systems/more-proofs-in-K.tex","B9162A0C9F7C828FEFB03D65E0F8385AA3BFD4391256B63547752AA1363F1BFB","codex/openlogic-ar","locale/ar/content/normal-modal-logic/axioms-systems/more-proofs-in-K.tex","ACCEPTED","codex/openlogic-fa-ir","locale/fa-IR/content/normal-modal-logic/axioms-systems/more-proofs-in-K.tex","ACCEPTED","OLP-0434","PASS_STATIC_SEMANTIC_SOURCE_CARRIER_EXPANSION_MORPHOLOGY_UNICODE_PAIRED_DIRECT_FILE_REPLAY_BUILD_DEFERRED_FOR_DEPENDENCY_CLOSURE"
"OLP-0434","434","9620cc73f9c8e0ad003c514a5d3748f29611c4c0","content/normal-modal-logic/axioms-systems/duals.tex","4F0C9AC68870B3FDAEA3140AECE1216922A75856066BA1FF7FBD1A45E7372408","codex/openlogic-ar","locale/ar/content/normal-modal-logic/axioms-systems/duals.tex","ACCEPTED","codex/openlogic-fa-ir","locale/fa-IR/content/normal-modal-logic/axioms-systems/duals.tex","ACCEPTED","OLP-0435","PASS_STATIC_SEMANTIC_SOURCE_CARRIER_EXPANSION_MORPHOLOGY_UNICODE_PAIRED_DIRECT_FILE_REPLAY_BUILD_DEFERRED_FOR_DEPENDENCY_CLOSURE"
"OLP-0435","435","9620cc73f9c8e0ad003c514a5d3748f29611c4c0","content/normal-modal-logic/axioms-systems/proofs-modal-systems.tex","3489600C68C1C7BA7EA7DD17E194F984626AC182C05F2CD541A89157EB4411AC","codex/openlogic-ar","locale/ar/content/normal-modal-logic/axioms-systems/proofs-modal-systems.tex","ACCEPTED","codex/openlogic-fa-ir","locale/fa-IR/content/normal-modal-logic/axioms-systems/proofs-modal-systems.tex","ACCEPTED","OLP-0436","PASS_STATIC_SEMANTIC_SOURCE_CARRIER_EXPANSION_MORPHOLOGY_UNICODE_PAIRED_DIRECT_FILE_REPLAY_BUILD_DEFERRED_FOR_DEPENDENCY_CLOSURE"
"OLP-0436","436","9620cc73f9c8e0ad003c514a5d3748f29611c4c0","content/normal-modal-logic/axioms-systems/soundness.tex","89F0604C1941ABA0796C9051F249E216020E9325C2BA134D6A6D8112CC717E16","codex/openlogic-ar","locale/ar/content/normal-modal-logic/axioms-systems/soundness.tex","ACCEPTED","codex/openlogic-fa-ir","locale/fa-IR/content/normal-modal-logic/axioms-systems/soundness.tex","ACCEPTED","OLP-0437","PASS_STATIC_SEMANTIC_SOURCE_CARRIER_EXPANSION_MORPHOLOGY_UNICODE_PAIRED_DIRECT_FILE_REPLAY_BUILD_DEFERRED_FOR_DEPENDENCY_CLOSURE"
"OLP-0437","437","9620cc73f9c8e0ad003c514a5d3748f29611c4c0","content/normal-modal-logic/axioms-systems/systems-distinct.tex","57C9746F7D2E1760BBE52EC023690E0C3C42A5E73E421BAE868F29F1C804C9AF","codex/openlogic-ar","locale/ar/content/normal-modal-logic/axioms-systems/systems-distinct.tex","ACCEPTED","codex/openlogic-fa-ir","locale/fa-IR/content/normal-modal-logic/axioms-systems/systems-distinct.tex","ACCEPTED","OLP-0438","PASS_STATIC_SEMANTIC_SOURCE_CARRIER_EXPANSION_MORPHOLOGY_UNICODE_PAIRED_DIRECT_FILE_REPLAY_BUILD_DEFERRED_FOR_DEPENDENCY_CLOSURE"
"OLP-0438","438","9620cc73f9c8e0ad003c514a5d3748f29611c4c0","content/normal-modal-logic/axioms-systems/provability-from-set.tex","79B830DE121E4EE1530FC2597AEAA2F4982A77E9CBA947DACA4E9C1936217E27","codex/openlogic-ar","locale/ar/content/normal-modal-logic/axioms-systems/provability-from-set.tex","ACCEPTED","codex/openlogic-fa-ir","locale/fa-IR/content/normal-modal-logic/axioms-systems/provability-from-set.tex","ACCEPTED","OLP-0439","PASS_STATIC_SEMANTIC_SOURCE_CARRIER_EXPANSION_MORPHOLOGY_UNICODE_PAIRED_DIRECT_FILE_REPLAY_BUILD_DEFERRED_FOR_DEPENDENCY_CLOSURE"
"OLP-0439","439","9620cc73f9c8e0ad003c514a5d3748f29611c4c0","content/normal-modal-logic/axioms-systems/provability-properties.tex","BEBB71C5532F0A55E4DEFC889B06EF952A7685D85C3770956BE02206CC85BF13","codex/openlogic-ar","locale/ar/content/normal-modal-logic/axioms-systems/provability-properties.tex","ACCEPTED","codex/openlogic-fa-ir","locale/fa-IR/content/normal-modal-logic/axioms-systems/provability-properties.tex","ACCEPTED","OLP-0440","PASS_STATIC_SEMANTIC_SOURCE_CARRIER_EXPANSION_MORPHOLOGY_UNICODE_PAIRED_DIRECT_FILE_REPLAY_BUILD_DEFERRED_FOR_DEPENDENCY_CLOSURE"
"OLP-0440","440","9620cc73f9c8e0ad003c514a5d3748f29611c4c0","content/normal-modal-logic/axioms-systems/consistency.tex","11AEE245BD1A68BA94B144186FBED464BBAD4EF44CD7B9571E8074873F673E29","codex/openlogic-ar","locale/ar/content/normal-modal-logic/axioms-systems/consistency.tex","ACCEPTED","codex/openlogic-fa-ir","locale/fa-IR/content/normal-modal-logic/axioms-systems/consistency.tex","ACCEPTED","OLP-0441","PASS_STATIC_SEMANTIC_SOURCE_CARRIER_EXPANSION_MORPHOLOGY_UNICODE_PAIRED_DIRECT_FILE_REPLAY_BUILD_DEFERRED_FOR_DEPENDENCY_CLOSURE"
"OLP-0441","441","9620cc73f9c8e0ad003c514a5d3748f29611c4c0","content/normal-modal-logic/completeness/completeness.tex","17BD97FE5B7130AFBC9FB23960172F806D216C7E3DB0D10CB695BDB741F7DA8E","codex/openlogic-ar","locale/ar/content/normal-modal-logic/completeness/completeness.tex","ACCEPTED","codex/openlogic-fa-ir","locale/fa-IR/content/normal-modal-logic/completeness/completeness.tex","ACCEPTED","OLP-0442","PASS_STATIC_SEMANTIC_SOURCE_CARRIER_EXPANSION_MORPHOLOGY_UNICODE_PAIRED_DIRECT_FILE_REPLAY_BUILD_DEFERRED_FOR_DEPENDENCY_CLOSURE"
"OLP-0442","442","9620cc73f9c8e0ad003c514a5d3748f29611c4c0","content/normal-modal-logic/completeness/introduction.tex","D500FD6FAF4D5C34B98FE64E568BFA8666CB6C740020C628F69B880AC4E5E222","codex/openlogic-ar","locale/ar/content/normal-modal-logic/completeness/introduction.tex","ACCEPTED","codex/openlogic-fa-ir","locale/fa-IR/content/normal-modal-logic/completeness/introduction.tex","ACCEPTED","OLP-0443","PASS_STATIC_SEMANTIC_SOURCE_CARRIER_EXPANSION_MORPHOLOGY_UNICODE_PAIRED_DIRECT_FILE_REPLAY_BUILD_DEFERRED_FOR_DEPENDENCY_CLOSURE"
"OLP-0443","443","9620cc73f9c8e0ad003c514a5d3748f29611c4c0","content/normal-modal-logic/completeness/complete-consistent-sets.tex","AD1E90F6A43EE549D4093244ECFDAEA486413DA09E24C0912463823F5251D6EE","codex/openlogic-ar","locale/ar/content/normal-modal-logic/completeness/complete-consistent-sets.tex","ACCEPTED","codex/openlogic-fa-ir","locale/fa-IR/content/normal-modal-logic/completeness/complete-consistent-sets.tex","ACCEPTED","OLP-0444","PASS_STATIC_SEMANTIC_SOURCE_CARRIER_EXPANSION_MORPHOLOGY_UNICODE_PAIRED_DIRECT_FILE_REPLAY_BUILD_DEFERRED_FOR_DEPENDENCY_CLOSURE"
"OLP-0444","444","9620cc73f9c8e0ad003c514a5d3748f29611c4c0","content/normal-modal-logic/completeness/lindenbaums-lemma.tex","3C6D6919FAF4FAD025E8DD5C44B280699E607071A49A03D24E7D9927B257AB50","codex/openlogic-ar","locale/ar/content/normal-modal-logic/completeness/lindenbaums-lemma.tex","ACCEPTED","codex/openlogic-fa-ir","locale/fa-IR/content/normal-modal-logic/completeness/lindenbaums-lemma.tex","ACCEPTED","OLP-0445","PASS_STATIC_SEMANTIC_SOURCE_CARRIER_EXPANSION_MORPHOLOGY_UNICODE_PAIRED_DIRECT_FILE_REPLAY_BUILD_DEFERRED_FOR_DEPENDENCY_CLOSURE"
"OLP-0445","445","9620cc73f9c8e0ad003c514a5d3748f29611c4c0","content/normal-modal-logic/completeness/modalities-ccs.tex","91E1E53BF83994EE0FA725946F68747AA9124A7786295BCC75DAF7C2F12E1382","codex/openlogic-ar","locale/ar/content/normal-modal-logic/completeness/modalities-ccs.tex","ACCEPTED","codex/openlogic-fa-ir","locale/fa-IR/content/normal-modal-logic/completeness/modalities-ccs.tex","ACCEPTED","OLP-0446","PASS_STATIC_SEMANTIC_SOURCE_CARRIER_EXPANSION_MORPHOLOGY_UNICODE_PAIRED_DIRECT_FILE_REPLAY_BUILD_DEFERRED_FOR_DEPENDENCY_CLOSURE"
"OLP-0446","446","9620cc73f9c8e0ad003c514a5d3748f29611c4c0","content/normal-modal-logic/completeness/canonical-models.tex","CAB236B83360CAC46B744DAE936E62E6E17148F2D848F7DADC5CFD7F75242EEF","codex/openlogic-ar","locale/ar/content/normal-modal-logic/completeness/canonical-models.tex","ACCEPTED","codex/openlogic-fa-ir","locale/fa-IR/content/normal-modal-logic/completeness/canonical-models.tex","ACCEPTED","OLP-0447","PASS_STATIC_SEMANTIC_SOURCE_CARRIER_EXPANSION_MORPHOLOGY_UNICODE_PAIRED_DIRECT_FILE_REPLAY_BUILD_DEFERRED_FOR_DEPENDENCY_CLOSURE"
"OLP-0447","447","9620cc73f9c8e0ad003c514a5d3748f29611c4c0","content/normal-modal-logic/completeness/truth-lemma.tex","003BD77D987951F490D9CD42859C27156F89A86F69F97D63F9D39DDC88DDA3AD","codex/openlogic-ar","locale/ar/content/normal-modal-logic/completeness/truth-lemma.tex","ACCEPTED","codex/openlogic-fa-ir","locale/fa-IR/content/normal-modal-logic/completeness/truth-lemma.tex","ACCEPTED","OLP-0448","PASS_STATIC_SEMANTIC_SOURCE_CARRIER_EXPANSION_MORPHOLOGY_UNICODE_PAIRED_DIRECT_FILE_REPLAY_BUILD_DEFERRED_FOR_DEPENDENCY_CLOSURE"
"OLP-0448","448","9620cc73f9c8e0ad003c514a5d3748f29611c4c0","content/normal-modal-logic/completeness/completeness-K.tex","AD393AD7918804EDE4435932BEA73F1A318FEE474F96D849320CF5310BA9ED00","codex/openlogic-ar","locale/ar/content/normal-modal-logic/completeness/completeness-K.tex","ACCEPTED","codex/openlogic-fa-ir","locale/fa-IR/content/normal-modal-logic/completeness/completeness-K.tex","ACCEPTED","OLP-0449","PASS_STATIC_SEMANTIC_SOURCE_CARRIER_EXPANSION_MORPHOLOGY_UNICODE_PAIRED_DIRECT_FILE_REPLAY_BUILD_DEFERRED_FOR_DEPENDENCY_CLOSURE"
"OLP-0449","449","9620cc73f9c8e0ad003c514a5d3748f29611c4c0","content/normal-modal-logic/completeness/frame-completeness.tex","43E245D167B811AB17E3C1CD194073AA4B5ACD12A65A54DFF2FD93189AE8DDAB","codex/openlogic-ar","locale/ar/content/normal-modal-logic/completeness/frame-completeness.tex","ACCEPTED","codex/openlogic-fa-ir","locale/fa-IR/content/normal-modal-logic/completeness/frame-completeness.tex","ACCEPTED","OLP-0450","PASS_STATIC_SEMANTIC_SOURCE_CARRIER_EXPANSION_MORPHOLOGY_UNICODE_PAIRED_DIRECT_FILE_REPLAY_BUILD_DEFERRED_FOR_DEPENDENCY_CLOSURE"
"OLP-0450","450","9620cc73f9c8e0ad003c514a5d3748f29611c4c0","content/normal-modal-logic/filtrations/filtrations.tex","B5C5D2F26DAE0BC648C203384DE840EFD27C552A21E4F738487EB5ED7ACFA3C9","codex/openlogic-ar","locale/ar/content/normal-modal-logic/filtrations/filtrations.tex","ACCEPTED","codex/openlogic-fa-ir","locale/fa-IR/content/normal-modal-logic/filtrations/filtrations.tex","ACCEPTED","OLP-0451","PASS_STATIC_SEMANTIC_SOURCE_CARRIER_EXPANSION_MORPHOLOGY_UNICODE_PAIRED_DIRECT_FILE_REPLAY_BUILD_DEFERRED_FOR_DEPENDENCY_CLOSURE"
"OLP-0451","451","9620cc73f9c8e0ad003c514a5d3748f29611c4c0","content/normal-modal-logic/filtrations/introduction.tex","AA693A25D6C6149A595CBF49F3969D3D32A9C58A6124D9B4B550DDE35B1BB276","codex/openlogic-ar","locale/ar/content/normal-modal-logic/filtrations/introduction.tex","ACCEPTED","codex/openlogic-fa-ir","locale/fa-IR/content/normal-modal-logic/filtrations/introduction.tex","ACCEPTED","OLP-0452","PASS_STATIC_SEMANTIC_SOURCE_CARRIER_EXPANSION_MORPHOLOGY_UNICODE_PAIRED_DIRECT_FILE_REPLAY_BUILD_DEFERRED_FOR_DEPENDENCY_CLOSURE"
"OLP-0452","452","9620cc73f9c8e0ad003c514a5d3748f29611c4c0","content/normal-modal-logic/filtrations/preliminaries.tex","CA2F0116347A7F85BDDCED81BBC5607D64388F81BF9555B058C2EAF888163EBD","codex/openlogic-ar","locale/ar/content/normal-modal-logic/filtrations/preliminaries.tex","ACCEPTED","codex/openlogic-fa-ir","locale/fa-IR/content/normal-modal-logic/filtrations/preliminaries.tex","ACCEPTED","OLP-0453","PASS_STATIC_SEMANTIC_SOURCE_CARRIER_EXPANSION_MORPHOLOGY_UNICODE_PAIRED_DIRECT_FILE_REPLAY_BUILD_DEFERRED_FOR_DEPENDENCY_CLOSURE"
"OLP-0453","453","9620cc73f9c8e0ad003c514a5d3748f29611c4c0","content/normal-modal-logic/filtrations/filtrations-def.tex","4544284C0506689D6AE806C8466D29E143908FAAECCC4381FBB1820C98E8A955","codex/openlogic-ar","locale/ar/content/normal-modal-logic/filtrations/filtrations-def.tex","ACCEPTED","codex/openlogic-fa-ir","locale/fa-IR/content/normal-modal-logic/filtrations/filtrations-def.tex","ACCEPTED","OLP-0454","PASS_STATIC_SEMANTIC_SOURCE_CARRIER_EXPANSION_MORPHOLOGY_UNICODE_PAIRED_DIRECT_FILE_REPLAY_BUILD_DEFERRED_FOR_DEPENDENCY_CLOSURE"
"OLP-0454","454","9620cc73f9c8e0ad003c514a5d3748f29611c4c0","content/normal-modal-logic/filtrations/examples-of-filtrations.tex","12E9C2D37F31BD1989DBCACD02AC23CE26EA95F12EB4E79F33FB9D64B8EDAFF5","codex/openlogic-ar","locale/ar/content/normal-modal-logic/filtrations/examples-of-filtrations.tex","ACCEPTED","codex/openlogic-fa-ir","locale/fa-IR/content/normal-modal-logic/filtrations/examples-of-filtrations.tex","ACCEPTED","OLP-0455","PASS_STATIC_SEMANTIC_SOURCE_CARRIER_EXPANSION_MORPHOLOGY_UNICODE_PAIRED_DIRECT_FILE_REPLAY_BUILD_DEFERRED_FOR_DEPENDENCY_CLOSURE"
"OLP-0455","455","9620cc73f9c8e0ad003c514a5d3748f29611c4c0","content/normal-modal-logic/filtrations/finite.tex","A0C695C86CBDEC8BC0B0DE88BC3B9B773AE5342917FAAB46096E36228D7B6E21","codex/openlogic-ar","locale/ar/content/normal-modal-logic/filtrations/finite.tex","ACCEPTED","codex/openlogic-fa-ir","locale/fa-IR/content/normal-modal-logic/filtrations/finite.tex","ACCEPTED","OLP-0456","PASS_STATIC_SEMANTIC_SOURCE_CARRIER_EXPANSION_MORPHOLOGY_UNICODE_PAIRED_DIRECT_FILE_REPLAY_BUILD_DEFERRED_FOR_DEPENDENCY_CLOSURE"
"OLP-0456","456","9620cc73f9c8e0ad003c514a5d3748f29611c4c0","content/normal-modal-logic/filtrations/S5-fmp.tex","ECC76C904A30E63E01617CC1F14F419D3B0A3F32095A51A60479439A093B66A4","codex/openlogic-ar","locale/ar/content/normal-modal-logic/filtrations/S5-fmp.tex","ACCEPTED","codex/openlogic-fa-ir","locale/fa-IR/content/normal-modal-logic/filtrations/S5-fmp.tex","ACCEPTED","OLP-0457","PASS_STATIC_SEMANTIC_SOURCE_CARRIER_EXPANSION_MORPHOLOGY_UNICODE_PAIRED_DIRECT_FILE_REPLAY_BUILD_DEFERRED_FOR_DEPENDENCY_CLOSURE"
"OLP-0457","457","9620cc73f9c8e0ad003c514a5d3748f29611c4c0","content/normal-modal-logic/filtrations/S5-decidable.tex","2B2A88ECDBA3655C22F703CC0B879ED425F002C816BD776A08A29A8CC46121F4","codex/openlogic-ar","locale/ar/content/normal-modal-logic/filtrations/S5-decidable.tex","ACCEPTED","codex/openlogic-fa-ir","locale/fa-IR/content/normal-modal-logic/filtrations/S5-decidable.tex","ACCEPTED","OLP-0458","PASS_STATIC_SEMANTIC_SOURCE_CARRIER_EXPANSION_MORPHOLOGY_UNICODE_PAIRED_DIRECT_FILE_REPLAY_BUILD_DEFERRED_FOR_DEPENDENCY_CLOSURE"
"OLP-0458","458","9620cc73f9c8e0ad003c514a5d3748f29611c4c0","content/normal-modal-logic/filtrations/more-filtrations.tex","F210BBACFF9F50E2C73F1496399316684EACDF3084C25177C7C99AFB17C9FC76","codex/openlogic-ar","locale/ar/content/normal-modal-logic/filtrations/more-filtrations.tex","ACCEPTED","codex/openlogic-fa-ir","locale/fa-IR/content/normal-modal-logic/filtrations/more-filtrations.tex","ACCEPTED","OLP-0459","PASS_STATIC_SEMANTIC_SOURCE_CARRIER_EXPANSION_MORPHOLOGY_UNICODE_PAIRED_DIRECT_FILE_REPLAY_BUILD_DEFERRED_FOR_DEPENDENCY_CLOSURE"
"OLP-0459","459","9620cc73f9c8e0ad003c514a5d3748f29611c4c0","content/normal-modal-logic/filtrations/euclidean-filtrations.tex","0FA161E75EC1D79490DD372C9B0DD1B85F737BC91EB0AEB026D6BB01109691BB","codex/openlogic-ar","locale/ar/content/normal-modal-logic/filtrations/euclidean-filtrations.tex","ACCEPTED","codex/openlogic-fa-ir","locale/fa-IR/content/normal-modal-logic/filtrations/euclidean-filtrations.tex","ACCEPTED","OLP-0460","PASS_STATIC_SEMANTIC_SOURCE_CARRIER_EXPANSION_MORPHOLOGY_UNICODE_PAIRED_DIRECT_FILE_REPLAY_BUILD_DEFERRED_FOR_DEPENDENCY_CLOSURE"
"OLP-0460","460","9620cc73f9c8e0ad003c514a5d3748f29611c4c0","content/normal-modal-logic/tableaux/tableaux.tex","79CA081B2F14126CE017A6D3B8DEFDA2FF12D3B00AA27EA162A7EBA5995DCF40","codex/openlogic-ar","locale/ar/content/normal-modal-logic/tableaux/tableaux.tex","ACCEPTED","codex/openlogic-fa-ir","locale/fa-IR/content/normal-modal-logic/tableaux/tableaux.tex","ACCEPTED","OLP-0461","PASS_STATIC_SEMANTIC_SOURCE_CARRIER_EXPANSION_MORPHOLOGY_UNICODE_PAIRED_DIRECT_FILE_REPLAY_BUILD_DEFERRED_FOR_DEPENDENCY_CLOSURE"
"OLP-0461","461","9620cc73f9c8e0ad003c514a5d3748f29611c4c0","content/normal-modal-logic/tableaux/introduction.tex","BBD3EE3259BBDF70DFFC210DE4E2F37A1C1BA82AF976BD83FFE25122CA5950AD","codex/openlogic-ar","locale/ar/content/normal-modal-logic/tableaux/introduction.tex","ACCEPTED","codex/openlogic-fa-ir","locale/fa-IR/content/normal-modal-logic/tableaux/introduction.tex","ACCEPTED","OLP-0462","PASS_STATIC_SEMANTIC_SOURCE_CARRIER_EXPANSION_MORPHOLOGY_UNICODE_PAIRED_DIRECT_FILE_REPLAY_BUILD_DEFERRED_FOR_DEPENDENCY_CLOSURE"
"OLP-0462","462","9620cc73f9c8e0ad003c514a5d3748f29611c4c0","content/normal-modal-logic/tableaux/rules-for-K.tex","0C6ACBC7F6F35C263E0D8FBA2B8349160D594013C1C1A1E2182182705665311E","codex/openlogic-ar","locale/ar/content/normal-modal-logic/tableaux/rules-for-K.tex","ACCEPTED","codex/openlogic-fa-ir","locale/fa-IR/content/normal-modal-logic/tableaux/rules-for-K.tex","ACCEPTED","OLP-0463","PASS_STATIC_SEMANTIC_SOURCE_CARRIER_EXPANSION_MORPHOLOGY_UNICODE_PAIRED_DIRECT_FILE_REPLAY_BUILD_DEFERRED_FOR_DEPENDENCY_CLOSURE"
"OLP-0463","463","9620cc73f9c8e0ad003c514a5d3748f29611c4c0","content/normal-modal-logic/tableaux/proofs-in-K.tex","52457E85FA8C243DEB71975C98D0F2065B4F4CA97E789D919C626242233E47D8","codex/openlogic-ar","locale/ar/content/normal-modal-logic/tableaux/proofs-in-K.tex","ACCEPTED","codex/openlogic-fa-ir","locale/fa-IR/content/normal-modal-logic/tableaux/proofs-in-K.tex","ACCEPTED","OLP-0464","PASS_STATIC_SEMANTIC_SOURCE_CARRIER_EXPANSION_MORPHOLOGY_UNICODE_PAIRED_DIRECT_FILE_REPLAY_BUILD_DEFERRED_FOR_DEPENDENCY_CLOSURE"
"OLP-0464","464","9620cc73f9c8e0ad003c514a5d3748f29611c4c0","content/normal-modal-logic/tableaux/soundness.tex","B3A655BEC656A3F82A1006299AE5504EBFA769F8D3C9B5F45482A824DF34D9C7","codex/openlogic-ar","locale/ar/content/normal-modal-logic/tableaux/soundness.tex","ACCEPTED","codex/openlogic-fa-ir","locale/fa-IR/content/normal-modal-logic/tableaux/soundness.tex","ACCEPTED","OLP-0465","PASS_STATIC_SEMANTIC_SOURCE_CARRIER_EXPANSION_MORPHOLOGY_UNICODE_PAIRED_DIRECT_FILE_REPLAY_BUILD_DEFERRED_FOR_DEPENDENCY_CLOSURE"
"OLP-0465","465","9620cc73f9c8e0ad003c514a5d3748f29611c4c0","content/normal-modal-logic/tableaux/more-rules.tex","CE3FA1BE78DA101BFC043015B365DD3D0487E8455179B26D3BF2AA4991BF8519","codex/openlogic-ar","locale/ar/content/normal-modal-logic/tableaux/more-rules.tex","ACCEPTED","codex/openlogic-fa-ir","locale/fa-IR/content/normal-modal-logic/tableaux/more-rules.tex","ACCEPTED","OLP-0466","PASS_STATIC_SEMANTIC_SOURCE_CARRIER_EXPANSION_MORPHOLOGY_UNICODE_PAIRED_DIRECT_FILE_REPLAY_BUILD_DEFERRED_FOR_DEPENDENCY_CLOSURE"
"OLP-0466","466","9620cc73f9c8e0ad003c514a5d3748f29611c4c0","content/normal-modal-logic/tableaux/more-soundness.tex","C14DABBD9555EE487E6226321348935DFCF8ABA0459FB5F8C0544BE9AE8E1EF4","codex/openlogic-ar","locale/ar/content/normal-modal-logic/tableaux/more-soundness.tex","ACCEPTED","codex/openlogic-fa-ir","locale/fa-IR/content/normal-modal-logic/tableaux/more-soundness.tex","ACCEPTED","OLP-0467","PASS_STATIC_SEMANTIC_SOURCE_CARRIER_EXPANSION_MORPHOLOGY_UNICODE_PAIRED_DIRECT_FILE_REPLAY_BUILD_DEFERRED_FOR_DEPENDENCY_CLOSURE"
"OLP-0467","467","9620cc73f9c8e0ad003c514a5d3748f29611c4c0","content/normal-modal-logic/tableaux/simple-S5.tex","9C1E1D4B8416A069D786669D67A508FBBCA7BAE64C410E1A6CEB273D6F32B21A","codex/openlogic-ar","locale/ar/content/normal-modal-logic/tableaux/simple-S5.tex","ACCEPTED","codex/openlogic-fa-ir","locale/fa-IR/content/normal-modal-logic/tableaux/simple-S5.tex","ACCEPTED","OLP-0468","PASS_STATIC_SEMANTIC_SOURCE_CARRIER_EXPANSION_MORPHOLOGY_UNICODE_PAIRED_DIRECT_FILE_REPLAY_BUILD_DEFERRED_FOR_DEPENDENCY_CLOSURE"
"OLP-0468","468","9620cc73f9c8e0ad003c514a5d3748f29611c4c0","content/normal-modal-logic/tableaux/completeness.tex","228F8DA4BD27B3D80700EB6306C9A1BBF1E8F1253E7252FB92F678E3A4F3622E","codex/openlogic-ar","locale/ar/content/normal-modal-logic/tableaux/completeness.tex","ACCEPTED","codex/openlogic-fa-ir","locale/fa-IR/content/normal-modal-logic/tableaux/completeness.tex","ACCEPTED","OLP-0469","PASS_STATIC_SEMANTIC_SOURCE_CARRIER_EXPANSION_MORPHOLOGY_UNICODE_PAIRED_DIRECT_FILE_REPLAY_BUILD_DEFERRED_FOR_DEPENDENCY_CLOSURE"
"OLP-0469","469","9620cc73f9c8e0ad003c514a5d3748f29611c4c0","content/normal-modal-logic/tableaux/countermodels.tex","83566084B28A72FEBBB584C4F23B0A3047B5EACED35FC063402DF7B7649A993B","codex/openlogic-ar","locale/ar/content/normal-modal-logic/tableaux/countermodels.tex","ACCEPTED","codex/openlogic-fa-ir","locale/fa-IR/content/normal-modal-logic/tableaux/countermodels.tex","ACCEPTED","OLP-0470","PASS_STATIC_SEMANTIC_SOURCE_CARRIER_EXPANSION_MORPHOLOGY_UNICODE_PAIRED_DIRECT_FILE_REPLAY_BUILD_DEFERRED_FOR_DEPENDENCY_CLOSURE"
"OLP-0470","470","9620cc73f9c8e0ad003c514a5d3748f29611c4c0","content/normal-modal-logic/sequent-calculus/sequent-calculus.tex","79B83081634EF4076DA10BB045E228B7D85D3D4F6B96CF71AE68F7610F59EA2E","codex/openlogic-ar","locale/ar/content/normal-modal-logic/sequent-calculus/sequent-calculus.tex","ACCEPTED","codex/openlogic-fa-ir","locale/fa-IR/content/normal-modal-logic/sequent-calculus/sequent-calculus.tex","ACCEPTED","OLP-0471","PASS_STATIC_SEMANTIC_SOURCE_CARRIER_EXPANSION_MORPHOLOGY_UNICODE_PAIRED_DIRECT_FILE_REPLAY_BUILD_DEFERRED_FOR_DEPENDENCY_CLOSURE"
"OLP-0471","471","9620cc73f9c8e0ad003c514a5d3748f29611c4c0","content/normal-modal-logic/sequent-calculus/introduction.tex","D3612957DD1BDA16FEEB6492A907FF1F74F309BE4A2033901DF72655A0492AE2","codex/openlogic-ar","locale/ar/content/normal-modal-logic/sequent-calculus/introduction.tex","ACCEPTED","codex/openlogic-fa-ir","locale/fa-IR/content/normal-modal-logic/sequent-calculus/introduction.tex","ACCEPTED","OLP-0472","PASS_STATIC_SEMANTIC_SOURCE_CARRIER_EXPANSION_MORPHOLOGY_UNICODE_PAIRED_DIRECT_FILE_REPLAY_BUILD_DEFERRED_FOR_DEPENDENCY_CLOSURE"
"OLP-0472","472","9620cc73f9c8e0ad003c514a5d3748f29611c4c0","content/normal-modal-logic/sequent-calculus/rules-for-K.tex","4606B89CE8E80F68570CB3A4F7127AE001407503757E6A12F927FD61D8AB299C","codex/openlogic-ar","locale/ar/content/normal-modal-logic/sequent-calculus/rules-for-K.tex","ACCEPTED","codex/openlogic-fa-ir","locale/fa-IR/content/normal-modal-logic/sequent-calculus/rules-for-K.tex","ACCEPTED","OLP-0473","PASS_STATIC_SEMANTIC_SOURCE_CARRIER_EXPANSION_MORPHOLOGY_UNICODE_PAIRED_DIRECT_FILE_REPLAY_BUILD_DEFERRED_FOR_DEPENDENCY_CLOSURE"
"OLP-0473","473","9620cc73f9c8e0ad003c514a5d3748f29611c4c0","content/normal-modal-logic/sequent-calculus/proofs-in-K.tex","AD4E6505ACB27AC32066FC9DB60BE9AADB5508713D237BC6720DB3253230C023","codex/openlogic-ar","locale/ar/content/normal-modal-logic/sequent-calculus/proofs-in-K.tex","ACCEPTED","codex/openlogic-fa-ir","locale/fa-IR/content/normal-modal-logic/sequent-calculus/proofs-in-K.tex","ACCEPTED","OLP-0474","PASS_STATIC_SEMANTIC_SOURCE_CARRIER_EXPANSION_MORPHOLOGY_UNICODE_PAIRED_DIRECT_FILE_REPLAY_BUILD_DEFERRED_FOR_DEPENDENCY_CLOSURE"
"OLP-0474","474","9620cc73f9c8e0ad003c514a5d3748f29611c4c0","content/normal-modal-logic/sequent-calculus/more-rules.tex","D64FED4C7E8009FE3E860B1E7C9FFDEA99FDF665BB10245F56B1D39616729665","codex/openlogic-ar","locale/ar/content/normal-modal-logic/sequent-calculus/more-rules.tex","ACCEPTED","codex/openlogic-fa-ir","locale/fa-IR/content/normal-modal-logic/sequent-calculus/more-rules.tex","ACCEPTED","OLP-0475","PASS_STATIC_SEMANTIC_SOURCE_CARRIER_EXPANSION_MORPHOLOGY_UNICODE_PAIRED_DIRECT_FILE_REPLAY_BUILD_DEFERRED_FOR_DEPENDENCY_CLOSURE"
"OLP-0475","475","9620cc73f9c8e0ad003c514a5d3748f29611c4c0","content/applied-modal-logic/applied-modal-logic.tex","43D91B586D09EC42918D7F9EC426EEB054691F9848388E0758B5E13C4B8C90D0","codex/openlogic-ar","locale/ar/content/applied-modal-logic/applied-modal-logic.tex","ACCEPTED","codex/openlogic-fa-ir","locale/fa-IR/content/applied-modal-logic/applied-modal-logic.tex","ACCEPTED","OLP-0476","PASS_STATIC_SEMANTIC_SOURCE_CARRIER_EXPANSION_MORPHOLOGY_UNICODE_PAIRED_DIRECT_FILE_REPLAY_BUILD_DEFERRED_FOR_DEPENDENCY_CLOSURE"
"OLP-0476","476","9620cc73f9c8e0ad003c514a5d3748f29611c4c0","content/applied-modal-logic/temporal-logic/temporal-logic.tex","00AA71C0830BF893CA99CD14696619CFD9C958189F9B8D1DFFD8AE2F90688378","codex/openlogic-ar","locale/ar/content/applied-modal-logic/temporal-logic/temporal-logic.tex","ACCEPTED","codex/openlogic-fa-ir","locale/fa-IR/content/applied-modal-logic/temporal-logic/temporal-logic.tex","ACCEPTED","OLP-0477","PASS_STATIC_SEMANTIC_SOURCE_CARRIER_EXPANSION_MORPHOLOGY_UNICODE_PAIRED_DIRECT_FILE_REPLAY_BUILD_DEFERRED_FOR_DEPENDENCY_CLOSURE"
"OLP-0477","477","9620cc73f9c8e0ad003c514a5d3748f29611c4c0","content/applied-modal-logic/temporal-logic/introduction.tex","499ADC08C8DA0FEE513C93AD96C49089288C84E132B736EA37BAF5E46BA175DB","codex/openlogic-ar","locale/ar/content/applied-modal-logic/temporal-logic/introduction.tex","ACCEPTED","codex/openlogic-fa-ir","locale/fa-IR/content/applied-modal-logic/temporal-logic/introduction.tex","ACCEPTED","OLP-0478","PASS_STATIC_SEMANTIC_SOURCE_CARRIER_EXPANSION_MORPHOLOGY_UNICODE_PAIRED_DIRECT_FILE_REPLAY_BUILD_DEFERRED_FOR_DEPENDENCY_CLOSURE"
"OLP-0478","478","9620cc73f9c8e0ad003c514a5d3748f29611c4c0","content/applied-modal-logic/temporal-logic/temporal-logic-semantics.tex","A19BBA5D1553AC0DA8957D76DDF35ED446D2A6E272E353D7AFED799BF30CB9C9","codex/openlogic-ar","locale/ar/content/applied-modal-logic/temporal-logic/temporal-logic-semantics.tex","ACCEPTED","codex/openlogic-fa-ir","locale/fa-IR/content/applied-modal-logic/temporal-logic/temporal-logic-semantics.tex","ACCEPTED","OLP-0479","PASS_STATIC_SEMANTIC_SOURCE_CARRIER_EXPANSION_MORPHOLOGY_UNICODE_PAIRED_DIRECT_FILE_REPLAY_BUILD_DEFERRED_FOR_DEPENDENCY_CLOSURE"
"OLP-0479","479","9620cc73f9c8e0ad003c514a5d3748f29611c4c0","content/applied-modal-logic/temporal-logic/properties-accessibility.tex","202DE38CFBDD9EA55DCFE80C25651BCD40E7A238337A530B4227D357F32DBB31","codex/openlogic-ar","locale/ar/content/applied-modal-logic/temporal-logic/properties-accessibility.tex","ACCEPTED","codex/openlogic-fa-ir","locale/fa-IR/content/applied-modal-logic/temporal-logic/properties-accessibility.tex","ACCEPTED","OLP-0480","PASS_STATIC_SEMANTIC_SOURCE_CARRIER_EXPANSION_MORPHOLOGY_UNICODE_PAIRED_DIRECT_FILE_REPLAY_BUILD_DEFERRED_FOR_DEPENDENCY_CLOSURE"
"OLP-0480","480","9620cc73f9c8e0ad003c514a5d3748f29611c4c0","content/applied-modal-logic/temporal-logic/extra-temporal-operators.tex","65BFCA4A9AD6FF771149A267E0850F2C8AAD73C96A48CA86339312C69CF28604","codex/openlogic-ar","locale/ar/content/applied-modal-logic/temporal-logic/extra-temporal-operators.tex","ACCEPTED","codex/openlogic-fa-ir","locale/fa-IR/content/applied-modal-logic/temporal-logic/extra-temporal-operators.tex","ACCEPTED","OLP-0481","PASS_STATIC_SEMANTIC_SOURCE_CARRIER_EXPANSION_MORPHOLOGY_UNICODE_PAIRED_DIRECT_FILE_REPLAY_BUILD_DEFERRED_FOR_DEPENDENCY_CLOSURE"
"OLP-0481","481","9620cc73f9c8e0ad003c514a5d3748f29611c4c0","content/applied-modal-logic/temporal-logic/possible-histories.tex","3A5D0F0F6639F30F41CB2D4214C957504D174D253A8FE6FAAA5C3798F2FACF2B","codex/openlogic-ar","locale/ar/content/applied-modal-logic/temporal-logic/possible-histories.tex","ACCEPTED","codex/openlogic-fa-ir","locale/fa-IR/content/applied-modal-logic/temporal-logic/possible-histories.tex","ACCEPTED","OLP-0482","PASS_STATIC_SEMANTIC_SOURCE_CARRIER_EXPANSION_MORPHOLOGY_UNICODE_PAIRED_DIRECT_FILE_REPLAY_BUILD_DEFERRED_FOR_DEPENDENCY_CLOSURE"
"OLP-0482","482","9620cc73f9c8e0ad003c514a5d3748f29611c4c0","content/applied-modal-logic/epistemic-logic/epistemic-logic.tex","5E9D6F04523EEC2E5823238E246F5C2091FC0A36644AC3741ED1571A5D3B014C","codex/openlogic-ar","locale/ar/content/applied-modal-logic/epistemic-logic/epistemic-logic.tex","ACCEPTED","codex/openlogic-fa-ir","locale/fa-IR/content/applied-modal-logic/epistemic-logic/epistemic-logic.tex","ACCEPTED","OLP-0483","PASS_STATIC_SEMANTIC_SOURCE_CARRIER_EXPANSION_MORPHOLOGY_UNICODE_PAIRED_DIRECT_FILE_REPLAY_BUILD_DEFERRED_FOR_DEPENDENCY_CLOSURE"
"OLP-0483","483","9620cc73f9c8e0ad003c514a5d3748f29611c4c0","content/applied-modal-logic/epistemic-logic/introduction.tex","8771ED657AB24531E8693089ADAFC736C301192BCFF03B4F53DC596AFB3A318E","codex/openlogic-ar","locale/ar/content/applied-modal-logic/epistemic-logic/introduction.tex","ACCEPTED","codex/openlogic-fa-ir","locale/fa-IR/content/applied-modal-logic/epistemic-logic/introduction.tex","ACCEPTED","OLP-0484","PASS_STATIC_SEMANTIC_SOURCE_CARRIER_EXPANSION_MORPHOLOGY_UNICODE_PAIRED_DIRECT_FILE_REPLAY_BUILD_DEFERRED_FOR_DEPENDENCY_CLOSURE"
"OLP-0484","484","9620cc73f9c8e0ad003c514a5d3748f29611c4c0","content/applied-modal-logic/epistemic-logic/language-epistemic-logic.tex","832931542AB74E91167AF68186F69C447200FBC3072A2943F05A9BEBC34D3DBE","codex/openlogic-ar","locale/ar/content/applied-modal-logic/epistemic-logic/language-epistemic-logic.tex","ACCEPTED","codex/openlogic-fa-ir","locale/fa-IR/content/applied-modal-logic/epistemic-logic/language-epistemic-logic.tex","ACCEPTED","OLP-0485","PASS_STATIC_SEMANTIC_SOURCE_CARRIER_EXPANSION_MORPHOLOGY_UNICODE_PAIRED_DIRECT_FILE_REPLAY_BUILD_DEFERRED_FOR_DEPENDENCY_CLOSURE"
"OLP-0485","485","9620cc73f9c8e0ad003c514a5d3748f29611c4c0","content/applied-modal-logic/epistemic-logic/relational-models.tex","2DDCDCAC88F10C6ACDA13986FE198EAD98C80A307450499833945FE89826B0A2","codex/openlogic-ar","locale/ar/content/applied-modal-logic/epistemic-logic/relational-models.tex","ACCEPTED","codex/openlogic-fa-ir","locale/fa-IR/content/applied-modal-logic/epistemic-logic/relational-models.tex","ACCEPTED","OLP-0486","PASS_STATIC_SEMANTIC_SOURCE_CARRIER_EXPANSION_MORPHOLOGY_UNICODE_PAIRED_DIRECT_FILE_REPLAY_BUILD_DEFERRED_FOR_DEPENDENCY_CLOSURE"
"OLP-0486","486","9620cc73f9c8e0ad003c514a5d3748f29611c4c0","content/applied-modal-logic/epistemic-logic/truth-at-w.tex","61CB128EBC89AC2765431783810AED843C0872B6E06839B4244AD18111F48DBB","codex/openlogic-ar","locale/ar/content/applied-modal-logic/epistemic-logic/truth-at-w.tex","ACCEPTED","codex/openlogic-fa-ir","locale/fa-IR/content/applied-modal-logic/epistemic-logic/truth-at-w.tex","ACCEPTED","OLP-0487","PASS_STATIC_SEMANTIC_SOURCE_CARRIER_EXPANSION_MORPHOLOGY_UNICODE_PAIRED_DIRECT_FILE_REPLAY_BUILD_DEFERRED_FOR_DEPENDENCY_CLOSURE"
"OLP-0487","487","9620cc73f9c8e0ad003c514a5d3748f29611c4c0","content/applied-modal-logic/epistemic-logic/properties-accessibility.tex","D368726AF3967552ECFE660E9151CF29D60D41DA5AF58A5D4A625BD577E3310A","codex/openlogic-ar","locale/ar/content/applied-modal-logic/epistemic-logic/properties-accessibility.tex","ACCEPTED","codex/openlogic-fa-ir","locale/fa-IR/content/applied-modal-logic/epistemic-logic/properties-accessibility.tex","ACCEPTED","OLP-0488","PASS_STATIC_SEMANTIC_SOURCE_CARRIER_EXPANSION_MORPHOLOGY_UNICODE_PAIRED_DIRECT_FILE_REPLAY_BUILD_DEFERRED_FOR_DEPENDENCY_CLOSURE"
"OLP-0488","488","9620cc73f9c8e0ad003c514a5d3748f29611c4c0","content/applied-modal-logic/epistemic-logic/bisimulations.tex","D350F9E32FA4FF1681662FD634591C1F05EB369DDE6779E0ECB81CC2D5E13641","codex/openlogic-ar","locale/ar/content/applied-modal-logic/epistemic-logic/bisimulations.tex","ACCEPTED","codex/openlogic-fa-ir","locale/fa-IR/content/applied-modal-logic/epistemic-logic/bisimulations.tex","ACCEPTED","OLP-0489","PASS_STATIC_SEMANTIC_SOURCE_CARRIER_EXPANSION_MORPHOLOGY_UNICODE_PAIRED_DIRECT_FILE_REPLAY_BUILD_DEFERRED_FOR_DEPENDENCY_CLOSURE"
"OLP-0489","489","9620cc73f9c8e0ad003c514a5d3748f29611c4c0","content/applied-modal-logic/epistemic-logic/public-announcement-logic-lang.tex","40A35CAAA740F576E6192564FB1906090D5A9DEDC0D89A9C47F9BE6E0D235CEB","codex/openlogic-ar","locale/ar/content/applied-modal-logic/epistemic-logic/public-announcement-logic-lang.tex","ACCEPTED","codex/openlogic-fa-ir","locale/fa-IR/content/applied-modal-logic/epistemic-logic/public-announcement-logic-lang.tex","ACCEPTED","OLP-0490","PASS_STATIC_SEMANTIC_SOURCE_CARRIER_EXPANSION_MORPHOLOGY_UNICODE_PAIRED_DIRECT_FILE_REPLAY_BUILD_DEFERRED_FOR_DEPENDENCY_CLOSURE"
"OLP-0490","490","9620cc73f9c8e0ad003c514a5d3748f29611c4c0","content/applied-modal-logic/epistemic-logic/public-announcement-logic-semantics.tex","A41C3518A6FBF6EFB2EF00D6D42D37472DC117013DF751D78D985D80469BAEE0","codex/openlogic-ar","locale/ar/content/applied-modal-logic/epistemic-logic/public-announcement-logic-semantics.tex","ACCEPTED","codex/openlogic-fa-ir","locale/fa-IR/content/applied-modal-logic/epistemic-logic/public-announcement-logic-semantics.tex","ACCEPTED","OLP-0491","PASS_STATIC_SEMANTIC_SOURCE_CARRIER_EXPANSION_MORPHOLOGY_UNICODE_PAIRED_DIRECT_FILE_REPLAY_BUILD_DEFERRED_FOR_DEPENDENCY_CLOSURE"
"OLP-0491","491","9620cc73f9c8e0ad003c514a5d3748f29611c4c0","content/intuitionistic-logic/intuitionistic-logic.tex","792DD6EA7E00CE89E6F8BDDEC8402783EDE177D7FE6E4AEA2F0D9DAA34C25050","codex/openlogic-ar","locale/ar/content/intuitionistic-logic/intuitionistic-logic.tex","ACCEPTED","codex/openlogic-fa-ir","locale/fa-IR/content/intuitionistic-logic/intuitionistic-logic.tex","ACCEPTED","OLP-0492","PASS_STATIC_SEMANTIC_SOURCE_CARRIER_EXPANSION_MORPHOLOGY_UNICODE_PAIRED_DIRECT_FILE_REPLAY_BUILD_DEFERRED_FOR_DEPENDENCY_CLOSURE"
"OLP-0492","492","9620cc73f9c8e0ad003c514a5d3748f29611c4c0","content/intuitionistic-logic/introduction/introduction.tex","C4AB088D9971D886CC71EE0775849D9EF76BA8D33D08377CA1231B33EF4BFCDF","codex/openlogic-ar","locale/ar/content/intuitionistic-logic/introduction/introduction.tex","ACCEPTED","codex/openlogic-fa-ir","locale/fa-IR/content/intuitionistic-logic/introduction/introduction.tex","ACCEPTED","OLP-0493","PASS_STATIC_SEMANTIC_SOURCE_CARRIER_EXPANSION_MORPHOLOGY_UNICODE_PAIRED_DIRECT_FILE_REPLAY_BUILD_DEFERRED_FOR_DEPENDENCY_CLOSURE"
"OLP-0493","493","9620cc73f9c8e0ad003c514a5d3748f29611c4c0","content/intuitionistic-logic/introduction/constructive-reasoning.tex","CBD1823C3841F569DD1C77A92DA6072579B93AE7D9DA89DCC8C6B681DFF3D383","codex/openlogic-ar","locale/ar/content/intuitionistic-logic/introduction/constructive-reasoning.tex","ACCEPTED","codex/openlogic-fa-ir","locale/fa-IR/content/intuitionistic-logic/introduction/constructive-reasoning.tex","ACCEPTED","OLP-0494","PASS_STATIC_SEMANTIC_SOURCE_CARRIER_EXPANSION_MORPHOLOGY_UNICODE_PAIRED_DIRECT_FILE_REPLAY_BUILD_DEFERRED_FOR_DEPENDENCY_CLOSURE"
"OLP-0494","494","9620cc73f9c8e0ad003c514a5d3748f29611c4c0","content/intuitionistic-logic/introduction/syntax.tex","CCE052537333228E96694FF7D88D44D983D3D051D6382419CF2DFB8618638D20","codex/openlogic-ar","locale/ar/content/intuitionistic-logic/introduction/syntax.tex","ACCEPTED","codex/openlogic-fa-ir","locale/fa-IR/content/intuitionistic-logic/introduction/syntax.tex","ACCEPTED","OLP-0495","PASS_STATIC_SEMANTIC_SOURCE_CARRIER_EXPANSION_MORPHOLOGY_UNICODE_PAIRED_DIRECT_FILE_REPLAY_BUILD_DEFERRED_FOR_DEPENDENCY_CLOSURE"
"OLP-0495","495","9620cc73f9c8e0ad003c514a5d3748f29611c4c0","content/intuitionistic-logic/introduction/bhk-interpretation.tex","65D9400A12DBEA107A30F52435C642448A88E796E3DC6D5929E4A3A46209993B","codex/openlogic-ar","locale/ar/content/intuitionistic-logic/introduction/bhk-interpretation.tex","ACCEPTED","codex/openlogic-fa-ir","locale/fa-IR/content/intuitionistic-logic/introduction/bhk-interpretation.tex","ACCEPTED","OLP-0496","PASS_STATIC_SEMANTIC_SOURCE_CARRIER_EXPANSION_MORPHOLOGY_UNICODE_PAIRED_DIRECT_FILE_REPLAY_BUILD_DEFERRED_FOR_DEPENDENCY_CLOSURE"
"OLP-0496","496","9620cc73f9c8e0ad003c514a5d3748f29611c4c0","content/intuitionistic-logic/introduction/natural-deduction.tex","EA21DEBCCB1EB7C0CD694D8F1A44B26CC60933B041ECC9FB63D028C017BAFF93","codex/openlogic-ar","locale/ar/content/intuitionistic-logic/introduction/natural-deduction.tex","ACCEPTED","codex/openlogic-fa-ir","locale/fa-IR/content/intuitionistic-logic/introduction/natural-deduction.tex","ACCEPTED","OLP-0497","PASS_STATIC_SEMANTIC_SOURCE_CARRIER_EXPANSION_MORPHOLOGY_UNICODE_PAIRED_DIRECT_FILE_REPLAY_BUILD_DEFERRED_FOR_DEPENDENCY_CLOSURE"
"OLP-0497","497","9620cc73f9c8e0ad003c514a5d3748f29611c4c0","content/intuitionistic-logic/introduction/axiomatic-derivations.tex","D07D3E6BB6C45C75F0A94D1B7E46EFD1CFD7DFEEF44F4C8FC07361939872DB2B","codex/openlogic-ar","locale/ar/content/intuitionistic-logic/introduction/axiomatic-derivations.tex","ACCEPTED","codex/openlogic-fa-ir","locale/fa-IR/content/intuitionistic-logic/introduction/axiomatic-derivations.tex","ACCEPTED","OLP-0498","PASS_STATIC_SEMANTIC_SOURCE_CARRIER_EXPANSION_MORPHOLOGY_UNICODE_PAIRED_DIRECT_FILE_REPLAY_BUILD_DEFERRED_FOR_DEPENDENCY_CLOSURE"
"OLP-0498","498","9620cc73f9c8e0ad003c514a5d3748f29611c4c0","content/intuitionistic-logic/semantics/semantics.tex","F8E6DDCCE0A8CD8C728FC2C080C4F9290A3512EB79ABD3C205CD38548E6B05A3","codex/openlogic-ar","locale/ar/content/intuitionistic-logic/semantics/semantics.tex","ACCEPTED","codex/openlogic-fa-ir","locale/fa-IR/content/intuitionistic-logic/semantics/semantics.tex","ACCEPTED","OLP-0499","PASS_STATIC_SEMANTIC_SOURCE_CARRIER_EXPANSION_MORPHOLOGY_UNICODE_PAIRED_DIRECT_FILE_REPLAY_BUILD_DEFERRED_FOR_DEPENDENCY_CLOSURE"
"OLP-0499","499","9620cc73f9c8e0ad003c514a5d3748f29611c4c0","content/intuitionistic-logic/semantics/introduction.tex","CC25FCE6B185A9B406B156BCACA5F097E2B09B629092CFC2F803D7FDEF4A81BC","codex/openlogic-ar","locale/ar/content/intuitionistic-logic/semantics/introduction.tex","ACCEPTED","codex/openlogic-fa-ir","locale/fa-IR/content/intuitionistic-logic/semantics/introduction.tex","ACCEPTED","OLP-0500","PASS_STATIC_SEMANTIC_SOURCE_CARRIER_EXPANSION_MORPHOLOGY_UNICODE_PAIRED_DIRECT_FILE_REPLAY_BUILD_DEFERRED_FOR_DEPENDENCY_CLOSURE"
"OLP-0500","500","9620cc73f9c8e0ad003c514a5d3748f29611c4c0","content/intuitionistic-logic/semantics/relational-models.tex","7BB9BE4FDC50B55259D2EF4B2B1F5AC84432BED84D4C442097DC2327ADEE63E2","codex/openlogic-ar","locale/ar/content/intuitionistic-logic/semantics/relational-models.tex","ACCEPTED","codex/openlogic-fa-ir","locale/fa-IR/content/intuitionistic-logic/semantics/relational-models.tex","ACCEPTED","OLP-0501","PASS_STATIC_SEMANTIC_SOURCE_CARRIER_EXPANSION_MORPHOLOGY_UNICODE_PAIRED_DIRECT_FILE_REPLAY_BUILD_DEFERRED_FOR_DEPENDENCY_CLOSURE"
"OLP-0501","501","9620cc73f9c8e0ad003c514a5d3748f29611c4c0","content/intuitionistic-logic/semantics/semantic-notions.tex","8FC3F75D83F575678FE70E461AA68CD26F4BDEF975B9F62F2156C2243B715B7F","codex/openlogic-ar","locale/ar/content/intuitionistic-logic/semantics/semantic-notions.tex","ACCEPTED","codex/openlogic-fa-ir","locale/fa-IR/content/intuitionistic-logic/semantics/semantic-notions.tex","ACCEPTED","OLP-0502","PASS_STATIC_SEMANTIC_SOURCE_CARRIER_EXPANSION_MORPHOLOGY_UNICODE_PAIRED_DIRECT_FILE_REPLAY_BUILD_DEFERRED_FOR_DEPENDENCY_CLOSURE"
"OLP-0502","502","9620cc73f9c8e0ad003c514a5d3748f29611c4c0","content/intuitionistic-logic/semantics/topological-semantics.tex","3078580DCB65B948D24F6F4340B10B5EBF7E29EB1ABE8387A6C41EFFEC581FE1","codex/openlogic-ar","locale/ar/content/intuitionistic-logic/semantics/topological-semantics.tex","ACCEPTED","codex/openlogic-fa-ir","locale/fa-IR/content/intuitionistic-logic/semantics/topological-semantics.tex","ACCEPTED","OLP-0503","PASS_STATIC_SEMANTIC_SOURCE_CARRIER_EXPANSION_MORPHOLOGY_UNICODE_PAIRED_DIRECT_FILE_REPLAY_BUILD_DEFERRED_FOR_DEPENDENCY_CLOSURE"
"OLP-0503","503","9620cc73f9c8e0ad003c514a5d3748f29611c4c0","content/intuitionistic-logic/soundness-completeness/soundness-completeness.tex","F130188A9D189C8F5C860543DBE27AB46311C4E205533EF12064A9370569B726","codex/openlogic-ar","locale/ar/content/intuitionistic-logic/soundness-completeness/soundness-completeness.tex","ACCEPTED","codex/openlogic-fa-ir","locale/fa-IR/content/intuitionistic-logic/soundness-completeness/soundness-completeness.tex","ACCEPTED","OLP-0504","PASS_STATIC_SEMANTIC_SOURCE_CARRIER_EXPANSION_MORPHOLOGY_UNICODE_PAIRED_DIRECT_FILE_REPLAY_BUILD_DEFERRED_FOR_DEPENDENCY_CLOSURE"
"OLP-0504","504","9620cc73f9c8e0ad003c514a5d3748f29611c4c0","content/intuitionistic-logic/soundness-completeness/soundness-axd.tex","C098B162BE9C90F34DF44E95295F67035E2E90A3371ED21C0D3CCC5AEF4D54E6","codex/openlogic-ar","locale/ar/content/intuitionistic-logic/soundness-completeness/soundness-axd.tex","ACCEPTED","codex/openlogic-fa-ir","locale/fa-IR/content/intuitionistic-logic/soundness-completeness/soundness-axd.tex","ACCEPTED","OLP-0505","PASS_STATIC_SEMANTIC_SOURCE_CARRIER_EXPANSION_MORPHOLOGY_UNICODE_PAIRED_DIRECT_FILE_REPLAY_BUILD_DEFERRED_FOR_DEPENDENCY_CLOSURE"
"OLP-0505","505","9620cc73f9c8e0ad003c514a5d3748f29611c4c0","content/intuitionistic-logic/soundness-completeness/soundness-nd.tex","980A33D9BB02F5B61C2E2E345FAC6C86F6943984CDE99EB504E1685927C98DE9","codex/openlogic-ar","locale/ar/content/intuitionistic-logic/soundness-completeness/soundness-nd.tex","ACCEPTED","codex/openlogic-fa-ir","locale/fa-IR/content/intuitionistic-logic/soundness-completeness/soundness-nd.tex","ACCEPTED","OLP-0506","PASS_STATIC_SEMANTIC_SOURCE_CARRIER_EXPANSION_MORPHOLOGY_UNICODE_PAIRED_DIRECT_FILE_REPLAY_BUILD_DEFERRED_FOR_DEPENDENCY_CLOSURE"
"OLP-0506","506","9620cc73f9c8e0ad003c514a5d3748f29611c4c0","content/intuitionistic-logic/soundness-completeness/lindenbaum.tex","FF9909C36E376DD22F5E0C3267081DAE3D0CA453D59CB8E87CB942E894C7BD77","codex/openlogic-ar","locale/ar/content/intuitionistic-logic/soundness-completeness/lindenbaum.tex","ACCEPTED","codex/openlogic-fa-ir","locale/fa-IR/content/intuitionistic-logic/soundness-completeness/lindenbaum.tex","ACCEPTED","OLP-0507","PASS_STATIC_SEMANTIC_SOURCE_CARRIER_EXPANSION_MORPHOLOGY_UNICODE_PAIRED_DIRECT_FILE_REPLAY_BUILD_DEFERRED_FOR_DEPENDENCY_CLOSURE"
"OLP-0507","507","9620cc73f9c8e0ad003c514a5d3748f29611c4c0","content/intuitionistic-logic/soundness-completeness/canonical-model.tex","98E97822DB2C920AA5E908F233FF1335995E2DDF265BE315D8D3E2843F24182C","codex/openlogic-ar","locale/ar/content/intuitionistic-logic/soundness-completeness/canonical-model.tex","ACCEPTED","codex/openlogic-fa-ir","locale/fa-IR/content/intuitionistic-logic/soundness-completeness/canonical-model.tex","ACCEPTED","OLP-0508","PASS_STATIC_SEMANTIC_SOURCE_CARRIER_EXPANSION_MORPHOLOGY_UNICODE_PAIRED_DIRECT_FILE_REPLAY_BUILD_DEFERRED_FOR_DEPENDENCY_CLOSURE"
"OLP-0508","508","9620cc73f9c8e0ad003c514a5d3748f29611c4c0","content/intuitionistic-logic/soundness-completeness/truth-lemma.tex","806055576B4E9617FE36EB669231381DAC5C5B8A7EEF98ECE5B350B639FEFAEA","codex/openlogic-ar","locale/ar/content/intuitionistic-logic/soundness-completeness/truth-lemma.tex","ACCEPTED","codex/openlogic-fa-ir","locale/fa-IR/content/intuitionistic-logic/soundness-completeness/truth-lemma.tex","ACCEPTED","OLP-0509","PASS_STATIC_SEMANTIC_SOURCE_CARRIER_EXPANSION_MORPHOLOGY_UNICODE_PAIRED_DIRECT_FILE_REPLAY_BUILD_DEFERRED_FOR_DEPENDENCY_CLOSURE"
"OLP-0509","509","9620cc73f9c8e0ad003c514a5d3748f29611c4c0","content/intuitionistic-logic/soundness-completeness/completeness-thm.tex","69539ADF0A8B6D121BA810F2A1779191B382F96D874A9CB256AEDFCC78BA5A65","codex/openlogic-ar","locale/ar/content/intuitionistic-logic/soundness-completeness/completeness-thm.tex","ACCEPTED","codex/openlogic-fa-ir","locale/fa-IR/content/intuitionistic-logic/soundness-completeness/completeness-thm.tex","ACCEPTED","OLP-0510","PASS_STATIC_SEMANTIC_SOURCE_CARRIER_EXPANSION_MORPHOLOGY_UNICODE_PAIRED_DIRECT_FILE_REPLAY_BUILD_DEFERRED_FOR_DEPENDENCY_CLOSURE"
"OLP-0510","510","9620cc73f9c8e0ad003c514a5d3748f29611c4c0","content/intuitionistic-logic/soundness-completeness/decidability.tex","876F8EC6C5EBC2F8589EF6D9F31FB2E4976B0C09F7DAE3C47DD872FE8C8E9CB2","codex/openlogic-ar","locale/ar/content/intuitionistic-logic/soundness-completeness/decidability.tex","ACCEPTED","codex/openlogic-fa-ir","locale/fa-IR/content/intuitionistic-logic/soundness-completeness/decidability.tex","ACCEPTED","OLP-0511","PASS_STATIC_SEMANTIC_SOURCE_CARRIER_EXPANSION_MORPHOLOGY_UNICODE_PAIRED_DIRECT_FILE_REPLAY_BUILD_DEFERRED_FOR_DEPENDENCY_CLOSURE"
"OLP-0511","511","9620cc73f9c8e0ad003c514a5d3748f29611c4c0","content/intuitionistic-logic/tableaux/tableaux.tex","8F7EDDD5EBAAC84F329F186E68F83B98668940935893BCFDF2FE7C8B4EE1BCC9","codex/openlogic-ar","locale/ar/content/intuitionistic-logic/tableaux/tableaux.tex","ACCEPTED","codex/openlogic-fa-ir","locale/fa-IR/content/intuitionistic-logic/tableaux/tableaux.tex","ACCEPTED","OLP-0512","PASS_STATIC_SEMANTIC_SOURCE_CARRIER_EXPANSION_MORPHOLOGY_UNICODE_PAIRED_DIRECT_FILE_REPLAY_BUILD_DEFERRED_FOR_DEPENDENCY_CLOSURE"
"OLP-0512","512","9620cc73f9c8e0ad003c514a5d3748f29611c4c0","content/intuitionistic-logic/tableaux/introduction.tex","A154A373BB89FCBEE83DDC4EBB71F180293EC9084B76DCD3524205FE339C0F59","codex/openlogic-ar","locale/ar/content/intuitionistic-logic/tableaux/introduction.tex","ACCEPTED","codex/openlogic-fa-ir","locale/fa-IR/content/intuitionistic-logic/tableaux/introduction.tex","ACCEPTED","OLP-0513","PASS_STATIC_SEMANTIC_SOURCE_CARRIER_EXPANSION_MORPHOLOGY_UNICODE_PAIRED_DIRECT_FILE_REPLAY_BUILD_DEFERRED_FOR_DEPENDENCY_CLOSURE"
"OLP-0513","513","9620cc73f9c8e0ad003c514a5d3748f29611c4c0","content/intuitionistic-logic/tableaux/rules.tex","0481C2158CC439E61B9EC7C95ECDBA761045DA55886DB862CDF2425D05D1E715","codex/openlogic-ar","locale/ar/content/intuitionistic-logic/tableaux/rules.tex","ACCEPTED","codex/openlogic-fa-ir","locale/fa-IR/content/intuitionistic-logic/tableaux/rules.tex","ACCEPTED","OLP-0514","PASS_STATIC_SEMANTIC_SOURCE_CARRIER_EXPANSION_MORPHOLOGY_UNICODE_PAIRED_DIRECT_FILE_REPLAY_BUILD_DEFERRED_FOR_DEPENDENCY_CLOSURE"
"OLP-0514","514","9620cc73f9c8e0ad003c514a5d3748f29611c4c0","content/intuitionistic-logic/tableaux/proofs.tex","10D9D4CD6D2AD3AA846946CFFBC30AE21A0007ECC86A9E7863A2854460C79F39","codex/openlogic-ar","locale/ar/content/intuitionistic-logic/tableaux/proofs.tex","ACCEPTED","codex/openlogic-fa-ir","locale/fa-IR/content/intuitionistic-logic/tableaux/proofs.tex","ACCEPTED","OLP-0515","PASS_STATIC_SEMANTIC_SOURCE_CARRIER_EXPANSION_MORPHOLOGY_UNICODE_PAIRED_DIRECT_FILE_REPLAY_BUILD_DEFERRED_FOR_DEPENDENCY_CLOSURE"
"OLP-0515","515","9620cc73f9c8e0ad003c514a5d3748f29611c4c0","content/intuitionistic-logic/tableaux/soundness.tex","1961509CBA1D253F52F6B490B934912B5C5E8C77E0B9E41D0E164922911EC41E","codex/openlogic-ar","locale/ar/content/intuitionistic-logic/tableaux/soundness.tex","ACCEPTED","codex/openlogic-fa-ir","locale/fa-IR/content/intuitionistic-logic/tableaux/soundness.tex","ACCEPTED","OLP-0516","PASS_STATIC_SEMANTIC_SOURCE_CARRIER_EXPANSION_MORPHOLOGY_UNICODE_PAIRED_DIRECT_FILE_REPLAY_BUILD_DEFERRED_FOR_DEPENDENCY_CLOSURE"
"OLP-0516","516","9620cc73f9c8e0ad003c514a5d3748f29611c4c0","content/counterfactuals/counterfactuals.tex","5DBD266013EBCB57F350F7C6A5485F2758E25016AA0F057BB06660BAC4FEDBE9","codex/openlogic-ar","locale/ar/content/counterfactuals/counterfactuals.tex","ACCEPTED","codex/openlogic-fa-ir","locale/fa-IR/content/counterfactuals/counterfactuals.tex","ACCEPTED","OLP-0517","PASS_STATIC_SEMANTIC_SOURCE_CARRIER_EXPANSION_MORPHOLOGY_UNICODE_PAIRED_DIRECT_FILE_REPLAY_BUILD_DEFERRED_FOR_DEPENDENCY_CLOSURE"
"OLP-0517","517","9620cc73f9c8e0ad003c514a5d3748f29611c4c0","content/counterfactuals/introduction/introduction.tex","1667C115E826177F9B4381DB7BA35FD1A69447A972962ACD7267378F324A181E","codex/openlogic-ar","locale/ar/content/counterfactuals/introduction/introduction.tex","ACCEPTED","codex/openlogic-fa-ir","locale/fa-IR/content/counterfactuals/introduction/introduction.tex","ACCEPTED","OLP-0518","PASS_STATIC_SEMANTIC_SOURCE_CARRIER_EXPANSION_MORPHOLOGY_UNICODE_PAIRED_DIRECT_FILE_REPLAY_BUILD_DEFERRED_FOR_DEPENDENCY_CLOSURE"
"OLP-0518","518","9620cc73f9c8e0ad003c514a5d3748f29611c4c0","content/counterfactuals/introduction/material-conditional.tex","7ADDC0CAAA159238E22DE165E0375A276B7FCB5D8BE789A63DAA22EABA5A6B76","codex/openlogic-ar","locale/ar/content/counterfactuals/introduction/material-conditional.tex","ACCEPTED","codex/openlogic-fa-ir","locale/fa-IR/content/counterfactuals/introduction/material-conditional.tex","ACCEPTED","OLP-0519","PASS_STATIC_SEMANTIC_SOURCE_CARRIER_EXPANSION_MORPHOLOGY_UNICODE_PAIRED_DIRECT_FILE_REPLAY_BUILD_DEFERRED_FOR_DEPENDENCY_CLOSURE"
"OLP-0519","519","9620cc73f9c8e0ad003c514a5d3748f29611c4c0","content/counterfactuals/introduction/paradoxes-material.tex","D75D1F0B2C77259206AB1948473115B609152A36D81BD43B71CAE87E45BC4C3B","codex/openlogic-ar","locale/ar/content/counterfactuals/introduction/paradoxes-material.tex","ACCEPTED","codex/openlogic-fa-ir","locale/fa-IR/content/counterfactuals/introduction/paradoxes-material.tex","ACCEPTED","OLP-0520","PASS_STATIC_SEMANTIC_SOURCE_CARRIER_EXPANSION_MORPHOLOGY_UNICODE_PAIRED_DIRECT_FILE_REPLAY_BUILD_DEFERRED_FOR_DEPENDENCY_CLOSURE"
"OLP-0520","520","9620cc73f9c8e0ad003c514a5d3748f29611c4c0","content/counterfactuals/introduction/strict-conditional.tex","D7161A0CC90EB727DDCB99DE1F20D04A13CD0C34C1813D6FF12A1ECBF41C4C34","codex/openlogic-ar","locale/ar/content/counterfactuals/introduction/strict-conditional.tex","ACCEPTED","codex/openlogic-fa-ir","locale/fa-IR/content/counterfactuals/introduction/strict-conditional.tex","ACCEPTED","OLP-0521","PASS_STATIC_SEMANTIC_SOURCE_CARRIER_EXPANSION_MORPHOLOGY_UNICODE_PAIRED_DIRECT_FILE_REPLAY_BUILD_DEFERRED_FOR_DEPENDENCY_CLOSURE"
"OLP-0521","521","9620cc73f9c8e0ad003c514a5d3748f29611c4c0","content/counterfactuals/introduction/counterfactuals.tex","20DE6E9CC105E205958B4ABB362B888C56D20609D88ECAC96B3864F82059D748","codex/openlogic-ar","locale/ar/content/counterfactuals/introduction/counterfactuals.tex","ACCEPTED","codex/openlogic-fa-ir","locale/fa-IR/content/counterfactuals/introduction/counterfactuals.tex","ACCEPTED","OLP-0522","PASS_STATIC_SEMANTIC_SOURCE_CARRIER_EXPANSION_MORPHOLOGY_UNICODE_PAIRED_DIRECT_FILE_REPLAY_BUILD_DEFERRED_FOR_DEPENDENCY_CLOSURE"
"OLP-0522","522","9620cc73f9c8e0ad003c514a5d3748f29611c4c0","content/counterfactuals/minimal-change-semantics/minimal-change-semantics.tex","F2AD4262465A16344451AA261C436F8F2C3CF8A0481C2016AA9A8F0B22F1DAEE","codex/openlogic-ar","locale/ar/content/counterfactuals/minimal-change-semantics/minimal-change-semantics.tex","ACCEPTED","codex/openlogic-fa-ir","locale/fa-IR/content/counterfactuals/minimal-change-semantics/minimal-change-semantics.tex","ACCEPTED","OLP-0523","PASS_STATIC_SEMANTIC_SOURCE_CARRIER_EXPANSION_MORPHOLOGY_UNICODE_PAIRED_DIRECT_FILE_REPLAY_BUILD_DEFERRED_FOR_DEPENDENCY_CLOSURE"
"OLP-0523","523","9620cc73f9c8e0ad003c514a5d3748f29611c4c0","content/counterfactuals/minimal-change-semantics/introduction.tex","BD79D8FA12D43EF404EDD3268935D99446E2922F240437A705074700F482CA9D","codex/openlogic-ar","locale/ar/content/counterfactuals/minimal-change-semantics/introduction.tex","ACCEPTED","codex/openlogic-fa-ir","locale/fa-IR/content/counterfactuals/minimal-change-semantics/introduction.tex","ACCEPTED","OLP-0524","PASS_STATIC_SEMANTIC_SOURCE_CARRIER_EXPANSION_MORPHOLOGY_UNICODE_PAIRED_DIRECT_FILE_REPLAY_BUILD_DEFERRED_FOR_DEPENDENCY_CLOSURE"
"OLP-0524","524","9620cc73f9c8e0ad003c514a5d3748f29611c4c0","content/counterfactuals/minimal-change-semantics/sphere-models.tex","333280DBA059087E245770E7A8FAE001BDA0ED63CA91077C41AAE401D28C5ED6","codex/openlogic-ar","locale/ar/content/counterfactuals/minimal-change-semantics/sphere-models.tex","ACCEPTED","codex/openlogic-fa-ir","locale/fa-IR/content/counterfactuals/minimal-change-semantics/sphere-models.tex","ACCEPTED","OLP-0525","PASS_STATIC_SEMANTIC_SOURCE_CARRIER_EXPANSION_MORPHOLOGY_UNICODE_PAIRED_DIRECT_FILE_REPLAY_BUILD_DEFERRED_FOR_DEPENDENCY_CLOSURE"
"OLP-0525","525","9620cc73f9c8e0ad003c514a5d3748f29611c4c0","content/counterfactuals/minimal-change-semantics/true-false.tex","37483DE6242C07808FA9148CFB737F59C9177BB7EDE484B6B5E30A6DEAD2E4A2","codex/openlogic-ar","locale/ar/content/counterfactuals/minimal-change-semantics/true-false.tex","ACCEPTED","codex/openlogic-fa-ir","locale/fa-IR/content/counterfactuals/minimal-change-semantics/true-false.tex","ACCEPTED","OLP-0526","PASS_STATIC_SEMANTIC_SOURCE_CARRIER_EXPANSION_MORPHOLOGY_UNICODE_PAIRED_DIRECT_FILE_REPLAY_BUILD_DEFERRED_FOR_DEPENDENCY_CLOSURE"
"OLP-0526","526","9620cc73f9c8e0ad003c514a5d3748f29611c4c0","content/counterfactuals/minimal-change-semantics/antecedent-strengthening.tex","925FBBA079157D175979DD48087562767FE501828CF7C03BBEE892A3F07E6BBD","codex/openlogic-ar","locale/ar/content/counterfactuals/minimal-change-semantics/antecedent-strengthening.tex","ACCEPTED","codex/openlogic-fa-ir","locale/fa-IR/content/counterfactuals/minimal-change-semantics/antecedent-strengthening.tex","ACCEPTED","OLP-0527","PASS_STATIC_SEMANTIC_SOURCE_CARRIER_EXPANSION_MORPHOLOGY_UNICODE_PAIRED_DIRECT_FILE_REPLAY_BUILD_DEFERRED_FOR_DEPENDENCY_CLOSURE"
"OLP-0527","527","9620cc73f9c8e0ad003c514a5d3748f29611c4c0","content/counterfactuals/minimal-change-semantics/transitivity.tex","21F925395BCF6A63CB7F6E3241ED3ABA231A0D80D03A602F21296D0B09E9342A","codex/openlogic-ar","locale/ar/content/counterfactuals/minimal-change-semantics/transitivity.tex","ACCEPTED","codex/openlogic-fa-ir","locale/fa-IR/content/counterfactuals/minimal-change-semantics/transitivity.tex","ACCEPTED","OLP-0528","PASS_STATIC_SEMANTIC_SOURCE_CARRIER_EXPANSION_MORPHOLOGY_UNICODE_PAIRED_DIRECT_FILE_REPLAY_BUILD_DEFERRED_FOR_DEPENDENCY_CLOSURE"
"OLP-0528","528","9620cc73f9c8e0ad003c514a5d3748f29611c4c0","content/counterfactuals/minimal-change-semantics/contraposition.tex","8AB8545A49A4E08B79BFD89AD3A11C7302A6CBC5FC9D1181FEB0DA59AD05C8A4","codex/openlogic-ar","locale/ar/content/counterfactuals/minimal-change-semantics/contraposition.tex","ACCEPTED","codex/openlogic-fa-ir","locale/fa-IR/content/counterfactuals/minimal-change-semantics/contraposition.tex","ACCEPTED","OLP-0529","PASS_STATIC_SEMANTIC_SOURCE_CARRIER_EXPANSION_MORPHOLOGY_UNICODE_PAIRED_DIRECT_FILE_REPLAY_BUILD_DEFERRED_FOR_DEPENDENCY_CLOSURE"
"OLP-0529","529","9620cc73f9c8e0ad003c514a5d3748f29611c4c0","content/set-theory/set-theory.tex","C80DDAF36848C1F5DF3BF8643D7B1170DCBC9020CC80A172B3112CB9ADBA11C2","codex/openlogic-ar","locale/ar/content/set-theory/set-theory.tex","ACCEPTED","codex/openlogic-fa-ir","locale/fa-IR/content/set-theory/set-theory.tex","ACCEPTED","OLP-0530","PASS_STATIC_SEMANTIC_SOURCE_CARRIER_EXPANSION_MORPHOLOGY_UNICODE_PAIRED_DIRECT_FILE_REPLAY_BUILD_DEFERRED_FOR_DEPENDENCY_CLOSURE"
"OLP-0530","530","9620cc73f9c8e0ad003c514a5d3748f29611c4c0","content/set-theory/story/story.tex","46BF28E1370BA921B6FAEA67256F661BB1802B095941F909C03CB643EFCF5019","codex/openlogic-ar","locale/ar/content/set-theory/story/story.tex","ACCEPTED","codex/openlogic-fa-ir","locale/fa-IR/content/set-theory/story/story.tex","ACCEPTED","OLP-0531","PASS_STATIC_SEMANTIC_SOURCE_CARRIER_EXPANSION_MORPHOLOGY_UNICODE_PAIRED_DIRECT_FILE_REPLAY_BUILD_DEFERRED_FOR_DEPENDENCY_CLOSURE"
"OLP-0531","531","9620cc73f9c8e0ad003c514a5d3748f29611c4c0","content/set-theory/story/extensionality.tex","D70F6B437CB7F29B4E9EF5BCC1AB66C3021EA6F57D1B2FDF5AAEA5B51BDB81C9","codex/openlogic-ar","locale/ar/content/set-theory/story/extensionality.tex","ACCEPTED","codex/openlogic-fa-ir","locale/fa-IR/content/set-theory/story/extensionality.tex","ACCEPTED","OLP-0532","PASS_STATIC_SEMANTIC_SOURCE_CARRIER_EXPANSION_MORPHOLOGY_UNICODE_PAIRED_DIRECT_FILE_REPLAY_BUILD_DEFERRED_FOR_DEPENDENCY_CLOSURE"
"OLP-0532","532","9620cc73f9c8e0ad003c514a5d3748f29611c4c0","content/set-theory/story/russells-paradox-again.tex","C468DF1BECF253CEB2C82540F2EC7E5112FA07BF649119E120184B4593F23B7D","codex/openlogic-ar","locale/ar/content/set-theory/story/russells-paradox-again.tex","ACCEPTED","codex/openlogic-fa-ir","locale/fa-IR/content/set-theory/story/russells-paradox-again.tex","ACCEPTED","OLP-0533","PASS_STATIC_SEMANTIC_SOURCE_CARRIER_EXPANSION_MORPHOLOGY_UNICODE_PAIRED_DIRECT_FILE_REPLAY_BUILD_DEFERRED_FOR_DEPENDENCY_CLOSURE"
"OLP-0533","533","9620cc73f9c8e0ad003c514a5d3748f29611c4c0","content/set-theory/story/predicativity.tex","C5CEDCD2A3116E12338C7EB16E4704C2B9BB1EB6C93D9754585DBE8BA45912AA","codex/openlogic-ar","locale/ar/content/set-theory/story/predicativity.tex","ACCEPTED","codex/openlogic-fa-ir","locale/fa-IR/content/set-theory/story/predicativity.tex","ACCEPTED","OLP-0534","PASS_STATIC_SEMANTIC_SOURCE_CARRIER_EXPANSION_MORPHOLOGY_UNICODE_PAIRED_DIRECT_FILE_REPLAY_BUILD_DEFERRED_FOR_DEPENDENCY_CLOSURE"
"OLP-0534","534","9620cc73f9c8e0ad003c514a5d3748f29611c4c0","content/set-theory/story/cumulative-approach.tex","86099EC03BF39142CEB2D76826A796A91731CAA5EAE0CD35D74B6C1A7FE2F798","codex/openlogic-ar","locale/ar/content/set-theory/story/cumulative-approach.tex","ACCEPTED","codex/openlogic-fa-ir","locale/fa-IR/content/set-theory/story/cumulative-approach.tex","ACCEPTED","OLP-0535","PASS_STATIC_SEMANTIC_SOURCE_CARRIER_EXPANSION_MORPHOLOGY_UNICODE_PAIRED_DIRECT_FILE_REPLAY_BUILD_DEFERRED_FOR_DEPENDENCY_CLOSURE"
"OLP-0535","535","9620cc73f9c8e0ad003c514a5d3748f29611c4c0","content/set-theory/story/urelements.tex","61419CD0DBC03CDF569C7350B028DA4DAAC493E5815F8BF43381544758587B31","codex/openlogic-ar","locale/ar/content/set-theory/story/urelements.tex","ACCEPTED","codex/openlogic-fa-ir","locale/fa-IR/content/set-theory/story/urelements.tex","ACCEPTED","OLP-0536","PASS_STATIC_SEMANTIC_SOURCE_CARRIER_EXPANSION_MORPHOLOGY_UNICODE_PAIRED_DIRECT_FILE_REPLAY_BUILD_DEFERRED_FOR_DEPENDENCY_CLOSURE"
"OLP-0536","536","9620cc73f9c8e0ad003c514a5d3748f29611c4c0","content/set-theory/story/grundgesetze.tex","D5B70CB63A142EE49C968E41A593DD7C6131D35817AFCC6FDA2321FA07162CD5","codex/openlogic-ar","locale/ar/content/set-theory/story/grundgesetze.tex","ACCEPTED","codex/openlogic-fa-ir","locale/fa-IR/content/set-theory/story/grundgesetze.tex","ACCEPTED","OLP-0537","PASS_STATIC_SEMANTIC_SOURCE_CARRIER_EXPANSION_MORPHOLOGY_UNICODE_PAIRED_DIRECT_FILE_REPLAY_BUILD_DEFERRED_FOR_DEPENDENCY_CLOSURE"
"OLP-0537","537","9620cc73f9c8e0ad003c514a5d3748f29611c4c0","content/set-theory/z/z.tex","DDF31239F65871A55A15098FECAA3F710E5108F4DAB62771CFE2229C2EECF807","codex/openlogic-ar","locale/ar/content/set-theory/z/z.tex","ACCEPTED","codex/openlogic-fa-ir","locale/fa-IR/content/set-theory/z/z.tex","ACCEPTED","OLP-0538","PASS_STATIC_SEMANTIC_SOURCE_CARRIER_EXPANSION_MORPHOLOGY_UNICODE_PAIRED_DIRECT_FILE_REPLAY_BUILD_DEFERRED_FOR_DEPENDENCY_CLOSURE"
"OLP-0538","538","9620cc73f9c8e0ad003c514a5d3748f29611c4c0","content/set-theory/z/story.tex","675BC77160D15D826FC2960C15764275F12E8EF2450E121D6F34981D7AF64A99","codex/openlogic-ar","locale/ar/content/set-theory/z/story.tex","ACCEPTED","codex/openlogic-fa-ir","locale/fa-IR/content/set-theory/z/story.tex","ACCEPTED","OLP-0539","PASS_STATIC_SEMANTIC_SOURCE_CARRIER_EXPANSION_MORPHOLOGY_UNICODE_PAIRED_DIRECT_FILE_REPLAY_BUILD_DEFERRED_FOR_DEPENDENCY_CLOSURE"
"OLP-0539","539","9620cc73f9c8e0ad003c514a5d3748f29611c4c0","content/set-theory/z/separation.tex","5E4A9611823AA454B51908D88AA15F3FD4EE41AF84F847A98E1C8A003A9B7A0B","codex/openlogic-ar","locale/ar/content/set-theory/z/separation.tex","ACCEPTED","codex/openlogic-fa-ir","locale/fa-IR/content/set-theory/z/separation.tex","ACCEPTED","OLP-0540","PASS_STATIC_SEMANTIC_SOURCE_CARRIER_EXPANSION_MORPHOLOGY_UNICODE_PAIRED_DIRECT_FILE_REPLAY_BUILD_DEFERRED_FOR_DEPENDENCY_CLOSURE"
"OLP-0540","540","9620cc73f9c8e0ad003c514a5d3748f29611c4c0","content/set-theory/z/union.tex","5CD50B70D0D606FA557040CFA94F3B34303BD1F5AC56C1ED03CB23ED4520FDC4","codex/openlogic-ar","locale/ar/content/set-theory/z/union.tex","ACCEPTED","codex/openlogic-fa-ir","locale/fa-IR/content/set-theory/z/union.tex","ACCEPTED","OLP-0541","PASS_STATIC_SEMANTIC_SOURCE_CARRIER_EXPANSION_MORPHOLOGY_UNICODE_PAIRED_DIRECT_FILE_REPLAY_BUILD_DEFERRED_FOR_DEPENDENCY_CLOSURE"
"OLP-0541","541","9620cc73f9c8e0ad003c514a5d3748f29611c4c0","content/set-theory/z/pairs.tex","6E386F6C7BB1E2A08DD198E5AD421083DF93EB4273EFA9370D92B5432D11843F","codex/openlogic-ar","locale/ar/content/set-theory/z/pairs.tex","ACCEPTED","codex/openlogic-fa-ir","locale/fa-IR/content/set-theory/z/pairs.tex","ACCEPTED","OLP-0542","PASS_STATIC_SEMANTIC_SOURCE_CARRIER_EXPANSION_MORPHOLOGY_UNICODE_PAIRED_DIRECT_FILE_REPLAY_BUILD_DEFERRED_FOR_DEPENDENCY_CLOSURE"
"OLP-0542","542","9620cc73f9c8e0ad003c514a5d3748f29611c4c0","content/set-theory/z/powerset.tex","E4189963F1FA098226EC3AE72A660F56882350D3D8BE819B6C5232663261E722","codex/openlogic-ar","locale/ar/content/set-theory/z/powerset.tex","ACCEPTED","codex/openlogic-fa-ir","locale/fa-IR/content/set-theory/z/powerset.tex","ACCEPTED","OLP-0543","PASS_STATIC_SEMANTIC_SOURCE_CARRIER_EXPANSION_MORPHOLOGY_UNICODE_PAIRED_DIRECT_FILE_REPLAY_BUILD_DEFERRED_FOR_DEPENDENCY_CLOSURE"
"OLP-0543","543","9620cc73f9c8e0ad003c514a5d3748f29611c4c0","content/set-theory/z/infinity-again.tex","29267A484B8628EC7CAFD50D87DAC4A0F6650914C625DEC7DD06AC0E79AA3F91","codex/openlogic-ar","locale/ar/content/set-theory/z/infinity-again.tex","ACCEPTED","codex/openlogic-fa-ir","locale/fa-IR/content/set-theory/z/infinity-again.tex","ACCEPTED","OLP-0544","PASS_STATIC_SEMANTIC_SOURCE_CARRIER_EXPANSION_MORPHOLOGY_UNICODE_PAIRED_DIRECT_FILE_REPLAY_BUILD_DEFERRED_FOR_DEPENDENCY_CLOSURE"
"OLP-0544","544","9620cc73f9c8e0ad003c514a5d3748f29611c4c0","content/set-theory/z/milestone.tex","15127543E5463E6DC278AB5CB43C4127FE55A54696E9B076D77C053608A5FF40","codex/openlogic-ar","locale/ar/content/set-theory/z/milestone.tex","ACCEPTED","codex/openlogic-fa-ir","locale/fa-IR/content/set-theory/z/milestone.tex","ACCEPTED","OLP-0545","PASS_STATIC_SEMANTIC_SOURCE_CARRIER_EXPANSION_MORPHOLOGY_UNICODE_PAIRED_DIRECT_FILE_REPLAY_BUILD_DEFERRED_FOR_DEPENDENCY_CLOSURE"
"OLP-0545","545","9620cc73f9c8e0ad003c514a5d3748f29611c4c0","content/set-theory/z/nat.tex","33F3B77912BA9C7217893E6A0E9F59C16B2CA51E5B0652F99850BED6AEB8F12C","codex/openlogic-ar","locale/ar/content/set-theory/z/nat.tex","ACCEPTED","codex/openlogic-fa-ir","locale/fa-IR/content/set-theory/z/nat.tex","ACCEPTED","OLP-0546","PASS_STATIC_SEMANTIC_SOURCE_CARRIER_EXPANSION_MORPHOLOGY_UNICODE_PAIRED_DIRECT_FILE_REPLAY_BUILD_DEFERRED_FOR_DEPENDENCY_CLOSURE"
"OLP-0546","546","9620cc73f9c8e0ad003c514a5d3748f29611c4c0","content/set-theory/z/arbintersections.tex","866857905E11E5F329A248326BA04BA14F293B388BD8E3573CAAF05FB2B7D56D","codex/openlogic-ar","locale/ar/content/set-theory/z/arbintersections.tex","ACCEPTED","codex/openlogic-fa-ir","locale/fa-IR/content/set-theory/z/arbintersections.tex","ACCEPTED","OLP-0547","PASS_STATIC_SEMANTIC_SOURCE_CARRIER_EXPANSION_MORPHOLOGY_UNICODE_PAIRED_DIRECT_FILE_REPLAY_BUILD_DEFERRED_FOR_DEPENDENCY_CLOSURE"
"OLP-0547","547","9620cc73f9c8e0ad003c514a5d3748f29611c4c0","content/set-theory/ordinals/ordinals.tex","3D6D008E92EBE4566A0A4B90857B224AAE85C637E8FC8F87457A2E6202247BF3","codex/openlogic-ar","locale/ar/content/set-theory/ordinals/ordinals.tex","ACCEPTED","codex/openlogic-fa-ir","locale/fa-IR/content/set-theory/ordinals/ordinals.tex","ACCEPTED","OLP-0548","PASS_STATIC_SEMANTIC_SOURCE_CARRIER_EXPANSION_MORPHOLOGY_UNICODE_PAIRED_DIRECT_FILE_REPLAY_BUILD_DEFERRED_FOR_DEPENDENCY_CLOSURE"
"OLP-0548","548","9620cc73f9c8e0ad003c514a5d3748f29611c4c0","content/set-theory/ordinals/introduction.tex","9DB6ACB08FC7ABC9FE527932E10E04BFC71E548E642C624E824AAA2F041DC50C","codex/openlogic-ar","locale/ar/content/set-theory/ordinals/introduction.tex","ACCEPTED","codex/openlogic-fa-ir","locale/fa-IR/content/set-theory/ordinals/introduction.tex","ACCEPTED","OLP-0549","PASS_STATIC_SEMANTIC_SOURCE_CARRIER_EXPANSION_MORPHOLOGY_UNICODE_PAIRED_DIRECT_FILE_REPLAY_BUILD_DEFERRED_FOR_DEPENDENCY_CLOSURE"
"OLP-0549","549","9620cc73f9c8e0ad003c514a5d3748f29611c4c0","content/set-theory/ordinals/idea.tex","69629365D22ECAB6B74FA4D3896D24AD71371C5F9C079FC79AC18F4655C63C11","codex/openlogic-ar","locale/ar/content/set-theory/ordinals/idea.tex","ACCEPTED","codex/openlogic-fa-ir","locale/fa-IR/content/set-theory/ordinals/idea.tex","ACCEPTED","OLP-0550","PASS_STATIC_SEMANTIC_SOURCE_CARRIER_EXPANSION_MORPHOLOGY_UNICODE_PAIRED_DIRECT_FILE_REPLAY_BUILD_DEFERRED_FOR_DEPENDENCY_CLOSURE"
"OLP-0550","550","9620cc73f9c8e0ad003c514a5d3748f29611c4c0","content/set-theory/ordinals/wo.tex","31FF99CF24D9C18E905626855BDB8C9BFEB7C2A5C2814387A6C36CCF54DF0313","codex/openlogic-ar","locale/ar/content/set-theory/ordinals/wo.tex","ACCEPTED","codex/openlogic-fa-ir","locale/fa-IR/content/set-theory/ordinals/wo.tex","ACCEPTED","OLP-0551","PASS_STATIC_SEMANTIC_SOURCE_CARRIER_EXPANSION_MORPHOLOGY_UNICODE_PAIRED_DIRECT_FILE_REPLAY_BUILD_DEFERRED_FOR_DEPENDENCY_CLOSURE"
"OLP-0551","551","9620cc73f9c8e0ad003c514a5d3748f29611c4c0","content/set-theory/ordinals/iso.tex","EB57A72AED6E4FF2398FE8D9C52239C79D2578DF37C5E4BB891568381A41CB39","codex/openlogic-ar","locale/ar/content/set-theory/ordinals/iso.tex","ACCEPTED","codex/openlogic-fa-ir","locale/fa-IR/content/set-theory/ordinals/iso.tex","ACCEPTED","OLP-0552","PASS_STATIC_SEMANTIC_SOURCE_CARRIER_EXPANSION_MORPHOLOGY_UNICODE_PAIRED_DIRECT_FILE_REPLAY_BUILD_DEFERRED_FOR_DEPENDENCY_CLOSURE"
"OLP-0552","552","9620cc73f9c8e0ad003c514a5d3748f29611c4c0","content/set-theory/ordinals/vn.tex","1A1FFE53BDFD51D0EE3AD7A818981D6CC2B54405C92A219A4295FA48B1393529","codex/openlogic-ar","locale/ar/content/set-theory/ordinals/vn.tex","ACCEPTED","codex/openlogic-fa-ir","locale/fa-IR/content/set-theory/ordinals/vn.tex","ACCEPTED","OLP-0553","PASS_STATIC_SEMANTIC_SOURCE_CARRIER_EXPANSION_MORPHOLOGY_UNICODE_PAIRED_DIRECT_FILE_REPLAY_BUILD_DEFERRED_FOR_DEPENDENCY_CLOSURE"
"OLP-0553","553","9620cc73f9c8e0ad003c514a5d3748f29611c4c0","content/set-theory/ordinals/basic.tex","7A9D1D198227E2DE1A2AF719417AE7D81FFC2C727E6DA7D992B194F44A7F19C1","codex/openlogic-ar","locale/ar/content/set-theory/ordinals/basic.tex","ACCEPTED","codex/openlogic-fa-ir","locale/fa-IR/content/set-theory/ordinals/basic.tex","ACCEPTED","OLP-0554","PASS_STATIC_SEMANTIC_SOURCE_CARRIER_EXPANSION_MORPHOLOGY_UNICODE_PAIRED_DIRECT_FILE_REPLAY_BUILD_DEFERRED_FOR_DEPENDENCY_CLOSURE"
"OLP-0554","554","9620cc73f9c8e0ad003c514a5d3748f29611c4c0","content/set-theory/ordinals/replacement.tex","C081B7AC20726B738CE2FB496AD29E836A72883160C847B828582E4DE0218523","codex/openlogic-ar","locale/ar/content/set-theory/ordinals/replacement.tex","ACCEPTED","codex/openlogic-fa-ir","locale/fa-IR/content/set-theory/ordinals/replacement.tex","ACCEPTED","OLP-0555","PASS_STATIC_SEMANTIC_SOURCE_CARRIER_EXPANSION_MORPHOLOGY_UNICODE_PAIRED_DIRECT_FILE_REPLAY_BUILD_DEFERRED_FOR_DEPENDENCY_CLOSURE"
"OLP-0555","555","9620cc73f9c8e0ad003c514a5d3748f29611c4c0","content/set-theory/ordinals/milestone.tex","3F99FF5C244929FEC27396EE3FF21B3B2BB76A56CADA018C045A5D5459E6F289","codex/openlogic-ar","locale/ar/content/set-theory/ordinals/milestone.tex","ACCEPTED","codex/openlogic-fa-ir","locale/fa-IR/content/set-theory/ordinals/milestone.tex","ACCEPTED","OLP-0556","PASS_STATIC_SEMANTIC_SOURCE_CARRIER_EXPANSION_MORPHOLOGY_UNICODE_PAIRED_DIRECT_FILE_REPLAY_BUILD_DEFERRED_FOR_DEPENDENCY_CLOSURE"
"OLP-0556","556","9620cc73f9c8e0ad003c514a5d3748f29611c4c0","content/set-theory/ordinals/ordtype.tex","9A123198CBFCD0000EB27804A39148D5EE5FB7AD41CF7CFF04AD78EA320DFCD6","codex/openlogic-ar","locale/ar/content/set-theory/ordinals/ordtype.tex","ACCEPTED","codex/openlogic-fa-ir","locale/fa-IR/content/set-theory/ordinals/ordtype.tex","ACCEPTED","OLP-0557","PASS_STATIC_SEMANTIC_SOURCE_CARRIER_EXPANSION_MORPHOLOGY_UNICODE_PAIRED_DIRECT_FILE_REPLAY_BUILD_DEFERRED_FOR_DEPENDENCY_CLOSURE"
"OLP-0557","557","9620cc73f9c8e0ad003c514a5d3748f29611c4c0","content/set-theory/ordinals/opps.tex","F53AA4197833752C4ECDD3D7755C8E13CDEC164FD68D0261DAC26290A95CD171","codex/openlogic-ar","locale/ar/content/set-theory/ordinals/opps.tex","ACCEPTED","codex/openlogic-fa-ir","locale/fa-IR/content/set-theory/ordinals/opps.tex","ACCEPTED","OLP-0558","PASS_STATIC_SEMANTIC_SOURCE_CARRIER_EXPANSION_MORPHOLOGY_UNICODE_PAIRED_DIRECT_FILE_REPLAY_BUILD_DEFERRED_FOR_DEPENDENCY_CLOSURE"
"OLP-0558","558","9620cc73f9c8e0ad003c514a5d3748f29611c4c0","content/set-theory/spine/spine.tex","32D16ADC1A044FCBA0B5DFE250D9CB82E5F63ECDD15BCC8489599D94DBE77B50","codex/openlogic-ar","locale/ar/content/set-theory/spine/spine.tex","ACCEPTED","codex/openlogic-fa-ir","locale/fa-IR/content/set-theory/spine/spine.tex","ACCEPTED","OLP-0559","PASS_STATIC_SEMANTIC_SOURCE_CARRIER_EXPANSION_MORPHOLOGY_UNICODE_PAIRED_DIRECT_FILE_REPLAY_BUILD_DEFERRED_FOR_DEPENDENCY_CLOSURE"
"OLP-0559","559","9620cc73f9c8e0ad003c514a5d3748f29611c4c0","content/set-theory/spine/idea.tex","72E78CFEF1D30E6A2E097F398DD5F502654F906C855DC226B9F616947A2B6955","codex/openlogic-ar","locale/ar/content/set-theory/spine/idea.tex","ACCEPTED","codex/openlogic-fa-ir","locale/fa-IR/content/set-theory/spine/idea.tex","ACCEPTED","OLP-0560","PASS_STATIC_SEMANTIC_SOURCE_CARRIER_EXPANSION_MORPHOLOGY_UNICODE_PAIRED_DIRECT_FILE_REPLAY_BUILD_DEFERRED_FOR_DEPENDENCY_CLOSURE"
"OLP-0560","560","9620cc73f9c8e0ad003c514a5d3748f29611c4c0","content/set-theory/spine/recursion.tex","E9B5FE7B4AB133BC97D234AABD8DAE2412E91BBEEB9C785B4A8112BA1E1A0510","codex/openlogic-ar","locale/ar/content/set-theory/spine/recursion.tex","ACCEPTED","codex/openlogic-fa-ir","locale/fa-IR/content/set-theory/spine/recursion.tex","ACCEPTED","OLP-0561","PASS_STATIC_SEMANTIC_SOURCE_CARRIER_EXPANSION_MORPHOLOGY_UNICODE_PAIRED_DIRECT_FILE_REPLAY_BUILD_DEFERRED_FOR_DEPENDENCY_CLOSURE"
"OLP-0561","561","9620cc73f9c8e0ad003c514a5d3748f29611c4c0","content/set-theory/spine/stagesbasics.tex","055948A696B012F7BF5B0A6E9AC39297A0A910F6C17CA9580782E9795E87DEF6","codex/openlogic-ar","locale/ar/content/set-theory/spine/stagesbasics.tex","ACCEPTED","codex/openlogic-fa-ir","locale/fa-IR/content/set-theory/spine/stagesbasics.tex","ACCEPTED","OLP-0562","PASS_STATIC_SEMANTIC_SOURCE_CARRIER_EXPANSION_MORPHOLOGY_UNICODE_PAIRED_DIRECT_FILE_REPLAY_BUILD_DEFERRED_FOR_DEPENDENCY_CLOSURE"
"OLP-0562","562","9620cc73f9c8e0ad003c514a5d3748f29611c4c0","content/set-theory/spine/foundation.tex","18D5D41A2BECF13C6D5221D1C3504EA8300D96D85572C8848ED22BFC7EA321A5","codex/openlogic-ar","locale/ar/content/set-theory/spine/foundation.tex","ACCEPTED","codex/openlogic-fa-ir","locale/fa-IR/content/set-theory/spine/foundation.tex","ACCEPTED","OLP-0563","PASS_STATIC_SEMANTIC_SOURCE_CARRIER_EXPANSION_MORPHOLOGY_UNICODE_PAIRED_DIRECT_FILE_REPLAY_BUILD_DEFERRED_FOR_DEPENDENCY_CLOSURE"
"OLP-0563","563","9620cc73f9c8e0ad003c514a5d3748f29611c4c0","content/set-theory/spine/zf.tex","94DF3FB797FF5D12CE812C586F3DD8211FD7972EBAF25D3363BB135AD7686D73","codex/openlogic-ar","locale/ar/content/set-theory/spine/zf.tex","ACCEPTED","codex/openlogic-fa-ir","locale/fa-IR/content/set-theory/spine/zf.tex","ACCEPTED","OLP-0564","PASS_STATIC_SEMANTIC_SOURCE_CARRIER_EXPANSION_MORPHOLOGY_UNICODE_PAIRED_DIRECT_FILE_REPLAY_BUILD_DEFERRED_FOR_DEPENDENCY_CLOSURE"
"OLP-0564","564","9620cc73f9c8e0ad003c514a5d3748f29611c4c0","content/set-theory/spine/rank.tex","FA9B9FAA09478D4D5D6E510C52A2D5752FA72985DB8EFAFF4A432A0E24D81DD0","codex/openlogic-ar","locale/ar/content/set-theory/spine/rank.tex","ACCEPTED","codex/openlogic-fa-ir","locale/fa-IR/content/set-theory/spine/rank.tex","ACCEPTED","OLP-0565","PASS_STATIC_SEMANTIC_SOURCE_CARRIER_EXPANSION_MORPHOLOGY_UNICODE_PAIRED_DIRECT_FILE_REPLAY_BUILD_DEFERRED_FOR_DEPENDENCY_CLOSURE"
"OLP-0565","565","9620cc73f9c8e0ad003c514a5d3748f29611c4c0","content/set-theory/replacement/replacement.tex","9B8A0EEA8D3B6CCFE4C3CA2658BC31F418DAFF6744994B7A56E47E44D7784839","codex/openlogic-ar","locale/ar/content/set-theory/replacement/replacement.tex","ACCEPTED","codex/openlogic-fa-ir","locale/fa-IR/content/set-theory/replacement/replacement.tex","ACCEPTED","OLP-0566","PASS_STATIC_SEMANTIC_SOURCE_CARRIER_EXPANSION_MORPHOLOGY_UNICODE_PAIRED_DIRECT_FILE_REPLAY_BUILD_DEFERRED_FOR_DEPENDENCY_CLOSURE"
"OLP-0566","566","9620cc73f9c8e0ad003c514a5d3748f29611c4c0","content/set-theory/replacement/introduction.tex","F05B94BC04E2C2110BB8EC5147E5C377C7E6908B9B65B1FAE22EA62C6F2FA196","codex/openlogic-ar","locale/ar/content/set-theory/replacement/introduction.tex","ACCEPTED","codex/openlogic-fa-ir","locale/fa-IR/content/set-theory/replacement/introduction.tex","ACCEPTED","OLP-0567","PASS_STATIC_SEMANTIC_SOURCE_CARRIER_EXPANSION_MORPHOLOGY_UNICODE_PAIRED_DIRECT_FILE_REPLAY_BUILD_DEFERRED_FOR_DEPENDENCY_CLOSURE"
"OLP-0567","567","9620cc73f9c8e0ad003c514a5d3748f29611c4c0","content/set-theory/replacement/strength.tex","4F3E4108F3AB822B38F880DDCADE17B6E270A0F0272D9B0C40E9A9A389911301","codex/openlogic-ar","locale/ar/content/set-theory/replacement/strength.tex","ACCEPTED","codex/openlogic-fa-ir","locale/fa-IR/content/set-theory/replacement/strength.tex","ACCEPTED","OLP-0568","PASS_STATIC_SEMANTIC_SOURCE_CARRIER_EXPANSION_MORPHOLOGY_UNICODE_PAIRED_DIRECT_FILE_REPLAY_BUILD_DEFERRED_FOR_DEPENDENCY_CLOSURE"
"OLP-0568","568","9620cc73f9c8e0ad003c514a5d3748f29611c4c0","content/set-theory/replacement/extrinsic.tex","004138BEF28268B2A7F9547172634B404D5BCD15716839E7822F4CCCC6126C30","codex/openlogic-ar","locale/ar/content/set-theory/replacement/extrinsic.tex","ACCEPTED","codex/openlogic-fa-ir","locale/fa-IR/content/set-theory/replacement/extrinsic.tex","ACCEPTED","OLP-0569","PASS_STATIC_SEMANTIC_SOURCE_CARRIER_EXPANSION_MORPHOLOGY_UNICODE_PAIRED_DIRECT_FILE_REPLAY_BUILD_DEFERRED_FOR_DEPENDENCY_CLOSURE"
"OLP-0569","569","9620cc73f9c8e0ad003c514a5d3748f29611c4c0","content/set-theory/replacement/limofsize.tex","579CE35979A90771BCF225FF54B688AA34C19A88BD46FD5B51256F5AB2E68D49","codex/openlogic-ar","locale/ar/content/set-theory/replacement/limofsize.tex","ACCEPTED","codex/openlogic-fa-ir","locale/fa-IR/content/set-theory/replacement/limofsize.tex","ACCEPTED","OLP-0570","PASS_STATIC_SEMANTIC_SOURCE_CARRIER_EXPANSION_MORPHOLOGY_UNICODE_PAIRED_DIRECT_FILE_REPLAY_BUILD_DEFERRED_FOR_DEPENDENCY_CLOSURE"
"OLP-0570","570","9620cc73f9c8e0ad003c514a5d3748f29611c4c0","content/set-theory/replacement/absinf.tex","FD6CB8F41F12694C74F9CC52336851F0B04EEE98EFBCDAD5B60300C2DE0EBEA2","codex/openlogic-ar","locale/ar/content/set-theory/replacement/absinf.tex","ACCEPTED","codex/openlogic-fa-ir","locale/fa-IR/content/set-theory/replacement/absinf.tex","ACCEPTED","OLP-0571","PASS_STATIC_SEMANTIC_SOURCE_CARRIER_EXPANSION_MORPHOLOGY_UNICODE_PAIRED_DIRECT_FILE_REPLAY_BUILD_DEFERRED_FOR_DEPENDENCY_CLOSURE"
"OLP-0571","571","9620cc73f9c8e0ad003c514a5d3748f29611c4c0","content/set-theory/replacement/ref.tex","FBDFC9B85A4C276113F81E9A1BA5A20F59930A75175E43A1E11A6D9BEE57644E","codex/openlogic-ar","locale/ar/content/set-theory/replacement/ref.tex","ACCEPTED","codex/openlogic-fa-ir","locale/fa-IR/content/set-theory/replacement/ref.tex","ACCEPTED","OLP-0572","PASS_STATIC_SEMANTIC_SOURCE_CARRIER_EXPANSION_MORPHOLOGY_UNICODE_PAIRED_DIRECT_FILE_REPLAY_BUILD_DEFERRED_FOR_DEPENDENCY_CLOSURE"
"OLP-0572","572","9620cc73f9c8e0ad003c514a5d3748f29611c4c0","content/set-theory/replacement/refproofs.tex","4ABCC3FFAEB815555332B98949519F6567B6F0AE857799DA8789EC7A3E48E5FF","codex/openlogic-ar","locale/ar/content/set-theory/replacement/refproofs.tex","ACCEPTED","codex/openlogic-fa-ir","locale/fa-IR/content/set-theory/replacement/refproofs.tex","ACCEPTED","OLP-0573","PASS_STATIC_SEMANTIC_SOURCE_CARRIER_EXPANSION_MORPHOLOGY_UNICODE_PAIRED_DIRECT_FILE_REPLAY_BUILD_DEFERRED_FOR_DEPENDENCY_CLOSURE"
"OLP-0573","573","9620cc73f9c8e0ad003c514a5d3748f29611c4c0","content/set-theory/replacement/finiteaxiomatizability.tex","52BD181678B672D154C59992F6BE199144558FB717349A847AB6646B1ACCEA44","codex/openlogic-ar","locale/ar/content/set-theory/replacement/finiteaxiomatizability.tex","ACCEPTED","codex/openlogic-fa-ir","locale/fa-IR/content/set-theory/replacement/finiteaxiomatizability.tex","ACCEPTED","OLP-0574","PASS_STATIC_SEMANTIC_SOURCE_CARRIER_EXPANSION_MORPHOLOGY_UNICODE_PAIRED_DIRECT_FILE_REPLAY_BUILD_DEFERRED_FOR_DEPENDENCY_CLOSURE"
"OLP-0574","574","9620cc73f9c8e0ad003c514a5d3748f29611c4c0","content/set-theory/ord-arithmetic/ord-arithmetic.tex","3444E989471CA24A662C616DE80E6C1B2C5CBAD814F89BC4132C778E59F6812F","codex/openlogic-ar","locale/ar/content/set-theory/ord-arithmetic/ord-arithmetic.tex","ACCEPTED","codex/openlogic-fa-ir","locale/fa-IR/content/set-theory/ord-arithmetic/ord-arithmetic.tex","ACCEPTED","OLP-0575","PASS_STATIC_SEMANTIC_SOURCE_CARRIER_EXPANSION_MORPHOLOGY_UNICODE_PAIRED_DIRECT_FILE_REPLAY_BUILD_DEFERRED_FOR_DEPENDENCY_CLOSURE"
"OLP-0575","575","9620cc73f9c8e0ad003c514a5d3748f29611c4c0","content/set-theory/ord-arithmetic/introduction.tex","0A366104099A83D5C40566852278F806C0BDEA2FBDC8729E6B1D1DB38E1637DC","codex/openlogic-ar","locale/ar/content/set-theory/ord-arithmetic/introduction.tex","ACCEPTED","codex/openlogic-fa-ir","locale/fa-IR/content/set-theory/ord-arithmetic/introduction.tex","ACCEPTED","OLP-0576","PASS_STATIC_SEMANTIC_SOURCE_CARRIER_EXPANSION_MORPHOLOGY_UNICODE_PAIRED_DIRECT_FILE_REPLAY_BUILD_DEFERRED_FOR_DEPENDENCY_CLOSURE"
"OLP-0576","576","9620cc73f9c8e0ad003c514a5d3748f29611c4c0","content/set-theory/ord-arithmetic/addition.tex","E812ADCA016FB2B68DAED98EF2BC27F45E48A57CEEEB27D244AD5C92A453A6E6","codex/openlogic-ar","locale/ar/content/set-theory/ord-arithmetic/addition.tex","ACCEPTED","codex/openlogic-fa-ir","locale/fa-IR/content/set-theory/ord-arithmetic/addition.tex","ACCEPTED","OLP-0577","PASS_STATIC_SEMANTIC_SOURCE_CARRIER_EXPANSION_MORPHOLOGY_UNICODE_PAIRED_DIRECT_FILE_REPLAY_BUILD_DEFERRED_FOR_DEPENDENCY_CLOSURE"
"OLP-0577","577","9620cc73f9c8e0ad003c514a5d3748f29611c4c0","content/set-theory/ord-arithmetic/using-addition.tex","9641A137F0347689FAD7FC04337F8889991E482C6179513C19A0BFBC619EAFF1","codex/openlogic-ar","locale/ar/content/set-theory/ord-arithmetic/using-addition.tex","ACCEPTED","codex/openlogic-fa-ir","locale/fa-IR/content/set-theory/ord-arithmetic/using-addition.tex","ACCEPTED","OLP-0578","PASS_STATIC_SEMANTIC_SOURCE_CARRIER_EXPANSION_MORPHOLOGY_UNICODE_PAIRED_DIRECT_FILE_REPLAY_BUILD_DEFERRED_FOR_DEPENDENCY_CLOSURE"
"OLP-0578","578","9620cc73f9c8e0ad003c514a5d3748f29611c4c0","content/set-theory/ord-arithmetic/multiplication.tex","EADE2BC67A7DEDE697F1A89E0359C3EF4A1C52154BBCF4B1B45176F5D3742ABB","codex/openlogic-ar","locale/ar/content/set-theory/ord-arithmetic/multiplication.tex","ACCEPTED","codex/openlogic-fa-ir","locale/fa-IR/content/set-theory/ord-arithmetic/multiplication.tex","ACCEPTED","OLP-0579","PASS_STATIC_SEMANTIC_SOURCE_CARRIER_EXPANSION_MORPHOLOGY_UNICODE_PAIRED_DIRECT_FILE_REPLAY_BUILD_DEFERRED_FOR_DEPENDENCY_CLOSURE"
"OLP-0579","579","9620cc73f9c8e0ad003c514a5d3748f29611c4c0","content/set-theory/ord-arithmetic/exponentiation.tex","965BE29D6AB8E9AAD3E56B319CC8DDFB3CD212E836092F061198FAFB561AE6FC","codex/openlogic-ar","locale/ar/content/set-theory/ord-arithmetic/exponentiation.tex","ACCEPTED","codex/openlogic-fa-ir","locale/fa-IR/content/set-theory/ord-arithmetic/exponentiation.tex","ACCEPTED","OLP-0580","PASS_STATIC_SEMANTIC_SOURCE_CARRIER_EXPANSION_MORPHOLOGY_UNICODE_PAIRED_DIRECT_FILE_REPLAY_BUILD_DEFERRED_FOR_DEPENDENCY_CLOSURE"
"OLP-0580","580","9620cc73f9c8e0ad003c514a5d3748f29611c4c0","content/set-theory/cardinals/cardinals.tex","AC78463F4FC8FEDDA04F3C0FDDCD4C74D11E9C838194BEB7927B55B733008EF5","codex/openlogic-ar","locale/ar/content/set-theory/cardinals/cardinals.tex","ACCEPTED","codex/openlogic-fa-ir","locale/fa-IR/content/set-theory/cardinals/cardinals.tex","ACCEPTED","OLP-0581","PASS_STATIC_SEMANTIC_SOURCE_CARRIER_EXPANSION_MORPHOLOGY_UNICODE_PAIRED_DIRECT_FILE_REPLAY_BUILD_DEFERRED_FOR_DEPENDENCY_CLOSURE"
"OLP-0581","581","9620cc73f9c8e0ad003c514a5d3748f29611c4c0","content/set-theory/cardinals/cp.tex","950307DDCD75E93C0CB6AEAEB8F969F17E519027F1FF3672F433552EDD519FAE","codex/openlogic-ar","locale/ar/content/set-theory/cardinals/cp.tex","ACCEPTED","codex/openlogic-fa-ir","locale/fa-IR/content/set-theory/cardinals/cp.tex","ACCEPTED","OLP-0582","PASS_STATIC_SEMANTIC_SOURCE_CARRIER_EXPANSION_MORPHOLOGY_UNICODE_PAIRED_DIRECT_FILE_REPLAY_BUILD_DEFERRED_FOR_DEPENDENCY_CLOSURE"
"OLP-0582","582","9620cc73f9c8e0ad003c514a5d3748f29611c4c0","content/set-theory/cardinals/cardsasords.tex","76EB33836F0E2C21BE7701B157030B8465AC08DACCF532EEB5FA74DC8110100D","codex/openlogic-ar","locale/ar/content/set-theory/cardinals/cardsasords.tex","ACCEPTED","codex/openlogic-fa-ir","locale/fa-IR/content/set-theory/cardinals/cardsasords.tex","ACCEPTED","OLP-0583","PASS_STATIC_SEMANTIC_SOURCE_CARRIER_EXPANSION_MORPHOLOGY_UNICODE_PAIRED_DIRECT_FILE_REPLAY_BUILD_DEFERRED_FOR_DEPENDENCY_CLOSURE"
"OLP-0583","583","9620cc73f9c8e0ad003c514a5d3748f29611c4c0","content/set-theory/cardinals/milestone.tex","50F4F989834763156B2D27822ACD03201532846BAA243A8F97D6B3FA299A54FD","codex/openlogic-ar","locale/ar/content/set-theory/cardinals/milestone.tex","ACCEPTED","codex/openlogic-fa-ir","locale/fa-IR/content/set-theory/cardinals/milestone.tex","ACCEPTED","OLP-0584","PASS_STATIC_SEMANTIC_SOURCE_CARRIER_EXPANSION_MORPHOLOGY_UNICODE_PAIRED_DIRECT_FILE_REPLAY_BUILD_DEFERRED_FOR_DEPENDENCY_CLOSURE"
"OLP-0584","584","9620cc73f9c8e0ad003c514a5d3748f29611c4c0","content/set-theory/cardinals/classing.tex","FACF3EB5D19661A660D1C6441F09C0ACC909F944253F4C7FE129048F8EA35BC6","codex/openlogic-ar","locale/ar/content/set-theory/cardinals/classing.tex","ACCEPTED","codex/openlogic-fa-ir","locale/fa-IR/content/set-theory/cardinals/classing.tex","ACCEPTED","OLP-0585","PASS_STATIC_SEMANTIC_SOURCE_CARRIER_EXPANSION_MORPHOLOGY_UNICODE_PAIRED_DIRECT_FILE_REPLAY_BUILD_DEFERRED_FOR_DEPENDENCY_CLOSURE"
"OLP-0585","585","9620cc73f9c8e0ad003c514a5d3748f29611c4c0","content/set-theory/cardinals/hp.tex","B4C06D8CD04558E99E48C018A170BEF91763B86B74EF03B260282EA5EAE5B09E","codex/openlogic-ar","locale/ar/content/set-theory/cardinals/hp.tex","ACCEPTED","codex/openlogic-fa-ir","locale/fa-IR/content/set-theory/cardinals/hp.tex","ACCEPTED","OLP-0586","PASS_STATIC_SEMANTIC_SOURCE_CARRIER_EXPANSION_MORPHOLOGY_UNICODE_PAIRED_DIRECT_FILE_REPLAY_BUILD_DEFERRED_FOR_DEPENDENCY_CLOSURE"
"OLP-0586","586","9620cc73f9c8e0ad003c514a5d3748f29611c4c0","content/set-theory/card-arithmetic/card-arithmetic.tex","26EB9336173A6C4A121B0AC9B3052123F74DBC187365FF2A9A2CD23E96982423","codex/openlogic-ar","locale/ar/content/set-theory/card-arithmetic/card-arithmetic.tex","ACCEPTED","codex/openlogic-fa-ir","locale/fa-IR/content/set-theory/card-arithmetic/card-arithmetic.tex","ACCEPTED","OLP-0587","PASS_STATIC_SEMANTIC_SOURCE_CARRIER_EXPANSION_MORPHOLOGY_UNICODE_PAIRED_DIRECT_FILE_REPLAY_BUILD_DEFERRED_FOR_DEPENDENCY_CLOSURE"
"OLP-0587","587","9620cc73f9c8e0ad003c514a5d3748f29611c4c0","content/set-theory/card-arithmetic/opps.tex","FE59199062C34A36E296A777EE0DA52721751686F202735791A472D0A0906872","codex/openlogic-ar","locale/ar/content/set-theory/card-arithmetic/opps.tex","ACCEPTED","codex/openlogic-fa-ir","locale/fa-IR/content/set-theory/card-arithmetic/opps.tex","ACCEPTED","OLP-0588","PASS_STATIC_SEMANTIC_SOURCE_CARRIER_EXPANSION_MORPHOLOGY_UNICODE_PAIRED_DIRECT_FILE_REPLAY_BUILD_DEFERRED_FOR_DEPENDENCY_CLOSURE"
"OLP-0588","588","9620cc73f9c8e0ad003c514a5d3748f29611c4c0","content/set-theory/card-arithmetic/simp.tex","A606BAB065A11C689B655FF8053E3E77894DECB42B88E70605A981C129148DA0","codex/openlogic-ar","locale/ar/content/set-theory/card-arithmetic/simp.tex","ACCEPTED","codex/openlogic-fa-ir","locale/fa-IR/content/set-theory/card-arithmetic/simp.tex","ACCEPTED","OLP-0589","PASS_STATIC_SEMANTIC_SOURCE_CARRIER_EXPANSION_MORPHOLOGY_UNICODE_PAIRED_DIRECT_FILE_REPLAY_BUILD_DEFERRED_FOR_DEPENDENCY_CLOSURE"
"OLP-0589","589","9620cc73f9c8e0ad003c514a5d3748f29611c4c0","content/set-theory/card-arithmetic/expotough.tex","3C24595966608C406BD3B8F2EEC62EDC0476017588FEE15EC14BA64798B208EC","codex/openlogic-ar","locale/ar/content/set-theory/card-arithmetic/expotough.tex","ACCEPTED","codex/openlogic-fa-ir","locale/fa-IR/content/set-theory/card-arithmetic/expotough.tex","ACCEPTED","OLP-0590","PASS_STATIC_SEMANTIC_SOURCE_CARRIER_EXPANSION_MORPHOLOGY_UNICODE_PAIRED_DIRECT_FILE_REPLAY_BUILD_DEFERRED_FOR_DEPENDENCY_CLOSURE"
"OLP-0590","590","9620cc73f9c8e0ad003c514a5d3748f29611c4c0","content/set-theory/card-arithmetic/ch.tex","B1BDEE185CE2A21EEBA54CCE52EBEC13154B54B77A6652820AD4F7AC61E8B212","codex/openlogic-ar","locale/ar/content/set-theory/card-arithmetic/ch.tex","ACCEPTED","codex/openlogic-fa-ir","locale/fa-IR/content/set-theory/card-arithmetic/ch.tex","ACCEPTED","OLP-0591","PASS_STATIC_SEMANTIC_SOURCE_CARRIER_EXPANSION_MORPHOLOGY_UNICODE_PAIRED_DIRECT_FILE_REPLAY_BUILD_DEFERRED_FOR_DEPENDENCY_CLOSURE"
"OLP-0591","591","9620cc73f9c8e0ad003c514a5d3748f29611c4c0","content/set-theory/card-arithmetic/fix.tex","CC111D7D7472B0E7EF940196977FAEF0F1B2867FEAAB0A74843E9D39077F5074","codex/openlogic-ar","locale/ar/content/set-theory/card-arithmetic/fix.tex","ACCEPTED","codex/openlogic-fa-ir","locale/fa-IR/content/set-theory/card-arithmetic/fix.tex","ACCEPTED","OLP-0592","PASS_STATIC_SEMANTIC_SOURCE_CARRIER_EXPANSION_MORPHOLOGY_UNICODE_PAIRED_DIRECT_FILE_REPLAY_BUILD_DEFERRED_FOR_DEPENDENCY_CLOSURE"
"OLP-0592","592","9620cc73f9c8e0ad003c514a5d3748f29611c4c0","content/set-theory/choice/choice.tex","BDDC53F49700D259464FA1B29D61287F56EDB76A85C73239B0C9CE78B2D88E5E","codex/openlogic-ar","locale/ar/content/set-theory/choice/choice.tex","ACCEPTED","codex/openlogic-fa-ir","locale/fa-IR/content/set-theory/choice/choice.tex","ACCEPTED","OLP-0593","PASS_STATIC_SEMANTIC_SOURCE_CARRIER_EXPANSION_MORPHOLOGY_UNICODE_PAIRED_DIRECT_FILE_REPLAY_BUILD_DEFERRED_FOR_DEPENDENCY_CLOSURE"
"OLP-0593","593","9620cc73f9c8e0ad003c514a5d3748f29611c4c0","content/set-theory/choice/introduction.tex","882C4A2B41BA6D2DDDDC357D8522E3B30D02A7E1312786293BC1CE5C03922A4D","codex/openlogic-ar","locale/ar/content/set-theory/choice/introduction.tex","ACCEPTED","codex/openlogic-fa-ir","locale/fa-IR/content/set-theory/choice/introduction.tex","ACCEPTED","OLP-0594","PASS_STATIC_SEMANTIC_SOURCE_CARRIER_EXPANSION_MORPHOLOGY_UNICODE_PAIRED_DIRECT_FILE_REPLAY_BUILD_DEFERRED_FOR_DEPENDENCY_CLOSURE"
"OLP-0594","594","9620cc73f9c8e0ad003c514a5d3748f29611c4c0","content/set-theory/choice/tarskiscott.tex","2CF102FA76C9CB3C1080901967626539D8DA1AA6DDA38DDDBBC743AE5E883579","codex/openlogic-ar","locale/ar/content/set-theory/choice/tarskiscott.tex","ACCEPTED","codex/openlogic-fa-ir","locale/fa-IR/content/set-theory/choice/tarskiscott.tex","ACCEPTED","OLP-0595","PASS_STATIC_SEMANTIC_SOURCE_CARRIER_EXPANSION_MORPHOLOGY_UNICODE_PAIRED_DIRECT_FILE_REPLAY_BUILD_DEFERRED_FOR_DEPENDENCY_CLOSURE"
"OLP-0595","595","9620cc73f9c8e0ad003c514a5d3748f29611c4c0","content/set-theory/choice/hartogs.tex","FFE4C3F0A800BD7893A39E68D109CA1EB9662B5F29CDA42393CBC5777CF557C4","codex/openlogic-ar","locale/ar/content/set-theory/choice/hartogs.tex","ACCEPTED","codex/openlogic-fa-ir","locale/fa-IR/content/set-theory/choice/hartogs.tex","ACCEPTED","OLP-0596","PASS_STATIC_SEMANTIC_SOURCE_CARRIER_EXPANSION_MORPHOLOGY_UNICODE_PAIRED_DIRECT_FILE_REPLAY_BUILD_DEFERRED_FOR_DEPENDENCY_CLOSURE"
"OLP-0596","596","9620cc73f9c8e0ad003c514a5d3748f29611c4c0","content/set-theory/choice/wellorderingproblem.tex","9CA7BB6570D323E7CAEBB910C975827A9411C1BBE2B4DABD6D41F9EBE2F04FA4","codex/openlogic-ar","locale/ar/content/set-theory/choice/wellorderingproblem.tex","ACCEPTED","codex/openlogic-fa-ir","locale/fa-IR/content/set-theory/choice/wellorderingproblem.tex","ACCEPTED","OLP-0597","PASS_STATIC_SEMANTIC_SOURCE_CARRIER_EXPANSION_MORPHOLOGY_UNICODE_PAIRED_DIRECT_FILE_REPLAY_BUILD_DEFERRED_FOR_DEPENDENCY_CLOSURE"
"OLP-0597","597","9620cc73f9c8e0ad003c514a5d3748f29611c4c0","content/set-theory/choice/countablechoice.tex","37ED80E497F07F2C96DB1A56B8573D90A6D8421E119F0BC7A2865FA2F534B994","codex/openlogic-ar","locale/ar/content/set-theory/choice/countablechoice.tex","ACCEPTED","codex/openlogic-fa-ir","locale/fa-IR/content/set-theory/choice/countablechoice.tex","ACCEPTED","OLP-0598","PASS_STATIC_SEMANTIC_SOURCE_CARRIER_EXPANSION_MORPHOLOGY_UNICODE_PAIRED_DIRECT_FILE_REPLAY_BUILD_DEFERRED_FOR_DEPENDENCY_CLOSURE"
"OLP-0598","598","9620cc73f9c8e0ad003c514a5d3748f29611c4c0","content/set-theory/choice/justifications.tex","4AD40CF83F5D5FE896183B2BDEB7C9CB2D3879AEB4B1BB4192607241E95C4ED8","codex/openlogic-ar","locale/ar/content/set-theory/choice/justifications.tex","ACCEPTED","codex/openlogic-fa-ir","locale/fa-IR/content/set-theory/choice/justifications.tex","ACCEPTED","OLP-0599","PASS_STATIC_SEMANTIC_SOURCE_CARRIER_EXPANSION_MORPHOLOGY_UNICODE_PAIRED_DIRECT_FILE_REPLAY_BUILD_DEFERRED_FOR_DEPENDENCY_CLOSURE"
"OLP-0599","599","9620cc73f9c8e0ad003c514a5d3748f29611c4c0","content/set-theory/choice/banach.tex","51F2D8E142B4BCCD21BC0AA06330ECFF874360D32005B34C415955EAAA24943A","codex/openlogic-ar","locale/ar/content/set-theory/choice/banach.tex","ACCEPTED","codex/openlogic-fa-ir","locale/fa-IR/content/set-theory/choice/banach.tex","ACCEPTED","OLP-0600","PASS_STATIC_SEMANTIC_SOURCE_CARRIER_EXPANSION_MORPHOLOGY_UNICODE_PAIRED_DIRECT_FILE_REPLAY_BUILD_DEFERRED_FOR_DEPENDENCY_CLOSURE"
"OLP-0600","600","9620cc73f9c8e0ad003c514a5d3748f29611c4c0","content/set-theory/choice/vitali.tex","E9AE48138DF4AF723DE80B69D70D43E2A77F3CC9C0EC680EDED3A333C0892B32","codex/openlogic-ar","locale/ar/content/set-theory/choice/vitali.tex","ACCEPTED","codex/openlogic-fa-ir","locale/fa-IR/content/set-theory/choice/vitali.tex","ACCEPTED","OLP-0601","PASS_STATIC_SEMANTIC_SOURCE_CARRIER_EXPANSION_MORPHOLOGY_UNICODE_PAIRED_DIRECT_FILE_REPLAY_BUILD_DEFERRED_FOR_DEPENDENCY_CLOSURE"
"OLP-0601","601","9620cc73f9c8e0ad003c514a5d3748f29611c4c0","content/methods/methods.tex","BED9153F391E0937825C1F86E9D808EF90AA3CB93EB33F0EE1A632A4D13AA2B6","codex/openlogic-ar","locale/ar/content/methods/methods.tex","ACCEPTED","codex/openlogic-fa-ir","locale/fa-IR/content/methods/methods.tex","ACCEPTED","OLP-0602","PASS_STATIC_SEMANTIC_SOURCE_CARRIER_EXPANSION_MORPHOLOGY_UNICODE_PAIRED_DIRECT_FILE_REPLAY_BUILD_DEFERRED_FOR_DEPENDENCY_CLOSURE"
"OLP-0602","602","9620cc73f9c8e0ad003c514a5d3748f29611c4c0","content/methods/proofs/proofs.tex","26A34BB3D34DE40CA0D16D8F1B88D156D3C694D1C7C6E9147454FCC5144C65F6","codex/openlogic-ar","locale/ar/content/methods/proofs/proofs.tex","ACCEPTED","codex/openlogic-fa-ir","locale/fa-IR/content/methods/proofs/proofs.tex","ACCEPTED","OLP-0603","PASS_STATIC_SEMANTIC_SOURCE_CARRIER_EXPANSION_MORPHOLOGY_UNICODE_PAIRED_DIRECT_FILE_REPLAY_BUILD_DEFERRED_FOR_DEPENDENCY_CLOSURE"
"OLP-0603","603","9620cc73f9c8e0ad003c514a5d3748f29611c4c0","content/methods/proofs/introduction.tex","AE06D0471D8F4C8565A11F9DBD7BB77513F837BB495032B6356CAFBAA319AD83","codex/openlogic-ar","locale/ar/content/methods/proofs/introduction.tex","ACCEPTED","codex/openlogic-fa-ir","locale/fa-IR/content/methods/proofs/introduction.tex","ACCEPTED","OLP-0604","PASS_STATIC_SEMANTIC_SOURCE_CARRIER_EXPANSION_MORPHOLOGY_UNICODE_PAIRED_DIRECT_FILE_REPLAY_BUILD_DEFERRED_FOR_DEPENDENCY_CLOSURE"
"OLP-0604","604","9620cc73f9c8e0ad003c514a5d3748f29611c4c0","content/methods/proofs/starting-proofs.tex","84908CB7EF78B1EC62E2CCC41376D5BC039C6E44E1855C386D7B112C69D5CE64","codex/openlogic-ar","locale/ar/content/methods/proofs/starting-proofs.tex","ACCEPTED","codex/openlogic-fa-ir","locale/fa-IR/content/methods/proofs/starting-proofs.tex","ACCEPTED","OLP-0605","PASS_STATIC_SEMANTIC_SOURCE_CARRIER_EXPANSION_MORPHOLOGY_UNICODE_PAIRED_DIRECT_FILE_REPLAY_BUILD_DEFERRED_FOR_DEPENDENCY_CLOSURE"
"OLP-0605","605","9620cc73f9c8e0ad003c514a5d3748f29611c4c0","content/methods/proofs/using-definitions.tex","0496B9489F10EB402E2EB91B503C7B522C2E73349E1481CEB9781F2E191A3BCE","codex/openlogic-ar","locale/ar/content/methods/proofs/using-definitions.tex","ACCEPTED","codex/openlogic-fa-ir","locale/fa-IR/content/methods/proofs/using-definitions.tex","ACCEPTED","OLP-0606","PASS_STATIC_SEMANTIC_SOURCE_CARRIER_EXPANSION_MORPHOLOGY_UNICODE_PAIRED_DIRECT_FILE_REPLAY_BUILD_DEFERRED_FOR_DEPENDENCY_CLOSURE"
"OLP-0606","606","9620cc73f9c8e0ad003c514a5d3748f29611c4c0","content/methods/proofs/inference-patterns.tex","DEC51F23018334023107ECFAA7A2F31FDF964B2B0CB7AEBAEEB4E1688ED6DD31","codex/openlogic-ar","locale/ar/content/methods/proofs/inference-patterns.tex","ACCEPTED","codex/openlogic-fa-ir","locale/fa-IR/content/methods/proofs/inference-patterns.tex","ACCEPTED","OLP-0607","PASS_STATIC_SEMANTIC_SOURCE_CARRIER_EXPANSION_MORPHOLOGY_UNICODE_PAIRED_DIRECT_FILE_REPLAY_BUILD_DEFERRED_FOR_DEPENDENCY_CLOSURE"
"OLP-0607","607","9620cc73f9c8e0ad003c514a5d3748f29611c4c0","content/methods/proofs/example-1.tex","D9536CC5FFC9BCAA7DEE417FE8BBFB1C7F7DC99A5ABEC3FDF5FD58EA4593922A","codex/openlogic-ar","locale/ar/content/methods/proofs/example-1.tex","ACCEPTED","codex/openlogic-fa-ir","locale/fa-IR/content/methods/proofs/example-1.tex","ACCEPTED","OLP-0608","PASS_STATIC_SEMANTIC_SOURCE_CARRIER_EXPANSION_MORPHOLOGY_UNICODE_PAIRED_DIRECT_FILE_REPLAY_BUILD_DEFERRED_FOR_DEPENDENCY_CLOSURE"
"OLP-0608","608","9620cc73f9c8e0ad003c514a5d3748f29611c4c0","content/methods/proofs/example-2.tex","CBEF120CEA559B153F4E6B828D2FE7942050D3534E3BB61E642FD467F897AA80","codex/openlogic-ar","locale/ar/content/methods/proofs/example-2.tex","ACCEPTED","codex/openlogic-fa-ir","locale/fa-IR/content/methods/proofs/example-2.tex","ACCEPTED","OLP-0609","PASS_STATIC_SEMANTIC_SOURCE_CARRIER_EXPANSION_MORPHOLOGY_UNICODE_PAIRED_DIRECT_FILE_REPLAY_BUILD_DEFERRED_FOR_DEPENDENCY_CLOSURE"
"OLP-0609","609","9620cc73f9c8e0ad003c514a5d3748f29611c4c0","content/methods/proofs/proof-by-contradiction.tex","3EDA384520D99069031C01F168564F639980118E7FD145CA105E8092FBE438DD","codex/openlogic-ar","locale/ar/content/methods/proofs/proof-by-contradiction.tex","ACCEPTED","codex/openlogic-fa-ir","locale/fa-IR/content/methods/proofs/proof-by-contradiction.tex","ACCEPTED","OLP-0610","PASS_STATIC_SEMANTIC_SOURCE_CARRIER_EXPANSION_MORPHOLOGY_UNICODE_PAIRED_DIRECT_FILE_REPLAY_BUILD_DEFERRED_FOR_DEPENDENCY_CLOSURE"
"OLP-0610","610","9620cc73f9c8e0ad003c514a5d3748f29611c4c0","content/methods/proofs/reading-proofs.tex","E7C40A1F3481F3529D96E136191C8B9C98B27080DDAE1A9CEC732D0301775670","codex/openlogic-ar","locale/ar/content/methods/proofs/reading-proofs.tex","ACCEPTED","codex/openlogic-fa-ir","locale/fa-IR/content/methods/proofs/reading-proofs.tex","ACCEPTED","OLP-0611","PASS_STATIC_SEMANTIC_SOURCE_CARRIER_EXPANSION_MORPHOLOGY_UNICODE_PAIRED_DIRECT_FILE_REPLAY_BUILD_DEFERRED_FOR_DEPENDENCY_CLOSURE"
"OLP-0611","611","9620cc73f9c8e0ad003c514a5d3748f29611c4c0","content/methods/proofs/cant-do-it.tex","47C3B4332E0C28351984E78CBA0008E54DEB442704710BF7D4F2FFA34E4E6C5E","codex/openlogic-ar","locale/ar/content/methods/proofs/cant-do-it.tex","ACCEPTED","codex/openlogic-fa-ir","locale/fa-IR/content/methods/proofs/cant-do-it.tex","ACCEPTED","OLP-0612","PASS_STATIC_SEMANTIC_SOURCE_CARRIER_EXPANSION_MORPHOLOGY_UNICODE_PAIRED_DIRECT_FILE_REPLAY_BUILD_DEFERRED_FOR_DEPENDENCY_CLOSURE"
"OLP-0612","612","9620cc73f9c8e0ad003c514a5d3748f29611c4c0","content/methods/proofs/resources.tex","69BF95954428E38A55DFCA85AA13D62BA2B9992AFA406364DA4A0B251D86FA44","codex/openlogic-ar","locale/ar/content/methods/proofs/resources.tex","ACCEPTED","codex/openlogic-fa-ir","locale/fa-IR/content/methods/proofs/resources.tex","ACCEPTED","OLP-0613","PASS_STATIC_SEMANTIC_SOURCE_CARRIER_EXPANSION_MORPHOLOGY_UNICODE_PAIRED_DIRECT_FILE_REPLAY_BUILD_DEFERRED_FOR_DEPENDENCY_CLOSURE"
"OLP-0613","613","9620cc73f9c8e0ad003c514a5d3748f29611c4c0","content/methods/induction/induction.tex","FE221D57CE250433893679A71D00B74FBE41D562D29CD2299E40502DF3271B16","codex/openlogic-ar","locale/ar/content/methods/induction/induction.tex","ACCEPTED","codex/openlogic-fa-ir","locale/fa-IR/content/methods/induction/induction.tex","ACCEPTED","OLP-0614","PASS_STATIC_SEMANTIC_SOURCE_CARRIER_EXPANSION_MORPHOLOGY_UNICODE_PAIRED_DIRECT_FILE_REPLAY_BUILD_DEFERRED_FOR_DEPENDENCY_CLOSURE"
"OLP-0614","614","9620cc73f9c8e0ad003c514a5d3748f29611c4c0","content/methods/induction/introduction.tex","7ED230622F1371A6FDE2530A9F2037643EE3400AB429C488554F3F3D1A853D59","codex/openlogic-ar","locale/ar/content/methods/induction/introduction.tex","ACCEPTED","codex/openlogic-fa-ir","locale/fa-IR/content/methods/induction/introduction.tex","ACCEPTED","OLP-0615","PASS_STATIC_SEMANTIC_SOURCE_CARRIER_EXPANSION_MORPHOLOGY_UNICODE_PAIRED_DIRECT_FILE_REPLAY_BUILD_DEFERRED_FOR_DEPENDENCY_CLOSURE"
"OLP-0615","615","9620cc73f9c8e0ad003c514a5d3748f29611c4c0","content/methods/induction/induction-on-N.tex","3C0D810002766A55DF30E29FE1EE6F71AEE463A3562FA8590DC43BB7B5B8E072","codex/openlogic-ar","locale/ar/content/methods/induction/induction-on-N.tex","ACCEPTED","codex/openlogic-fa-ir","locale/fa-IR/content/methods/induction/induction-on-N.tex","ACCEPTED","OLP-0616","PASS_STATIC_SEMANTIC_SOURCE_CARRIER_EXPANSION_MORPHOLOGY_UNICODE_PAIRED_DIRECT_FILE_REPLAY_BUILD_DEFERRED_FOR_DEPENDENCY_CLOSURE"
"OLP-0616","616","9620cc73f9c8e0ad003c514a5d3748f29611c4c0","content/methods/induction/strong-induction.tex","6BCB6EEA209D16B55FCCA74181BC548EDF6978BE7A3B7C48CAEB15DB712B5EEC","codex/openlogic-ar","locale/ar/content/methods/induction/strong-induction.tex","ACCEPTED","codex/openlogic-fa-ir","locale/fa-IR/content/methods/induction/strong-induction.tex","ACCEPTED","OLP-0617","PASS_STATIC_SEMANTIC_SOURCE_CARRIER_EXPANSION_MORPHOLOGY_UNICODE_PAIRED_DIRECT_FILE_REPLAY_BUILD_DEFERRED_FOR_DEPENDENCY_CLOSURE"
"OLP-0617","617","9620cc73f9c8e0ad003c514a5d3748f29611c4c0","content/methods/induction/inductive-definitions.tex","C9ACF225C06FEB663A8CC96B505782DECFB70D12DD2F76D3CDE0627A5B3EA8E1","codex/openlogic-ar","locale/ar/content/methods/induction/inductive-definitions.tex","ACCEPTED","codex/openlogic-fa-ir","locale/fa-IR/content/methods/induction/inductive-definitions.tex","ACCEPTED","OLP-0618","PASS_STATIC_SEMANTIC_SOURCE_CARRIER_EXPANSION_MORPHOLOGY_UNICODE_PAIRED_DIRECT_FILE_REPLAY_BUILD_DEFERRED_FOR_DEPENDENCY_CLOSURE"
"OLP-0618","618","9620cc73f9c8e0ad003c514a5d3748f29611c4c0","content/methods/induction/structural-induction.tex","B4CBD21821127A8C6D55063E229D17E4F3EE74B5208769F317192DA94DF54428","codex/openlogic-ar","locale/ar/content/methods/induction/structural-induction.tex","ACCEPTED","codex/openlogic-fa-ir","locale/fa-IR/content/methods/induction/structural-induction.tex","ACCEPTED","OLP-0619","PASS_STATIC_SEMANTIC_SOURCE_CARRIER_EXPANSION_MORPHOLOGY_UNICODE_PAIRED_DIRECT_FILE_REPLAY_BUILD_DEFERRED_FOR_DEPENDENCY_CLOSURE"
"OLP-0619","619","9620cc73f9c8e0ad003c514a5d3748f29611c4c0","content/methods/induction/relations.tex","7361C3481D3028C64B48E89A1B784E6CC827ACD5AAFC7273664BA999A9668C7E","codex/openlogic-ar","locale/ar/content/methods/induction/relations.tex","ACCEPTED","codex/openlogic-fa-ir","locale/fa-IR/content/methods/induction/relations.tex","ACCEPTED","OLP-0620","PASS_STATIC_SEMANTIC_SOURCE_CARRIER_EXPANSION_MORPHOLOGY_UNICODE_PAIRED_DIRECT_FILE_REPLAY_BUILD_DEFERRED_FOR_DEPENDENCY_CLOSURE"
"OLP-0620","620","9620cc73f9c8e0ad003c514a5d3748f29611c4c0","content/history/history.tex","F259AECDFD4BA07957FD0604AE81411AC215B6312F3C4008E4743636C0E4A06C","codex/openlogic-ar","locale/ar/content/history/history.tex","ACCEPTED","codex/openlogic-fa-ir","locale/fa-IR/content/history/history.tex","ACCEPTED","OLP-0621","PASS_STATIC_SEMANTIC_SOURCE_CARRIER_EXPANSION_MORPHOLOGY_UNICODE_PAIRED_DIRECT_FILE_REPLAY_BUILD_DEFERRED_FOR_DEPENDENCY_CLOSURE"
"OLP-0621","621","9620cc73f9c8e0ad003c514a5d3748f29611c4c0","content/history/biographies/biographies.tex","0EDBF5468702CDCE37345DA1A3BD16E8674E66739B8D2AF4AAB25D507C9436B0","codex/openlogic-ar","locale/ar/content/history/biographies/biographies.tex","ACCEPTED","codex/openlogic-fa-ir","locale/fa-IR/content/history/biographies/biographies.tex","ACCEPTED","OLP-0622","PASS_STATIC_SEMANTIC_SOURCE_CARRIER_EXPANSION_MORPHOLOGY_UNICODE_PAIRED_DIRECT_FILE_REPLAY_BUILD_DEFERRED_FOR_DEPENDENCY_CLOSURE"
"OLP-0622","622","9620cc73f9c8e0ad003c514a5d3748f29611c4c0","content/history/biographies/georg-cantor.tex","BBCED7B9E0A88D802138FE1411686D8C8E94D54249EB7D769B5F5B8CEC68257A","codex/openlogic-ar","locale/ar/content/history/biographies/georg-cantor.tex","ACCEPTED","codex/openlogic-fa-ir","locale/fa-IR/content/history/biographies/georg-cantor.tex","ACCEPTED","OLP-0623","PASS_STATIC_SEMANTIC_SOURCE_CARRIER_EXPANSION_MORPHOLOGY_UNICODE_PAIRED_DIRECT_FILE_REPLAY_BUILD_DEFERRED_FOR_DEPENDENCY_CLOSURE"
"OLP-0623","623","9620cc73f9c8e0ad003c514a5d3748f29611c4c0","content/history/biographies/alonzo-church.tex","3709A815983EED2DC646D935097BC9E738AE4666BE71EED90824E5EA8ECBFA53","codex/openlogic-ar","locale/ar/content/history/biographies/alonzo-church.tex","ACCEPTED","codex/openlogic-fa-ir","locale/fa-IR/content/history/biographies/alonzo-church.tex","ACCEPTED","OLP-0624","PASS_STATIC_SEMANTIC_SOURCE_CARRIER_EXPANSION_MORPHOLOGY_UNICODE_PAIRED_DIRECT_FILE_REPLAY_BUILD_DEFERRED_FOR_DEPENDENCY_CLOSURE"
"OLP-0624","624","9620cc73f9c8e0ad003c514a5d3748f29611c4c0","content/history/biographies/gerhard-gentzen.tex","41EC3F95138582B671A3D9158AD12DDF9199D02AC16B838BB7EBF336B230FD87","codex/openlogic-ar","locale/ar/content/history/biographies/gerhard-gentzen.tex","ACCEPTED","codex/openlogic-fa-ir","locale/fa-IR/content/history/biographies/gerhard-gentzen.tex","ACCEPTED","OLP-0625","PASS_STATIC_SEMANTIC_SOURCE_CARRIER_EXPANSION_MORPHOLOGY_UNICODE_PAIRED_DIRECT_FILE_REPLAY_BUILD_DEFERRED_FOR_DEPENDENCY_CLOSURE"
"OLP-0625","625","9620cc73f9c8e0ad003c514a5d3748f29611c4c0","content/history/biographies/kurt-goedel.tex","774B6AE4B65B84158C18A0D1592E62253B88F8440456F2003DF0111358975529","codex/openlogic-ar","locale/ar/content/history/biographies/kurt-goedel.tex","ACCEPTED","codex/openlogic-fa-ir","locale/fa-IR/content/history/biographies/kurt-goedel.tex","ACCEPTED","OLP-0626","PASS_STATIC_SEMANTIC_SOURCE_CARRIER_EXPANSION_MORPHOLOGY_UNICODE_PAIRED_DIRECT_FILE_REPLAY_BUILD_DEFERRED_FOR_DEPENDENCY_CLOSURE"
"OLP-0626","626","9620cc73f9c8e0ad003c514a5d3748f29611c4c0","content/history/biographies/emmy-noether.tex","DB8BA1078C0380309E686BB69373A26782EC90539880FFF48D2CF4E08B89247B","codex/openlogic-ar","locale/ar/content/history/biographies/emmy-noether.tex","ACCEPTED","codex/openlogic-fa-ir","locale/fa-IR/content/history/biographies/emmy-noether.tex","ACCEPTED","OLP-0627","PASS_STATIC_SEMANTIC_SOURCE_CARRIER_EXPANSION_MORPHOLOGY_UNICODE_PAIRED_DIRECT_FILE_REPLAY_BUILD_DEFERRED_FOR_DEPENDENCY_CLOSURE"
"OLP-0627","627","9620cc73f9c8e0ad003c514a5d3748f29611c4c0","content/history/biographies/rozsa-peter.tex","7F2A2184F5F6FEF0E4B236CA0F55DB386E9CDB3C241C6296D4AB4F31DEFF7955","codex/openlogic-ar","locale/ar/content/history/biographies/rozsa-peter.tex","ACCEPTED","codex/openlogic-fa-ir","locale/fa-IR/content/history/biographies/rozsa-peter.tex","ACCEPTED","OLP-0628","PASS_STATIC_SEMANTIC_SOURCE_CARRIER_EXPANSION_MORPHOLOGY_UNICODE_PAIRED_DIRECT_FILE_REPLAY_BUILD_DEFERRED_FOR_DEPENDENCY_CLOSURE"
"OLP-0628","628","9620cc73f9c8e0ad003c514a5d3748f29611c4c0","content/history/biographies/julia-robinson.tex","BF33D0298A815ADD622D73D8C7BAB3431ECA05379F56A570EB8834FE490B84F0","codex/openlogic-ar","locale/ar/content/history/biographies/julia-robinson.tex","ACCEPTED","codex/openlogic-fa-ir","locale/fa-IR/content/history/biographies/julia-robinson.tex","ACCEPTED","OLP-0629","PASS_STATIC_SEMANTIC_SOURCE_CARRIER_EXPANSION_MORPHOLOGY_UNICODE_PAIRED_DIRECT_FILE_REPLAY_BUILD_DEFERRED_FOR_DEPENDENCY_CLOSURE"
"OLP-0629","629","9620cc73f9c8e0ad003c514a5d3748f29611c4c0","content/history/biographies/bertrand-russell.tex","26988D38EF22124806835047B5CF8155E76655D11C66A86158A14ED07519C081","codex/openlogic-ar","locale/ar/content/history/biographies/bertrand-russell.tex","ACCEPTED","codex/openlogic-fa-ir","locale/fa-IR/content/history/biographies/bertrand-russell.tex","ACCEPTED","OLP-0630","PASS_STATIC_SEMANTIC_SOURCE_CARRIER_EXPANSION_MORPHOLOGY_UNICODE_PAIRED_DIRECT_FILE_REPLAY_BUILD_DEFERRED_FOR_DEPENDENCY_CLOSURE"
"OLP-0630","630","9620cc73f9c8e0ad003c514a5d3748f29611c4c0","content/history/biographies/alfred-tarski.tex","8203154440EBA980439CD72FBBCC3503654C4D023C1EB6721CE9F5120B73895F","codex/openlogic-ar","locale/ar/content/history/biographies/alfred-tarski.tex","ACCEPTED","codex/openlogic-fa-ir","locale/fa-IR/content/history/biographies/alfred-tarski.tex","ACCEPTED","OLP-0631","PASS_STATIC_SEMANTIC_SOURCE_CARRIER_EXPANSION_MORPHOLOGY_UNICODE_PAIRED_DIRECT_FILE_REPLAY_BUILD_DEFERRED_FOR_DEPENDENCY_CLOSURE"
"OLP-0631","631","9620cc73f9c8e0ad003c514a5d3748f29611c4c0","content/history/biographies/alan-turing.tex","EC91B61DB399F1F5F6421F68BB095DF943591C0F0D2428F3BEDD36059397C1CD","codex/openlogic-ar","locale/ar/content/history/biographies/alan-turing.tex","ACCEPTED","codex/openlogic-fa-ir","locale/fa-IR/content/history/biographies/alan-turing.tex","ACCEPTED","OLP-0632","PASS_STATIC_SEMANTIC_SOURCE_CARRIER_EXPANSION_MORPHOLOGY_UNICODE_PAIRED_DIRECT_FILE_REPLAY_BUILD_DEFERRED_FOR_DEPENDENCY_CLOSURE"
"OLP-0632","632","9620cc73f9c8e0ad003c514a5d3748f29611c4c0","content/history/biographies/ernst-zermelo.tex","D8BFB0C221D8B32C6AFD40006964D1E17C320E08B31FF915B1D2A9FEB68C82CE","codex/openlogic-ar","locale/ar/content/history/biographies/ernst-zermelo.tex","ACCEPTED","codex/openlogic-fa-ir","locale/fa-IR/content/history/biographies/ernst-zermelo.tex","ACCEPTED","OLP-0633","PASS_STATIC_SEMANTIC_SOURCE_CARRIER_EXPANSION_MORPHOLOGY_UNICODE_PAIRED_DIRECT_FILE_REPLAY_BUILD_DEFERRED_FOR_DEPENDENCY_CLOSURE"
"OLP-0633","633","9620cc73f9c8e0ad003c514a5d3748f29611c4c0","content/history/set-theory/set-theory.tex","82D3AD3C4515616475879C280EBE41E74667F20F6B5A2A055D5EBFED620AE66C","codex/openlogic-ar","locale/ar/content/history/set-theory/set-theory.tex","ACCEPTED","codex/openlogic-fa-ir","locale/fa-IR/content/history/set-theory/set-theory.tex","ACCEPTED","OLP-0634","PASS_STATIC_SEMANTIC_SOURCE_CARRIER_EXPANSION_MORPHOLOGY_UNICODE_PAIRED_DIRECT_FILE_REPLAY_BUILD_DEFERRED_FOR_DEPENDENCY_CLOSURE"
"OLP-0634","634","9620cc73f9c8e0ad003c514a5d3748f29611c4c0","content/history/set-theory/infinitesimals.tex","3786A8E92D38BECF74EFFA7B233C16F9BCA37D5F6B0AC90D7049E71E77118436","codex/openlogic-ar","locale/ar/content/history/set-theory/infinitesimals.tex","ACCEPTED","codex/openlogic-fa-ir","locale/fa-IR/content/history/set-theory/infinitesimals.tex","ACCEPTED","OLP-0635","PASS_STATIC_SEMANTIC_SOURCE_CARRIER_EXPANSION_MORPHOLOGY_UNICODE_PAIRED_DIRECT_FILE_REPLAY_BUILD_DEFERRED_FOR_DEPENDENCY_CLOSURE"
"OLP-0635","635","9620cc73f9c8e0ad003c514a5d3748f29611c4c0","content/history/set-theory/limits.tex","DF5D36D65E7ABAFE7503527229866DFC618527177E567B16CE33EC01C683783D","codex/openlogic-ar","locale/ar/content/history/set-theory/limits.tex","ACCEPTED","codex/openlogic-fa-ir","locale/fa-IR/content/history/set-theory/limits.tex","ACCEPTED","OLP-0636","PASS_STATIC_SEMANTIC_SOURCE_CARRIER_EXPANSION_MORPHOLOGY_UNICODE_PAIRED_DIRECT_FILE_REPLAY_BUILD_DEFERRED_FOR_DEPENDENCY_CLOSURE"
"OLP-0636","636","9620cc73f9c8e0ad003c514a5d3748f29611c4c0","content/history/set-theory/pathologies.tex","E48C454AB4D3058F89B6CE709DA28387E9D633459425FFAC9CD67B64D3DE96E8","codex/openlogic-ar","locale/ar/content/history/set-theory/pathologies.tex","ACCEPTED","codex/openlogic-fa-ir","locale/fa-IR/content/history/set-theory/pathologies.tex","ACCEPTED","OLP-0637","PASS_STATIC_SEMANTIC_SOURCE_CARRIER_EXPANSION_MORPHOLOGY_UNICODE_PAIRED_DIRECT_FILE_REPLAY_BUILD_DEFERRED_FOR_DEPENDENCY_CLOSURE"
"OLP-0637","637","9620cc73f9c8e0ad003c514a5d3748f29611c4c0","content/history/set-theory/mythology.tex","2FFCEFFEF7CC6445F66391A252C598448190642EA60F60A748C6FE5E6A1EC55E","codex/openlogic-ar","locale/ar/content/history/set-theory/mythology.tex","ACCEPTED","codex/openlogic-fa-ir","locale/fa-IR/content/history/set-theory/mythology.tex","ACCEPTED","OLP-0638","PASS_STATIC_SEMANTIC_SOURCE_CARRIER_EXPANSION_MORPHOLOGY_UNICODE_PAIRED_DIRECT_FILE_REPLAY_BUILD_DEFERRED_FOR_DEPENDENCY_CLOSURE"
"OLP-0638","638","9620cc73f9c8e0ad003c514a5d3748f29611c4c0","content/history/set-theory/cantor-plane.tex","6ABFEEDE65F95AC668D6E679053E537B0BEB2FFCD566C1CDBDC223B0B767C737","codex/openlogic-ar","locale/ar/content/history/set-theory/cantor-plane.tex","ACCEPTED","codex/openlogic-fa-ir","locale/fa-IR/content/history/set-theory/cantor-plane.tex","ACCEPTED","OLP-0639","PASS_STATIC_SEMANTIC_SOURCE_CARRIER_EXPANSION_MORPHOLOGY_UNICODE_PAIRED_DIRECT_FILE_REPLAY_BUILD_DEFERRED_FOR_DEPENDENCY_CLOSURE"
"OLP-0639","639","9620cc73f9c8e0ad003c514a5d3748f29611c4c0","content/history/set-theory/hilbert-curve.tex","BDA8E7A38876EA87B03D2564AB16B39E2B1D1D6EC75A73FAE27CA1FAA73AB832","codex/openlogic-ar","locale/ar/content/history/set-theory/hilbert-curve.tex","ACCEPTED","codex/openlogic-fa-ir","locale/fa-IR/content/history/set-theory/hilbert-curve.tex","ACCEPTED","OLP-0640","PASS_STATIC_SEMANTIC_SOURCE_CARRIER_EXPANSION_MORPHOLOGY_UNICODE_PAIRED_DIRECT_FILE_REPLAY_BUILD_DEFERRED_FOR_DEPENDENCY_CLOSURE"
"OLP-0640","640","9620cc73f9c8e0ad003c514a5d3748f29611c4c0","content/reference/reference.tex","1E302B41C3BAEF0828D08807AE0E2D0579D07AEB7247A1DD2A6A8679A31208ED","codex/openlogic-ar","locale/ar/content/reference/reference.tex","ACCEPTED","codex/openlogic-fa-ir","locale/fa-IR/content/reference/reference.tex","ACCEPTED","OLP-0641","PASS_STATIC_SEMANTIC_SOURCE_CARRIER_EXPANSION_MORPHOLOGY_UNICODE_PAIRED_DIRECT_FILE_REPLAY_BUILD_DEFERRED_FOR_DEPENDENCY_CLOSURE"
"OLP-0641","641","9620cc73f9c8e0ad003c514a5d3748f29611c4c0","content/reference/greek-alphabet/greek-alphabet.tex","8F30AC2B643A8DA42255F860BAA3176B2CE87110D0F4A504CDA6155C4B99C8C6","codex/openlogic-ar","locale/ar/content/reference/greek-alphabet/greek-alphabet.tex","ACCEPTED","codex/openlogic-fa-ir","locale/fa-IR/content/reference/greek-alphabet/greek-alphabet.tex","ACCEPTED","OLP-0642","PASS_STATIC_SEMANTIC_SOURCE_CARRIER_EXPANSION_MORPHOLOGY_UNICODE_PAIRED_DIRECT_FILE_REPLAY_BUILD_DEFERRED_FOR_DEPENDENCY_CLOSURE"
"OLP-0642","642","9620cc73f9c8e0ad003c514a5d3748f29611c4c0","content/reference/fraktur-alphabet/fraktur-alphabet.tex","746EC51566B461C16BDF153E75B4CAC0655A5F34B21F17BE95A878448A577E41","codex/openlogic-ar","locale/ar/content/reference/fraktur-alphabet/fraktur-alphabet.tex","ACCEPTED","codex/openlogic-fa-ir","locale/fa-IR/content/reference/fraktur-alphabet/fraktur-alphabet.tex","ACCEPTED","OLP-0643","PASS_STATIC_SEMANTIC_SOURCE_CARRIER_EXPANSION_MORPHOLOGY_UNICODE_PAIRED_DIRECT_FILE_REPLAY_BUILD_DEFERRED_FOR_DEPENDENCY_CLOSURE"
"OLP-0643","643","9620cc73f9c8e0ad003c514a5d3748f29611c4c0","content/first-order-logic/axiomatic-deduction/provability.tex","CE39569C807BDBE83A1D43638F94AF123C5551E2C01487E7B38EF4C373D89022","codex/openlogic-ar","locale/ar/content/first-order-logic/axiomatic-deduction/provability.tex","ACCEPTED","codex/openlogic-fa-ir","locale/fa-IR/content/first-order-logic/axiomatic-deduction/provability.tex","ACCEPTED","OLP-0644","PASS_STATIC_SEMANTIC_SOURCE_CARRIER_EXPANSION_MORPHOLOGY_UNICODE_PAIRED_DIRECT_FILE_REPLAY_BUILD_DEFERRED_FOR_DEPENDENCY_CLOSURE"
"OLP-0644","644","9620cc73f9c8e0ad003c514a5d3748f29611c4c0","content/first-order-logic/completeness/maximally-consistent-sets.tex","C369885C6575D5106D042C4DA0ECA79B3BECE0E49DCAF1E165D27691343CA82C","codex/openlogic-ar","locale/ar/content/first-order-logic/completeness/maximally-consistent-sets.tex","ACCEPTED","codex/openlogic-fa-ir","locale/fa-IR/content/first-order-logic/completeness/maximally-consistent-sets.tex","ACCEPTED","OLP-0645","PASS_STATIC_SEMANTIC_SOURCE_CARRIER_EXPANSION_MORPHOLOGY_UNICODE_PAIRED_DIRECT_FILE_REPLAY_BUILD_DEFERRED_FOR_DEPENDENCY_CLOSURE"
"OLP-0645","645","9620cc73f9c8e0ad003c514a5d3748f29611c4c0","content/first-order-logic/syntax-and-semantics/introduction.tex","88E9446773C05E0441662EDAC722B4BAC4D10FC1793E0E924ABC3488266B3C22","codex/openlogic-ar","locale/ar/content/first-order-logic/syntax-and-semantics/introduction.tex","ACCEPTED","codex/openlogic-fa-ir","locale/fa-IR/content/first-order-logic/syntax-and-semantics/introduction.tex","ACCEPTED","OLP-0646","PASS_STATIC_SEMANTIC_SOURCE_CARRIER_EXPANSION_MORPHOLOGY_UNICODE_PAIRED_DIRECT_FILE_REPLAY_BUILD_DEFERRED_FOR_DEPENDENCY_CLOSURE"
"OLP-0646","646","9620cc73f9c8e0ad003c514a5d3748f29611c4c0","content/first-order-logic/syntax-and-semantics/syntax-and-semantics.tex","1880C6998C14E22CAB80C82E365930F3D21A109BED8CBFF73F0AF1F493CFAA09","codex/openlogic-ar","locale/ar/content/first-order-logic/syntax-and-semantics/syntax-and-semantics.tex","ACCEPTED","codex/openlogic-fa-ir","locale/fa-IR/content/first-order-logic/syntax-and-semantics/syntax-and-semantics.tex","ACCEPTED","OLP-0647","PASS_STATIC_SEMANTIC_SOURCE_CARRIER_EXPANSION_MORPHOLOGY_UNICODE_PAIRED_DIRECT_FILE_REPLAY_BUILD_DEFERRED_FOR_DEPENDENCY_CLOSURE"
"OLP-0647","647","9620cc73f9c8e0ad003c514a5d3748f29611c4c0","content/incompleteness/representability-in-q/c-representable.tex","0703DAFC87BB4CCD5C6EEB697D51C70F9BAAC3CACCA4D464F007210D9E873216","codex/openlogic-ar","locale/ar/content/incompleteness/representability-in-q/c-representable.tex","ACCEPTED","codex/openlogic-fa-ir","locale/fa-IR/content/incompleteness/representability-in-q/c-representable.tex","ACCEPTED","OLP-0648","PASS_STATIC_SEMANTIC_SOURCE_CARRIER_EXPANSION_MORPHOLOGY_UNICODE_PAIRED_DIRECT_FILE_REPLAY_BUILD_DEFERRED_FOR_DEPENDENCY_CLOSURE"
"OLP-0648","648","9620cc73f9c8e0ad003c514a5d3748f29611c4c0","content/incompleteness/representability-in-q/c.tex","6A6A1F8AAA86664555249C132E8FFC3B4D6CC1B3CCCD1A71C3259410202B0752","codex/openlogic-ar","locale/ar/content/incompleteness/representability-in-q/c.tex","ACCEPTED","codex/openlogic-fa-ir","locale/fa-IR/content/incompleteness/representability-in-q/c.tex","ACCEPTED","OLP-0649","PASS_STATIC_SEMANTIC_SOURCE_CARRIER_EXPANSION_MORPHOLOGY_UNICODE_PAIRED_DIRECT_FILE_REPLAY_BUILD_DEFERRED_FOR_DEPENDENCY_CLOSURE"
"OLP-0649","649","9620cc73f9c8e0ad003c514a5d3748f29611c4c0","content/intuitionistic-logic/semantics/propositions.tex","2B6F494870916B37912A5208ED6E9203B0631F9538169A7E9A5A825E51802061","codex/openlogic-ar","locale/ar/content/intuitionistic-logic/semantics/propositions.tex","ACCEPTED","codex/openlogic-fa-ir","locale/fa-IR/content/intuitionistic-logic/semantics/propositions.tex","ACCEPTED","OLP-0650","PASS_STATIC_SEMANTIC_SOURCE_CARRIER_EXPANSION_MORPHOLOGY_UNICODE_PAIRED_DIRECT_FILE_REPLAY_BUILD_DEFERRED_FOR_DEPENDENCY_CLOSURE"
"OLP-0650","650","9620cc73f9c8e0ad003c514a5d3748f29611c4c0","content/lambda-calculus/lambda-definability/lists.tex","C7121718F9C43522034B81ADEC1250C53177131538FFCFC8ACECA2762A17B1BD","codex/openlogic-ar","locale/ar/content/lambda-calculus/lambda-definability/lists.tex","ACCEPTED","codex/openlogic-fa-ir","locale/fa-IR/content/lambda-calculus/lambda-definability/lists.tex","ACCEPTED","OLP-0651","PASS_STATIC_SEMANTIC_SOURCE_CARRIER_EXPANSION_MORPHOLOGY_UNICODE_PAIRED_DIRECT_FILE_REPLAY_BUILD_DEFERRED_FOR_DEPENDENCY_CLOSURE"
"OLP-0651","651","9620cc73f9c8e0ad003c514a5d3748f29611c4c0","content/lambda-calculus/syntax/conversion.tex","FA3C320D448B1B0AE122AF52BCD4DB08771CB04568874D2E77E58F73345248D9","codex/openlogic-ar","locale/ar/content/lambda-calculus/syntax/conversion.tex","ACCEPTED","codex/openlogic-fa-ir","locale/fa-IR/content/lambda-calculus/syntax/conversion.tex","ACCEPTED","OLP-0652","PASS_STATIC_SEMANTIC_SOURCE_CARRIER_EXPANSION_MORPHOLOGY_UNICODE_PAIRED_DIRECT_FILE_REPLAY_BUILD_DEFERRED_FOR_DEPENDENCY_CLOSURE"
"OLP-0652","652","9620cc73f9c8e0ad003c514a5d3748f29611c4c0","content/many-valued-logic/sequent-calculus/proof-theoretic-notions.tex","932F852E0AA0FBCFEB0398DE561BDCFAB8BE88A8865FDAD6D54B68FDBE0D9EC0","codex/openlogic-ar","locale/ar/content/many-valued-logic/sequent-calculus/proof-theoretic-notions.tex","ACCEPTED","codex/openlogic-fa-ir","locale/fa-IR/content/many-valued-logic/sequent-calculus/proof-theoretic-notions.tex","ACCEPTED","OLP-0653","PASS_STATIC_SEMANTIC_SOURCE_CARRIER_EXPANSION_MORPHOLOGY_UNICODE_PAIRED_DIRECT_FILE_REPLAY_BUILD_DEFERRED_FOR_DEPENDENCY_CLOSURE"
"OLP-0653","653","9620cc73f9c8e0ad003c514a5d3748f29611c4c0","content/model-theory/basics/nonstandard-arithmetic.tex","DD7B887E3D6DE8666302D81E5049E5DE34C22701B3FBCC2AD33CB2F29A0B8948","codex/openlogic-ar","locale/ar/content/model-theory/basics/nonstandard-arithmetic.tex","ACCEPTED","codex/openlogic-fa-ir","locale/fa-IR/content/model-theory/basics/nonstandard-arithmetic.tex","ACCEPTED","OLP-0654","PASS_STATIC_SEMANTIC_SOURCE_CARRIER_EXPANSION_MORPHOLOGY_UNICODE_PAIRED_DIRECT_FILE_REPLAY_BUILD_DEFERRED_FOR_DEPENDENCY_CLOSURE"
"OLP-0654","654","9620cc73f9c8e0ad003c514a5d3748f29611c4c0","content/normal-modal-logic/syntax-and-semantics/normal-modal-logics.tex","FEF4CA446BCE14D7A56030AED9E59C929A7A3C262850B88077498BEBA1A856EF","codex/openlogic-ar","locale/ar/content/normal-modal-logic/syntax-and-semantics/normal-modal-logics.tex","ACCEPTED","codex/openlogic-fa-ir","locale/fa-IR/content/normal-modal-logic/syntax-and-semantics/normal-modal-logics.tex","ACCEPTED","OLP-0655","PASS_STATIC_SEMANTIC_SOURCE_CARRIER_EXPANSION_MORPHOLOGY_UNICODE_PAIRED_DIRECT_FILE_REPLAY_BUILD_DEFERRED_FOR_DEPENDENCY_CLOSURE"
"OLP-0655","655","9620cc73f9c8e0ad003c514a5d3748f29611c4c0","content/proof-theory/cut-elimination/ce-largest.tex","64EC0682EC49BB67F7E7078F615BF988DEA82FF6061A577F8B8D2321480E340F","codex/openlogic-ar","locale/ar/content/proof-theory/cut-elimination/ce-largest.tex","ACCEPTED","codex/openlogic-fa-ir","locale/fa-IR/content/proof-theory/cut-elimination/ce-largest.tex","ACCEPTED","OLP-0656","PASS_STATIC_SEMANTIC_SOURCE_CARRIER_EXPANSION_MORPHOLOGY_UNICODE_PAIRED_DIRECT_FILE_REPLAY_BUILD_DEFERRED_FOR_DEPENDENCY_CLOSURE"
"OLP-0656","656","9620cc73f9c8e0ad003c514a5d3748f29611c4c0","content/proof-theory/cut-elimination/ce-topmost.tex","23F7C0AB26F8AB7C5DB86C56F83287DF46FC8DD6473632632B77EA59BFEA7A80","codex/openlogic-ar","locale/ar/content/proof-theory/cut-elimination/ce-topmost.tex","ACCEPTED","codex/openlogic-fa-ir","locale/fa-IR/content/proof-theory/cut-elimination/ce-topmost.tex","ACCEPTED","OLP-0657","PASS_STATIC_SEMANTIC_SOURCE_CARRIER_EXPANSION_MORPHOLOGY_UNICODE_PAIRED_DIRECT_FILE_REPLAY_BUILD_DEFERRED_FOR_DEPENDENCY_CLOSURE"
"OLP-0657","657","9620cc73f9c8e0ad003c514a5d3748f29611c4c0","content/proof-theory/cut-elimination/cut-elimination.tex","E99FF46F34AE092BC70018D621F18BFC6B5B08957F62EB5A81EC2615C2FD8953","codex/openlogic-ar","locale/ar/content/proof-theory/cut-elimination/cut-elimination.tex","ACCEPTED","codex/openlogic-fa-ir","locale/fa-IR/content/proof-theory/cut-elimination/cut-elimination.tex","ACCEPTED","OLP-0658","PASS_STATIC_SEMANTIC_SOURCE_CARRIER_EXPANSION_MORPHOLOGY_UNICODE_PAIRED_DIRECT_FILE_REPLAY_BUILD_DEFERRED_FOR_DEPENDENCY_CLOSURE"
"OLP-0658","658","9620cc73f9c8e0ad003c514a5d3748f29611c4c0","content/proof-theory/cut-elimination/interpolation.tex","BBC03497792453598681584F4AA58B8A9BBCAC9C3FB288FD71C794E1CFED6A0C","codex/openlogic-ar","locale/ar/content/proof-theory/cut-elimination/interpolation.tex","ACCEPTED","codex/openlogic-fa-ir","locale/fa-IR/content/proof-theory/cut-elimination/interpolation.tex","ACCEPTED","OLP-0659","PASS_STATIC_SEMANTIC_SOURCE_CARRIER_EXPANSION_MORPHOLOGY_UNICODE_PAIRED_DIRECT_FILE_REPLAY_BUILD_DEFERRED_FOR_DEPENDENCY_CLOSURE"
"OLP-0659","659","9620cc73f9c8e0ad003c514a5d3748f29611c4c0","content/proof-theory/cut-elimination/introduction.tex","29F5D3373C0EAD285B26A31C1349D79EADB0D871FDB8B9B2C8E4E7FCAA8F012C","codex/openlogic-ar","locale/ar/content/proof-theory/cut-elimination/introduction.tex","ACCEPTED","codex/openlogic-fa-ir","locale/fa-IR/content/proof-theory/cut-elimination/introduction.tex","ACCEPTED","OLP-0660","PASS_STATIC_SEMANTIC_SOURCE_CARRIER_EXPANSION_MORPHOLOGY_UNICODE_PAIRED_DIRECT_FILE_REPLAY_BUILD_DEFERRED_FOR_DEPENDENCY_CLOSURE"
"OLP-0660","660","9620cc73f9c8e0ad003c514a5d3748f29611c4c0","content/proof-theory/cut-elimination/intuitionistic.tex","860312DEA2EABC1F0DAD2257EDF368B5A6F2202A4760401495485BF8D5299C25","codex/openlogic-ar","locale/ar/content/proof-theory/cut-elimination/intuitionistic.tex","ACCEPTED","codex/openlogic-fa-ir","locale/fa-IR/content/proof-theory/cut-elimination/intuitionistic.tex","ACCEPTED","OLP-0661","PASS_STATIC_SEMANTIC_SOURCE_CARRIER_EXPANSION_MORPHOLOGY_UNICODE_PAIRED_DIRECT_FILE_REPLAY_BUILD_DEFERRED_FOR_DEPENDENCY_CLOSURE"
"OLP-0661","661","9620cc73f9c8e0ad003c514a5d3748f29611c4c0","content/proof-theory/cut-elimination/midsequent.tex","43256252E3EDD0D03B8E10D16DC26BB972C63982700E939E92341E2CD4FB1714","codex/openlogic-ar","locale/ar/content/proof-theory/cut-elimination/midsequent.tex","ACCEPTED","codex/openlogic-fa-ir","locale/fa-IR/content/proof-theory/cut-elimination/midsequent.tex","ACCEPTED","OLP-0662","PASS_STATIC_SEMANTIC_SOURCE_CARRIER_EXPANSION_MORPHOLOGY_UNICODE_PAIRED_DIRECT_FILE_REPLAY_BUILD_DEFERRED_FOR_DEPENDENCY_CLOSURE"
"OLP-0662","662","9620cc73f9c8e0ad003c514a5d3748f29611c4c0","content/proof-theory/natural-deduction/grafting.tex","36F20C49CF1442555849D58B691558280ACACF07ED706376CA96B41FEC5CE367","codex/openlogic-ar","locale/ar/content/proof-theory/natural-deduction/grafting.tex","ACCEPTED","codex/openlogic-fa-ir","locale/fa-IR/content/proof-theory/natural-deduction/grafting.tex","ACCEPTED","OLP-0663","PASS_STATIC_SEMANTIC_SOURCE_CARRIER_EXPANSION_MORPHOLOGY_UNICODE_PAIRED_DIRECT_FILE_REPLAY_BUILD_DEFERRED_FOR_DEPENDENCY_CLOSURE"
"OLP-0663","663","9620cc73f9c8e0ad003c514a5d3748f29611c4c0","content/proof-theory/natural-deduction/introduction.tex","4A7AFE4FD8C0F248D291AD17853B266B4150A6FD53A0635013C488AABBC7018B","codex/openlogic-ar","locale/ar/content/proof-theory/natural-deduction/introduction.tex","ACCEPTED","codex/openlogic-fa-ir","locale/fa-IR/content/proof-theory/natural-deduction/introduction.tex","ACCEPTED","OLP-0664","PASS_STATIC_SEMANTIC_SOURCE_CARRIER_EXPANSION_MORPHOLOGY_UNICODE_PAIRED_DIRECT_FILE_REPLAY_BUILD_DEFERRED_FOR_DEPENDENCY_CLOSURE"
"OLP-0664","664","9620cc73f9c8e0ad003c514a5d3748f29611c4c0","content/proof-theory/natural-deduction/natural-deduction.tex","3D1B130E65A4988520A1A0E0BFB1B72C140D5279B23CEBD995F01D69755083F6","codex/openlogic-ar","locale/ar/content/proof-theory/natural-deduction/natural-deduction.tex","ACCEPTED","codex/openlogic-fa-ir","locale/fa-IR/content/proof-theory/natural-deduction/natural-deduction.tex","ACCEPTED","OLP-0665","PASS_STATIC_SEMANTIC_SOURCE_CARRIER_EXPANSION_MORPHOLOGY_UNICODE_PAIRED_DIRECT_FILE_REPLAY_BUILD_DEFERRED_FOR_DEPENDENCY_CLOSURE"
"OLP-0665","665","9620cc73f9c8e0ad003c514a5d3748f29611c4c0","content/proof-theory/natural-deduction/quantifiers.tex","F659FA8C840E145231972CE409FBBDE75EEB7E42EC4CEFC4F4317B244C83A528","codex/openlogic-ar","locale/ar/content/proof-theory/natural-deduction/quantifiers.tex","ACCEPTED","codex/openlogic-fa-ir","locale/fa-IR/content/proof-theory/natural-deduction/quantifiers.tex","ACCEPTED","OLP-0666","PASS_STATIC_SEMANTIC_SOURCE_CARRIER_EXPANSION_MORPHOLOGY_UNICODE_PAIRED_DIRECT_FILE_REPLAY_BUILD_DEFERRED_FOR_DEPENDENCY_CLOSURE"
"OLP-0666","666","9620cc73f9c8e0ad003c514a5d3748f29611c4c0","content/proof-theory/natural-deduction/rules-N1.tex","235D43CC5CF2FB2C3730D1FDD08CEBFFA5A5C618EA4CF6E49DAFEC7A1782EE0C","codex/openlogic-ar","locale/ar/content/proof-theory/natural-deduction/rules-N1.tex","ACCEPTED","codex/openlogic-fa-ir","locale/fa-IR/content/proof-theory/natural-deduction/rules-N1.tex","ACCEPTED","OLP-0667","PASS_STATIC_SEMANTIC_SOURCE_CARRIER_EXPANSION_MORPHOLOGY_UNICODE_PAIRED_DIRECT_FILE_REPLAY_BUILD_DEFERRED_FOR_DEPENDENCY_CLOSURE"
"OLP-0667","667","9620cc73f9c8e0ad003c514a5d3748f29611c4c0","content/proof-theory/natural-deduction/rules-N2.tex","DE8762E959E0AF5BBE4408C47E504971DD708B417AE05B4D4D68A09A0F9491DD","codex/openlogic-ar","locale/ar/content/proof-theory/natural-deduction/rules-N2.tex","ACCEPTED","codex/openlogic-fa-ir","locale/fa-IR/content/proof-theory/natural-deduction/rules-N2.tex","ACCEPTED","OLP-0668","PASS_STATIC_SEMANTIC_SOURCE_TOPOLOGY_CARRIER_CONFIG_EXPANSION_MORPHOLOGY_UNICODE_PAIRED_DIRECT_FILE_REPLAY_BUILD_DEFERRED_FOR_DEPENDENCY_CLOSURE"
"OLP-0668","668","9620cc73f9c8e0ad003c514a5d3748f29611c4c0","content/proof-theory/natural-deduction/rules-proofs.tex","401980E35BC8666A063FA4C30C545AFD56CB0E5A95993C1C710E8E0CB15509E1","codex/openlogic-ar","locale/ar/content/proof-theory/natural-deduction/rules-proofs.tex","ACCEPTED","codex/openlogic-fa-ir","locale/fa-IR/content/proof-theory/natural-deduction/rules-proofs.tex","ACCEPTED","OLP-0669","PASS_STATIC_SEMANTIC_SOURCE_TOPOLOGY_CARRIER_CONFIG_EXPANSION_MORPHOLOGY_UNICODE_PAIRED_DIRECT_FILE_REPLAY_BUILD_DEFERRED_FOR_DEPENDENCY_CLOSURE"
"OLP-0669","669","9620cc73f9c8e0ad003c514a5d3748f29611c4c0","content/proof-theory/natural-deduction/sequents.tex","7BBCD1E76EEA4D6E21E06A63CE38207F393E0E326D4A1C089F2BA2289CB2C865","codex/openlogic-ar","locale/ar/content/proof-theory/natural-deduction/sequents.tex","ACCEPTED","codex/openlogic-fa-ir","locale/fa-IR/content/proof-theory/natural-deduction/sequents.tex","ACCEPTED","OLP-0670","PASS_STATIC_SEMANTIC_SOURCE_TOPOLOGY_CARRIER_CONFIG_EXPANSION_MORPHOLOGY_UNICODE_PAIRED_DIRECT_FILE_REPLAY_BUILD_DEFERRED_FOR_DEPENDENCY_CLOSURE"
"OLP-0670","670","9620cc73f9c8e0ad003c514a5d3748f29611c4c0","content/proof-theory/natural-deduction/translation-G2i.tex","77CA62C0FBD87B5453D2E3684F3BC8FC4552267948DD31C62CD9093C77472393","codex/openlogic-ar","locale/ar/content/proof-theory/natural-deduction/translation-G2i.tex","ACCEPTED","codex/openlogic-fa-ir","locale/fa-IR/content/proof-theory/natural-deduction/translation-G2i.tex","ACCEPTED","OLP-0671","PASS_STATIC_SEMANTIC_SOURCE_TOPOLOGY_CARRIER_CONFIG_EXPANSION_MORPHOLOGY_UNICODE_PAIRED_DIRECT_FILE_REPLAY_BUILD_DEFERRED_FOR_DEPENDENCY_CLOSURE"
"OLP-0671","671","9620cc73f9c8e0ad003c514a5d3748f29611c4c0","content/proof-theory/natural-deduction/translation-N2i.tex","D86DF7CF8214E1BE21B79EDB8B2403189D9E5AEA9655C9D0A289F15A06F70085","codex/openlogic-ar","locale/ar/content/proof-theory/natural-deduction/translation-N2i.tex","ACCEPTED","codex/openlogic-fa-ir","locale/fa-IR/content/proof-theory/natural-deduction/translation-N2i.tex","ACCEPTED","OLP-0672","PASS_STATIC_SEMANTIC_SOURCE_TOPOLOGY_CARRIER_CONFIG_EXPANSION_MORPHOLOGY_UNICODE_PAIRED_DIRECT_FILE_REPLAY_BUILD_DEFERRED_FOR_DEPENDENCY_CLOSURE"
"OLP-0672","672","9620cc73f9c8e0ad003c514a5d3748f29611c4c0","content/proof-theory/normalization/introduction.tex","E7D822CB037C302EAB15903E0B9111F4143CF9FEAB4DBB2E22E8C3411BC88F89","codex/openlogic-ar","locale/ar/content/proof-theory/normalization/introduction.tex","ACCEPTED","codex/openlogic-fa-ir","locale/fa-IR/content/proof-theory/normalization/introduction.tex","ACCEPTED","OLP-0673","PASS_STATIC_SEMANTIC_SOURCE_TOPOLOGY_CARRIER_CONFIG_EXPANSION_MORPHOLOGY_UNICODE_PAIRED_DIRECT_FILE_REPLAY_BUILD_DEFERRED_FOR_DEPENDENCY_CLOSURE"
"OLP-0673","673","9620cc73f9c8e0ad003c514a5d3748f29611c4c0","content/proof-theory/normalization/normalization-thm.tex","9D53604AB4E2466F9F7494374DD967A9F267EA1CB1843860C088444AF7B56862","codex/openlogic-ar","locale/ar/content/proof-theory/normalization/normalization-thm.tex","ACCEPTED","codex/openlogic-fa-ir","locale/fa-IR/content/proof-theory/normalization/normalization-thm.tex","ACCEPTED","OLP-0674","PASS_STATIC_SEMANTIC_SOURCE_TOPOLOGY_CARRIER_CONFIG_EXPANSION_MORPHOLOGY_UNICODE_PAIRED_DIRECT_FILE_REPLAY_BUILD_DEFERRED_FOR_DEPENDENCY_CLOSURE"
"OLP-0674","674","9620cc73f9c8e0ad003c514a5d3748f29611c4c0","content/proof-theory/normalization/normalization.tex","BE1BE227FF38872ED4194551DAF55BE05C765CF66E83498CC08D0D6C8844CD57","codex/openlogic-ar","locale/ar/content/proof-theory/normalization/normalization.tex","ACCEPTED","codex/openlogic-fa-ir","locale/fa-IR/content/proof-theory/normalization/normalization.tex","ACCEPTED","OLP-0675","PASS_STATIC_SEMANTIC_SOURCE_TOPOLOGY_CARRIER_CONFIG_EXPANSION_MORPHOLOGY_UNICODE_PAIRED_DIRECT_FILE_REPLAY_BUILD_DEFERRED_FOR_DEPENDENCY_CLOSURE"
"OLP-0675","675","9620cc73f9c8e0ad003c514a5d3748f29611c4c0","content/proof-theory/normalization/permutations.tex","594005D50C359946D7FF673F0B6EB86DCF0C56E8CD9BD001A66981BDF6602310","codex/openlogic-ar","locale/ar/content/proof-theory/normalization/permutations.tex","ACCEPTED","codex/openlogic-fa-ir","locale/fa-IR/content/proof-theory/normalization/permutations.tex","ACCEPTED","OLP-0676","PASS_STATIC_SEMANTIC_SOURCE_TOPOLOGY_CARRIER_CONFIG_EXPANSION_MORPHOLOGY_UNICODE_PAIRED_DIRECT_FILE_REPLAY_BUILD_DEFERRED_FOR_DEPENDENCY_CLOSURE"
"OLP-0676","676","9620cc73f9c8e0ad003c514a5d3748f29611c4c0","content/proof-theory/normalization/reductions.tex","97D1A7E894CA1ACACEAFE77023CDA83C19B85717DC5E97F5B5BD0EF751D0D419","codex/openlogic-ar","locale/ar/content/proof-theory/normalization/reductions.tex","ACCEPTED","codex/openlogic-fa-ir","locale/fa-IR/content/proof-theory/normalization/reductions.tex","ACCEPTED","OLP-0677","PASS_STATIC_SEMANTIC_SOURCE_TOPOLOGY_CARRIER_CONFIG_EXPANSION_MORPHOLOGY_UNICODE_PAIRED_DIRECT_FILE_REPLAY_BUILD_DEFERRED_FOR_DEPENDENCY_CLOSURE"
"OLP-0677","677","9620cc73f9c8e0ad003c514a5d3748f29611c4c0","content/proof-theory/normalization/segments.tex","D010C5A559ECB648995F44D8A7DA6150A6979E61F5ADA1A10990FC149DDDE243","codex/openlogic-ar","locale/ar/content/proof-theory/normalization/segments.tex","ACCEPTED","codex/openlogic-fa-ir","locale/fa-IR/content/proof-theory/normalization/segments.tex","ACCEPTED","OLP-0678","PASS_STATIC_SEMANTIC_SOURCE_TOPOLOGY_CARRIER_CONFIG_EXPANSION_MORPHOLOGY_UNICODE_PAIRED_DIRECT_FILE_REPLAY_BUILD_DEFERRED_FOR_DEPENDENCY_CLOSURE"
"OLP-0678","678","9620cc73f9c8e0ad003c514a5d3748f29611c4c0","content/proof-theory/normalization/translations.tex","A4C49477D57CD7F79E43992953978E3C672DB43FF1D0010EDB42603665BA34F4","codex/openlogic-ar","locale/ar/content/proof-theory/normalization/translations.tex","ACCEPTED","codex/openlogic-fa-ir","locale/fa-IR/content/proof-theory/normalization/translations.tex","ACCEPTED","OLP-0679","PASS_STATIC_SEMANTIC_SOURCE_TOPOLOGY_CARRIER_CONFIG_EXPANSION_MORPHOLOGY_UNICODE_PAIRED_DIRECT_FILE_REPLAY_BUILD_DEFERRED_FOR_DEPENDENCY_CLOSURE"
"OLP-0679","679","9620cc73f9c8e0ad003c514a5d3748f29611c4c0","content/proof-theory/proof-search/completeness.tex","E5BB86C0415C28D010D433610349F0B1DEFA84EB33D80A5F8242DCB1C6308840","codex/openlogic-ar","locale/ar/content/proof-theory/proof-search/completeness.tex","ACCEPTED","codex/openlogic-fa-ir","locale/fa-IR/content/proof-theory/proof-search/completeness.tex","ACCEPTED","OLP-0680","PASS_STATIC_SEMANTIC_SOURCE_TOPOLOGY_CARRIER_CONFIG_EXPANSION_MORPHOLOGY_UNICODE_PAIRED_DIRECT_FILE_REPLAY_BUILD_DEFERRED_FOR_DEPENDENCY_CLOSURE"
"OLP-0680","680","9620cc73f9c8e0ad003c514a5d3748f29611c4c0","content/proof-theory/proof-search/introduction.tex","8F6B2E6C0EC8A7E1A00EF22D7F840643B6FA02AA8B7B9E2E09B40E6EFD60933B","codex/openlogic-ar","locale/ar/content/proof-theory/proof-search/introduction.tex","ACCEPTED","codex/openlogic-fa-ir","locale/fa-IR/content/proof-theory/proof-search/introduction.tex","ACCEPTED","OLP-0681","PASS_STATIC_SEMANTIC_SOURCE_TOPOLOGY_CARRIER_CONFIG_EXPANSION_MORPHOLOGY_UNICODE_PAIRED_DIRECT_FILE_REPLAY_BUILD_DEFERRED_FOR_DEPENDENCY_CLOSURE"
"OLP-0681","681","9620cc73f9c8e0ad003c514a5d3748f29611c4c0","content/proof-theory/proof-search/proof-search.tex","034E18D6CEBBF15DC804EB5BB383E4A989F2BBA60613D5EC59668BB03C5075E8","codex/openlogic-ar","locale/ar/content/proof-theory/proof-search/proof-search.tex","ACCEPTED","codex/openlogic-fa-ir","locale/fa-IR/content/proof-theory/proof-search/proof-search.tex","ACCEPTED","OLP-0682","PASS_STATIC_SEMANTIC_SOURCE_TOPOLOGY_CARRIER_CONFIG_EXPANSION_MORPHOLOGY_UNICODE_PAIRED_DIRECT_FILE_REPLAY_BUILD_DEFERRED_FOR_DEPENDENCY_CLOSURE"
"OLP-0682","682","9620cc73f9c8e0ad003c514a5d3748f29611c4c0","content/proof-theory/proof-search/rules-Tc.tex","C0938BB04A66E01C9ABBE93289BE6FCE6C185CB032B1415B4A8A03D6FA542A38","codex/openlogic-ar","locale/ar/content/proof-theory/proof-search/rules-Tc.tex","ACCEPTED","codex/openlogic-fa-ir","locale/fa-IR/content/proof-theory/proof-search/rules-Tc.tex","ACCEPTED","OLP-0683","PASS_STATIC_SEMANTIC_SOURCE_TOPOLOGY_CARRIER_CONFIG_EXPANSION_MORPHOLOGY_UNICODE_PAIRED_DIRECT_FILE_REPLAY_BUILD_DEFERRED_FOR_DEPENDENCY_CLOSURE"
"OLP-0683","683","9620cc73f9c8e0ad003c514a5d3748f29611c4c0","content/proof-theory/proof-search/search-algorithm.tex","CB91E07077EC7C1ECCF4ABEF3FF86AF7C4DD21838986ADFF2FAC5037439BE095","codex/openlogic-ar","locale/ar/content/proof-theory/proof-search/search-algorithm.tex","ACCEPTED","codex/openlogic-fa-ir","locale/fa-IR/content/proof-theory/proof-search/search-algorithm.tex","ACCEPTED","OLP-0684","PASS_STATIC_SEMANTIC_SOURCE_TOPOLOGY_CARRIER_CONFIG_EXPANSION_MORPHOLOGY_UNICODE_PAIRED_DIRECT_FILE_REPLAY_BUILD_DEFERRED_FOR_DEPENDENCY_CLOSURE"
"OLP-0684","684","9620cc73f9c8e0ad003c514a5d3748f29611c4c0","content/proof-theory/proof-search/tableaux.tex","21BE4B2A208C359F5FD90B18911E1363FBB03292D09A8D8A756707ABAE255884","codex/openlogic-ar","locale/ar/content/proof-theory/proof-search/tableaux.tex","ACCEPTED","codex/openlogic-fa-ir","locale/fa-IR/content/proof-theory/proof-search/tableaux.tex","ACCEPTED","OLP-0685","PASS_STATIC_SEMANTIC_SOURCE_TOPOLOGY_CARRIER_CONFIG_EXPANSION_MORPHOLOGY_UNICODE_PAIRED_DIRECT_FILE_REPLAY_BUILD_DEFERRED_FOR_DEPENDENCY_CLOSURE"
"OLP-0685","685","9620cc73f9c8e0ad003c514a5d3748f29611c4c0","content/proof-theory/proof-theory.tex","8F25F4D43C10BB3EF51D57EE0E08D3D2FF2DB67F55F94A0381FA2CE922B7F843","codex/openlogic-ar","locale/ar/content/proof-theory/proof-theory.tex","ACCEPTED","codex/openlogic-fa-ir","locale/fa-IR/content/proof-theory/proof-theory.tex","ACCEPTED","OLP-0686","PASS_STATIC_SEMANTIC_SOURCE_TOPOLOGY_CARRIER_CONFIG_EXPANSION_MORPHOLOGY_UNICODE_PAIRED_DIRECT_FILE_REPLAY_BUILD_DEFERRED_FOR_DEPENDENCY_CLOSURE"
"OLP-0686","686","9620cc73f9c8e0ad003c514a5d3748f29611c4c0","content/proof-theory/propositions-as-types/introduction.tex","340DB7B4220E6C9596DEAEAA90C7091AC94CB43630D014E14012AB92BB26A15D","codex/openlogic-ar","locale/ar/content/proof-theory/propositions-as-types/introduction.tex","ACCEPTED","codex/openlogic-fa-ir","locale/fa-IR/content/proof-theory/propositions-as-types/introduction.tex","ACCEPTED","OLP-0687","PASS_STATIC_SEMANTIC_SOURCE_TOPOLOGY_CARRIER_CONFIG_EXPANSION_MORPHOLOGY_UNICODE_PAIRED_DIRECT_FILE_REPLAY_BUILD_DEFERRED_FOR_DEPENDENCY_CLOSURE"
"OLP-0687","687","9620cc73f9c8e0ad003c514a5d3748f29611c4c0","content/proof-theory/propositions-as-types/normalization.tex","ABB9F9BC4D5A50031E5DB507CF7A164D07625CCCEFC98A9C2C90AE0EB03223CC","codex/openlogic-ar","locale/ar/content/proof-theory/propositions-as-types/normalization.tex","ACCEPTED","codex/openlogic-fa-ir","locale/fa-IR/content/proof-theory/propositions-as-types/normalization.tex","ACCEPTED","OLP-0688","PASS_STATIC_SEMANTIC_SOURCE_TOPOLOGY_CARRIER_CONFIG_EXPANSION_MORPHOLOGY_UNICODE_PAIRED_DIRECT_FILE_REPLAY_BUILD_DEFERRED_FOR_DEPENDENCY_CLOSURE"
"OLP-0688","688","9620cc73f9c8e0ad003c514a5d3748f29611c4c0","content/proof-theory/propositions-as-types/proof-terms.tex","902BE4BADF2F41AC113C0CCC78F7E784149E151DA319F7F9E5A95207471FA716","codex/openlogic-ar","locale/ar/content/proof-theory/propositions-as-types/proof-terms.tex","ACCEPTED","codex/openlogic-fa-ir","locale/fa-IR/content/proof-theory/propositions-as-types/proof-terms.tex","ACCEPTED","OLP-0689","PASS_STATIC_SEMANTIC_SOURCE_TOPOLOGY_CARRIER_CONFIG_EXPANSION_MORPHOLOGY_UNICODE_PAIRED_DIRECT_FILE_REPLAY_BUILD_DEFERRED_FOR_DEPENDENCY_CLOSURE"
"OLP-0689","689","9620cc73f9c8e0ad003c514a5d3748f29611c4c0","content/proof-theory/propositions-as-types/proofs-to-terms.tex","EF162D32FCFEBA5DC884BBA4BFB795D7E758D409741D6CC671EB189E3C6F4E63","codex/openlogic-ar","locale/ar/content/proof-theory/propositions-as-types/proofs-to-terms.tex","ACCEPTED","codex/openlogic-fa-ir","locale/fa-IR/content/proof-theory/propositions-as-types/proofs-to-terms.tex","ACCEPTED","OLP-0690","PASS_STATIC_SEMANTIC_SOURCE_TOPOLOGY_CARRIER_CONFIG_EXPANSION_MORPHOLOGY_UNICODE_PAIRED_DIRECT_FILE_REPLAY_BUILD_DEFERRED_FOR_DEPENDENCY_CLOSURE"
"OLP-0690","690","9620cc73f9c8e0ad003c514a5d3748f29611c4c0","content/proof-theory/propositions-as-types/propositions-as-types.tex","8E9E7241AC6A83D5FC5F21742CF2B9E59451C7CBF3E8DA324B3C1C3443501BC0","codex/openlogic-ar","locale/ar/content/proof-theory/propositions-as-types/propositions-as-types.tex","ACCEPTED","codex/openlogic-fa-ir","locale/fa-IR/content/proof-theory/propositions-as-types/propositions-as-types.tex","ACCEPTED","OLP-0691","PASS_STATIC_SEMANTIC_SOURCE_TOPOLOGY_CARRIER_CONFIG_EXPANSION_MORPHOLOGY_UNICODE_PAIRED_DIRECT_FILE_REPLAY_BUILD_DEFERRED_FOR_DEPENDENCY_CLOSURE"
"OLP-0691","691","9620cc73f9c8e0ad003c514a5d3748f29611c4c0","content/proof-theory/propositions-as-types/reduction.tex","2611124BD3D4C4A0028B4786FF23A9E773DA2C59950678E08E4E4099C4DEE705","codex/openlogic-ar","locale/ar/content/proof-theory/propositions-as-types/reduction.tex","ACCEPTED","codex/openlogic-fa-ir","locale/fa-IR/content/proof-theory/propositions-as-types/reduction.tex","ACCEPTED","OLP-0692","PASS_STATIC_SEMANTIC_SOURCE_TOPOLOGY_CARRIER_CONFIG_EXPANSION_MORPHOLOGY_UNICODE_PAIRED_DIRECT_FILE_REPLAY_BUILD_DEFERRED_FOR_DEPENDENCY_CLOSURE"
"OLP-0692","692","9620cc73f9c8e0ad003c514a5d3748f29611c4c0","content/proof-theory/propositions-as-types/rules-tN2.tex","F454A80CA9E593A7E2FF12DB317E9830A63C603B4094D6CF9F8177A927BED044","codex/openlogic-ar","locale/ar/content/proof-theory/propositions-as-types/rules-tN2.tex","ACCEPTED","codex/openlogic-fa-ir","locale/fa-IR/content/proof-theory/propositions-as-types/rules-tN2.tex","ACCEPTED","OLP-0693","PASS_STATIC_SEMANTIC_SOURCE_TOPOLOGY_CARRIER_CONFIG_EXPANSION_MORPHOLOGY_UNICODE_PAIRED_DIRECT_FILE_REPLAY_BUILD_DEFERRED_FOR_DEPENDENCY_CLOSURE"
"OLP-0693","693","9620cc73f9c8e0ad003c514a5d3748f29611c4c0","content/proof-theory/propositions-as-types/rules-tN3.tex","920460915C6FB200B4AB1A785AA84AFFCE15E404B04512F11319B5976A2A66C0","codex/openlogic-ar","locale/ar/content/proof-theory/propositions-as-types/rules-tN3.tex","ACCEPTED","codex/openlogic-fa-ir","locale/fa-IR/content/proof-theory/propositions-as-types/rules-tN3.tex","ACCEPTED","OLP-0694","PASS_STATIC_SEMANTIC_SOURCE_TOPOLOGY_CARRIER_CONFIG_EXPANSION_MORPHOLOGY_UNICODE_PAIRED_DIRECT_FILE_REPLAY_BUILD_DEFERRED_FOR_DEPENDENCY_CLOSURE"
"OLP-0694","694","9620cc73f9c8e0ad003c514a5d3748f29611c4c0","content/proof-theory/propositions-as-types/sequent-natural-deduction.tex","6FBAB7C45C11E351116316CFCFD77F71931428C35C32303DBD93413235EB679A","codex/openlogic-ar","locale/ar/content/proof-theory/propositions-as-types/sequent-natural-deduction.tex","ACCEPTED","codex/openlogic-fa-ir","locale/fa-IR/content/proof-theory/propositions-as-types/sequent-natural-deduction.tex","ACCEPTED","OLP-0695","PASS_STATIC_SEMANTIC_SOURCE_TOPOLOGY_CARRIER_CONFIG_EXPANSION_MORPHOLOGY_UNICODE_PAIRED_DIRECT_FILE_REPLAY_BUILD_DEFERRED_FOR_DEPENDENCY_CLOSURE"
"OLP-0695","695","9620cc73f9c8e0ad003c514a5d3748f29611c4c0","content/proof-theory/propositions-as-types/terms-to-proofs.tex","CDE54C448A688241F931D3D516A3CF7286A78FED2A11609B81471B1AB641CDF8","codex/openlogic-ar","locale/ar/content/proof-theory/propositions-as-types/terms-to-proofs.tex","ACCEPTED","codex/openlogic-fa-ir","locale/fa-IR/content/proof-theory/propositions-as-types/terms-to-proofs.tex","ACCEPTED","OLP-0696","PASS_STATIC_SEMANTIC_SOURCE_TOPOLOGY_CARRIER_CONFIG_EXPANSION_MORPHOLOGY_UNICODE_PAIRED_DIRECT_FILE_REPLAY_BUILD_DEFERRED_FOR_DEPENDENCY_CLOSURE"
"OLP-0696","696","9620cc73f9c8e0ad003c514a5d3748f29611c4c0","content/proof-theory/propositions-as-types/type-preservation.tex","75BA84FA67BEFC0AEA744FD4094B0936DBD38C273DCB5E60919B123486A2CDF7","codex/openlogic-ar","locale/ar/content/proof-theory/propositions-as-types/type-preservation.tex","ACCEPTED","codex/openlogic-fa-ir","locale/fa-IR/content/proof-theory/propositions-as-types/type-preservation.tex","ACCEPTED","OLP-0697","PASS_STATIC_SEMANTIC_SOURCE_TOPOLOGY_CARRIER_CONFIG_EXPANSION_MORPHOLOGY_UNICODE_PAIRED_DIRECT_FILE_REPLAY_BUILD_DEFERRED_FOR_DEPENDENCY_CLOSURE"
"OLP-0697","697","9620cc73f9c8e0ad003c514a5d3748f29611c4c0","content/proof-theory/propositions-as-types/types.tex","0129408D5454176B6A10E8BD7CF503D66373D3D2FA13C9F3C2FB517DE665B7C6","codex/openlogic-ar","locale/ar/content/proof-theory/propositions-as-types/types.tex","ACCEPTED","codex/openlogic-fa-ir","locale/fa-IR/content/proof-theory/propositions-as-types/types.tex","ACCEPTED","OLP-0698","PASS_STATIC_SEMANTIC_SOURCE_TOPOLOGY_CARRIER_CONFIG_EXPANSION_MORPHOLOGY_UNICODE_PAIRED_DIRECT_FILE_REPLAY_BUILD_DEFERRED_FOR_DEPENDENCY_CLOSURE"
"OLP-0698","698","9620cc73f9c8e0ad003c514a5d3748f29611c4c0","content/proof-theory/sequent-calculus/admissible-derivable.tex","42BD3C0E07C6BE9B6C82E85ADEE3933C295C10411C3D60A4778221DB0B864862","codex/openlogic-ar","locale/ar/content/proof-theory/sequent-calculus/admissible-derivable.tex","ACCEPTED","codex/openlogic-fa-ir","locale/fa-IR/content/proof-theory/sequent-calculus/admissible-derivable.tex","ACCEPTED","OLP-0699","PASS_STATIC_SEMANTIC_SOURCE_TOPOLOGY_CARRIER_CONFIG_EXPANSION_MORPHOLOGY_UNICODE_PAIRED_DIRECT_FILE_REPLAY_BUILD_DEFERRED_FOR_DEPENDENCY_CLOSURE"
"OLP-0699","699","9620cc73f9c8e0ad003c514a5d3748f29611c4c0","content/proof-theory/sequent-calculus/interpretation-rules.tex","54866E2D7C5736D5719A516E6193F8E805FB78504089EC01844D0B7CC5BD79DB","codex/openlogic-ar","locale/ar/content/proof-theory/sequent-calculus/interpretation-rules.tex","ACCEPTED","codex/openlogic-fa-ir","locale/fa-IR/content/proof-theory/sequent-calculus/interpretation-rules.tex","ACCEPTED","OLP-0700","PASS_STATIC_SEMANTIC_SOURCE_TOPOLOGY_CARRIER_CONFIG_EXPANSION_MORPHOLOGY_UNICODE_PAIRED_DIRECT_FILE_REPLAY_BUILD_DEFERRED_FOR_DEPENDENCY_CLOSURE"
"OLP-0700","700","9620cc73f9c8e0ad003c514a5d3748f29611c4c0","content/proof-theory/sequent-calculus/introduction.tex","2D6DB9E0BB62467E90E007AE01CDD74D16E48F0110FC332CCBE67B1B3C47AE0F","codex/openlogic-ar","locale/ar/content/proof-theory/sequent-calculus/introduction.tex","ACCEPTED","codex/openlogic-fa-ir","locale/fa-IR/content/proof-theory/sequent-calculus/introduction.tex","ACCEPTED","OLP-0701","PASS_STATIC_SEMANTIC_SOURCE_TOPOLOGY_CARRIER_CONFIG_EXPANSION_MORPHOLOGY_UNICODE_PAIRED_DIRECT_FILE_REPLAY_BUILD_DEFERRED_FOR_DEPENDENCY_CLOSURE"
"OLP-0701","701","9620cc73f9c8e0ad003c514a5d3748f29611c4c0","content/proof-theory/sequent-calculus/invertibility.tex","6D33BF9AB5325569E7B97EB00221DE556688AB8D64BEDF39637BAC5B57EBCD8C","codex/openlogic-ar","locale/ar/content/proof-theory/sequent-calculus/invertibility.tex","ACCEPTED","codex/openlogic-fa-ir","locale/fa-IR/content/proof-theory/sequent-calculus/invertibility.tex","ACCEPTED","OLP-0702","PASS_STATIC_SEMANTIC_SOURCE_TOPOLOGY_CARRIER_CONFIG_EXPANSION_MORPHOLOGY_UNICODE_PAIRED_DIRECT_FILE_REPLAY_BUILD_DEFERRED_FOR_DEPENDENCY_CLOSURE"
"OLP-0702","702","9620cc73f9c8e0ad003c514a5d3748f29611c4c0","content/proof-theory/sequent-calculus/proof-examples.tex","C519583876B9C2DD3F92F13417818E1254FC3DE080535F3E2D5C35DDB759F605","codex/openlogic-ar","locale/ar/content/proof-theory/sequent-calculus/proof-examples.tex","ACCEPTED","codex/openlogic-fa-ir","locale/fa-IR/content/proof-theory/sequent-calculus/proof-examples.tex","ACCEPTED","OLP-0703","PASS_STATIC_SEMANTIC_SOURCE_TOPOLOGY_CARRIER_CONFIG_EXPANSION_MORPHOLOGY_UNICODE_PAIRED_DIRECT_FILE_REPLAY_BUILD_DEFERRED_FOR_DEPENDENCY_CLOSURE"
"OLP-0703","703","9620cc73f9c8e0ad003c514a5d3748f29611c4c0","content/proof-theory/sequent-calculus/quantifiers.tex","15C8FE5EBAEAC187948C9C217934511E70735AFDB4DE68191355FB590B25287C","codex/openlogic-ar","locale/ar/content/proof-theory/sequent-calculus/quantifiers.tex","ACCEPTED","codex/openlogic-fa-ir","locale/fa-IR/content/proof-theory/sequent-calculus/quantifiers.tex","ACCEPTED","OLP-0704","PASS_STATIC_SEMANTIC_SOURCE_TOPOLOGY_CARRIER_CONFIG_EXPANSION_MORPHOLOGY_UNICODE_PAIRED_DIRECT_FILE_REPLAY_BUILD_DEFERRED_FOR_DEPENDENCY_CLOSURE"
"OLP-0704","704","9620cc73f9c8e0ad003c514a5d3748f29611c4c0","content/proof-theory/sequent-calculus/rules-G1c.tex","895B9680300186BEB0A6DF68E9556A1E8A1B00F8C63A866632C567E01FF3D93F","codex/openlogic-ar","locale/ar/content/proof-theory/sequent-calculus/rules-G1c.tex","ACCEPTED","codex/openlogic-fa-ir","locale/fa-IR/content/proof-theory/sequent-calculus/rules-G1c.tex","ACCEPTED","OLP-0705","PASS_STATIC_SEMANTIC_SOURCE_TOPOLOGY_CARRIER_CONFIG_EXPANSION_MORPHOLOGY_UNICODE_PAIRED_DIRECT_FILE_REPLAY_BUILD_DEFERRED_FOR_DEPENDENCY_CLOSURE"
"OLP-0705","705","9620cc73f9c8e0ad003c514a5d3748f29611c4c0","content/proof-theory/sequent-calculus/rules-G1i.tex","0D23C141EE1F2CD75DD6ECED909F5952AC2103FF49991CAE288BD4DA57BE840B","codex/openlogic-ar","locale/ar/content/proof-theory/sequent-calculus/rules-G1i.tex","ACCEPTED","codex/openlogic-fa-ir","locale/fa-IR/content/proof-theory/sequent-calculus/rules-G1i.tex","ACCEPTED","OLP-0706","PASS_STATIC_SEMANTIC_SOURCE_TOPOLOGY_CARRIER_CONFIG_EXPANSION_MORPHOLOGY_UNICODE_PAIRED_DIRECT_FILE_REPLAY_BUILD_DEFERRED_FOR_DEPENDENCY_CLOSURE"
"OLP-0706","706","9620cc73f9c8e0ad003c514a5d3748f29611c4c0","content/proof-theory/sequent-calculus/rules-G2c.tex","0258576664B34FC6C3F04233389E57CCAA5AFC791DFCDF62D77C1F3DC9A967D1","codex/openlogic-ar","locale/ar/content/proof-theory/sequent-calculus/rules-G2c.tex","ACCEPTED","codex/openlogic-fa-ir","locale/fa-IR/content/proof-theory/sequent-calculus/rules-G2c.tex","ACCEPTED","OLP-0707","PASS_STATIC_SEMANTIC_SOURCE_TOPOLOGY_CARRIER_CONFIG_EXPANSION_MORPHOLOGY_UNICODE_PAIRED_DIRECT_FILE_REPLAY_BUILD_DEFERRED_FOR_DEPENDENCY_CLOSURE"
"OLP-0707","707","9620cc73f9c8e0ad003c514a5d3748f29611c4c0","content/proof-theory/sequent-calculus/rules-G3c.tex","9B1DCCED34FABC81925121E2696D8E1E027ADE6CAF3707ED2FB61155EF2FAF79","codex/openlogic-ar","locale/ar/content/proof-theory/sequent-calculus/rules-G3c.tex","ACCEPTED","codex/openlogic-fa-ir","locale/fa-IR/content/proof-theory/sequent-calculus/rules-G3c.tex","ACCEPTED","OLP-0708","PASS_STATIC_SEMANTIC_SOURCE_TOPOLOGY_CARRIER_CONFIG_EXPANSION_MORPHOLOGY_UNICODE_PAIRED_DIRECT_FILE_REPLAY_BUILD_DEFERRED_FOR_DEPENDENCY_CLOSURE"
"OLP-0708","708","9620cc73f9c8e0ad003c514a5d3748f29611c4c0","content/proof-theory/sequent-calculus/rules-G3i.tex","322DA67057A42C3EBE53C965B06A4DF8AE914B873779E9D7125546312F84FA6F","codex/openlogic-ar","locale/ar/content/proof-theory/sequent-calculus/rules-G3i.tex","ACCEPTED","codex/openlogic-fa-ir","locale/fa-IR/content/proof-theory/sequent-calculus/rules-G3i.tex","ACCEPTED","OLP-0709","PASS_STATIC_SEMANTIC_SOURCE_TOPOLOGY_CARRIER_CONFIG_EXPANSION_MORPHOLOGY_UNICODE_PAIRED_DIRECT_FILE_REPLAY_BUILD_DEFERRED_FOR_DEPENDENCY_CLOSURE"
"OLP-0709","709","9620cc73f9c8e0ad003c514a5d3748f29611c4c0","content/proof-theory/sequent-calculus/rules-LK.tex","C4E853E27FBFCF7386DD22A73D10EAC3C507C35016C4368BAE72C5CD9EDFA55D","codex/openlogic-ar","locale/ar/content/proof-theory/sequent-calculus/rules-LK.tex","ACCEPTED","codex/openlogic-fa-ir","locale/fa-IR/content/proof-theory/sequent-calculus/rules-LK.tex","ACCEPTED","OLP-0710","PASS_STATIC_SEMANTIC_SOURCE_TOPOLOGY_CARRIER_CONFIG_EXPANSION_MORPHOLOGY_UNICODE_PAIRED_DIRECT_FILE_REPLAY_BUILD_DEFERRED_FOR_DEPENDENCY_CLOSURE"
"OLP-0710","710","9620cc73f9c8e0ad003c514a5d3748f29611c4c0","content/proof-theory/sequent-calculus/rules-mG3i.tex","A7B114259DE1D1770B989FF4E9AD2D94F6CEA2EBC8BD570EE25F35739B349A3C","codex/openlogic-ar","locale/ar/content/proof-theory/sequent-calculus/rules-mG3i.tex","ACCEPTED","codex/openlogic-fa-ir","locale/fa-IR/content/proof-theory/sequent-calculus/rules-mG3i.tex","ACCEPTED","OLP-0711","PASS_STATIC_SEMANTIC_SOURCE_TOPOLOGY_CARRIER_CONFIG_EXPANSION_MORPHOLOGY_UNICODE_PAIRED_DIRECT_FILE_REPLAY_BUILD_DEFERRED_FOR_DEPENDENCY_CLOSURE"
"OLP-0711","711","9620cc73f9c8e0ad003c514a5d3748f29611c4c0","content/proof-theory/sequent-calculus/rules-proofs.tex","8EED76AE91F4518E1CDC5F7CDD36890E1C8004A7F2F94B263E7CAA8F405E5C8A","codex/openlogic-ar","locale/ar/content/proof-theory/sequent-calculus/rules-proofs.tex","ACCEPTED","codex/openlogic-fa-ir","locale/fa-IR/content/proof-theory/sequent-calculus/rules-proofs.tex","ACCEPTED","OLP-0712","PASS_STATIC_SEMANTIC_SOURCE_TOPOLOGY_CARRIER_CONFIG_EXPANSION_MORPHOLOGY_UNICODE_PAIRED_DIRECT_FILE_REPLAY_BUILD_DEFERRED_FOR_DEPENDENCY_CLOSURE"
"OLP-0712","712","9620cc73f9c8e0ad003c514a5d3748f29611c4c0","content/proof-theory/sequent-calculus/sequent-calculus.tex","18040CB58699DE518BD453B32FAAC3807C3FC62B9D2940DC344564C995DD7317","codex/openlogic-ar","locale/ar/content/proof-theory/sequent-calculus/sequent-calculus.tex","ACCEPTED","codex/openlogic-fa-ir","locale/fa-IR/content/proof-theory/sequent-calculus/sequent-calculus.tex","ACCEPTED","OLP-0713","PASS_STATIC_SEMANTIC_SOURCE_TOPOLOGY_CARRIER_CONFIG_EXPANSION_MORPHOLOGY_UNICODE_PAIRED_DIRECT_FILE_REPLAY_BUILD_DEFERRED_FOR_DEPENDENCY_CLOSURE"
"OLP-0713","713","9620cc73f9c8e0ad003c514a5d3748f29611c4c0","content/proof-theory/sequent-calculus/translations.tex","FE035CE79AAE2C23F8756A69FC344736FF35E02F1CE9A40FE957EA55FAB5B7D0","codex/openlogic-ar","locale/ar/content/proof-theory/sequent-calculus/translations.tex","ACCEPTED","codex/openlogic-fa-ir","locale/fa-IR/content/proof-theory/sequent-calculus/translations.tex","ACCEPTED","OLP-0714","PASS_STATIC_SEMANTIC_SOURCE_TOPOLOGY_CARRIER_CONFIG_EXPANSION_MORPHOLOGY_UNICODE_PAIRED_DIRECT_FILE_REPLAY_BUILD_DEFERRED_FOR_DEPENDENCY_CLOSURE"
"OLP-0714","714","9620cc73f9c8e0ad003c514a5d3748f29611c4c0","content/propositional-logic/syntax-and-semantics/completeness.tex","15C4D35CCD3A79AE4E165CA8C5195D8190A81E7FFF32CF12FDD8279A35D2336C","codex/openlogic-ar","locale/ar/content/propositional-logic/syntax-and-semantics/completeness.tex","ACCEPTED","codex/openlogic-fa-ir","locale/fa-IR/content/propositional-logic/syntax-and-semantics/completeness.tex","ACCEPTED","OLP-0715","PASS_STATIC_SEMANTIC_SOURCE_TOPOLOGY_CARRIER_CONFIG_EXPANSION_MORPHOLOGY_UNICODE_PAIRED_DIRECT_FILE_REPLAY_BUILD_DEFERRED_FOR_DEPENDENCY_CLOSURE"
"OLP-0715","715","9620cc73f9c8e0ad003c514a5d3748f29611c4c0","content/propositional-logic/syntax-and-semantics/soundness.tex","E76BCB10A0A5AE28FFD1905CB127834D29995B886ED7FAA87468449E41D84F12","codex/openlogic-ar","locale/ar/content/propositional-logic/syntax-and-semantics/soundness.tex","ACCEPTED","codex/openlogic-fa-ir","locale/fa-IR/content/propositional-logic/syntax-and-semantics/soundness.tex","ACCEPTED","OLP-0716","PASS_STATIC_SEMANTIC_SOURCE_TOPOLOGY_CARRIER_MORPHOLOGY_UNICODE_PAIRED_DIRECT_FILE_REPLAY_BUILD_DEFERRED_FOR_DEPENDENCY_CLOSURE"
"OLP-0716","716","9620cc73f9c8e0ad003c514a5d3748f29611c4c0","content/second-order-logic/syntax-and-semantics/language-of-sol.tex","B334D1A0DECDC9DED917DC1B9B5E49DFAFC14C67949233C912F7B19B432121D8","codex/openlogic-ar","locale/ar/content/second-order-logic/syntax-and-semantics/language-of-sol.tex","ACCEPTED","codex/openlogic-fa-ir","locale/fa-IR/content/second-order-logic/syntax-and-semantics/language-of-sol.tex","ACCEPTED","OLP-0717","PASS_STATIC_SEMANTIC_SOURCE_TOPOLOGY_CARRIER_MORPHOLOGY_UNICODE_PAIRED_DIRECT_FILE_REPLAY_BUILD_DEFERRED_FOR_DEPENDENCY_CLOSURE"
"OLP-0717","717","9620cc73f9c8e0ad003c514a5d3748f29611c4c0","content/sets-functions-relations/functions/isomorphic-functions.tex","2B84AB8574D4EDAB2FF4CB52AB2AF2CDD474060649326AD6D797B56B78419790","codex/openlogic-ar","locale/ar/content/sets-functions-relations/functions/isomorphic-functions.tex","ACCEPTED","codex/openlogic-fa-ir","locale/fa-IR/content/sets-functions-relations/functions/isomorphic-functions.tex","ACCEPTED","OLP-0718","PASS_STATIC_SEMANTIC_SOURCE_TOPOLOGY_CARRIER_MORPHOLOGY_UNICODE_PAIRED_DIRECT_FILE_REPLAY_BUILD_DEFERRED_FOR_DEPENDENCY_CLOSURE"
"OLP-0718","718","9620cc73f9c8e0ad003c514a5d3748f29611c4c0","content/sets-functions-relations/inductive-defs-proofs/introduction.tex","0A3327920DB03385BCAE0062435654FD82227D5E622E87F4194628DE4FDBDDDA","codex/openlogic-ar","locale/ar/content/sets-functions-relations/inductive-defs-proofs/introduction.tex","ACCEPTED","codex/openlogic-fa-ir","locale/fa-IR/content/sets-functions-relations/inductive-defs-proofs/introduction.tex","ACCEPTED","OLP-0719","PASS_STATIC_SEMANTIC_SOURCE_TOPOLOGY_CARRIER_MORPHOLOGY_UNICODE_PAIRED_DIRECT_FILE_REPLAY_BUILD_DEFERRED_FOR_DEPENDENCY_CLOSURE"
"OLP-0719","719","9620cc73f9c8e0ad003c514a5d3748f29611c4c0","content/sets-functions-relations/relations/relations.tex","69E7B017E60673C488D1EC98C186ED0986BC1489B8554F848C95C189AF5C9E54","codex/openlogic-ar","locale/ar/content/sets-functions-relations/relations/relations.tex","ACCEPTED","codex/openlogic-fa-ir","locale/fa-IR/content/sets-functions-relations/relations/relations.tex","ACCEPTED","OLP-0720","PASS_STATIC_SEMANTIC_SOURCE_TOPOLOGY_CARRIER_MORPHOLOGY_UNICODE_PAIRED_DIRECT_FILE_REPLAY_BUILD_DEFERRED_FOR_DEPENDENCY_CLOSURE"
"OLP-0720","720","9620cc73f9c8e0ad003c514a5d3748f29611c4c0","content/sets-functions-relations/sets-functions-relations.tex","62C683BA88DF4742CBEF61369A755FBAE8DD53E2173D5F3D1B8A9FC675F27538","codex/openlogic-ar","locale/ar/content/sets-functions-relations/sets-functions-relations.tex","ACCEPTED","codex/openlogic-fa-ir","locale/fa-IR/content/sets-functions-relations/sets-functions-relations.tex","ACCEPTED","OLP-0721","PASS_STATIC_SEMANTIC_SOURCE_TOPOLOGY_CARRIER_MORPHOLOGY_UNICODE_PAIRED_DIRECT_FILE_REPLAY_BUILD_DEFERRED_FOR_DEPENDENCY_CLOSURE"
"OLP-0721","721","9620cc73f9c8e0ad003c514a5d3748f29611c4c0","content/sets-functions-relations/sets/proofs-about-sets.tex","394714C03CEA3D400CA79ED47F0C4B47C496CB714A3FD8E5C03DEBEC1AB55161","codex/openlogic-ar","locale/ar/content/sets-functions-relations/sets/proofs-about-sets.tex","ACCEPTED","codex/openlogic-fa-ir","locale/fa-IR/content/sets-functions-relations/sets/proofs-about-sets.tex","ACCEPTED","OLP-0722","PASS_STATIC_SEMANTIC_SOURCE_TOPOLOGY_CARRIER_MORPHOLOGY_UNICODE_PAIRED_DIRECT_FILE_REPLAY_BUILD_DEFERRED_FOR_DEPENDENCY_CLOSURE"
"OLP-0722","722","9620cc73f9c8e0ad003c514a5d3748f29611c4c0","content/sets-functions-relations/size-of-sets/size-of-sets.tex","877C8E21A7381DF4092D6D61CBA7384197674EC0E182BF1AEEE56DFF00109793","codex/openlogic-ar","locale/ar/content/sets-functions-relations/size-of-sets/size-of-sets.tex","ACCEPTED","codex/openlogic-fa-ir","locale/fa-IR/content/sets-functions-relations/size-of-sets/size-of-sets.tex","ACCEPTED","","PASS_STATIC_SEMANTIC_SOURCE_TOPOLOGY_CARRIER_MORPHOLOGY_UNICODE_PAIRED_DIRECT_FILE_REPLAY_BUILD_DEFERRED_FOR_DEPENDENCY_CLOSURE"
