"closure_id","stable_order","source_commit","source_path","source_sha256","source_bytes","source_lines","source_alpha_token_count","closure_included","canonical_reader_reachable","canonical_reader_order","inclusion_class","inclusion_reason","source_role","source_title_locator","source_olfileid","import_count","imports_resolved_ordered","imports_unresolved","incoming_importer_count","incoming_importers","asset_dependency_count","asset_dependencies","environment_total","environment_counts","part_macro_count","chapter_macro_count","section_macro_count","definition_object_count","theorem_object_count","proposition_object_count","lemma_object_count","corollary_object_count","example_object_count","problem_object_count","proof_object_count","figure_object_count","tikz_object_count","label_count","reference_count","citation_count","math_segment_count","ar_target_path","ar_status","ar_sha256","ar_qa","fa_IR_target_path","fa_IR_status","fa_IR_sha256","fa_IR_qa","paired_acceptance"
"OLP-0001","1","9620cc73f9c8e0ad003c514a5d3748f29611c4c0","content/open-logic-about.tex","e4f2e2ec5d9957fa71df41e9ed100641fe08230f63af6065eaafcb3d37346f4a","1494","29","220","true","true","1","canonical_complete_reader_reachable","Reached by ordered depth-first replay from content/open-logic-about.tex then content/content.tex through uncommented olimport edges.","reader_front_matter","About the Open Logic Project","","0","","","0","","0","","0","","0","1","0","0","0","0","0","0","0","0","0","0","0","0","0","0","0","locale/ar/content/open-logic-about.tex","ACCEPTED","3DFDAB30491A82C494D48ED98D8D1D81F3778C831C934CD3EB9DC94FFAAF400D","PASS_STATIC_SEMANTIC_BUILD_VISUAL_INDEPENDENT_AI_WITH_ACCESSIBILITY_CAVEAT","locale/fa-IR/content/open-logic-about.tex","ACCEPTED","2E400AC320BDBCCFAD6EF2A3520E0ABA53BA92D1ABCFB04F202A30CD67908DCD","PASS_STATIC_SEMANTIC_BUILD_VISUAL_INDEPENDENT_AI_WITH_ACCESSIBILITY_CAVEAT","ACCEPTED"
"OLP-0002","2","9620cc73f9c8e0ad003c514a5d3748f29611c4c0","content/content.tex","b42cd7f4bfd4185ccda7f834a706973a728b2126498c873671924a77b4d8f1d6","2376","74","294","true","true","2","canonical_complete_reader_reachable","Reached by ordered depth-first replay from content/open-logic-about.tex then content/content.tex through uncommented olimport edges.","corpus_root","","","18","content/sets-functions-relations/sets-functions-relations-complete.tex|content/propositional-logic/propositional-logic.tex|content/first-order-logic/first-order-logic.tex|content/model-theory/model-theory.tex|content/computability/computability.tex|content/turing-machines/turing-machines.tex|content/incompleteness/incompleteness.tex|content/second-order-logic/second-order-logic.tex|content/lambda-calculus/lambda-calculus.tex|content/many-valued-logic/many-valued-logic.tex|content/normal-modal-logic/normal-modal-logic.tex|content/applied-modal-logic/applied-modal-logic.tex|content/intuitionistic-logic/intuitionistic-logic.tex|content/counterfactuals/counterfactuals.tex|content/set-theory/set-theory.tex|content/methods/methods.tex|content/history/history.tex|content/reference/reference.tex","","0","","0","","2","document:1|editorial:1","0","0","0","0","0","0","0","0","0","0","0","0","0","0","0","0","0","locale/ar/content/content.tex","ACCEPTED","DDA783A7080EC20C151515B194FA20185E638885CA26424859B6A35F773A5193","PASS_STATIC_SEMANTIC_INDEPENDENT_AI_BUILD_DEFERRED_FOR_DEPENDENCY_CLOSURE","locale/fa-IR/content/content.tex","ACCEPTED","8D9F043FC6A265C43981E51DDA87594D60A33C796FB2A613DFAAE4AF7A117636","PASS_STATIC_SEMANTIC_INDEPENDENT_AI_BUILD_DEFERRED_FOR_DEPENDENCY_CLOSURE","ACCEPTED"
"OLP-0003","3","9620cc73f9c8e0ad003c514a5d3748f29611c4c0","content/sets-functions-relations/sets-functions-relations-complete.tex","03e55d8ee2ec4586a5dc8b64e6fa59950c46da3cdee54267946015e7bbd989ed","738","30","77","true","true","3","canonical_complete_reader_reachable","Reached by ordered depth-first replay from content/open-logic-about.tex then content/content.tex through uncommented olimport edges.","part_driver","Na\""ive Set Theory","","6","content/sets-functions-relations/sets/sets.tex|content/sets-functions-relations/relations/relations-complete.tex|content/sets-functions-relations/functions/functions.tex|content/sets-functions-relations/size-of-sets/size-of-sets-complete.tex|content/sets-functions-relations/arithmetization/arithmetization.tex|content/sets-functions-relations/infinite/infinite.tex","","1","content/content.tex","0","","2","document:1|editorial:1","1","0","0","0","0","0","0","0","0","0","0","0","0","0","0","0","0","locale/ar/content/sets-functions-relations/sets-functions-relations-complete.tex","ACCEPTED","467A6906D5C46FEBFC3EC1538CD0907EEB7D68FBECE16A4F4BE6452E834F6527","PASS_STATIC_SEMANTIC_INDEPENDENT_AI_BUILD_DEFERRED_FOR_DEPENDENCY_CLOSURE","locale/fa-IR/content/sets-functions-relations/sets-functions-relations-complete.tex","ACCEPTED","9B7FE5D8B6438191BF45FEAEC8D7D3367CEA80A412C6653065846758C326A41D","PASS_STATIC_SEMANTIC_INDEPENDENT_AI_BUILD_DEFERRED_FOR_DEPENDENCY_CLOSURE","ACCEPTED"
"OLP-0004","4","9620cc73f9c8e0ad003c514a5d3748f29611c4c0","content/sets-functions-relations/sets/sets.tex","eea34d38bb52811468a0025d348457a0f4d3f44aae4b7cabb28551d6328e2785","380","25","22","true","true","4","canonical_complete_reader_reachable","Reached by ordered depth-first replay from content/open-logic-about.tex then content/content.tex through uncommented olimport edges.","chapter_driver","Sets","","6","content/sets-functions-relations/sets/basics.tex|content/sets-functions-relations/sets/subsets.tex|content/sets-functions-relations/sets/important-sets.tex|content/sets-functions-relations/sets/unions-and-intersections.tex|content/sets-functions-relations/sets/pairs-and-products.tex|content/sets-functions-relations/sets/russells-paradox.tex","","2","content/sets-functions-relations/sets-functions-relations-complete.tex|content/sets-functions-relations/sets-functions-relations.tex","0","","1","document:1","0","1","0","0","0","0","0","0","0","0","0","0","0","0","0","0","0","locale/ar/content/sets-functions-relations/sets/sets.tex","ACCEPTED","B1C50900475E2F94BF13435C7A5069F6BC6820C7F8D2D3B5C49321E521088ECF","PASS_STATIC_SEMANTIC_INDEPENDENT_AI_BUILD_DEFERRED_FOR_DEPENDENCY_CLOSURE","locale/fa-IR/content/sets-functions-relations/sets/sets.tex","ACCEPTED","DF9B514CCED39A35FA88B65A53659B7207D7E899F8B48CF08066E611752850C9","PASS_STATIC_SEMANTIC_INDEPENDENT_AI_BUILD_DEFERRED_FOR_DEPENDENCY_CLOSURE","ACCEPTED"
"OLP-0005","5","9620cc73f9c8e0ad003c514a5d3748f29611c4c0","content/sets-functions-relations/sets/basics.tex","8bc9151af0985e6e20c374aa38cddd1add7a8dffbabccc94b89f324f62c40f8c","3922","104","575","true","true","5","canonical_complete_reader_reachable","Reached by ordered depth-first replay from content/open-logic-about.tex then content/content.tex through uncommented olimport edges.","reader_unit","Extensionality","sfr","0","","","1","content/sets-functions-relations/sets/sets.tex","0","","10","defn:1|document:1|ex:3|explain:1|prob:1|tagblock:3","0","0","1","1","0","0","0","0","3","1","0","0","0","0","0","0","52","locale/ar/content/sets-functions-relations/sets/basics.tex","ACCEPTED","1175854930480BAFE2EAA2853E068665C083589A4BAF03ACBF55E781FF3E013F","PASS_STATIC_SEMANTIC_BUILD_VISUAL_INDEPENDENT_AI_WITH_ACCESSIBILITY_CAVEAT","locale/fa-IR/content/sets-functions-relations/sets/basics.tex","ACCEPTED","129320E9EEA66762B41C28C6970DBAC6A87D84433AEC529A18BDE8AE903F849C","PASS_STATIC_SEMANTIC_BUILD_VISUAL_INDEPENDENT_AI_WITH_ACCESSIBILITY_CAVEAT","ACCEPTED"
"OLP-0006","6","9620cc73f9c8e0ad003c514a5d3748f29611c4c0","content/sets-functions-relations/sets/subsets.tex","5d982f62c40325cf75da4517add45ca073e23fb9463cfb3adfb9aafbb8582e46","3618","104","543","true","true","6","canonical_complete_reader_reachable","Reached by ordered depth-first replay from content/open-logic-about.tex then content/content.tex through uncommented olimport edges.","reader_unit","Subsets and Power Sets","sfr","0","","","1","content/sets-functions-relations/sets/sets.tex","0","","11","defn:3|document:1|ex:3|explain:1|prob:2|prop:1","0","0","1","3","0","1","0","0","3","2","0","0","0","0","0","0","65","locale/ar/content/sets-functions-relations/sets/subsets.tex","ACCEPTED","1DC4A005B7F44CDFC46DBF485626BF76551EECBB108C7F822F41A2DF8A883AE5","PASS_STATIC_SEMANTIC_BUILD_VISUAL_INDEPENDENT_AI_WITH_ACCESSIBILITY_CAVEAT","locale/fa-IR/content/sets-functions-relations/sets/subsets.tex","ACCEPTED","B8755941AFB97FC801C6FF9F03B54522AE64AC4D321DF207D77C1CE85AC1B4F4","PASS_STATIC_SEMANTIC_BUILD_VISUAL_INDEPENDENT_AI_WITH_ACCESSIBILITY_CAVEAT","ACCEPTED"
"OLP-0007","7","9620cc73f9c8e0ad003c514a5d3748f29611c4c0","content/sets-functions-relations/sets/important-sets.tex","b1b998cad3fa5aef48670f755245f86efe00b239d332a50e764147602405fb32","2720","70","315","true","true","7","canonical_complete_reader_reachable","Reached by ordered depth-first replay from content/open-logic-about.tex then content/content.tex through uncommented olimport edges.","reader_unit","Some Important Sets","sfr","0","","","1","content/sets-functions-relations/sets/sets.tex","0","","7","document:1|ex:3|multline*:2|tagblock:1","0","0","1","0","0","0","0","0","3","0","0","0","0","0","1","0","26","locale/ar/content/sets-functions-relations/sets/important-sets.tex","ACCEPTED","C9A36E2DBBD89674A4F13784EC149DD93EF2F94881B67AAC62D38FF028C9A3EF","PASS_STATIC_SEMANTIC_BUILD_VISUAL_INDEPENDENT_AI_WITH_ACCESSIBILITY_CAVEAT","locale/fa-IR/content/sets-functions-relations/sets/important-sets.tex","ACCEPTED","CDC437750FE229D26DB7E8FD8651350549906375B0AF744B4058AF1B4EAF9F84","PASS_STATIC_SEMANTIC_BUILD_VISUAL_INDEPENDENT_AI_WITH_ACCESSIBILITY_CAVEAT","ACCEPTED"
"OLP-0008","8","9620cc73f9c8e0ad003c514a5d3748f29611c4c0","content/sets-functions-relations/sets/unions-and-intersections.tex","2ad0eec70308ceeff2a4158b2dee60e59a9b1cf9268fc95c4bb1da05f65ad60d","6075","175","911","true","true","8","canonical_complete_reader_reachable","Reached by ordered depth-first replay from content/open-logic-about.tex then content/content.tex through uncommented olimport edges.","reader_unit","Unions and Intersections","sfr","0","","","1","content/sets-functions-relations/sets/sets.tex","3","assets/diagrams/union.tikz|assets/diagrams/intersection.tikz|assets/diagrams/difference.tikz","23","align*:4|defn:5|document:1|ex:3|explain:3|figure:3|prob:4","0","0","1","5","0","0","0","0","3","4","0","3","0","0","4","0","72","locale/ar/content/sets-functions-relations/sets/unions-and-intersections.tex","ACCEPTED","112BCA7B160608FE147114AE1BEE0EB4E18406B0BF9D312A705B8FA2D62D2025","PASS_STATIC_SEMANTIC_BUILD_VISUAL_LINKS_INDEPENDENT_AI_WITH_ACCESSIBILITY_CAVEAT","locale/fa-IR/content/sets-functions-relations/sets/unions-and-intersections.tex","ACCEPTED","1015C403DB83903E04890FE7CB9B28ABF3AC2E2A4A32E652BCE62224C0A1EAD5","PASS_STATIC_SEMANTIC_BUILD_VISUAL_LINKS_INDEPENDENT_AI_WITH_ACCESSIBILITY_CAVEAT","ACCEPTED"
"OLP-0009","9","9620cc73f9c8e0ad003c514a5d3748f29611c4c0","content/sets-functions-relations/sets/pairs-and-products.tex","3db7f0241d387b49488f70e78062c24192b813873618f761565d97bd7249431c","4645","130","669","true","true","9","canonical_complete_reader_reachable","Reached by ordered depth-first replay from content/open-logic-about.tex then content/content.tex through uncommented olimport edges.","reader_unit","Pairs, Tuples, Cartesian Products","sfr","0","","","1","content/sets-functions-relations/sets/sets.tex","0","","15","align*:1|array:1|defn:2|document:1|ex:3|explain:2|prob:3|proof:1|prop:1","0","0","1","2","0","1","0","0","3","3","1","0","0","0","1","0","78","locale/ar/content/sets-functions-relations/sets/pairs-and-products.tex","ACCEPTED","0209ACCAD5BA65DA9955892285D637EC9B4DA5B98D8C7830695BE6F8161B6809","PASS_STATIC_SEMANTIC_BUILD_VISUAL_LINKS_INDEPENDENT_AI_WITH_ACCESSIBILITY_CAVEAT","locale/fa-IR/content/sets-functions-relations/sets/pairs-and-products.tex","ACCEPTED","9474699C22D159D4F715B48E49B727E9BEAD8AE93F3BEBBD62C1CBD186C92BC5","PASS_STATIC_SEMANTIC_BUILD_VISUAL_LINKS_INDEPENDENT_AI_WITH_ACCESSIBILITY_CAVEAT","ACCEPTED"
"OLP-0010","10","9620cc73f9c8e0ad003c514a5d3748f29611c4c0","content/sets-functions-relations/sets/russells-paradox.tex","9a76315cd0d9cf89d27e90a9b87138b1c95aea98e0d26de3fe12d897b8c4d10d","3761","90","593","true","true","10","canonical_complete_reader_reachable","Reached by ordered depth-first replay from content/open-logic-about.tex then content/content.tex through uncommented olimport edges.","reader_unit","Russell's Paradox","sfr","0","","","1","content/sets-functions-relations/sets/sets.tex","0","","6","digress:1|document:1|explain:1|proof:1|tagblock:1|thm:1","0","0","1","0","1","0","0","0","0","0","1","0","0","0","1","0","34","locale/ar/content/sets-functions-relations/sets/russells-paradox.tex","ACCEPTED","842dbaa2aae165ce42b1999dde89d621f4e90e4a60d72781879c5b878e9b9d56","PASS_STATIC_SEMANTIC_BUILD_VISUAL_INDEPENDENT_AI_WITH_ACCESSIBILITY_CAVEAT","locale/fa-IR/content/sets-functions-relations/sets/russells-paradox.tex","ACCEPTED","040b0431da0d24ce6cfc12bdfcbd1b0970e8fd9397a4a6fb3d8ef36b93287886","PASS_STATIC_SEMANTIC_BUILD_VISUAL_INDEPENDENT_AI_WITH_ACCESSIBILITY_CAVEAT","ACCEPTED"
"OLP-0011","11","9620cc73f9c8e0ad003c514a5d3748f29611c4c0","content/sets-functions-relations/relations/relations-complete.tex","7e1363f3e757004246334478742e4199101dbb2551fac272462454cd40161e23","438","29","22","true","true","11","canonical_complete_reader_reachable","Reached by ordered depth-first replay from content/open-logic-about.tex then content/content.tex through uncommented olimport edges.","chapter_driver","Relations","","8","content/sets-functions-relations/relations/relations-as-sets.tex|content/sets-functions-relations/relations/reflections.tex|content/sets-functions-relations/relations/special-properties.tex|content/sets-functions-relations/relations/equivalence-relations.tex|content/sets-functions-relations/relations/orders.tex|content/sets-functions-relations/relations/graphs.tex|content/sets-functions-relations/relations/trees.tex|content/sets-functions-relations/relations/operations.tex","","1","content/sets-functions-relations/sets-functions-relations-complete.tex","0","","1","document:1","0","1","0","0","0","0","0","0","0","0","0","0","0","0","0","0","0","locale/ar/content/sets-functions-relations/relations/relations-complete.tex","PENDING","","PENDING","locale/fa-IR/content/sets-functions-relations/relations/relations-complete.tex","PENDING","","PENDING","PENDING"
"OLP-0012","12","9620cc73f9c8e0ad003c514a5d3748f29611c4c0","content/sets-functions-relations/relations/relations-as-sets.tex","412c6fa44ead94f076dfea7cd23f9e3cd748b08c1882dcb129b15f8efcf5c29c","5376","126","700","true","true","12","canonical_complete_reader_reachable","Reached by ordered depth-first replay from content/open-logic-about.tex then content/content.tex through uncommented olimport edges.","reader_unit","Relations as Sets","sfr","0","","","2","content/sets-functions-relations/relations/relations-complete.tex|content/sets-functions-relations/relations/relations.tex","0","","7","array:1|defn:1|document:1|ex:1|explain:2|prob:1","0","0","1","1","0","0","0","0","1","1","0","0","0","0","2","0","83","locale/ar/content/sets-functions-relations/relations/relations-as-sets.tex","PENDING","","PENDING","locale/fa-IR/content/sets-functions-relations/relations/relations-as-sets.tex","PENDING","","PENDING","PENDING"
"OLP-0013","13","9620cc73f9c8e0ad003c514a5d3748f29611c4c0","content/sets-functions-relations/relations/reflections.tex","1f94c1032eaedb73b1de69e6f010b8e0c7437fe240ab280583ff358896fa4b27","4065","77","597","true","true","13","canonical_complete_reader_reachable","Reached by ordered depth-first replay from content/open-logic-about.tex then content/content.tex through uncommented olimport edges.","reader_unit","Philosophical Reflections","sfr","0","","","1","content/sets-functions-relations/relations/relations-complete.tex","0","","2","align*:1|document:1","0","0","1","0","0","0","0","0","0","0","0","0","0","0","5","1","25","locale/ar/content/sets-functions-relations/relations/reflections.tex","PENDING","","PENDING","locale/fa-IR/content/sets-functions-relations/relations/reflections.tex","PENDING","","PENDING","PENDING"
"OLP-0014","14","9620cc73f9c8e0ad003c514a5d3748f29611c4c0","content/sets-functions-relations/relations/special-properties.tex","f9bdfcb4c680ea58fdb209f0347c2f8055de96558caf69a26ec3ce8e1e7ce6a1","3165","85","438","true","true","14","canonical_complete_reader_reachable","Reached by ordered depth-first replay from content/open-logic-about.tex then content/content.tex through uncommented olimport edges.","reader_unit","Special Properties of Relations","sfr","0","","","2","content/sets-functions-relations/relations/relations-complete.tex|content/sets-functions-relations/relations/relations.tex","0","","11","defn:7|document:1|explain:1|intro:1|prob:1","0","0","1","7","0","0","0","0","0","1","0","0","0","0","0","0","47","locale/ar/content/sets-functions-relations/relations/special-properties.tex","PENDING","","PENDING","locale/fa-IR/content/sets-functions-relations/relations/special-properties.tex","PENDING","","PENDING","PENDING"
"OLP-0015","15","9620cc73f9c8e0ad003c514a5d3748f29611c4c0","content/sets-functions-relations/relations/equivalence-relations.tex","0b2167d0a9633938fd173d396f9e92b795826821471ff111483f7c7088a4be46","3470","84","460","true","true","15","canonical_complete_reader_reachable","Reached by ordered depth-first replay from content/open-logic-about.tex then content/content.tex through uncommented olimport edges.","reader_unit","Equivalence Relations","sfr","0","","","2","content/sets-functions-relations/relations/relations-complete.tex|content/sets-functions-relations/relations/relations.tex","0","","7","defn:2|document:1|ex:1|prob:1|proof:1|prop:1","0","0","1","2","0","1","0","0","1","1","1","0","0","0","0","0","70","locale/ar/content/sets-functions-relations/relations/equivalence-relations.tex","PENDING","","PENDING","locale/fa-IR/content/sets-functions-relations/relations/equivalence-relations.tex","PENDING","","PENDING","PENDING"
"OLP-0016","16","9620cc73f9c8e0ad003c514a5d3748f29611c4c0","content/sets-functions-relations/relations/orders.tex","c6b7f7f49379f9cac28d844270639eae141152978ef8ad68065d0cfd83ccbd38","6476","169","917","true","true","16","canonical_complete_reader_reachable","Reached by ordered depth-first replay from content/open-logic-about.tex then content/content.tex through uncommented olimport edges.","reader_unit","Orders","sfr","0","","","2","content/sets-functions-relations/relations/relations-complete.tex|content/sets-functions-relations/relations/relations.tex","0","","20","defn:5|document:1|ex:6|explain:1|prob:1|proof:3|prop:3","0","0","1","5","0","3","0","0","6","1","3","0","0","0","1","0","117","locale/ar/content/sets-functions-relations/relations/orders.tex","PENDING","","PENDING","locale/fa-IR/content/sets-functions-relations/relations/orders.tex","PENDING","","PENDING","PENDING"
"OLP-0017","17","9620cc73f9c8e0ad003c514a5d3748f29611c4c0","content/sets-functions-relations/relations/graphs.tex","a538018608ce97d0b371a392912c3d6825d8f3b17719bceca5744a77ace26351","3016","78","397","true","true","17","canonical_complete_reader_reachable","Reached by ordered depth-first replay from content/open-logic-about.tex then content/content.tex through uncommented olimport edges.","reader_unit","Graphs","sfr","0","","","2","content/sets-functions-relations/relations/relations-complete.tex|content/sets-functions-relations/relations/relations.tex","0","","8","align*:1|defn:1|document:1|ex:1|explain:1|prob:1|tikzpicture:2","0","0","1","1","0","0","0","0","1","1","0","0","2","0","0","0","27","locale/ar/content/sets-functions-relations/relations/graphs.tex","PENDING","","PENDING","locale/fa-IR/content/sets-functions-relations/relations/graphs.tex","PENDING","","PENDING","PENDING"
"OLP-0018","18","9620cc73f9c8e0ad003c514a5d3748f29611c4c0","content/sets-functions-relations/relations/trees.tex","57cc56ee55506aa19e7be6129d2cad6b8635fd2d6407399d4f774782f2cdd588","5232","131","791","true","true","18","canonical_complete_reader_reachable","Reached by ordered depth-first replay from content/open-logic-about.tex then content/content.tex through uncommented olimport edges.","reader_unit","Trees","sfr","0","","","2","content/sets-functions-relations/relations/relations-complete.tex|content/sets-functions-relations/relations/relations.tex","0","","12","center:1|defn:4|document:1|ex:2|proof:1|prop:2|tikzpicture:1","0","0","1","4","0","2","0","0","2","0","1","0","1","0","0","0","109","locale/ar/content/sets-functions-relations/relations/trees.tex","PENDING","","PENDING","locale/fa-IR/content/sets-functions-relations/relations/trees.tex","PENDING","","PENDING","PENDING"
"OLP-0019","19","9620cc73f9c8e0ad003c514a5d3748f29611c4c0","content/sets-functions-relations/relations/operations.tex","5e6f57e9ddf53e1624955adabd594ea3855ad787c1074ba12421b0025b432372","2234","72","281","true","true","19","canonical_complete_reader_reachable","Reached by ordered depth-first replay from content/open-logic-about.tex then content/content.tex through uncommented olimport edges.","reader_unit","Operations on Relations","sfr","0","","","2","content/sets-functions-relations/relations/relations-complete.tex|content/sets-functions-relations/relations/relations.tex","0","","6","defn:2|document:1|ex:2|prob:1","0","0","1","2","0","0","0","0","2","1","0","0","0","0","2","0","48","locale/ar/content/sets-functions-relations/relations/operations.tex","PENDING","","PENDING","locale/fa-IR/content/sets-functions-relations/relations/operations.tex","PENDING","","PENDING","PENDING"
"OLP-0020","20","9620cc73f9c8e0ad003c514a5d3748f29611c4c0","content/sets-functions-relations/functions/functions.tex","ce481e97a8f301c749d1461326b4ee3d0792b4adc15a1fceb7c6ed3b58ceca54","425","27","20","true","true","20","canonical_complete_reader_reachable","Reached by ordered depth-first replay from content/open-logic-about.tex then content/content.tex through uncommented olimport edges.","chapter_driver","Functions","","6","content/sets-functions-relations/functions/function-basics.tex|content/sets-functions-relations/functions/function-kinds.tex|content/sets-functions-relations/functions/functions-relations.tex|content/sets-functions-relations/functions/inverses.tex|content/sets-functions-relations/functions/composition.tex|content/sets-functions-relations/functions/partial-functions.tex","","2","content/sets-functions-relations/sets-functions-relations-complete.tex|content/sets-functions-relations/sets-functions-relations.tex","0","","1","document:1","0","1","0","0","0","0","0","0","0","0","0","0","0","0","0","0","0","locale/ar/content/sets-functions-relations/functions/functions.tex","PENDING","","PENDING","locale/fa-IR/content/sets-functions-relations/functions/functions.tex","PENDING","","PENDING","PENDING"
"OLP-0021","21","9620cc73f9c8e0ad003c514a5d3748f29611c4c0","content/sets-functions-relations/functions/function-basics.tex","f01a58d84a175f42d8c233ef0e7d41c23d406b54e8f11475c14514b64eca3dc7","5583","141","827","true","true","21","canonical_complete_reader_reachable","Reached by ordered depth-first replay from content/open-logic-about.tex then content/content.tex through uncommented olimport edges.","reader_unit","Basics","sfr","0","","","1","content/sets-functions-relations/functions/functions.tex","1","assets/diagrams/function.tikz","13","cases:1|defn:1|document:1|ex:6|explain:3|figure:1","0","0","1","1","0","0","0","0","6","0","0","1","0","0","1","0","66","locale/ar/content/sets-functions-relations/functions/function-basics.tex","PENDING","","PENDING","locale/fa-IR/content/sets-functions-relations/functions/function-basics.tex","PENDING","","PENDING","PENDING"
"OLP-0022","22","9620cc73f9c8e0ad003c514a5d3748f29611c4c0","content/sets-functions-relations/functions/function-kinds.tex","6dfe2a70579f8e3521d8e2286e2360dd58a19fbeda9718b62342105388ab4f93","4012","119","541","true","true","22","canonical_complete_reader_reachable","Reached by ordered depth-first replay from content/open-logic-about.tex then content/content.tex through uncommented olimport edges.","reader_unit","Kinds of Functions","sfr","0","","","1","content/sets-functions-relations/functions/functions.tex","3","assets/diagrams/surjective.tikz|assets/diagrams/injective.tikz|assets/diagrams/bijective.tikz","14","cases:1|defn:3|document:1|ex:1|explain:5|figure:3","0","0","1","3","0","0","0","0","1","0","0","3","0","0","3","0","46","locale/ar/content/sets-functions-relations/functions/function-kinds.tex","PENDING","","PENDING","locale/fa-IR/content/sets-functions-relations/functions/function-kinds.tex","PENDING","","PENDING","PENDING"
"OLP-0023","23","9620cc73f9c8e0ad003c514a5d3748f29611c4c0","content/sets-functions-relations/functions/functions-relations.tex","0205f7168e0679f513e7c95ea7124ce364bce36f9e04f06d519e90f6a5480a5c","3984","104","585","true","true","23","canonical_complete_reader_reachable","Reached by ordered depth-first replay from content/open-logic-about.tex then content/content.tex through uncommented olimport edges.","reader_unit","Functions as Relations","sfr","0","","","1","content/sets-functions-relations/functions/functions.tex","0","","10","defn:2|document:1|enumerate:1|explain:4|proof:1|prop:1","0","0","1","2","0","1","0","0","0","0","1","0","0","0","6","0","55","locale/ar/content/sets-functions-relations/functions/functions-relations.tex","PENDING","","PENDING","locale/fa-IR/content/sets-functions-relations/functions/functions-relations.tex","PENDING","","PENDING","PENDING"
"OLP-0024","24","9620cc73f9c8e0ad003c514a5d3748f29611c4c0","content/sets-functions-relations/functions/inverses.tex","93a84a2705e1ed3c92a7f5206c4308420bebbbbcb43824c1eb50e05f83777c4b","6924","178","1133","true","true","24","canonical_complete_reader_reachable","Reached by ordered depth-first replay from content/open-logic-about.tex then content/content.tex through uncommented olimport edges.","reader_unit","Inverses of Functions","sfr","0","","","1","content/sets-functions-relations/functions/functions.tex","0","","21","cases:1|defn:1|document:1|explain:4|prob:4|proof:5|prop:5","0","0","1","1","0","5","0","0","0","4","5","0","0","0","6","0","147","locale/ar/content/sets-functions-relations/functions/inverses.tex","PENDING","","PENDING","locale/fa-IR/content/sets-functions-relations/functions/inverses.tex","PENDING","","PENDING","PENDING"
"OLP-0025","25","9620cc73f9c8e0ad003c514a5d3748f29611c4c0","content/sets-functions-relations/functions/composition.tex","091c7ab9e4d0517b2a62f4ecf10e4eb75f0f83e31e1bbd9c365c4b751b981fee","2572","68","374","true","true","25","canonical_complete_reader_reachable","Reached by ordered depth-first replay from content/open-logic-about.tex then content/content.tex through uncommented olimport edges.","reader_unit","Composition of Functions","sfr","0","","","1","content/sets-functions-relations/functions/functions.tex","1","assets/diagrams/composition.tikz","8","defn:1|document:1|ex:1|explain:1|figure:1|prob:3","0","0","1","1","0","0","0","0","1","3","0","1","0","0","3","0","47","locale/ar/content/sets-functions-relations/functions/composition.tex","PENDING","","PENDING","locale/fa-IR/content/sets-functions-relations/functions/composition.tex","PENDING","","PENDING","PENDING"
"OLP-0026","26","9620cc73f9c8e0ad003c514a5d3748f29611c4c0","content/sets-functions-relations/functions/partial-functions.tex","2a1e79725a70fde443cc3c19c325a2c422c49e7ccd095c965f8c50fd5cc6b10b","2676","76","403","true","true","26","canonical_complete_reader_reachable","Reached by ordered depth-first replay from content/open-logic-about.tex then content/content.tex through uncommented olimport edges.","reader_unit","Partial Functions","sfr","0","","","1","content/sets-functions-relations/functions/functions.tex","0","","9","defn:2|document:1|ex:2|explain:1|prob:1|proof:1|prop:1","0","0","1","2","0","1","0","0","2","1","1","0","0","0","0","0","61","locale/ar/content/sets-functions-relations/functions/partial-functions.tex","PENDING","","PENDING","locale/fa-IR/content/sets-functions-relations/functions/partial-functions.tex","PENDING","","PENDING","PENDING"
"OLP-0027","27","9620cc73f9c8e0ad003c514a5d3748f29611c4c0","content/sets-functions-relations/size-of-sets/size-of-sets-complete.tex","d2b1a2f68e99efc2e5fd9f15316db26d7f898bd61135213309f61d28a6f00a60","1501","56","162","true","true","27","canonical_complete_reader_reachable","Reached by ordered depth-first replay from content/open-logic-about.tex then content/content.tex through uncommented olimport edges.","chapter_driver","The Size of Sets","","13","content/sets-functions-relations/size-of-sets/introduction.tex|content/sets-functions-relations/size-of-sets/enumerability.tex|content/sets-functions-relations/size-of-sets/zig-zag.tex|content/sets-functions-relations/size-of-sets/pairing.tex|content/sets-functions-relations/size-of-sets/pairing-alt.tex|content/sets-functions-relations/size-of-sets/non-enumerability.tex|content/sets-functions-relations/size-of-sets/reduction.tex|content/sets-functions-relations/size-of-sets/equinumerous-sets.tex|content/sets-functions-relations/size-of-sets/comparing-size.tex|content/sets-functions-relations/size-of-sets/schroder-bernstein.tex|content/sets-functions-relations/size-of-sets/enumerability-alt.tex|content/sets-functions-relations/size-of-sets/non-enumerability-alt.tex|content/sets-functions-relations/size-of-sets/reduction-alt.tex","","1","content/sets-functions-relations/sets-functions-relations-complete.tex","0","","3","document:1|editorial:2","0","1","0","0","0","0","0","0","0","0","0","0","0","0","6","0","4","locale/ar/content/sets-functions-relations/size-of-sets/size-of-sets-complete.tex","PENDING","","PENDING","locale/fa-IR/content/sets-functions-relations/size-of-sets/size-of-sets-complete.tex","PENDING","","PENDING","PENDING"
"OLP-0028","28","9620cc73f9c8e0ad003c514a5d3748f29611c4c0","content/sets-functions-relations/size-of-sets/introduction.tex","e771bd78d2b9819350b17f333524e22ce44a26647916f5b864cb934e380c1fb9","1126","29","166","true","true","28","canonical_complete_reader_reachable","Reached by ordered depth-first replay from content/open-logic-about.tex then content/content.tex through uncommented olimport edges.","reader_unit","Introduction","sfr","0","","","2","content/sets-functions-relations/size-of-sets/size-of-sets-complete.tex|content/sets-functions-relations/size-of-sets/size-of-sets.tex","0","","1","document:1","0","0","1","0","0","0","0","0","0","0","0","0","0","0","0","0","5","locale/ar/content/sets-functions-relations/size-of-sets/introduction.tex","PENDING","","PENDING","locale/fa-IR/content/sets-functions-relations/size-of-sets/introduction.tex","PENDING","","PENDING","PENDING"
"OLP-0029","29","9620cc73f9c8e0ad003c514a5d3748f29611c4c0","content/sets-functions-relations/size-of-sets/enumerability.tex","7657db317a07eef9cd5497ad88997483dd43c9f94f27d257abe857084886a2fe","12285","280","1680","true","true","29","canonical_complete_reader_reachable","Reached by ordered depth-first replay from content/open-logic-about.tex then content/content.tex through uncommented olimport edges.","reader_unit","","sfr","0","","","2","content/sets-functions-relations/size-of-sets/size-of-sets-complete.tex|content/sets-functions-relations/size-of-sets/size-of-sets.tex","0","","29","align*:1|array:1|cases:1|cor:2|defn:3|document:1|editorial:1|enumerate:1|ex:3|explain:3|prob:5|proof:4|prop:3","0","0","1","3","0","3","0","2","3","5","4","0","0","0","4","0","221","locale/ar/content/sets-functions-relations/size-of-sets/enumerability.tex","PENDING","","PENDING","locale/fa-IR/content/sets-functions-relations/size-of-sets/enumerability.tex","PENDING","","PENDING","PENDING"
"OLP-0030","30","9620cc73f9c8e0ad003c514a5d3748f29611c4c0","content/sets-functions-relations/size-of-sets/zig-zag.tex","18bf058d52e22b9dbc7a08af314b58c81f35dd4009c0ccf726a0d00aec391dee","4502","126","361","true","true","30","canonical_complete_reader_reachable","Reached by ordered depth-first replay from content/open-logic-about.tex then content/content.tex through uncommented olimport edges.","reader_unit","Cantor's Zig-Zag Method","sfr","0","","","2","content/sets-functions-relations/size-of-sets/size-of-sets-complete.tex|content/sets-functions-relations/size-of-sets/size-of-sets.tex","0","","11","array:3|document:1|explain:2|prob:2|proof:1|prop:2","0","0","1","0","0","2","0","0","0","2","1","0","0","2","2","0","33","locale/ar/content/sets-functions-relations/size-of-sets/zig-zag.tex","PENDING","","PENDING","locale/fa-IR/content/sets-functions-relations/size-of-sets/zig-zag.tex","PENDING","","PENDING","PENDING"
"OLP-0031","31","9620cc73f9c8e0ad003c514a5d3748f29611c4c0","content/sets-functions-relations/size-of-sets/pairing.tex","345a39184e28af727e378d5b5883b5e7d2e1c27cd729329376d19426ddaed484","4171","116","580","true","true","31","canonical_complete_reader_reachable","Reached by ordered depth-first replay from content/open-logic-about.tex then content/content.tex through uncommented olimport edges.","reader_unit","Pairing Functions and Codes","sfr","0","","","2","content/sets-functions-relations/size-of-sets/size-of-sets-complete.tex|content/sets-functions-relations/size-of-sets/size-of-sets.tex","0","","13","defn:1|document:1|explain:2|prob:9","0","0","1","1","0","0","0","0","0","9","0","0","0","0","0","0","57","locale/ar/content/sets-functions-relations/size-of-sets/pairing.tex","PENDING","","PENDING","locale/fa-IR/content/sets-functions-relations/size-of-sets/pairing.tex","PENDING","","PENDING","PENDING"
"OLP-0032","32","9620cc73f9c8e0ad003c514a5d3748f29611c4c0","content/sets-functions-relations/size-of-sets/pairing-alt.tex","fd523f5306e1fd0e5c03f4c572d244fb017d1c0be27939f180bc6867a214e425","4705","114","452","true","true","32","canonical_complete_reader_reachable","Reached by ordered depth-first replay from content/open-logic-about.tex then content/content.tex through uncommented olimport edges.","reader_unit","An Alternative Pairing Function","sfr","0","","","2","content/sets-functions-relations/size-of-sets/size-of-sets-complete.tex|content/sets-functions-relations/size-of-sets/size-of-sets.tex","0","","9","array:4|document:1|ex:2|explain:2","0","0","1","0","0","0","0","0","2","0","0","0","0","0","0","0","51","locale/ar/content/sets-functions-relations/size-of-sets/pairing-alt.tex","PENDING","","PENDING","locale/fa-IR/content/sets-functions-relations/size-of-sets/pairing-alt.tex","PENDING","","PENDING","PENDING"
"OLP-0033","33","9620cc73f9c8e0ad003c514a5d3748f29611c4c0","content/sets-functions-relations/size-of-sets/non-enumerability.tex","a272a841f8c50bda6589aac40278b9bff7f8a1f5284730c7195423b09ac3ba2e","9412","215","1329","true","true","33","canonical_complete_reader_reachable","Reached by ordered depth-first replay from content/open-logic-about.tex then content/content.tex through uncommented olimport edges.","reader_unit","","sfr","0","","","2","content/sets-functions-relations/size-of-sets/size-of-sets-complete.tex|content/sets-functions-relations/size-of-sets/size-of-sets.tex","0","","13","array:2|cases:1|document:1|editorial:1|explain:2|prob:2|proof:2|thm:2","0","0","1","0","2","0","0","0","0","2","2","0","0","1","2","0","175","locale/ar/content/sets-functions-relations/size-of-sets/non-enumerability.tex","PENDING","","PENDING","locale/fa-IR/content/sets-functions-relations/size-of-sets/non-enumerability.tex","PENDING","","PENDING","PENDING"
"OLP-0034","34","9620cc73f9c8e0ad003c514a5d3748f29611c4c0","content/sets-functions-relations/size-of-sets/reduction.tex","33f0cbb35c8c1fa3ff0e4f44fa626fdc298d1c4612aeaafb41bcb920e5d18ac8","5678","139","745","true","true","34","canonical_complete_reader_reachable","Reached by ordered depth-first replay from content/open-logic-about.tex then content/content.tex through uncommented olimport edges.","reader_unit","Reduction","sfr","0","","","2","content/sets-functions-relations/size-of-sets/size-of-sets-complete.tex|content/sets-functions-relations/size-of-sets/size-of-sets.tex","0","","11","document:1|editorial:1|explain:1|prob:7|proof:1","0","0","1","0","0","0","0","0","0","7","1","0","0","1","5","0","102","locale/ar/content/sets-functions-relations/size-of-sets/reduction.tex","PENDING","","PENDING","locale/fa-IR/content/sets-functions-relations/size-of-sets/reduction.tex","PENDING","","PENDING","PENDING"
"OLP-0035","35","9620cc73f9c8e0ad003c514a5d3748f29611c4c0","content/sets-functions-relations/size-of-sets/equinumerous-sets.tex","7b0444e3293b300b72b7a6d49638913a778f5131fd94650dd64a5f11040c91f2","4252","112","603","true","true","35","canonical_complete_reader_reachable","Reached by ordered depth-first replay from content/open-logic-about.tex then content/content.tex through uncommented olimport edges.","reader_unit","Equinumerosity","sfr","0","","","2","content/sets-functions-relations/size-of-sets/size-of-sets-complete.tex|content/sets-functions-relations/size-of-sets/size-of-sets.tex","0","","10","defn:1|document:1|editorial:1|prob:2|proof:2|prop:2|quote:1","0","0","1","1","0","2","0","0","0","2","2","0","0","0","3","1","74","locale/ar/content/sets-functions-relations/size-of-sets/equinumerous-sets.tex","PENDING","","PENDING","locale/fa-IR/content/sets-functions-relations/size-of-sets/equinumerous-sets.tex","PENDING","","PENDING","PENDING"
"OLP-0036","36","9620cc73f9c8e0ad003c514a5d3748f29611c4c0","content/sets-functions-relations/size-of-sets/comparing-size.tex","cb92c7e6df9529ced700d708ad8c6efda9a0d8c3f8e69d08bcb4d614c6f5041b","6827","151","1021","true","true","36","canonical_complete_reader_reachable","Reached by ordered depth-first replay from content/open-logic-about.tex then content/content.tex through uncommented olimport edges.","reader_unit","Sets of Different Sizes, and Cantor's Theorem","sfr","0","","","2","content/sets-functions-relations/size-of-sets/size-of-sets-complete.tex|content/sets-functions-relations/size-of-sets/size-of-sets.tex","0","","9","defn:2|document:1|editorial:1|explain:2|prob:1|proof:1|thm:1","0","0","1","2","1","0","0","0","0","1","1","0","0","0","9","1","116","locale/ar/content/sets-functions-relations/size-of-sets/comparing-size.tex","PENDING","","PENDING","locale/fa-IR/content/sets-functions-relations/size-of-sets/comparing-size.tex","PENDING","","PENDING","PENDING"
"OLP-0037","37","9620cc73f9c8e0ad003c514a5d3748f29611c4c0","content/sets-functions-relations/size-of-sets/schroder-bernstein.tex","7b99b3e032e24e425383734ce80ad9a5cc37d018c09205e02f37b927d50bb56a","1998","53","282","true","true","37","canonical_complete_reader_reachable","Reached by ordered depth-first replay from content/open-logic-about.tex then content/content.tex through uncommented olimport edges.","reader_unit","The Notion of Size, and Schr\""oder-Bernstein","sfr","0","","","2","content/sets-functions-relations/size-of-sets/size-of-sets-complete.tex|content/sets-functions-relations/size-of-sets/size-of-sets.tex","0","","4","document:1|explain:2|thm:1","0","0","1","0","1","0","0","0","0","0","0","0","0","0","1","1","17","locale/ar/content/sets-functions-relations/size-of-sets/schroder-bernstein.tex","PENDING","","PENDING","locale/fa-IR/content/sets-functions-relations/size-of-sets/schroder-bernstein.tex","PENDING","","PENDING","PENDING"
"OLP-0038","38","9620cc73f9c8e0ad003c514a5d3748f29611c4c0","content/sets-functions-relations/size-of-sets/enumerability-alt.tex","8ad8d8941a5ca6d1b4cd2cc351fc16a912d00273783c0358838dd4fa51fb4627","4883","135","629","true","true","38","canonical_complete_reader_reachable","Reached by ordered depth-first replay from content/open-logic-about.tex then content/content.tex through uncommented olimport edges.","reader_unit","","sfr","0","","","1","content/sets-functions-relations/size-of-sets/size-of-sets-complete.tex","0","","16","align*:1|array:1|cases:1|defn:2|document:1|editorial:1|ex:3|explain:2|prob:4","0","0","1","2","0","0","0","0","3","4","0","0","0","0","1","0","72","locale/ar/content/sets-functions-relations/size-of-sets/enumerability-alt.tex","PENDING","","PENDING","locale/fa-IR/content/sets-functions-relations/size-of-sets/enumerability-alt.tex","PENDING","","PENDING","PENDING"
"OLP-0039","39","9620cc73f9c8e0ad003c514a5d3748f29611c4c0","content/sets-functions-relations/size-of-sets/non-enumerability-alt.tex","0c20a2c420fbf4dbd801bb97e37799b3c602ae33ef2b1dc85ff94e24208ca2bb","6735","162","923","true","true","39","canonical_complete_reader_reachable","Reached by ordered depth-first replay from content/open-logic-about.tex then content/content.tex through uncommented olimport edges.","reader_unit","","sfr","0","","","1","content/sets-functions-relations/size-of-sets/size-of-sets-complete.tex","0","","13","array:2|cases:1|document:1|editorial:1|explain:3|prob:1|proof:2|thm:2","0","0","1","0","2","0","0","0","0","1","2","0","0","0","3","0","121","locale/ar/content/sets-functions-relations/size-of-sets/non-enumerability-alt.tex","PENDING","","PENDING","locale/fa-IR/content/sets-functions-relations/size-of-sets/non-enumerability-alt.tex","PENDING","","PENDING","PENDING"
"OLP-0040","40","9620cc73f9c8e0ad003c514a5d3748f29611c4c0","content/sets-functions-relations/size-of-sets/reduction-alt.tex","46381b85c0e9a1ab48cb9301518de91f073d649c3b1119325c1409f5a6c1d663","5639","140","573","true","true","40","canonical_complete_reader_reachable","Reached by ordered depth-first replay from content/open-logic-about.tex then content/content.tex through uncommented olimport edges.","reader_unit","Reduction","sfr","0","","","1","content/sets-functions-relations/size-of-sets/size-of-sets-complete.tex","0","","9","document:1|editorial:1|prob:6|proof:1","0","0","1","0","0","0","0","0","0","6","1","0","0","1","5","0","78","locale/ar/content/sets-functions-relations/size-of-sets/reduction-alt.tex","PENDING","","PENDING","locale/fa-IR/content/sets-functions-relations/size-of-sets/reduction-alt.tex","PENDING","","PENDING","PENDING"
"OLP-0041","41","9620cc73f9c8e0ad003c514a5d3748f29611c4c0","content/sets-functions-relations/arithmetization/arithmetization.tex","05f8775a82c294927a6195ae372c1910e4777909fe8ad2aaa9cbf6dea566fe24","575","27","47","true","true","41","canonical_complete_reader_reachable","Reached by ordered depth-first replay from content/open-logic-about.tex then content/content.tex through uncommented olimport edges.","chapter_driver","Arithmetization","","7","content/sets-functions-relations/arithmetization/integers.tex|content/sets-functions-relations/arithmetization/rationals.tex|content/sets-functions-relations/arithmetization/reals.tex|content/sets-functions-relations/arithmetization/cuts.tex|content/sets-functions-relations/arithmetization/reflections.tex|content/sets-functions-relations/arithmetization/checking-details.tex|content/sets-functions-relations/arithmetization/cauchy.tex","","1","content/sets-functions-relations/sets-functions-relations-complete.tex","0","","2","document:1|editorial:1","0","1","0","0","0","0","0","0","0","0","0","0","0","0","0","0","0","locale/ar/content/sets-functions-relations/arithmetization/arithmetization.tex","PENDING","","PENDING","locale/fa-IR/content/sets-functions-relations/arithmetization/arithmetization.tex","PENDING","","PENDING","PENDING"
"OLP-0042","42","9620cc73f9c8e0ad003c514a5d3748f29611c4c0","content/sets-functions-relations/arithmetization/integers.tex","f93b142146b9527128437355d7e3922204eede2ca9c75a941d3c09a9a848ce77","5572","89","697","true","true","42","canonical_complete_reader_reachable","Reached by ordered depth-first replay from content/open-logic-about.tex then content/content.tex through uncommented olimport edges.","reader_unit","From $\Nat$ to $\Int$","sfr","0","","","1","content/sets-functions-relations/arithmetization/arithmetization.tex","0","","9","align*:3|defn:1|document:1|enumerate:1|prob:1|proof:1|prop:1","0","0","1","1","0","1","0","0","0","1","1","0","0","0","3","0","50","locale/ar/content/sets-functions-relations/arithmetization/integers.tex","PENDING","","PENDING","locale/fa-IR/content/sets-functions-relations/arithmetization/integers.tex","PENDING","","PENDING","PENDING"
"OLP-0043","43","9620cc73f9c8e0ad003c514a5d3748f29611c4c0","content/sets-functions-relations/arithmetization/rationals.tex","7140495368042fcbc55907e6ee568c5bc8b7066e44a01a50cbf4202acebe71d2","3255","76","394","true","true","43","canonical_complete_reader_reachable","Reached by ordered depth-first replay from content/open-logic-about.tex then content/content.tex through uncommented olimport edges.","reader_unit","From $\Int$ to $\Rat$","sfr","0","","","1","content/sets-functions-relations/arithmetization/arithmetization.tex","0","","6","align*:1|defn:1|document:1|enumerate:1|prob:2","0","0","1","1","0","0","0","0","0","2","0","0","0","0","2","0","37","locale/ar/content/sets-functions-relations/arithmetization/rationals.tex","PENDING","","PENDING","locale/fa-IR/content/sets-functions-relations/arithmetization/rationals.tex","PENDING","","PENDING","PENDING"
"OLP-0044","44","9620cc73f9c8e0ad003c514a5d3748f29611c4c0","content/sets-functions-relations/arithmetization/reals.tex","3df30161417b836178ff701aa3d778b9ec7c1ba8e3a8a54f98b5584a7960f453","4654","84","607","true","true","44","canonical_complete_reader_reachable","Reached by ordered depth-first replay from content/open-logic-about.tex then content/content.tex through uncommented olimport edges.","reader_unit","The Real Line","sfr","0","","","1","content/sets-functions-relations/arithmetization/arithmetization.tex","0","","5","center:1|document:1|proof:1|thm:1|tikzpicture:1","0","0","1","0","1","0","0","0","0","0","1","0","1","0","3","1","41","locale/ar/content/sets-functions-relations/arithmetization/reals.tex","PENDING","","PENDING","locale/fa-IR/content/sets-functions-relations/arithmetization/reals.tex","PENDING","","PENDING","PENDING"
"OLP-0045","45","9620cc73f9c8e0ad003c514a5d3748f29611c4c0","content/sets-functions-relations/arithmetization/cuts.tex","e7cb1029bcb0f0f1ac677c005af8d4e6a10df84bfff50c7483447b972324b44c","5825","113","645","true","true","45","canonical_complete_reader_reachable","Reached by ordered depth-first replay from content/open-logic-about.tex then content/content.tex through uncommented olimport edges.","reader_unit","From $\Rat$ to $\Real$","sfr","0","","","1","content/sets-functions-relations/arithmetization/arithmetization.tex","0","","11","align*:4|cases:1|defn:1|document:1|enumerate:2|proof:1|thm:1","0","0","1","1","1","0","0","0","0","0","1","0","0","0","2","0","71","locale/ar/content/sets-functions-relations/arithmetization/cuts.tex","PENDING","","PENDING","locale/fa-IR/content/sets-functions-relations/arithmetization/cuts.tex","PENDING","","PENDING","PENDING"
"OLP-0046","46","9620cc73f9c8e0ad003c514a5d3748f29611c4c0","content/sets-functions-relations/arithmetization/reflections.tex","01032be342b6892c970733acf0b553216c39c5e864c0378d25fea8c5eaa11ead","5326","109","692","true","true","46","canonical_complete_reader_reachable","Reached by ordered depth-first replay from content/open-logic-about.tex then content/content.tex through uncommented olimport edges.","reader_unit","Some Philosophical Reflections","sfr","0","","","1","content/sets-functions-relations/arithmetization/arithmetization.tex","0","","1","document:1","0","0","1","0","0","0","0","0","0","0","0","0","0","0","5","1","4","locale/ar/content/sets-functions-relations/arithmetization/reflections.tex","PENDING","","PENDING","locale/fa-IR/content/sets-functions-relations/arithmetization/reflections.tex","PENDING","","PENDING","PENDING"
"OLP-0047","47","9620cc73f9c8e0ad003c514a5d3748f29611c4c0","content/sets-functions-relations/arithmetization/checking-details.tex","d791c146f159c8e43368c12cd1a10e61a53f501baf9f3d2c606c7bd589c0ae01","8707","206","1119","true","true","47","canonical_complete_reader_reachable","Reached by ordered depth-first replay from content/open-logic-about.tex then content/content.tex through uncommented olimport edges.","reader_unit","Ordered Rings and Fields","sfr","0","","","1","content/sets-functions-relations/arithmetization/arithmetization.tex","0","","20","align*:7|defn:3|document:1|prob:4|proof:5","0","0","1","3","0","0","0","0","0","4","5","0","0","0","4","0","93","locale/ar/content/sets-functions-relations/arithmetization/checking-details.tex","PENDING","","PENDING","locale/fa-IR/content/sets-functions-relations/arithmetization/checking-details.tex","PENDING","","PENDING","PENDING"
"OLP-0048","48","9620cc73f9c8e0ad003c514a5d3748f29611c4c0","content/sets-functions-relations/arithmetization/cauchy.tex","35d0a39913340eadcab7fb9d7742b56aef0d0f29868cd65eeca9dc53694e8ac2","10928","231","1514","true","true","48","canonical_complete_reader_reachable","Reached by ordered depth-first replay from content/open-logic-about.tex then content/content.tex through uncommented olimport edges.","reader_unit","Appendix: the Reals as Cauchy Sequences","sfr","0","","","1","content/sets-functions-relations/arithmetization/arithmetization.tex","0","","15","align*:3|cases:3|defn:1|document:1|enumerate:1|prob:2|proof:2|thm:2","0","0","1","1","2","0","0","0","0","2","2","0","0","0","5","3","131","locale/ar/content/sets-functions-relations/arithmetization/cauchy.tex","PENDING","","PENDING","locale/fa-IR/content/sets-functions-relations/arithmetization/cauchy.tex","PENDING","","PENDING","PENDING"
"OLP-0049","49","9620cc73f9c8e0ad003c514a5d3748f29611c4c0","content/sets-functions-relations/infinite/infinite.tex","1f4a788f692454adc1a93e2670899f785f45ee9849952ac2f36fce7cdd77dbff","458","21","36","true","true","49","canonical_complete_reader_reachable","Reached by ordered depth-first replay from content/open-logic-about.tex then content/content.tex through uncommented olimport edges.","chapter_driver","Infinite Sets","","5","content/sets-functions-relations/infinite/hilberts-hotel.tex|content/sets-functions-relations/infinite/dedekind-algebra.tex|content/sets-functions-relations/infinite/dedekind-induction.tex|content/sets-functions-relations/infinite/dedekinds-proof.tex|content/sets-functions-relations/infinite/card-sb.tex","","1","content/sets-functions-relations/sets-functions-relations-complete.tex","0","","2","document:1|editorial:1","0","1","0","0","0","0","0","0","0","0","0","0","0","0","0","0","0","locale/ar/content/sets-functions-relations/infinite/infinite.tex","PENDING","","PENDING","locale/fa-IR/content/sets-functions-relations/infinite/infinite.tex","PENDING","","PENDING","PENDING"
"OLP-0050","50","9620cc73f9c8e0ad003c514a5d3748f29611c4c0","content/sets-functions-relations/infinite/hilberts-hotel.tex","e9a73caefcc496d7074251a3ac15f66fd577415bd3a531dd23f79375502ee0ed","2551","66","314","true","true","50","canonical_complete_reader_reachable","Reached by ordered depth-first replay from content/open-logic-about.tex then content/content.tex through uncommented olimport edges.","reader_unit","Hilbert's Hotel","sfr","0","","","1","content/sets-functions-relations/infinite/infinite.tex","0","","5","center:1|defn:1|document:1|quote:1|tikzpicture:1","0","0","1","1","0","0","0","0","0","0","0","0","1","0","0","2","12","locale/ar/content/sets-functions-relations/infinite/hilberts-hotel.tex","PENDING","","PENDING","locale/fa-IR/content/sets-functions-relations/infinite/hilberts-hotel.tex","PENDING","","PENDING","PENDING"
"OLP-0051","51","9620cc73f9c8e0ad003c514a5d3748f29611c4c0","content/sets-functions-relations/infinite/dedekind-algebra.tex","9cee716bb8cb3bfd507ed5c17bbd4477d05995af6f8f8d411087793bdaa86036","5072","118","648","true","true","51","canonical_complete_reader_reachable","Reached by ordered depth-first replay from content/open-logic-about.tex then content/content.tex through uncommented olimport edges.","reader_unit","Dedekind Algebras","sfr","0","","","1","content/sets-functions-relations/infinite/infinite.tex","0","","11","defn:2|document:1|enumerate:4|lem:1|proof:2|thm:1","0","0","1","2","1","0","1","0","0","0","2","0","0","0","16","0","82","locale/ar/content/sets-functions-relations/infinite/dedekind-algebra.tex","PENDING","","PENDING","locale/fa-IR/content/sets-functions-relations/infinite/dedekind-algebra.tex","PENDING","","PENDING","PENDING"
"OLP-0052","52","9620cc73f9c8e0ad003c514a5d3748f29611c4c0","content/sets-functions-relations/infinite/dedekind-induction.tex","ea5f6c80d70abca6f5598de3e221c2f60524c40cbf533ae8a5336d5bb7186537","3486","83","447","true","true","52","canonical_complete_reader_reachable","Reached by ordered depth-first replay from content/open-logic-about.tex then content/content.tex through uncommented olimport edges.","reader_unit","Dedekind Algebras and Arithmetical Induction","sfr","0","","","1","content/sets-functions-relations/infinite/infinite.tex","0","","9","align*:2|center:2|cor:1|document:1|proof:2|thm:1","0","0","1","0","1","0","0","1","0","0","2","0","0","0","4","1","21","locale/ar/content/sets-functions-relations/infinite/dedekind-induction.tex","PENDING","","PENDING","locale/fa-IR/content/sets-functions-relations/infinite/dedekind-induction.tex","PENDING","","PENDING","PENDING"
"OLP-0053","53","9620cc73f9c8e0ad003c514a5d3748f29611c4c0","content/sets-functions-relations/infinite/dedekinds-proof.tex","a7c41cebb6b7b0e2bed0d187777be4ba69fecdb17baa070975a0ca5c5c55b8bf","5886","115","889","true","true","53","canonical_complete_reader_reachable","Reached by ordered depth-first replay from content/open-logic-about.tex then content/content.tex through uncommented olimport edges.","reader_unit","Dedekind's ``Proof'' of the Existence of an Infinite Set","sfr","0","","","1","content/sets-functions-relations/infinite/infinite.tex","0","","3","document:1|quote:2","0","0","1","0","0","0","0","0","0","0","0","0","0","0","5","4","13","locale/ar/content/sets-functions-relations/infinite/dedekinds-proof.tex","PENDING","","PENDING","locale/fa-IR/content/sets-functions-relations/infinite/dedekinds-proof.tex","PENDING","","PENDING","PENDING"
"OLP-0054","54","9620cc73f9c8e0ad003c514a5d3748f29611c4c0","content/sets-functions-relations/infinite/card-sb.tex","88534a3f2be736a704ab31343e45933edb9712fa5b4411eb102c0f4a12d656e9","4143","103","591","true","true","54","canonical_complete_reader_reachable","Reached by ordered depth-first replay from content/open-logic-about.tex then content/content.tex through uncommented olimport edges.","reader_unit","Appendix: Proving Schr\""oder-Bernstein","sfr","0","","","1","content/sets-functions-relations/infinite/infinite.tex","0","","8","cases:1|document:1|enumerate:1|lem:1|proof:3|prop:1","0","0","1","0","0","1","1","0","0","0","3","0","0","0","6","1","81","locale/ar/content/sets-functions-relations/infinite/card-sb.tex","PENDING","","PENDING","locale/fa-IR/content/sets-functions-relations/infinite/card-sb.tex","PENDING","","PENDING","PENDING"
"OLP-0055","55","9620cc73f9c8e0ad003c514a5d3748f29611c4c0","content/propositional-logic/propositional-logic.tex","8cfcb14b29eae3ae53c6ef626987e2323b8c870010e27d52d454296f24452799","1495","54","164","true","true","55","canonical_complete_reader_reachable","Reached by ordered depth-first replay from content/open-logic-about.tex then content/content.tex through uncommented olimport edges.","part_driver","Propositional Logic","","7","content/propositional-logic/syntax-and-semantics/syntax-and-semantics.tex|content/first-order-logic/proof-systems/proof-systems.tex|content/first-order-logic/sequent-calculus/sequent-calculus.tex|content/first-order-logic/natural-deduction/natural-deduction.tex|content/first-order-logic/tableaux/tableaux.tex|content/first-order-logic/axiomatic-deduction/axiomatic-deduction.tex|content/first-order-logic/completeness/completeness.tex","","1","content/content.tex","0","","2","document:1|editorial:1","1","0","0","0","0","0","0","0","0","0","0","0","0","0","0","0","2","locale/ar/content/propositional-logic/propositional-logic.tex","PENDING","","PENDING","locale/fa-IR/content/propositional-logic/propositional-logic.tex","PENDING","","PENDING","PENDING"
"OLP-0056","56","9620cc73f9c8e0ad003c514a5d3748f29611c4c0","content/propositional-logic/syntax-and-semantics/syntax-and-semantics.tex","799d1dab63cda19a28c1dbf7097052fb790bbce609aecd5367d2e368decdb18b","609","31","51","true","true","56","canonical_complete_reader_reachable","Reached by ordered depth-first replay from content/open-logic-about.tex then content/content.tex through uncommented olimport edges.","chapter_driver","Syntax and Semantics","","6","content/propositional-logic/syntax-and-semantics/introduction.tex|content/propositional-logic/syntax-and-semantics/formulas.tex|content/propositional-logic/syntax-and-semantics/preliminaries.tex|content/propositional-logic/syntax-and-semantics/formation-sequences.tex|content/propositional-logic/syntax-and-semantics/valuations-sat.tex|content/propositional-logic/syntax-and-semantics/semantic-notions.tex","","1","content/propositional-logic/propositional-logic.tex","0","","2","document:1|editorial:1","0","1","0","0","0","0","0","0","0","0","0","0","0","0","0","0","0","locale/ar/content/propositional-logic/syntax-and-semantics/syntax-and-semantics.tex","PENDING","","PENDING","locale/fa-IR/content/propositional-logic/syntax-and-semantics/syntax-and-semantics.tex","PENDING","","PENDING","PENDING"
"OLP-0057","57","9620cc73f9c8e0ad003c514a5d3748f29611c4c0","content/propositional-logic/syntax-and-semantics/introduction.tex","2ad06497283fa1399d56862c75caf1a418bb753fbb0195658af9f0c57183a441","4227","80","598","true","true","57","canonical_complete_reader_reachable","Reached by ordered depth-first replay from content/open-logic-about.tex then content/content.tex through uncommented olimport edges.","reader_unit","Introduction","pl","0","","","1","content/propositional-logic/syntax-and-semantics/syntax-and-semantics.tex","0","","1","document:1","0","0","1","0","0","0","0","0","0","0","0","0","0","0","0","0","28","locale/ar/content/propositional-logic/syntax-and-semantics/introduction.tex","PENDING","","PENDING","locale/fa-IR/content/propositional-logic/syntax-and-semantics/introduction.tex","PENDING","","PENDING","PENDING"
"OLP-0058","58","9620cc73f9c8e0ad003c514a5d3748f29611c4c0","content/propositional-logic/syntax-and-semantics/formulas.tex","8777d77e48e3a41a527b1b737c67e00cb7850f4fa0902ce24846000b40724756","7203","183","784","true","true","58","canonical_complete_reader_reachable","Reached by ordered depth-first replay from content/open-logic-about.tex then content/content.tex through uncommented olimport edges.","reader_unit","","pl","0","","","1","content/propositional-logic/syntax-and-semantics/syntax-and-semantics.tex","0","","12","defn:3|document:1|enumerate:2|explain:2|intro:1|tagblock:2|tagenumerate:1","0","0","1","3","0","0","0","0","0","0","0","0","0","0","0","0","94","locale/ar/content/propositional-logic/syntax-and-semantics/formulas.tex","PENDING","","PENDING","locale/fa-IR/content/propositional-logic/syntax-and-semantics/formulas.tex","PENDING","","PENDING","PENDING"
"OLP-0059","59","9620cc73f9c8e0ad003c514a5d3748f29611c4c0","content/propositional-logic/syntax-and-semantics/preliminaries.tex","78673f8419aa1f936f1ecc5629c0fa92c74fd4ee3102badf5f389e3d775f48d6","4271","121","505","true","true","59","canonical_complete_reader_reachable","Reached by ordered depth-first replay from content/open-logic-about.tex then content/content.tex through uncommented olimport edges.","reader_unit","Preliminaries","pl","0","","","1","content/propositional-logic/syntax-and-semantics/syntax-and-semantics.tex","0","","15","defn:1|document:1|enumerate:3|prob:4|proof:2|prop:3|thm:1","0","0","1","1","1","3","0","0","0","4","2","0","0","0","3","0","77","locale/ar/content/propositional-logic/syntax-and-semantics/preliminaries.tex","PENDING","","PENDING","locale/fa-IR/content/propositional-logic/syntax-and-semantics/preliminaries.tex","PENDING","","PENDING","PENDING"
"OLP-0060","60","9620cc73f9c8e0ad003c514a5d3748f29611c4c0","content/propositional-logic/syntax-and-semantics/formation-sequences.tex","4057bf6b85c70ad9ee56dc5365b21a1daa0a99550079bdafb1ab16f36b943356","5431","154","723","true","true","60","canonical_complete_reader_reachable","Reached by ordered depth-first replay from content/open-logic-about.tex then content/content.tex through uncommented olimport edges.","reader_unit","Formation Sequences","pl","0","","","1","content/propositional-logic/syntax-and-semantics/syntax-and-semantics.tex","0","","12","defn:1|document:1|enumerate:3|ex:1|lem:1|proof:3|prop:1|thm:1","0","0","1","1","1","1","1","0","1","0","3","0","0","0","2","0","75","locale/ar/content/propositional-logic/syntax-and-semantics/formation-sequences.tex","PENDING","","PENDING","locale/fa-IR/content/propositional-logic/syntax-and-semantics/formation-sequences.tex","PENDING","","PENDING","PENDING"
"OLP-0061","61","9620cc73f9c8e0ad003c514a5d3748f29611c4c0","content/propositional-logic/syntax-and-semantics/valuations-sat.tex","d1454e8c2366f3a204a371523f41feacbdc72402f7a3a7ae6635b60b17c90481","6190","199","469","true","true","61","canonical_complete_reader_reachable","Reached by ordered depth-first replay from content/open-logic-about.tex then content/content.tex through uncommented olimport edges.","reader_unit","","pl","0","","","1","content/propositional-logic/syntax-and-semantics/syntax-and-semantics.tex","0","","26","align*:1|cases:6|center:1|defn:3|document:1|enumerate:1|explain:1|gather*:1|prob:2|proof:2|prop:1|tabular:5|thm:1","0","0","1","3","1","1","0","0","0","2","2","0","0","0","1","0","137","locale/ar/content/propositional-logic/syntax-and-semantics/valuations-sat.tex","PENDING","","PENDING","locale/fa-IR/content/propositional-logic/syntax-and-semantics/valuations-sat.tex","PENDING","","PENDING","PENDING"
"OLP-0062","62","9620cc73f9c8e0ad003c514a5d3748f29611c4c0","content/propositional-logic/syntax-and-semantics/semantic-notions.tex","0167b2bab0dc2a75d011556643190a246d29831244a60bde5515b1b2f431406a","3058","97","274","true","true","62","canonical_complete_reader_reachable","Reached by ordered depth-first replay from content/open-logic-about.tex then content/content.tex through uncommented olimport edges.","reader_unit","Semantic Notions","pl","0","","","1","content/propositional-logic/syntax-and-semantics/syntax-and-semantics.tex","0","","15","defn:1|document:1|enumerate:3|prob:4|proof:3|prop:2|thm:1","0","0","1","1","1","2","0","0","0","4","3","0","0","0","3","0","42","locale/ar/content/propositional-logic/syntax-and-semantics/semantic-notions.tex","PENDING","","PENDING","locale/fa-IR/content/propositional-logic/syntax-and-semantics/semantic-notions.tex","PENDING","","PENDING","PENDING"
"OLP-0063","63","9620cc73f9c8e0ad003c514a5d3748f29611c4c0","content/first-order-logic/proof-systems/proof-systems.tex","85b8a0fca16c329ad16b3c17975735c159e0cf9d38e8dfc7501acba84171fb6c","735","32","61","true","true","63","canonical_complete_reader_reachable","Reached by ordered depth-first replay from content/open-logic-about.tex then content/content.tex through uncommented olimport edges.","chapter_driver","","","5","content/first-order-logic/proof-systems/introduction.tex|content/first-order-logic/proof-systems/sequent-calculus.tex|content/first-order-logic/proof-systems/natural-deduction.tex|content/first-order-logic/proof-systems/tableaux.tex|content/first-order-logic/proof-systems/axiomatic-deduction.tex","","2","content/first-order-logic/first-order-logic.tex|content/propositional-logic/propositional-logic.tex","0","","2","document:1|editorial:1","0","2","0","0","0","0","0","0","0","0","0","0","0","0","0","0","0","locale/ar/content/first-order-logic/proof-systems/proof-systems.tex","PENDING","","PENDING","locale/fa-IR/content/first-order-logic/proof-systems/proof-systems.tex","PENDING","","PENDING","PENDING"
"OLP-0064","64","9620cc73f9c8e0ad003c514a5d3748f29611c4c0","content/first-order-logic/proof-systems/introduction.tex","5172343625a0d66971257858a1a6e359805ffeec979bd5afdc0377864799a756","5304","102","746","true","true","64","canonical_complete_reader_reachable","Reached by ordered depth-first replay from content/open-logic-about.tex then content/content.tex through uncommented olimport edges.","reader_unit","Introduction","fol","0","","","1","content/first-order-logic/proof-systems/proof-systems.tex","0","","2","document:1|enumerate:1","0","0","1","0","0","0","0","0","0","0","0","0","0","0","0","0","17","locale/ar/content/first-order-logic/proof-systems/introduction.tex","PENDING","","PENDING","locale/fa-IR/content/first-order-logic/proof-systems/introduction.tex","PENDING","","PENDING","PENDING"
"OLP-0065","65","9620cc73f9c8e0ad003c514a5d3748f29611c4c0","content/first-order-logic/proof-systems/sequent-calculus.tex","9a847c7bd45afe0d177230807fb2ba9dda820b4c0551a9274002db8776182003","2986","68","378","true","true","65","canonical_complete_reader_reachable","Reached by ordered depth-first replay from content/open-logic-about.tex then content/content.tex through uncommented olimport edges.","reader_unit","The Sequent Calculus","fol","0","","","1","content/first-order-logic/proof-systems/proof-systems.tex","0","","2","document:1|prooftree:1","0","0","1","0","0","0","0","0","0","0","0","0","0","0","0","0","31","locale/ar/content/first-order-logic/proof-systems/sequent-calculus.tex","PENDING","","PENDING","locale/fa-IR/content/first-order-logic/proof-systems/sequent-calculus.tex","PENDING","","PENDING","PENDING"
"OLP-0066","66","9620cc73f9c8e0ad003c514a5d3748f29611c4c0","content/first-order-logic/proof-systems/natural-deduction.tex","c203daa5161eed34188e9fb9022b83be4f0201904f31cef386c5b838fb9e7d49","4624","91","634","true","true","66","canonical_complete_reader_reachable","Reached by ordered depth-first replay from content/open-logic-about.tex then content/content.tex through uncommented olimport edges.","reader_unit","Natural Deduction","fol","0","","","1","content/first-order-logic/proof-systems/proof-systems.tex","0","","2","document:1|prooftree:1","0","0","1","0","0","0","0","0","0","0","0","0","0","0","0","0","24","locale/ar/content/first-order-logic/proof-systems/natural-deduction.tex","PENDING","","PENDING","locale/fa-IR/content/first-order-logic/proof-systems/natural-deduction.tex","PENDING","","PENDING","PENDING"
"OLP-0067","67","9620cc73f9c8e0ad003c514a5d3748f29611c4c0","content/first-order-logic/proof-systems/tableaux.tex","6abf691f97c618dd41bc0c30a21dcf74fa7025228aa378cfd9f0369a898c2966","4003","90","506","true","true","67","canonical_complete_reader_reachable","Reached by ordered depth-first replay from content/open-logic-about.tex then content/content.tex through uncommented olimport edges.","reader_unit","","fol","0","","","1","content/first-order-logic/proof-systems/proof-systems.tex","0","","2","document:1|oltableau:1","0","0","1","0","0","0","0","0","0","0","0","0","0","0","0","0","21","locale/ar/content/first-order-logic/proof-systems/tableaux.tex","PENDING","","PENDING","locale/fa-IR/content/first-order-logic/proof-systems/tableaux.tex","PENDING","","PENDING","PENDING"
"OLP-0068","68","9620cc73f9c8e0ad003c514a5d3748f29611c4c0","content/first-order-logic/proof-systems/axiomatic-deduction.tex","0269390efeb94a0522020ce00d45f1d1e752e4a32db564b7519d7a939fa13034","4020","84","576","true","true","68","canonical_complete_reader_reachable","Reached by ordered depth-first replay from content/open-logic-about.tex then content/content.tex through uncommented olimport edges.","reader_unit","","fol","0","","","1","content/first-order-logic/proof-systems/proof-systems.tex","0","","3","derivation:1|document:1|enumerate:1","0","0","1","0","0","0","0","0","0","0","0","0","0","0","0","0","44","locale/ar/content/first-order-logic/proof-systems/axiomatic-deduction.tex","PENDING","","PENDING","locale/fa-IR/content/first-order-logic/proof-systems/axiomatic-deduction.tex","PENDING","","PENDING","PENDING"
"OLP-0069","69","9620cc73f9c8e0ad003c514a5d3748f29611c4c0","content/first-order-logic/sequent-calculus/sequent-calculus.tex","8cbb6df83670a2586d10ef405c78ed4f75102f8d63903eef93e7ac2b8ea3b603","1130","57","90","true","true","69","canonical_complete_reader_reachable","Reached by ordered depth-first replay from content/open-logic-about.tex then content/content.tex through uncommented olimport edges.","chapter_driver","The Sequent Calculus","","14","content/first-order-logic/sequent-calculus/rules-and-proofs.tex|content/first-order-logic/sequent-calculus/propositional-rules.tex|content/first-order-logic/sequent-calculus/quantifier-rules.tex|content/first-order-logic/sequent-calculus/structural-rules.tex|content/first-order-logic/sequent-calculus/derivations.tex|content/first-order-logic/sequent-calculus/proving-things.tex|content/first-order-logic/sequent-calculus/proving-things-quant.tex|content/first-order-logic/sequent-calculus/proof-theoretic-notions.tex|content/first-order-logic/sequent-calculus/provability-consistency.tex|content/first-order-logic/sequent-calculus/provability-propositional.tex|content/first-order-logic/sequent-calculus/provability-quantifiers.tex|content/first-order-logic/sequent-calculus/soundness.tex|content/first-order-logic/sequent-calculus/identity.tex|content/first-order-logic/sequent-calculus/soundness-identity.tex","","2","content/first-order-logic/first-order-logic.tex|content/propositional-logic/propositional-logic.tex","0","","2","document:1|editorial:1","0","2","0","0","0","0","0","0","0","0","0","0","0","0","0","0","0","locale/ar/content/first-order-logic/sequent-calculus/sequent-calculus.tex","PENDING","","PENDING","locale/fa-IR/content/first-order-logic/sequent-calculus/sequent-calculus.tex","PENDING","","PENDING","PENDING"
"OLP-0070","70","9620cc73f9c8e0ad003c514a5d3748f29611c4c0","content/first-order-logic/sequent-calculus/rules-and-proofs.tex","a598b850cb425035d0c7a01b88bb491502c840fc76c2bd3dbe7e2dda5487d706","2884","75","348","true","true","70","canonical_complete_reader_reachable","Reached by ordered depth-first replay from content/open-logic-about.tex then content/content.tex through uncommented olimport edges.","reader_unit","","fol","0","","","1","content/first-order-logic/sequent-calculus/sequent-calculus.tex","0","","5","defn:2|document:1|enumerate:1|explain:1","0","0","1","2","0","0","0","0","0","0","0","0","0","0","0","0","38","locale/ar/content/first-order-logic/sequent-calculus/rules-and-proofs.tex","PENDING","","PENDING","locale/fa-IR/content/first-order-logic/sequent-calculus/rules-and-proofs.tex","PENDING","","PENDING","PENDING"
"OLP-0071","71","9620cc73f9c8e0ad003c514a5d3748f29611c4c0","content/first-order-logic/sequent-calculus/propositional-rules.tex","2a030e59a3a3156f61ff949e10a8a1470a0be80a419851fc56821aa458092ade","2104","89","72","true","true","71","canonical_complete_reader_reachable","Reached by ordered depth-first replay from content/open-logic-about.tex then content/content.tex through uncommented olimport edges.","reader_unit","Propositional Rules","fol","0","","","1","content/first-order-logic/sequent-calculus/sequent-calculus.tex","0","","7","defish:4|document:1|tabular:2","0","0","5","0","0","0","0","0","0","0","0","0","0","0","0","0","27","locale/ar/content/first-order-logic/sequent-calculus/propositional-rules.tex","PENDING","","PENDING","locale/fa-IR/content/first-order-logic/sequent-calculus/propositional-rules.tex","PENDING","","PENDING","PENDING"
"OLP-0072","72","9620cc73f9c8e0ad003c514a5d3748f29611c4c0","content/first-order-logic/sequent-calculus/quantifier-rules.tex","254abc98503c7370e046c43f8fec7cf7b5e9909be2959b0f1c513bb278d85b78","3956","105","387","true","true","72","canonical_complete_reader_reachable","Reached by ordered depth-first replay from content/open-logic-about.tex then content/content.tex through uncommented olimport edges.","reader_unit","Quantifier Rules","fol","0","","","1","content/first-order-logic/sequent-calculus/sequent-calculus.tex","0","","7","defish:2|document:1|explain:2|prooftree:2","0","0","3","0","0","0","0","0","0","0","0","0","0","0","0","0","47","locale/ar/content/first-order-logic/sequent-calculus/quantifier-rules.tex","PENDING","","PENDING","locale/fa-IR/content/first-order-logic/sequent-calculus/quantifier-rules.tex","PENDING","","PENDING","PENDING"
"OLP-0073","73","9620cc73f9c8e0ad003c514a5d3748f29611c4c0","content/first-order-logic/sequent-calculus/structural-rules.tex","ea1ca77eca03ec566cc900b2399e95002b4cfc07eb3549a3f19da9ee23a09793","2237","81","172","true","true","73","canonical_complete_reader_reachable","Reached by ordered depth-first replay from content/open-logic-about.tex then content/content.tex through uncommented olimport edges.","reader_unit","Structural Rules","fol","0","","","1","content/first-order-logic/sequent-calculus/sequent-calculus.tex","0","","5","defish:4|document:1","0","0","4","0","0","0","0","0","0","0","0","0","0","0","0","0","16","locale/ar/content/first-order-logic/sequent-calculus/structural-rules.tex","PENDING","","PENDING","locale/fa-IR/content/first-order-logic/sequent-calculus/structural-rules.tex","PENDING","","PENDING","PENDING"
"OLP-0074","74","9620cc73f9c8e0ad003c514a5d3748f29611c4c0","content/first-order-logic/sequent-calculus/derivations.tex","0d47d6984b609f00edfec9acc49c85d33ac001609f10e5e501cbd96f3a5f63dd","4360","122","462","true","true","74","canonical_complete_reader_reachable","Reached by ordered depth-first replay from content/open-logic-about.tex then content/content.tex through uncommented olimport edges.","reader_unit","","fol","0","","","1","content/first-order-logic/sequent-calculus/sequent-calculus.tex","0","","13","defn:1|document:1|enumerate:1|ex:1|explain:1|prooftree:8","0","0","1","1","0","0","0","0","1","0","0","0","0","0","0","0","66","locale/ar/content/first-order-logic/sequent-calculus/derivations.tex","PENDING","","PENDING","locale/fa-IR/content/first-order-logic/sequent-calculus/derivations.tex","PENDING","","PENDING","PENDING"
"OLP-0075","75","9620cc73f9c8e0ad003c514a5d3748f29611c4c0","content/first-order-logic/sequent-calculus/proving-things.tex","73fa9c16dcbd072ac535c251fa02fc78640b82381d57162817043a6ad578b18e","12749","343","1214","true","true","75","canonical_complete_reader_reachable","Reached by ordered depth-first replay from content/open-logic-about.tex then content/content.tex through uncommented olimport edges.","reader_unit","","fol","0","","","1","content/first-order-logic/sequent-calculus/sequent-calculus.tex","0","","29","document:1|enumerate:3|ex:4|prob:3|prooftree:18","0","0","1","0","0","0","0","0","4","3","0","0","0","0","0","0","140","locale/ar/content/first-order-logic/sequent-calculus/proving-things.tex","PENDING","","PENDING","locale/fa-IR/content/first-order-logic/sequent-calculus/proving-things.tex","PENDING","","PENDING","PENDING"
"OLP-0076","76","9620cc73f9c8e0ad003c514a5d3748f29611c4c0","content/first-order-logic/sequent-calculus/proving-things-quant.tex","9c249f76aa00ddc5b64b68179b052d7df7e7ffa69be413de20796d98bd80389d","4612","111","523","true","true","76","canonical_complete_reader_reachable","Reached by ordered depth-first replay from content/open-logic-about.tex then content/content.tex through uncommented olimport edges.","reader_unit","","fol","0","","","1","content/first-order-logic/sequent-calculus/sequent-calculus.tex","0","","10","document:1|enumerate:2|ex:1|prob:2|prooftree:4","0","0","1","0","0","0","0","0","1","2","0","0","0","0","0","0","35","locale/ar/content/first-order-logic/sequent-calculus/proving-things-quant.tex","PENDING","","PENDING","locale/fa-IR/content/first-order-logic/sequent-calculus/proving-things-quant.tex","PENDING","","PENDING","PENDING"
"OLP-0077","77","9620cc73f9c8e0ad003c514a5d3748f29611c4c0","content/first-order-logic/sequent-calculus/proof-theoretic-notions.tex","aea2dd5d73394a3cd97b72ada3e7d21aac0113cc4d995b54196a5506b1fa5a81","6084","171","588","true","true","77","canonical_complete_reader_reachable","Reached by ordered depth-first replay from content/open-logic-about.tex then content/content.tex through uncommented olimport edges.","reader_unit","Proof-Theoretic Notions","fol","0","","","1","content/first-order-logic/sequent-calculus/sequent-calculus.tex","0","","21","defn:3|document:1|editorial:1|enumerate:2|explain:1|prob:1|proof:5|prooftree:2|prop:5","0","0","1","3","0","5","0","0","0","1","5","0","0","0","1","0","99","locale/ar/content/first-order-logic/sequent-calculus/proof-theoretic-notions.tex","PENDING","","PENDING","locale/fa-IR/content/first-order-logic/sequent-calculus/proof-theoretic-notions.tex","PENDING","","PENDING","PENDING"
"OLP-0078","78","9620cc73f9c8e0ad003c514a5d3748f29611c4c0","content/first-order-logic/sequent-calculus/provability-consistency.tex","3e784d39f38d393203a7623b34e8fcad64e3299c102ee2ef96a812b5e6c8c229","4129","128","271","true","true","78","canonical_complete_reader_reachable","Reached by ordered depth-first replay from content/open-logic-about.tex then content/content.tex through uncommented olimport edges.","reader_unit","","fol","0","","","1","content/first-order-logic/sequent-calculus/sequent-calculus.tex","0","","14","document:1|prob:1|proof:4|prooftree:4|prop:4","0","0","1","0","0","4","0","0","0","1","4","0","0","0","0","0","79","locale/ar/content/first-order-logic/sequent-calculus/provability-consistency.tex","PENDING","","PENDING","locale/fa-IR/content/first-order-logic/sequent-calculus/provability-consistency.tex","PENDING","","PENDING","PENDING"
"OLP-0079","79","9620cc73f9c8e0ad003c514a5d3748f29611c4c0","content/first-order-logic/sequent-calculus/provability-propositional.tex","13dd017159225b5fc9bcaa38c927fda407264d59c1305ebfd49329a85f5b9fa8","4649","139","317","true","true","79","canonical_complete_reader_reachable","Reached by ordered depth-first replay from content/open-logic-about.tex then content/content.tex through uncommented olimport edges.","reader_unit","","fol","0","","","1","content/first-order-logic/sequent-calculus/sequent-calculus.tex","0","","20","document:1|enumerate:6|explain:1|proof:3|prooftree:6|prop:3","0","0","1","0","0","3","0","0","0","0","3","0","0","0","0","0","50","locale/ar/content/first-order-logic/sequent-calculus/provability-propositional.tex","PENDING","","PENDING","locale/fa-IR/content/first-order-logic/sequent-calculus/provability-propositional.tex","PENDING","","PENDING","PENDING"
"OLP-0080","80","9620cc73f9c8e0ad003c514a5d3748f29611c4c0","content/first-order-logic/sequent-calculus/provability-quantifiers.tex","eb63f32c87bbdbef776a65a4c1da758fd5671e47e3c4171f224d3214b31aa48f","1841","60","168","true","true","80","canonical_complete_reader_reachable","Reached by ordered depth-first replay from content/open-logic-about.tex then content/content.tex through uncommented olimport edges.","reader_unit","","fol","0","","","1","content/first-order-logic/sequent-calculus/sequent-calculus.tex","0","","10","document:1|explain:1|proof:2|prooftree:2|prop:1|tagenumerate:2|thm:1","0","0","1","0","1","1","0","0","0","0","2","0","0","0","0","0","23","locale/ar/content/first-order-logic/sequent-calculus/provability-quantifiers.tex","PENDING","","PENDING","locale/fa-IR/content/first-order-logic/sequent-calculus/provability-quantifiers.tex","PENDING","","PENDING","PENDING"
"OLP-0081","81","9620cc73f9c8e0ad003c514a5d3748f29611c4c0","content/first-order-logic/sequent-calculus/soundness.tex","d9f6180bee35f29553144b6eca5a1eb1916e0262dcdc8c30f50193a53d8001fa","18047","385","1928","true","true","81","canonical_complete_reader_reachable","Reached by ordered depth-first replay from content/open-logic-about.tex then content/content.tex through uncommented olimport edges.","reader_unit","Soundness","fol","0","","","1","content/first-order-logic/sequent-calculus/sequent-calculus.tex","0","","25","cor:3|defn:1|document:1|enumerate:3|explain:1|prob:2|proof:3|prooftree:10|thm:1","0","0","1","1","1","0","0","3","0","2","3","0","0","0","10","0","321","locale/ar/content/first-order-logic/sequent-calculus/soundness.tex","PENDING","","PENDING","locale/fa-IR/content/first-order-logic/sequent-calculus/soundness.tex","PENDING","","PENDING","PENDING"
"OLP-0082","82","9620cc73f9c8e0ad003c514a5d3748f29611c4c0","content/first-order-logic/sequent-calculus/identity.tex","f9abed3c3d8c2079b2be27fdcb551c8f1987d1b4db18ece56d4c9e1a7b066856","2457","78","224","true","true","82","canonical_complete_reader_reachable","Reached by ordered depth-first replay from content/open-logic-about.tex then content/content.tex through uncommented olimport edges.","reader_unit","","fol","0","","","1","content/first-order-logic/sequent-calculus/sequent-calculus.tex","0","","8","defish:1|defn:1|document:1|enumerate:1|ex:1|prob:1|prooftree:2","0","0","1","1","0","0","0","0","1","1","0","0","0","0","0","0","36","locale/ar/content/first-order-logic/sequent-calculus/identity.tex","PENDING","","PENDING","locale/fa-IR/content/first-order-logic/sequent-calculus/identity.tex","PENDING","","PENDING","PENDING"
"OLP-0083","83","9620cc73f9c8e0ad003c514a5d3748f29611c4c0","content/first-order-logic/sequent-calculus/soundness-identity.tex","da0c929628dc2c252d9d48d2fff02439e26c7a984db958943aa6cd55bb4ffeb5","1807","45","236","true","true","83","canonical_complete_reader_reachable","Reached by ordered depth-first replay from content/open-logic-about.tex then content/content.tex through uncommented olimport edges.","reader_unit","","fol","0","","","1","content/first-order-logic/sequent-calculus/sequent-calculus.tex","0","","3","document:1|proof:1|prop:1","0","0","1","0","0","1","0","0","0","0","1","0","0","0","4","0","29","locale/ar/content/first-order-logic/sequent-calculus/soundness-identity.tex","PENDING","","PENDING","locale/fa-IR/content/first-order-logic/sequent-calculus/soundness-identity.tex","PENDING","","PENDING","PENDING"
"OLP-0084","84","9620cc73f9c8e0ad003c514a5d3748f29611c4c0","content/first-order-logic/natural-deduction/natural-deduction.tex","8fa1e5a3e1211ce9c55e0ff66acbb8d5a6a9af360529d7775587a626fbe49b8e","1032","56","78","true","true","84","canonical_complete_reader_reachable","Reached by ordered depth-first replay from content/open-logic-about.tex then content/content.tex through uncommented olimport edges.","chapter_driver","Natural Deduction","","13","content/first-order-logic/natural-deduction/rules-and-proofs.tex|content/first-order-logic/natural-deduction/propositional-rules.tex|content/first-order-logic/natural-deduction/quantifier-rules.tex|content/first-order-logic/natural-deduction/derivations.tex|content/first-order-logic/natural-deduction/proving-things.tex|content/first-order-logic/natural-deduction/proving-things-quant.tex|content/first-order-logic/natural-deduction/proof-theoretic-notions.tex|content/first-order-logic/natural-deduction/provability-consistency.tex|content/first-order-logic/natural-deduction/provability-propositional.tex|content/first-order-logic/natural-deduction/provability-quantifiers.tex|content/first-order-logic/natural-deduction/soundness.tex|content/first-order-logic/natural-deduction/identity.tex|content/first-order-logic/natural-deduction/soundness-identity.tex","","2","content/first-order-logic/first-order-logic.tex|content/propositional-logic/propositional-logic.tex","0","","2","document:1|editorial:1","0","2","0","0","0","0","0","0","0","0","0","0","0","0","0","0","0","locale/ar/content/first-order-logic/natural-deduction/natural-deduction.tex","PENDING","","PENDING","locale/fa-IR/content/first-order-logic/natural-deduction/natural-deduction.tex","PENDING","","PENDING","PENDING"
"OLP-0085","85","9620cc73f9c8e0ad003c514a5d3748f29611c4c0","content/first-order-logic/natural-deduction/rules-and-proofs.tex","0556326eefd6fbb957243d9f94969fd23adefb4af69f80419d4a2818d53088f0","2113","53","249","true","true","85","canonical_complete_reader_reachable","Reached by ordered depth-first replay from content/open-logic-about.tex then content/content.tex through uncommented olimport edges.","reader_unit","","fol","0","","","1","content/first-order-logic/natural-deduction/natural-deduction.tex","0","","3","defn:1|document:1|explain:1","0","0","1","1","0","0","0","0","0","0","0","0","0","0","0","0","6","locale/ar/content/first-order-logic/natural-deduction/rules-and-proofs.tex","PENDING","","PENDING","locale/fa-IR/content/first-order-logic/natural-deduction/rules-and-proofs.tex","PENDING","","PENDING","PENDING"
"OLP-0086","86","9620cc73f9c8e0ad003c514a5d3748f29611c4c0","content/first-order-logic/natural-deduction/propositional-rules.tex","c22d2603cc9c4a79d630a4bc00b817c57c07b000e5d4bc443815e13b4f4cb515","2506","121","157","true","true","86","canonical_complete_reader_reachable","Reached by ordered depth-first replay from content/open-logic-about.tex then content/content.tex through uncommented olimport edges.","reader_unit","Propositional Rules","fol","0","","","1","content/first-order-logic/natural-deduction/natural-deduction.tex","0","","8","defish:5|document:1|tabular:2","0","0","6","0","0","0","0","0","0","0","0","0","0","0","0","0","48","locale/ar/content/first-order-logic/natural-deduction/propositional-rules.tex","PENDING","","PENDING","locale/fa-IR/content/first-order-logic/natural-deduction/propositional-rules.tex","PENDING","","PENDING","PENDING"
"OLP-0087","87","9620cc73f9c8e0ad003c514a5d3748f29611c4c0","content/first-order-logic/natural-deduction/quantifier-rules.tex","5d9c3a507fe1b79e4d376963b5e3efca4a3352cc7cef7d18255c61e60592f71b","4112","112","479","true","true","87","canonical_complete_reader_reachable","Reached by ordered depth-first replay from content/open-logic-about.tex then content/content.tex through uncommented olimport edges.","reader_unit","Quantifier Rules","fol","0","","","1","content/first-order-logic/natural-deduction/natural-deduction.tex","0","","7","defish:2|document:1|explain:2|prooftree:2","0","0","3","0","0","0","0","0","0","0","0","0","0","0","0","0","57","locale/ar/content/first-order-logic/natural-deduction/quantifier-rules.tex","PENDING","","PENDING","locale/fa-IR/content/first-order-logic/natural-deduction/quantifier-rules.tex","PENDING","","PENDING","PENDING"
"OLP-0088","88","9620cc73f9c8e0ad003c514a5d3748f29611c4c0","content/first-order-logic/natural-deduction/derivations.tex","04cdbaa301a71243b78d880551ce2f8edbf6f059764eceacd5b8910f0459cb26","3825","111","444","true","true","88","canonical_complete_reader_reachable","Reached by ordered depth-first replay from content/open-logic-about.tex then content/content.tex through uncommented olimport edges.","reader_unit","","fol","0","","","1","content/first-order-logic/natural-deduction/natural-deduction.tex","0","","10","defn:1|document:1|enumerate:1|ex:1|explain:1|prooftree:5","0","0","1","1","0","0","0","0","1","0","0","0","0","0","0","0","49","locale/ar/content/first-order-logic/natural-deduction/derivations.tex","PENDING","","PENDING","locale/fa-IR/content/first-order-logic/natural-deduction/derivations.tex","PENDING","","PENDING","PENDING"
"OLP-0089","89","9620cc73f9c8e0ad003c514a5d3748f29611c4c0","content/first-order-logic/natural-deduction/proving-things.tex","ff58b86389a21dbc6f240f49e62d5fca0bdb4d3ba54e0d364792cdcddd34724f","11372","311","1026","true","true","89","canonical_complete_reader_reachable","Reached by ordered depth-first replay from content/open-logic-about.tex then content/content.tex through uncommented olimport edges.","reader_unit","","fol","0","","","1","content/first-order-logic/natural-deduction/natural-deduction.tex","0","","25","document:1|enumerate:3|ex:3|prob:3|prooftree:15","0","0","1","0","0","0","0","0","3","3","0","0","0","0","0","0","166","locale/ar/content/first-order-logic/natural-deduction/proving-things.tex","PENDING","","PENDING","locale/fa-IR/content/first-order-logic/natural-deduction/proving-things.tex","PENDING","","PENDING","PENDING"
"OLP-0090","90","9620cc73f9c8e0ad003c514a5d3748f29611c4c0","content/first-order-logic/natural-deduction/proving-things-quant.tex","6f49b930a86f60a1cca318d70259378f7bc6b5ebb76f307665c4eb4363e8235f","9803","256","1063","true","true","90","canonical_complete_reader_reachable","Reached by ordered depth-first replay from content/open-logic-about.tex then content/content.tex through uncommented olimport edges.","reader_unit","","fol","0","","","1","content/first-order-logic/natural-deduction/natural-deduction.tex","0","","22","document:1|enumerate:2|ex:3|prob:2|prooftree:14","0","0","1","0","0","0","0","0","3","2","0","0","0","0","0","0","101","locale/ar/content/first-order-logic/natural-deduction/proving-things-quant.tex","PENDING","","PENDING","locale/fa-IR/content/first-order-logic/natural-deduction/proving-things-quant.tex","PENDING","","PENDING","PENDING"
"OLP-0091","91","9620cc73f9c8e0ad003c514a5d3748f29611c4c0","content/first-order-logic/natural-deduction/proof-theoretic-notions.tex","7e05743251dd0c5071685193a98c28baea1c77b06836f11e3f3e3aa6a6bd9198","5198","160","509","true","true","91","canonical_complete_reader_reachable","Reached by ordered depth-first replay from content/open-logic-about.tex then content/content.tex through uncommented olimport edges.","reader_unit","Proof-Theoretic Notions","fol","0","","","1","content/first-order-logic/natural-deduction/natural-deduction.tex","0","","22","defn:3|document:1|editorial:1|enumerate:3|explain:1|prob:2|proof:5|prooftree:1|prop:5","0","0","1","3","0","5","0","0","0","2","5","0","0","0","2","0","85","locale/ar/content/first-order-logic/natural-deduction/proof-theoretic-notions.tex","PENDING","","PENDING","locale/fa-IR/content/first-order-logic/natural-deduction/proof-theoretic-notions.tex","PENDING","","PENDING","PENDING"
"OLP-0092","92","9620cc73f9c8e0ad003c514a5d3748f29611c4c0","content/first-order-logic/natural-deduction/provability-consistency.tex","9d967013e14c7f911bf612ddab65b22a2e5f8d90f182926741c0bf7cab5076bc","4037","132","284","true","true","92","canonical_complete_reader_reachable","Reached by ordered depth-first replay from content/open-logic-about.tex then content/content.tex through uncommented olimport edges.","reader_unit","","fol","0","","","1","content/first-order-logic/natural-deduction/natural-deduction.tex","0","","15","document:1|prob:1|proof:4|prooftree:5|prop:4","0","0","1","0","0","4","0","0","0","1","4","0","0","0","0","0","85","locale/ar/content/first-order-logic/natural-deduction/provability-consistency.tex","PENDING","","PENDING","locale/fa-IR/content/first-order-logic/natural-deduction/provability-consistency.tex","PENDING","","PENDING","PENDING"
"OLP-0093","93","9620cc73f9c8e0ad003c514a5d3748f29611c4c0","content/first-order-logic/natural-deduction/provability-propositional.tex","7be41cbf7877f1b7163f3cc9ad98867b4cf793b69f4a98e5734f731e3e802016","3950","134","252","true","true","93","canonical_complete_reader_reachable","Reached by ordered depth-first replay from content/open-logic-about.tex then content/content.tex through uncommented olimport edges.","reader_unit","","fol","0","","","1","content/first-order-logic/natural-deduction/natural-deduction.tex","0","","20","document:1|enumerate:6|explain:1|proof:3|prooftree:6|prop:3","0","0","1","0","0","3","0","0","0","0","3","0","0","0","0","0","47","locale/ar/content/first-order-logic/natural-deduction/provability-propositional.tex","PENDING","","PENDING","locale/fa-IR/content/first-order-logic/natural-deduction/provability-propositional.tex","PENDING","","PENDING","PENDING"
"OLP-0094","94","9620cc73f9c8e0ad003c514a5d3748f29611c4c0","content/first-order-logic/natural-deduction/provability-quantifiers.tex","c4a24bb64b2d02c75fcf5dcebe13d48c4684afd8f210da029ceefcb450990bf1","1796","64","161","true","true","94","canonical_complete_reader_reachable","Reached by ordered depth-first replay from content/open-logic-about.tex then content/content.tex through uncommented olimport edges.","reader_unit","","fol","0","","","1","content/first-order-logic/natural-deduction/natural-deduction.tex","0","","10","document:1|explain:1|proof:2|prooftree:2|prop:1|tagenumerate:2|thm:1","0","0","1","0","1","1","0","0","0","0","2","0","0","0","0","0","23","locale/ar/content/first-order-logic/natural-deduction/provability-quantifiers.tex","PENDING","","PENDING","locale/fa-IR/content/first-order-logic/natural-deduction/provability-quantifiers.tex","PENDING","","PENDING","PENDING"
"OLP-0095","95","9620cc73f9c8e0ad003c514a5d3748f29611c4c0","content/first-order-logic/natural-deduction/soundness.tex","e470b5e3a94dd4445dcedc0bbb2d4bb9c5520a3f79ea754f37e4ae1501376e35","13330","315","1381","true","true","95","canonical_complete_reader_reachable","Reached by ordered depth-first replay from content/open-logic-about.tex then content/content.tex through uncommented olimport edges.","reader_unit","Soundness","fol","0","","","1","content/first-order-logic/natural-deduction/natural-deduction.tex","0","","20","cor:2|document:1|enumerate:3|explain:1|prob:2|proof:2|prooftree:8|thm:1","0","0","1","0","1","0","0","2","0","2","2","0","0","0","9","0","228","locale/ar/content/first-order-logic/natural-deduction/soundness.tex","PENDING","","PENDING","locale/fa-IR/content/first-order-logic/natural-deduction/soundness.tex","PENDING","","PENDING","PENDING"
"OLP-0096","96","9620cc73f9c8e0ad003c514a5d3748f29611c4c0","content/first-order-logic/natural-deduction/identity.tex","d5df1d1bb3818a275e2439a584a3851036870182afde592fa6e8f80b55c00add","3953","125","375","true","true","96","canonical_complete_reader_reachable","Reached by ordered depth-first replay from content/open-logic-about.tex then content/content.tex through uncommented olimport edges.","reader_unit","","fol","0","","","1","content/first-order-logic/natural-deduction/natural-deduction.tex","0","","13","align*:1|defish:1|document:1|enumerate:1|ex:2|prob:2|prooftree:4|tabular:1","0","0","1","0","0","0","0","0","2","2","0","0","0","0","0","0","49","locale/ar/content/first-order-logic/natural-deduction/identity.tex","PENDING","","PENDING","locale/fa-IR/content/first-order-logic/natural-deduction/identity.tex","PENDING","","PENDING","PENDING"
"OLP-0097","97","9620cc73f9c8e0ad003c514a5d3748f29611c4c0","content/first-order-logic/natural-deduction/soundness-identity.tex","2544f37fa6d7a3d81b12c7e7309e1416680df9ee0d8d4e033084299370da0bc8","1653","48","176","true","true","97","canonical_complete_reader_reachable","Reached by ordered depth-first replay from content/open-logic-about.tex then content/content.tex through uncommented olimport edges.","reader_unit","","fol","0","","","1","content/first-order-logic/natural-deduction/natural-deduction.tex","0","","4","document:1|proof:1|prooftree:1|prop:1","0","0","1","0","0","1","0","0","0","0","1","0","0","0","1","0","30","locale/ar/content/first-order-logic/natural-deduction/soundness-identity.tex","PENDING","","PENDING","locale/fa-IR/content/first-order-logic/natural-deduction/soundness-identity.tex","PENDING","","PENDING","PENDING"
"OLP-0098","98","9620cc73f9c8e0ad003c514a5d3748f29611c4c0","content/first-order-logic/tableaux/tableaux.tex","eaf9e7719e1e71efb2b82fa80bae67063790e30ef901686a065a23536e253098","980","55","71","true","true","98","canonical_complete_reader_reachable","Reached by ordered depth-first replay from content/open-logic-about.tex then content/content.tex through uncommented olimport edges.","chapter_driver","Tableaux","","13","content/first-order-logic/tableaux/rules-and-proofs.tex|content/first-order-logic/tableaux/propositional-rules.tex|content/first-order-logic/tableaux/quantifier-rules.tex|content/first-order-logic/tableaux/derivations.tex|content/first-order-logic/tableaux/proving-things.tex|content/first-order-logic/tableaux/proving-things-quant.tex|content/first-order-logic/tableaux/proof-theoretic-notions.tex|content/first-order-logic/tableaux/provability-consistency.tex|content/first-order-logic/tableaux/provability-propositional.tex|content/first-order-logic/tableaux/provability-quantifiers.tex|content/first-order-logic/tableaux/soundness.tex|content/first-order-logic/tableaux/identity.tex|content/first-order-logic/tableaux/soundness-identity.tex","","2","content/first-order-logic/first-order-logic.tex|content/propositional-logic/propositional-logic.tex","0","","2","document:1|editorial:1","0","2","0","0","0","0","0","0","0","0","0","0","0","0","0","0","0","locale/ar/content/first-order-logic/tableaux/tableaux.tex","PENDING","","PENDING","locale/fa-IR/content/first-order-logic/tableaux/tableaux.tex","PENDING","","PENDING","PENDING"
"OLP-0099","99","9620cc73f9c8e0ad003c514a5d3748f29611c4c0","content/first-order-logic/tableaux/rules-and-proofs.tex","93cbe7b304b8ad0c3140c23d139dccdf37df9fe8756cb25d8ca47efe1ee6f84d","2525","60","352","true","true","99","canonical_complete_reader_reachable","Reached by ordered depth-first replay from content/open-logic-about.tex then content/content.tex through uncommented olimport edges.","reader_unit","","fol","0","","","1","content/first-order-logic/tableaux/tableaux.tex","0","","2","defn:1|document:1","0","0","1","1","0","0","0","0","0","0","0","0","0","0","0","0","19","locale/ar/content/first-order-logic/tableaux/rules-and-proofs.tex","PENDING","","PENDING","locale/fa-IR/content/first-order-logic/tableaux/rules-and-proofs.tex","PENDING","","PENDING","PENDING"
"OLP-0100","100","9620cc73f9c8e0ad003c514a5d3748f29611c4c0","content/first-order-logic/tableaux/propositional-rules.tex","0e0a8d69ddabb157d54f03e7ff21416fb0c818e481343f4ac00ee4ba1d5bf151","2339","94","127","true","true","100","canonical_complete_reader_reachable","Reached by ordered depth-first replay from content/open-logic-about.tex then content/content.tex through uncommented olimport edges.","reader_unit","Propositional Rules","fol","0","","","1","content/first-order-logic/tableaux/tableaux.tex","0","","6","defish:5|document:1","0","0","6","0","0","0","0","0","0","0","0","0","0","0","0","0","10","locale/ar/content/first-order-logic/tableaux/propositional-rules.tex","PENDING","","PENDING","locale/fa-IR/content/first-order-logic/tableaux/propositional-rules.tex","PENDING","","PENDING","PENDING"
"OLP-0101","101","9620cc73f9c8e0ad003c514a5d3748f29611c4c0","content/first-order-logic/tableaux/quantifier-rules.tex","800bfbb72d36d3e2c8f6d652146a797235f1cc785ad66457e2500919e2cc7a80","3959","110","355","true","true","101","canonical_complete_reader_reachable","Reached by ordered depth-first replay from content/open-logic-about.tex then content/content.tex through uncommented olimport edges.","reader_unit","Quantifier Rules","fol","0","","","1","content/first-order-logic/tableaux/tableaux.tex","0","","8","center:1|defish:2|document:1|explain:2|prooftree:1|tableau:1","0","0","3","0","0","0","0","0","0","0","0","0","0","0","0","0","29","locale/ar/content/first-order-logic/tableaux/quantifier-rules.tex","PENDING","","PENDING","locale/fa-IR/content/first-order-logic/tableaux/quantifier-rules.tex","PENDING","","PENDING","PENDING"
"OLP-0102","102","9620cc73f9c8e0ad003c514a5d3748f29611c4c0","content/first-order-logic/tableaux/derivations.tex","3f3e041127342c4f2565632d33c855fcb7a87964d63beb38bd8313c8a71ad294","3883","97","443","true","true","102","canonical_complete_reader_reachable","Reached by ordered depth-first replay from content/open-logic-about.tex then content/content.tex through uncommented olimport edges.","reader_unit","","fol","0","","","1","content/first-order-logic/tableaux/tableaux.tex","0","","11","center:3|defn:1|document:1|enumerate:1|ex:1|explain:1|tableau:3","0","0","1","1","0","0","0","0","1","0","0","0","0","0","0","0","22","locale/ar/content/first-order-logic/tableaux/derivations.tex","PENDING","","PENDING","locale/fa-IR/content/first-order-logic/tableaux/derivations.tex","PENDING","","PENDING","PENDING"
"OLP-0103","103","9620cc73f9c8e0ad003c514a5d3748f29611c4c0","content/first-order-logic/tableaux/proving-things.tex","ba6a2d3c2f7c7504daa17942290c75084bbfab92663a492557ca6530a175d914","18685","461","1196","true","true","103","canonical_complete_reader_reachable","Reached by ordered depth-first replay from content/open-logic-about.tex then content/content.tex through uncommented olimport edges.","reader_unit","","fol","0","","","1","content/first-order-logic/tableaux/tableaux.tex","0","","24","document:1|enumerate:3|ex:3|oltableau:14|prob:3","0","0","1","0","0","0","0","0","3","3","0","0","0","0","0","0","61","locale/ar/content/first-order-logic/tableaux/proving-things.tex","PENDING","","PENDING","locale/fa-IR/content/first-order-logic/tableaux/proving-things.tex","PENDING","","PENDING","PENDING"
"OLP-0104","104","9620cc73f9c8e0ad003c514a5d3748f29611c4c0","content/first-order-logic/tableaux/proving-things-quant.tex","72370c12bee0766fb0e674ebae09ec7940f611ff7f9592284dadfe21516b4032","13575","345","1036","true","true","104","canonical_complete_reader_reachable","Reached by ordered depth-first replay from content/open-logic-about.tex then content/content.tex through uncommented olimport edges.","reader_unit","","fol","0","","","1","content/first-order-logic/tableaux/tableaux.tex","0","","23","document:1|enumerate:2|ex:3|oltableau:15|prob:2","0","0","1","0","0","0","0","0","3","2","0","0","0","0","0","0","53","locale/ar/content/first-order-logic/tableaux/proving-things-quant.tex","PENDING","","PENDING","locale/fa-IR/content/first-order-logic/tableaux/proving-things-quant.tex","PENDING","","PENDING","PENDING"
"OLP-0105","105","9620cc73f9c8e0ad003c514a5d3748f29611c4c0","content/first-order-logic/tableaux/proof-theoretic-notions.tex","bad25c1ba9db9de17f7c2ff5fffa2c4f9f00aa13d23c197e5337fe759d6fdd39","5711","191","565","true","true","105","canonical_complete_reader_reachable","Reached by ordered depth-first replay from content/open-logic-about.tex then content/content.tex through uncommented olimport edges.","reader_unit","Proof-Theoretic Notions","fol","0","","","1","content/first-order-logic/tableaux/tableaux.tex","0","","22","align*:1|defn:3|document:1|editorial:1|enumerate:2|explain:1|oltableau:1|prob:2|proof:5|prop:5","0","0","1","3","0","5","0","0","0","2","5","0","0","0","2","0","67","locale/ar/content/first-order-logic/tableaux/proof-theoretic-notions.tex","PENDING","","PENDING","locale/fa-IR/content/first-order-logic/tableaux/proof-theoretic-notions.tex","PENDING","","PENDING","PENDING"
"OLP-0106","106","9620cc73f9c8e0ad003c514a5d3748f29611c4c0","content/first-order-logic/tableaux/provability-consistency.tex","6d159d1c93f6b4bb24cf3d16e7f18096e15881679ef5f64db5b25cee57cccdef","6270","151","666","true","true","106","canonical_complete_reader_reachable","Reached by ordered depth-first replay from content/open-logic-about.tex then content/content.tex through uncommented olimport edges.","reader_unit","","fol","0","","","1","content/first-order-logic/tableaux/tableaux.tex","0","","12","align*:2|document:1|prob:1|proof:4|prop:4","0","0","1","0","0","4","0","0","0","1","4","0","0","0","0","0","71","locale/ar/content/first-order-logic/tableaux/provability-consistency.tex","PENDING","","PENDING","locale/fa-IR/content/first-order-logic/tableaux/provability-consistency.tex","PENDING","","PENDING","PENDING"
"OLP-0107","107","9620cc73f9c8e0ad003c514a5d3748f29611c4c0","content/first-order-logic/tableaux/provability-propositional.tex","5df9f0cf1b10689babb2051daad6426e2abee00e55001f14a896d1a37ae30446","6473","176","340","true","true","107","canonical_complete_reader_reachable","Reached by ordered depth-first replay from content/open-logic-about.tex then content/content.tex through uncommented olimport edges.","reader_unit","","fol","0","","","1","content/first-order-logic/tableaux/tableaux.tex","0","","23","document:1|enumerate:6|explain:1|oltableau:9|proof:3|prop:3","0","0","1","0","0","3","0","0","0","0","3","0","0","0","0","0","21","locale/ar/content/first-order-logic/tableaux/provability-propositional.tex","PENDING","","PENDING","locale/fa-IR/content/first-order-logic/tableaux/provability-propositional.tex","PENDING","","PENDING","PENDING"
"OLP-0108","108","9620cc73f9c8e0ad003c514a5d3748f29611c4c0","content/first-order-logic/tableaux/provability-quantifiers.tex","e12b4c0aff44de0e26d0a5c1e9b7ec2a781be5677035cb2c79cad3a7487c32e3","3148","89","281","true","true","108","canonical_complete_reader_reachable","Reached by ordered depth-first replay from content/open-logic-about.tex then content/content.tex through uncommented olimport edges.","reader_unit","","fol","0","","","1","content/first-order-logic/tableaux/tableaux.tex","0","","14","align*:1|center:1|document:1|explain:1|oltableau:2|proof:2|prop:1|tableau:2|tagenumerate:2|thm:1","0","0","1","0","1","1","0","0","0","0","2","0","0","0","0","0","21","locale/ar/content/first-order-logic/tableaux/provability-quantifiers.tex","PENDING","","PENDING","locale/fa-IR/content/first-order-logic/tableaux/provability-quantifiers.tex","PENDING","","PENDING","PENDING"
"OLP-0109","109","9620cc73f9c8e0ad003c514a5d3748f29611c4c0","content/first-order-logic/tableaux/soundness.tex","49f119364f19485fa74c0c18e849f20b746e8edec9fdccb9e98a8aff7250a744","11066","241","1292","true","true","109","canonical_complete_reader_reachable","Reached by ordered depth-first replay from content/open-logic-about.tex then content/content.tex through uncommented olimport edges.","reader_unit","Soundness","fol","0","","","1","content/first-order-logic/tableaux/tableaux.tex","0","","15","cor:3|defn:1|document:1|enumerate:3|explain:1|prob:2|proof:3|thm:1","0","0","1","1","1","0","0","3","0","2","3","0","0","0","10","0","142","locale/ar/content/first-order-logic/tableaux/soundness.tex","PENDING","","PENDING","locale/fa-IR/content/first-order-logic/tableaux/soundness.tex","PENDING","","PENDING","PENDING"
"OLP-0110","110","9620cc73f9c8e0ad003c514a5d3748f29611c4c0","content/first-order-logic/tableaux/identity.tex","b40df45226792d6995a13afbc4341601207236b40cdb11920e9d48d0c81b2088","3501","106","322","true","true","110","canonical_complete_reader_reachable","Reached by ordered depth-first replay from content/open-logic-about.tex then content/content.tex through uncommented olimport edges.","reader_unit","","fol","0","","","1","content/first-order-logic/tableaux/tableaux.tex","0","","8","defish:1|document:1|enumerate:1|ex:1|oltableau:3|prob:1","0","0","1","0","0","0","0","0","1","1","0","0","0","0","0","0","49","locale/ar/content/first-order-logic/tableaux/identity.tex","PENDING","","PENDING","locale/fa-IR/content/first-order-logic/tableaux/identity.tex","PENDING","","PENDING","PENDING"
"OLP-0111","111","9620cc73f9c8e0ad003c514a5d3748f29611c4c0","content/first-order-logic/tableaux/soundness-identity.tex","3e9430f5d59a07997815894a8a190147e796825fea24a326dd9f7af6767ad519","1745","46","219","true","true","111","canonical_complete_reader_reachable","Reached by ordered depth-first replay from content/open-logic-about.tex then content/content.tex through uncommented olimport edges.","reader_unit","","fol","0","","","1","content/first-order-logic/tableaux/tableaux.tex","0","","3","document:1|proof:1|prop:1","0","0","1","0","0","1","0","0","0","0","1","0","0","0","4","0","27","locale/ar/content/first-order-logic/tableaux/soundness-identity.tex","PENDING","","PENDING","locale/fa-IR/content/first-order-logic/tableaux/soundness-identity.tex","PENDING","","PENDING","PENDING"
"OLP-0112","112","9620cc73f9c8e0ad003c514a5d3748f29611c4c0","content/first-order-logic/axiomatic-deduction/axiomatic-deduction.tex","ba510c171a8d19895307b36b2b06d3f64970bc5d926cfad52412da2a0727db20","1273","60","108","true","true","112","canonical_complete_reader_reachable","Reached by ordered depth-first replay from content/open-logic-about.tex then content/content.tex through uncommented olimport edges.","chapter_driver","","","13","content/first-order-logic/axiomatic-deduction/rules-and-proofs.tex|content/first-order-logic/axiomatic-deduction/axioms-rules-propositional.tex|content/first-order-logic/axiomatic-deduction/axioms-rules-quantifiers.tex|content/first-order-logic/axiomatic-deduction/proving-things.tex|content/first-order-logic/axiomatic-deduction/proving-things-quant.tex|content/first-order-logic/axiomatic-deduction/proof-theoretic-notions.tex|content/first-order-logic/axiomatic-deduction/deduction-theorem.tex|content/first-order-logic/axiomatic-deduction/deduction-theorem-quantifiers.tex|content/first-order-logic/axiomatic-deduction/provability-consistency.tex|content/first-order-logic/axiomatic-deduction/provability-propositional.tex|content/first-order-logic/axiomatic-deduction/provability-quantifiers.tex|content/first-order-logic/axiomatic-deduction/soundness.tex|content/first-order-logic/axiomatic-deduction/identity.tex","","2","content/first-order-logic/first-order-logic.tex|content/propositional-logic/propositional-logic.tex","0","","2","document:1|editorial:1","0","2","0","0","0","0","0","0","0","0","0","0","0","0","0","0","1","locale/ar/content/first-order-logic/axiomatic-deduction/axiomatic-deduction.tex","PENDING","","PENDING","locale/fa-IR/content/first-order-logic/axiomatic-deduction/axiomatic-deduction.tex","PENDING","","PENDING","PENDING"
"OLP-0113","113","9620cc73f9c8e0ad003c514a5d3748f29611c4c0","content/first-order-logic/axiomatic-deduction/rules-and-proofs.tex","c630189af9db5f45a849e5d1b6362895bf575dd6d2236a169eb5e0fdba9ed439","3668","97","537","true","true","113","canonical_complete_reader_reachable","Reached by ordered depth-first replay from content/open-logic-about.tex then content/content.tex through uncommented olimport edges.","reader_unit","","fol","0","","","1","content/first-order-logic/axiomatic-deduction/axiomatic-deduction.tex","0","","11","defn:4|document:1|enumerate:2|explain:1|quote:3","0","0","1","4","0","0","0","0","0","0","0","0","0","0","0","0","57","locale/ar/content/first-order-logic/axiomatic-deduction/rules-and-proofs.tex","PENDING","","PENDING","locale/fa-IR/content/first-order-logic/axiomatic-deduction/rules-and-proofs.tex","PENDING","","PENDING","PENDING"
"OLP-0114","114","9620cc73f9c8e0ad003c514a5d3748f29611c4c0","content/first-order-logic/axiomatic-deduction/axioms-rules-propositional.tex","8d19f7612edbb87db30f052b75e8208638a5c68570ef05faf6332111fbbc69fe","1512","44","145","true","true","114","canonical_complete_reader_reachable","Reached by ordered depth-first replay from content/open-logic-about.tex then content/content.tex through uncommented olimport edges.","reader_unit","Axioms and Rules for the Propositional Connectives","fol","0","","","1","content/first-order-logic/axiomatic-deduction/axiomatic-deduction.tex","0","","4","align:1|defn:2|document:1","0","0","1","2","0","0","0","0","0","0","0","0","0","0","0","0","5","locale/ar/content/first-order-logic/axiomatic-deduction/axioms-rules-propositional.tex","PENDING","","PENDING","locale/fa-IR/content/first-order-logic/axiomatic-deduction/axioms-rules-propositional.tex","PENDING","","PENDING","PENDING"
"OLP-0115","115","9620cc73f9c8e0ad003c514a5d3748f29611c4c0","content/first-order-logic/axiomatic-deduction/axioms-rules-quantifiers.tex","e860523ec9605b17fb155fccbb22e644837c26de84ab11439422af805a26e2b3","1007","35","114","true","true","115","canonical_complete_reader_reachable","Reached by ordered depth-first replay from content/open-logic-about.tex then content/content.tex through uncommented olimport edges.","reader_unit","Axioms and Rules for Quantifiers","fol","0","","","1","content/first-order-logic/axiomatic-deduction/axiomatic-deduction.tex","0","","4","align:1|defn:2|document:1","0","0","1","2","0","0","0","0","0","0","0","0","0","0","0","0","12","locale/ar/content/first-order-logic/axiomatic-deduction/axioms-rules-quantifiers.tex","PENDING","","PENDING","locale/fa-IR/content/first-order-logic/axiomatic-deduction/axioms-rules-quantifiers.tex","PENDING","","PENDING","PENDING"
"OLP-0116","116","9620cc73f9c8e0ad003c514a5d3748f29611c4c0","content/first-order-logic/axiomatic-deduction/proving-things.tex","ac5dc1913eb14bc8d0ba0adb9d45d08b0882f02c4d7f152b654fc153f61fb1a7","5603","133","723","true","true","116","canonical_complete_reader_reachable","Reached by ordered depth-first replay from content/open-logic-about.tex then content/content.tex through uncommented olimport edges.","reader_unit","","fol","0","","","1","content/first-order-logic/axiomatic-deduction/axiomatic-deduction.tex","0","","11","derivation:3|document:1|enumerate:1|ex:3|prob:1|proof:1|prop:1","0","0","1","0","0","1","0","0","3","1","1","0","0","0","17","0","79","locale/ar/content/first-order-logic/axiomatic-deduction/proving-things.tex","PENDING","","PENDING","locale/fa-IR/content/first-order-logic/axiomatic-deduction/proving-things.tex","PENDING","","PENDING","PENDING"
"OLP-0117","117","9620cc73f9c8e0ad003c514a5d3748f29611c4c0","content/first-order-logic/axiomatic-deduction/proving-things-quant.tex","afb6d653daa62d083e07ff556fdde130783b2643fdd23270e1ae0e1ec0140767","1527","37","168","true","true","117","canonical_complete_reader_reachable","Reached by ordered depth-first replay from content/open-logic-about.tex then content/content.tex through uncommented olimport edges.","reader_unit","","fol","0","","","1","content/first-order-logic/axiomatic-deduction/axiomatic-deduction.tex","0","","3","align*:1|document:1|ex:1","0","0","1","0","0","0","0","0","1","0","0","0","0","0","7","0","2","locale/ar/content/first-order-logic/axiomatic-deduction/proving-things-quant.tex","PENDING","","PENDING","locale/fa-IR/content/first-order-logic/axiomatic-deduction/proving-things-quant.tex","PENDING","","PENDING","PENDING"
"OLP-0118","118","9620cc73f9c8e0ad003c514a5d3748f29611c4c0","content/first-order-logic/axiomatic-deduction/proof-theoretic-notions.tex","d5cd7ef578090b935af9013ba65f020ea8c043b95ec17ed9a758a01129bbf859","4402","137","493","true","true","118","canonical_complete_reader_reachable","Reached by ordered depth-first replay from content/open-logic-about.tex then content/content.tex through uncommented olimport edges.","reader_unit","Proof-Theoretic Notions","fol","0","","","1","content/first-order-logic/axiomatic-deduction/axiomatic-deduction.tex","0","","19","defn:3|document:1|enumerate:2|explain:1|prob:2|proof:5|prop:5","0","0","1","3","0","5","0","0","0","2","5","0","0","0","2","0","70","locale/ar/content/first-order-logic/axiomatic-deduction/proof-theoretic-notions.tex","PENDING","","PENDING","locale/fa-IR/content/first-order-logic/axiomatic-deduction/proof-theoretic-notions.tex","PENDING","","PENDING","PENDING"
"OLP-0119","119","9620cc73f9c8e0ad003c514a5d3748f29611c4c0","content/first-order-logic/axiomatic-deduction/deduction-theorem.tex","f74129e7541a9452530ebc0ab630c8763cd0d4177532baf43cd249c635642cd4","4859","133","542","true","true","119","canonical_complete_reader_reachable","Reached by ordered depth-first replay from content/open-logic-about.tex then content/content.tex through uncommented olimport edges.","reader_unit","The Deduction Theorem","fol","0","","","1","content/first-order-logic/axiomatic-deduction/axiomatic-deduction.tex","0","","11","align*:1|derivation:1|document:1|enumerate:1|prob:2|proof:2|prop:2|thm:1","0","0","1","0","1","2","0","0","0","2","2","0","0","0","16","0","59","locale/ar/content/first-order-logic/axiomatic-deduction/deduction-theorem.tex","PENDING","","PENDING","locale/fa-IR/content/first-order-logic/axiomatic-deduction/deduction-theorem.tex","PENDING","","PENDING","PENDING"
"OLP-0120","120","9620cc73f9c8e0ad003c514a5d3748f29611c4c0","content/first-order-logic/axiomatic-deduction/deduction-theorem-quantifiers.tex","0da5dfe61f218d9ef0820e07f1e6c0d71ef4e912d010e83e7484690bdd9af1e7","2234","59","269","true","true","120","canonical_complete_reader_reachable","Reached by ordered depth-first replay from content/open-logic-about.tex then content/content.tex through uncommented olimport edges.","reader_unit","The Deduction Theorem with Quantifiers","fol","0","","","1","content/first-order-logic/axiomatic-deduction/axiomatic-deduction.tex","0","","5","align*:1|document:1|prob:1|proof:1|thm:1","0","0","1","0","1","0","0","0","0","1","1","0","0","0","3","0","17","locale/ar/content/first-order-logic/axiomatic-deduction/deduction-theorem-quantifiers.tex","PENDING","","PENDING","locale/fa-IR/content/first-order-logic/axiomatic-deduction/deduction-theorem-quantifiers.tex","PENDING","","PENDING","PENDING"
"OLP-0121","121","9620cc73f9c8e0ad003c514a5d3748f29611c4c0","content/first-order-logic/axiomatic-deduction/provability-consistency.tex","069b652fa3cf1c8e7719ae95d355398b866c9ecf42ff747b755ddbf5fd3b6eef","2979","94","256","true","true","121","canonical_complete_reader_reachable","Reached by ordered depth-first replay from content/open-logic-about.tex then content/content.tex through uncommented olimport edges.","reader_unit","","fol","0","","","1","content/first-order-logic/axiomatic-deduction/axiomatic-deduction.tex","0","","12","document:1|prob:3|proof:4|prop:4","0","0","1","0","0","4","0","0","0","3","4","0","0","0","14","0","36","locale/ar/content/first-order-logic/axiomatic-deduction/provability-consistency.tex","PENDING","","PENDING","locale/fa-IR/content/first-order-logic/axiomatic-deduction/provability-consistency.tex","PENDING","","PENDING","PENDING"
"OLP-0122","122","9620cc73f9c8e0ad003c514a5d3748f29611c4c0","content/first-order-logic/axiomatic-deduction/provability-propositional.tex","4dd07507288e361d9d65dcbb7c3de67f4e3c83e9853b6d9032dcc9cba3cef187","2716","85","249","true","true","122","canonical_complete_reader_reachable","Reached by ordered depth-first replay from content/open-logic-about.tex then content/content.tex through uncommented olimport edges.","reader_unit","","fol","0","","","1","content/first-order-logic/axiomatic-deduction/axiomatic-deduction.tex","0","","15","derivation:1|document:1|enumerate:6|explain:1|proof:3|prop:3","0","0","1","0","0","3","0","0","0","0","3","0","0","0","9","0","21","locale/ar/content/first-order-logic/axiomatic-deduction/provability-propositional.tex","PENDING","","PENDING","locale/fa-IR/content/first-order-logic/axiomatic-deduction/provability-propositional.tex","PENDING","","PENDING","PENDING"
"OLP-0123","123","9620cc73f9c8e0ad003c514a5d3748f29611c4c0","content/first-order-logic/axiomatic-deduction/provability-quantifiers.tex","a0c03c490e2874b9946b5ff3942c8a4ba73696d13cca2b30e84a19d17dfb3066","1499","51","129","true","true","123","canonical_complete_reader_reachable","Reached by ordered depth-first replay from content/open-logic-about.tex then content/content.tex through uncommented olimport edges.","reader_unit","","fol","0","","","1","content/first-order-logic/axiomatic-deduction/axiomatic-deduction.tex","0","","8","document:1|explain:1|proof:2|prop:1|tagenumerate:2|thm:1","0","0","1","0","1","1","0","0","0","0","2","0","0","0","2","0","14","locale/ar/content/first-order-logic/axiomatic-deduction/provability-quantifiers.tex","PENDING","","PENDING","locale/fa-IR/content/first-order-logic/axiomatic-deduction/provability-quantifiers.tex","PENDING","","PENDING","PENDING"
"OLP-0124","124","9620cc73f9c8e0ad003c514a5d3748f29611c4c0","content/first-order-logic/axiomatic-deduction/soundness.tex","a3a783ae2add6b2420527ad65c82eb6a5e0c02ac8a44e3b34b757bc27985c1cf","5850","144","756","true","true","124","canonical_complete_reader_reachable","Reached by ordered depth-first replay from content/open-logic-about.tex then content/content.tex through uncommented olimport edges.","reader_unit","Soundness","fol","0","","","1","content/first-order-logic/axiomatic-deduction/axiomatic-deduction.tex","0","","11","cor:2|document:1|enumerate:1|explain:1|prob:1|proof:3|prop:1|thm:1","0","0","1","0","1","1","0","2","0","1","3","0","0","0","14","0","95","locale/ar/content/first-order-logic/axiomatic-deduction/soundness.tex","PENDING","","PENDING","locale/fa-IR/content/first-order-logic/axiomatic-deduction/soundness.tex","PENDING","","PENDING","PENDING"
"OLP-0125","125","9620cc73f9c8e0ad003c514a5d3748f29611c4c0","content/first-order-logic/axiomatic-deduction/identity.tex","424d98f16806276deeb9cc0c5e0d1f70d25dd2026f0fe25f03d65d1cde1d69e1","1355","57","141","true","true","125","canonical_complete_reader_reachable","Reached by ordered depth-first replay from content/open-logic-about.tex then content/content.tex through uncommented olimport edges.","reader_unit","","fol","0","","","1","content/first-order-logic/axiomatic-deduction/axiomatic-deduction.tex","0","","9","align:1|defn:1|document:1|prob:1|proof:2|prop:3","0","0","1","1","0","3","0","0","0","1","2","0","0","0","4","0","13","locale/ar/content/first-order-logic/axiomatic-deduction/identity.tex","PENDING","","PENDING","locale/fa-IR/content/first-order-logic/axiomatic-deduction/identity.tex","PENDING","","PENDING","PENDING"
"OLP-0126","126","9620cc73f9c8e0ad003c514a5d3748f29611c4c0","content/first-order-logic/completeness/completeness.tex","35cbcfc7f12046ceabc5c4407c43817d71d3907e9e9d57a1b5928fcbe10c672c","695","43","41","true","true","126","canonical_complete_reader_reachable","Reached by ordered depth-first replay from content/open-logic-about.tex then content/content.tex through uncommented olimport edges.","chapter_driver","The Completeness Theorem","","11","content/first-order-logic/completeness/introduction.tex|content/first-order-logic/completeness/outline.tex|content/first-order-logic/completeness/complete-consistent-sets.tex|content/first-order-logic/completeness/henkin-expansions.tex|content/first-order-logic/completeness/lindenbaums-lemma.tex|content/first-order-logic/completeness/construction-of-model.tex|content/first-order-logic/completeness/identity.tex|content/first-order-logic/completeness/completeness-thm.tex|content/first-order-logic/completeness/compactness.tex|content/first-order-logic/completeness/compactness-direct.tex|content/first-order-logic/completeness/downward-ls.tex","","2","content/first-order-logic/first-order-logic.tex|content/propositional-logic/propositional-logic.tex","0","","1","document:1","0","2","0","0","0","0","0","0","0","0","0","0","0","0","0","0","0","locale/ar/content/first-order-logic/completeness/completeness.tex","PENDING","","PENDING","locale/fa-IR/content/first-order-logic/completeness/completeness.tex","PENDING","","PENDING","PENDING"
"OLP-0127","127","9620cc73f9c8e0ad003c514a5d3748f29611c4c0","content/first-order-logic/completeness/introduction.tex","40a994a78343dccb102c8347722a6eb85fd3a12dd4c6565a37960f7b24673500","3774","76","529","true","true","127","canonical_complete_reader_reachable","Reached by ordered depth-first replay from content/open-logic-about.tex then content/content.tex through uncommented olimport edges.","reader_unit","Introduction","fol","0","","","1","content/first-order-logic/completeness/completeness.tex","0","","2","document:1|quote:1","0","0","1","0","0","0","0","0","0","0","0","0","0","0","0","0","14","locale/ar/content/first-order-logic/completeness/introduction.tex","PENDING","","PENDING","locale/fa-IR/content/first-order-logic/completeness/introduction.tex","PENDING","","PENDING","PENDING"
"OLP-0128","128","9620cc73f9c8e0ad003c514a5d3748f29611c4c0","content/first-order-logic/completeness/outline.tex","e86bb4893ff5da65af4fa5b8b7eebec5807e0b4aa0562ca5388fac369aec642e","9532","171","1407","true","true","128","canonical_complete_reader_reachable","Reached by ordered depth-first replay from content/open-logic-about.tex then content/content.tex through uncommented olimport edges.","reader_unit","Outline of the Proof","fol","0","","","1","content/first-order-logic/completeness/completeness.tex","0","","1","document:1","0","0","1","0","0","0","0","0","0","0","0","0","0","0","9","0","132","locale/ar/content/first-order-logic/completeness/outline.tex","PENDING","","PENDING","locale/fa-IR/content/first-order-logic/completeness/outline.tex","PENDING","","PENDING","PENDING"
"OLP-0129","129","9620cc73f9c8e0ad003c514a5d3748f29611c4c0","content/first-order-logic/completeness/complete-consistent-sets.tex","cf7d517de5d2d257492c66f2cf16347fce490f2d932681a3f6ebd2386e9b1ffd","9125","224","1086","true","true","129","canonical_complete_reader_reachable","Reached by ordered depth-first replay from content/open-logic-about.tex then content/content.tex through uncommented olimport edges.","reader_unit","","fol","0","","","1","content/first-order-logic/completeness/completeness.tex","0","","10","defn:1|document:1|enumerate:2|explain:2|prob:2|proof:1|prop:1","0","0","1","1","0","1","0","0","0","2","1","0","0","0","8","0","88","locale/ar/content/first-order-logic/completeness/complete-consistent-sets.tex","PENDING","","PENDING","locale/fa-IR/content/first-order-logic/completeness/complete-consistent-sets.tex","PENDING","","PENDING","PENDING"
"OLP-0130","130","9620cc73f9c8e0ad003c514a5d3748f29611c4c0","content/first-order-logic/completeness/henkin-expansions.tex","a42f0551e062db3102c47f082be24cd4f8506504989a0008df4b87564e1f9335","8969","214","1156","true","true","130","canonical_complete_reader_reachable","Reached by ordered depth-first replay from content/open-logic-about.tex then content/content.tex through uncommented olimport edges.","reader_unit","Henkin Expansion","fol","0","","","1","content/first-order-logic/completeness/completeness.tex","0","","13","align*:1|defn:2|document:1|explain:2|lem:1|proof:2|prop:2|tagenumerate:2","0","0","1","2","0","2","1","0","0","0","2","0","0","0","9","0","126","locale/ar/content/first-order-logic/completeness/henkin-expansions.tex","PENDING","","PENDING","locale/fa-IR/content/first-order-logic/completeness/henkin-expansions.tex","PENDING","","PENDING","PENDING"
"OLP-0131","131","9620cc73f9c8e0ad003c514a5d3748f29611c4c0","content/first-order-logic/completeness/lindenbaums-lemma.tex","1ee3d9dd14df1c3368c3e7a12d68e4d6627b9e92030a00820270b75ceb4bdf78","4286","100","535","true","true","131","canonical_complete_reader_reachable","Reached by ordered depth-first replay from content/open-logic-about.tex then content/content.tex through uncommented olimport edges.","reader_unit","Lindenbaum's Lemma","fol","0","","","1","content/first-order-logic/completeness/completeness.tex","0","","5","cases:1|document:1|explain:1|lem:1|proof:1","0","0","1","0","0","0","1","0","0","0","1","0","0","0","0","0","63","locale/ar/content/first-order-logic/completeness/lindenbaums-lemma.tex","PENDING","","PENDING","locale/fa-IR/content/first-order-logic/completeness/lindenbaums-lemma.tex","PENDING","","PENDING","PENDING"
"OLP-0132","132","9620cc73f9c8e0ad003c514a5d3748f29611c4c0","content/first-order-logic/completeness/construction-of-model.tex","e8f3c25a2b378ac1996cc9cebb1192b2bdc2527df547e922008dad3822d29969","11290","280","1255","true","true","132","canonical_complete_reader_reachable","Reached by ordered depth-first replay from content/open-logic-about.tex then content/content.tex through uncommented olimport edges.","reader_unit","Construction of a Model","fol","0","","","1","content/first-order-logic/completeness/completeness.tex","0","","20","align*:1|cases:1|defn:2|document:1|enumerate:2|explain:2|lem:2|prob:3|proof:3|prop:1|tagenumerate:2","0","0","1","2","0","1","2","0","0","3","3","0","0","0","21","0","153","locale/ar/content/first-order-logic/completeness/construction-of-model.tex","PENDING","","PENDING","locale/fa-IR/content/first-order-logic/completeness/construction-of-model.tex","PENDING","","PENDING","PENDING"
"OLP-0133","133","9620cc73f9c8e0ad003c514a5d3748f29611c4c0","content/first-order-logic/completeness/identity.tex","2b497ead07aad76f2db101bd56768abd9bc71df7c819164edf0183656d148e7d","8036","206","894","true","true","133","canonical_complete_reader_reachable","Reached by ordered depth-first replay from content/open-logic-about.tex then content/content.tex through uncommented olimport edges.","reader_unit","Identity","fol","0","","","1","content/first-order-logic/completeness/completeness.tex","0","","23","align*:1|defn:3|digress:1|document:1|enumerate:4|explain:2|lem:2|multline*:1|prob:2|proof:4|prop:2","0","0","1","3","0","2","2","0","0","2","4","0","0","0","7","0","124","locale/ar/content/first-order-logic/completeness/identity.tex","PENDING","","PENDING","locale/fa-IR/content/first-order-logic/completeness/identity.tex","PENDING","","PENDING","PENDING"
"OLP-0134","134","9620cc73f9c8e0ad003c514a5d3748f29611c4c0","content/first-order-logic/completeness/completeness-thm.tex","5510644c6a3ff18e97d5e97a928d00cb0b091506e8c10bafa504c1b2c38b242b","4768","126","577","true","true","134","canonical_complete_reader_reachable","Reached by ordered depth-first replay from content/open-logic-about.tex then content/content.tex through uncommented olimport edges.","reader_unit","The Completeness Theorem","fol","0","","","1","content/first-order-logic/completeness/completeness.tex","0","","10","cor:1|document:1|explain:1|prob:4|proof:2|thm:1","0","0","1","0","1","0","0","1","0","4","2","0","0","0","15","0","41","locale/ar/content/first-order-logic/completeness/completeness-thm.tex","PENDING","","PENDING","locale/fa-IR/content/first-order-logic/completeness/completeness-thm.tex","PENDING","","PENDING","PENDING"
"OLP-0135","135","9620cc73f9c8e0ad003c514a5d3748f29611c4c0","content/first-order-logic/completeness/compactness.tex","a872b7018576b26eb53179792e27b5b0af3338b5220712086e1be7d928b3d65c","9051","200","1124","true","true","135","canonical_complete_reader_reachable","Reached by ordered depth-first replay from content/open-logic-about.tex then content/content.tex through uncommented olimport edges.","reader_unit","The Compactness Theorem","fol","0","","","1","content/first-order-logic/completeness/completeness.tex","0","","11","defn:1|document:1|enumerate:1|ex:3|prob:3|proof:1|thm:1","0","0","1","1","1","0","0","0","3","3","1","0","0","0","3","0","142","locale/ar/content/first-order-logic/completeness/compactness.tex","PENDING","","PENDING","locale/fa-IR/content/first-order-logic/completeness/compactness.tex","PENDING","","PENDING","PENDING"
"OLP-0136","136","9620cc73f9c8e0ad003c514a5d3748f29611c4c0","content/first-order-logic/completeness/compactness-direct.tex","e6398fcc96ac7a2e787c5128d1b2dbf8f515dbd0e780004831abcfd0c3f327d8","5558","162","637","true","true","136","canonical_complete_reader_reachable","Reached by ordered depth-first replay from content/open-logic-about.tex then content/content.tex through uncommented olimport edges.","reader_unit","A Direct Proof of the Compactness Theorem","fol","0","","","1","content/first-order-logic/completeness/completeness.tex","0","","17","document:1|enumerate:1|lem:2|prob:8|proof:1|prop:2|tagenumerate:1|thm:1","0","0","1","0","1","2","2","0","0","8","1","0","0","0","19","0","57","locale/ar/content/first-order-logic/completeness/compactness-direct.tex","PENDING","","PENDING","locale/fa-IR/content/first-order-logic/completeness/compactness-direct.tex","PENDING","","PENDING","PENDING"
"OLP-0137","137","9620cc73f9c8e0ad003c514a5d3748f29611c4c0","content/first-order-logic/completeness/downward-ls.tex","6f442281e52dd720acdd540039544c4e8b998906154aa5c4cf7f5da0d9500c48","2658","64","366","true","true","137","canonical_complete_reader_reachable","Reached by ordered depth-first replay from content/open-logic-about.tex then content/content.tex through uncommented olimport edges.","reader_unit","The L\""owenheim--Skolem Theorem","fol","0","","","1","content/first-order-logic/completeness/completeness.tex","0","","6","document:1|ex:1|proof:2|thm:2","0","0","1","0","2","0","0","0","1","0","2","0","0","0","0","0","19","locale/ar/content/first-order-logic/completeness/downward-ls.tex","PENDING","","PENDING","locale/fa-IR/content/first-order-logic/completeness/downward-ls.tex","PENDING","","PENDING","PENDING"
"OLP-0138","138","9620cc73f9c8e0ad003c514a5d3748f29611c4c0","content/first-order-logic/first-order-logic.tex","3fee444ae39c4094bd1bb1963010c0bf6350b5702c79d9e8bc62c430592f527e","1660","60","183","true","true","138","canonical_complete_reader_reachable","Reached by ordered depth-first replay from content/open-logic-about.tex then content/content.tex through uncommented olimport edges.","part_driver","First-order Logic","","11","content/first-order-logic/introduction/introduction.tex|content/first-order-logic/syntax-and-semantics/syntax.tex|content/first-order-logic/syntax-and-semantics/semantics.tex|content/first-order-logic/models-theories/models-theories.tex|content/first-order-logic/proof-systems/proof-systems.tex|content/first-order-logic/sequent-calculus/sequent-calculus.tex|content/first-order-logic/natural-deduction/natural-deduction.tex|content/first-order-logic/tableaux/tableaux.tex|content/first-order-logic/axiomatic-deduction/axiomatic-deduction.tex|content/first-order-logic/completeness/completeness.tex|content/first-order-logic/beyond/beyond.tex","","1","content/content.tex","0","","2","document:1|editorial:1","1","0","0","0","0","0","0","0","0","0","0","0","0","0","0","0","2","locale/ar/content/first-order-logic/first-order-logic.tex","PENDING","","PENDING","locale/fa-IR/content/first-order-logic/first-order-logic.tex","PENDING","","PENDING","PENDING"
"OLP-0139","139","9620cc73f9c8e0ad003c514a5d3748f29611c4c0","content/first-order-logic/introduction/introduction.tex","3da46f27a563094a0904eacf23838c601ce3a22b0db9d82cfe33d95d8a507b95","487","31","28","true","true","139","canonical_complete_reader_reachable","Reached by ordered depth-first replay from content/open-logic-about.tex then content/content.tex through uncommented olimport edges.","chapter_driver","Introduction to First-Order Logic","","9","content/first-order-logic/introduction/first-order-logic.tex|content/first-order-logic/introduction/syntax.tex|content/first-order-logic/introduction/formulas.tex|content/first-order-logic/introduction/satisfaction.tex|content/first-order-logic/introduction/sentences.tex|content/first-order-logic/introduction/semantic-notions.tex|content/first-order-logic/introduction/substitution.tex|content/first-order-logic/introduction/models-theories.tex|content/first-order-logic/introduction/soundness-completeness.tex","","1","content/first-order-logic/first-order-logic.tex","0","","1","document:1","0","1","0","0","0","0","0","0","0","0","0","0","0","0","0","0","0","locale/ar/content/first-order-logic/introduction/introduction.tex","PENDING","","PENDING","locale/fa-IR/content/first-order-logic/introduction/introduction.tex","PENDING","","PENDING","PENDING"
"OLP-0140","140","9620cc73f9c8e0ad003c514a5d3748f29611c4c0","content/first-order-logic/introduction/first-order-logic.tex","32887943e2083de8ae7402ced896b1e5c85beee1c52df199a5dce311cdc91627","4773","89","712","true","true","140","canonical_complete_reader_reachable","Reached by ordered depth-first replay from content/open-logic-about.tex then content/content.tex through uncommented olimport edges.","reader_unit","First-Order Logic","fol","0","","","1","content/first-order-logic/introduction/introduction.tex","0","","2","document:1|itemize:1","0","0","1","0","0","0","0","0","0","0","0","0","0","0","0","1","34","locale/ar/content/first-order-logic/introduction/first-order-logic.tex","PENDING","","PENDING","locale/fa-IR/content/first-order-logic/introduction/first-order-logic.tex","PENDING","","PENDING","PENDING"
"OLP-0141","141","9620cc73f9c8e0ad003c514a5d3748f29611c4c0","content/first-order-logic/introduction/syntax.tex","91d8aaea25b2d821af6aa8016f994b2e0abbf5cd2debdef7354409fa8ce767d8","2894","55","433","true","true","141","canonical_complete_reader_reachable","Reached by ordered depth-first replay from content/open-logic-about.tex then content/content.tex through uncommented olimport edges.","reader_unit","Syntax","fol","0","","","1","content/first-order-logic/introduction/introduction.tex","0","","1","document:1","0","0","1","0","0","0","0","0","0","0","0","0","0","0","0","0","16","locale/ar/content/first-order-logic/introduction/syntax.tex","PENDING","","PENDING","locale/fa-IR/content/first-order-logic/introduction/syntax.tex","PENDING","","PENDING","PENDING"
"OLP-0142","142","9620cc73f9c8e0ad003c514a5d3748f29611c4c0","content/first-order-logic/introduction/formulas.tex","43b36e58c2cf5bd1c22018eb0a758d0ed31ab304dc1b3d5532358f6e9703a7c1","4365","90","608","true","true","142","canonical_complete_reader_reachable","Reached by ordered depth-first replay from content/open-logic-about.tex then content/content.tex through uncommented olimport edges.","reader_unit","","fol","0","","","1","content/first-order-logic/introduction/introduction.tex","0","","3","defn:1|document:1|enumerate:1","0","0","1","1","0","0","0","0","0","0","0","0","0","0","7","0","38","locale/ar/content/first-order-logic/introduction/formulas.tex","PENDING","","PENDING","locale/fa-IR/content/first-order-logic/introduction/formulas.tex","PENDING","","PENDING","PENDING"
"OLP-0143","143","9620cc73f9c8e0ad003c514a5d3748f29611c4c0","content/first-order-logic/introduction/satisfaction.tex","7131c06390c685ff0af79611754cf0b98a22dd8a77256a332c84bf39e2f5cc0a","6008","115","836","true","true","143","canonical_complete_reader_reachable","Reached by ordered depth-first replay from content/open-logic-about.tex then content/content.tex through uncommented olimport edges.","reader_unit","Satisfaction","fol","0","","","1","content/first-order-logic/introduction/introduction.tex","0","","4","document:1|enumerate:3","0","0","1","0","0","0","0","0","0","0","0","0","0","0","0","0","103","locale/ar/content/first-order-logic/introduction/satisfaction.tex","PENDING","","PENDING","locale/fa-IR/content/first-order-logic/introduction/satisfaction.tex","PENDING","","PENDING","PENDING"
"OLP-0144","144","9620cc73f9c8e0ad003c514a5d3748f29611c4c0","content/first-order-logic/introduction/sentences.tex","e02b1d562648ce99867d653622b5c8bcb4cd4eeb9e02d335fa59715e193b3cc9","2790","59","429","true","true","144","canonical_complete_reader_reachable","Reached by ordered depth-first replay from content/open-logic-about.tex then content/content.tex through uncommented olimport edges.","reader_unit","","fol","0","","","1","content/first-order-logic/introduction/introduction.tex","0","","2","document:1|enumerate:1","0","0","1","0","0","0","0","0","0","0","0","0","0","0","0","0","33","locale/ar/content/first-order-logic/introduction/sentences.tex","PENDING","","PENDING","locale/fa-IR/content/first-order-logic/introduction/sentences.tex","PENDING","","PENDING","PENDING"
"OLP-0145","145","9620cc73f9c8e0ad003c514a5d3748f29611c4c0","content/first-order-logic/introduction/semantic-notions.tex","5b59ab9c84aad202080a9a834229b1310ba7fb18cbc6891024c072723b9fbadd","2402","49","363","true","true","145","canonical_complete_reader_reachable","Reached by ordered depth-first replay from content/open-logic-about.tex then content/content.tex through uncommented olimport edges.","reader_unit","Semantic Notions","fol","0","","","1","content/first-order-logic/introduction/introduction.tex","0","","1","document:1","0","0","1","0","0","0","0","0","0","0","0","0","0","0","0","0","17","locale/ar/content/first-order-logic/introduction/semantic-notions.tex","PENDING","","PENDING","locale/fa-IR/content/first-order-logic/introduction/semantic-notions.tex","PENDING","","PENDING","PENDING"
"OLP-0146","146","9620cc73f9c8e0ad003c514a5d3748f29611c4c0","content/first-order-logic/introduction/substitution.tex","d1e27e94b43fda8329176530bfa9528c859d444123257a7408d5a979151b8941","2335","48","364","true","true","146","canonical_complete_reader_reachable","Reached by ordered depth-first replay from content/open-logic-about.tex then content/content.tex through uncommented olimport edges.","reader_unit","Substitution","fol","0","","","1","content/first-order-logic/introduction/introduction.tex","0","","1","document:1","0","0","1","0","0","0","0","0","0","0","0","0","0","0","0","0","36","locale/ar/content/first-order-logic/introduction/substitution.tex","PENDING","","PENDING","locale/fa-IR/content/first-order-logic/introduction/substitution.tex","PENDING","","PENDING","PENDING"
"OLP-0147","147","9620cc73f9c8e0ad003c514a5d3748f29611c4c0","content/first-order-logic/introduction/models-theories.tex","9207639415c1946c70ead4464cefaec9ed2972f35121e88272980b6c9a076ca8","3830","71","567","true","true","147","canonical_complete_reader_reachable","Reached by ordered depth-first replay from content/open-logic-about.tex then content/content.tex through uncommented olimport edges.","reader_unit","Models and Theories","fol","0","","","1","content/first-order-logic/introduction/introduction.tex","0","","2","align*:1|document:1","0","0","1","0","0","0","0","0","0","0","0","0","0","0","0","0","34","locale/ar/content/first-order-logic/introduction/models-theories.tex","PENDING","","PENDING","locale/fa-IR/content/first-order-logic/introduction/models-theories.tex","PENDING","","PENDING","PENDING"
"OLP-0148","148","9620cc73f9c8e0ad003c514a5d3748f29611c4c0","content/first-order-logic/introduction/soundness-completeness.tex","49f9a2fb437d680d3e796d72b46d1bc1c5a60c58e3e13ac2e19e6bac6976336e","3544","69","495","true","true","148","canonical_complete_reader_reachable","Reached by ordered depth-first replay from content/open-logic-about.tex then content/content.tex through uncommented olimport edges.","reader_unit","Soundness and Completeness","fol","0","","","1","content/first-order-logic/introduction/introduction.tex","0","","1","document:1","0","0","1","0","0","0","0","0","0","0","0","0","0","0","0","0","21","locale/ar/content/first-order-logic/introduction/soundness-completeness.tex","PENDING","","PENDING","locale/fa-IR/content/first-order-logic/introduction/soundness-completeness.tex","PENDING","","PENDING","PENDING"
"OLP-0149","149","9620cc73f9c8e0ad003c514a5d3748f29611c4c0","content/first-order-logic/syntax-and-semantics/syntax.tex","75c0e56b3d2f9557e39b9006855f371e6c8f04e8ef9817affd70a793613930ab","497","31","32","true","true","149","canonical_complete_reader_reachable","Reached by ordered depth-first replay from content/open-logic-about.tex then content/content.tex through uncommented olimport edges.","chapter_driver","Syntax of First-Order Logic","","9","content/first-order-logic/syntax-and-semantics/intro-syntax.tex|content/first-order-logic/syntax-and-semantics/first-order-languages.tex|content/first-order-logic/syntax-and-semantics/terms-formulas.tex|content/first-order-logic/syntax-and-semantics/unique-readability.tex|content/first-order-logic/syntax-and-semantics/main-operator.tex|content/first-order-logic/syntax-and-semantics/subformulas.tex|content/first-order-logic/syntax-and-semantics/formation-sequences.tex|content/first-order-logic/syntax-and-semantics/free-vars-sentences.tex|content/first-order-logic/syntax-and-semantics/substitution.tex","","1","content/first-order-logic/first-order-logic.tex","0","","1","document:1","0","1","0","0","0","0","0","0","0","0","0","0","0","0","0","0","0","locale/ar/content/first-order-logic/syntax-and-semantics/syntax.tex","PENDING","","PENDING","locale/fa-IR/content/first-order-logic/syntax-and-semantics/syntax.tex","PENDING","","PENDING","PENDING"
"OLP-0150","150","9620cc73f9c8e0ad003c514a5d3748f29611c4c0","content/first-order-logic/syntax-and-semantics/intro-syntax.tex","ba7dcce5f1e3340374ff693a1c22c5bf4ccb0c2709cd8c6d50474d4982f7cdfc","1473","34","203","true","true","150","canonical_complete_reader_reachable","Reached by ordered depth-first replay from content/open-logic-about.tex then content/content.tex through uncommented olimport edges.","reader_unit","Introduction","fol","0","","","1","content/first-order-logic/syntax-and-semantics/syntax.tex","0","","1","document:1","0","0","1","0","0","0","0","0","0","0","0","0","0","0","0","0","0","locale/ar/content/first-order-logic/syntax-and-semantics/intro-syntax.tex","PENDING","","PENDING","locale/fa-IR/content/first-order-logic/syntax-and-semantics/intro-syntax.tex","PENDING","","PENDING","PENDING"
"OLP-0151","151","9620cc73f9c8e0ad003c514a5d3748f29611c4c0","content/first-order-logic/syntax-and-semantics/first-order-languages.tex","582ea4b3b243fe2ee4eb627630172f77f014d4f7d7c93cd13fdb2bb70844c447","6879","160","752","true","true","151","canonical_complete_reader_reachable","Reached by ordered depth-first replay from content/open-logic-about.tex then content/content.tex through uncommented olimport edges.","reader_unit","First-Order Languages","fol","0","","","2","content/first-order-logic/syntax-and-semantics/syntax-and-semantics.tex|content/first-order-logic/syntax-and-semantics/syntax.tex","0","","12","document:1|enumerate:3|ex:3|explain:3|intro:1|tagblock:1","0","0","1","0","0","0","0","0","3","0","0","0","0","0","0","0","95","locale/ar/content/first-order-logic/syntax-and-semantics/first-order-languages.tex","PENDING","","PENDING","locale/fa-IR/content/first-order-logic/syntax-and-semantics/first-order-languages.tex","PENDING","","PENDING","PENDING"
"OLP-0152","152","9620cc73f9c8e0ad003c514a5d3748f29611c4c0","content/first-order-logic/syntax-and-semantics/terms-formulas.tex","0b607ce2324ca66b23b164684f4f35b127107b903bbbd567eb25e94c2ce70210","9146","238","1166","true","true","152","canonical_complete_reader_reachable","Reached by ordered depth-first replay from content/open-logic-about.tex then content/content.tex through uncommented olimport edges.","reader_unit","","fol","0","","","2","content/first-order-logic/syntax-and-semantics/syntax-and-semantics.tex|content/first-order-logic/syntax-and-semantics/syntax.tex","0","","17","defn:4|document:1|enumerate:4|explain:2|intro:1|lem:2|prob:1|tagblock:1|tagenumerate:1","0","0","1","4","0","0","2","0","0","1","0","0","0","0","1","0","154","locale/ar/content/first-order-logic/syntax-and-semantics/terms-formulas.tex","PENDING","","PENDING","locale/fa-IR/content/first-order-logic/syntax-and-semantics/terms-formulas.tex","PENDING","","PENDING","PENDING"
"OLP-0153","153","9620cc73f9c8e0ad003c514a5d3748f29611c4c0","content/first-order-logic/syntax-and-semantics/unique-readability.tex","f2ad2961312808ef6c8dedc884c9f8e00a2be9ef993cfb7be748a9d253d84e66","7867","204","1104","true","true","153","canonical_complete_reader_reachable","Reached by ordered depth-first replay from content/open-logic-about.tex then content/content.tex through uncommented olimport edges.","reader_unit","Unique Readability","fol","0","","","2","content/first-order-logic/syntax-and-semantics/syntax-and-semantics.tex|content/first-order-logic/syntax-and-semantics/syntax.tex","0","","19","defn:1|document:1|enumerate:4|explain:1|lem:2|prob:3|proof:4|prop:2|quote:1","0","0","1","1","0","2","2","0","0","3","4","0","0","0","4","0","130","locale/ar/content/first-order-logic/syntax-and-semantics/unique-readability.tex","PENDING","","PENDING","locale/fa-IR/content/first-order-logic/syntax-and-semantics/unique-readability.tex","PENDING","","PENDING","PENDING"
"OLP-0154","154","9620cc73f9c8e0ad003c514a5d3748f29611c4c0","content/first-order-logic/syntax-and-semantics/main-operator.tex","1bc4cc76cc670fdb1069ca53312d13dfcf2ea8444adbb3d9ef4b8d31a5da41fc","3728","102","428","true","true","154","canonical_complete_reader_reachable","Reached by ordered depth-first replay from content/open-logic-about.tex then content/content.tex through uncommented olimport edges.","reader_unit","","fol","0","","","2","content/first-order-logic/syntax-and-semantics/syntax-and-semantics.tex|content/first-order-logic/syntax-and-semantics/syntax.tex","0","","7","defn:1|document:1|enumerate:1|explain:2|table:1|tabular:1","0","0","1","1","0","0","0","0","0","0","0","0","0","0","2","0","52","locale/ar/content/first-order-logic/syntax-and-semantics/main-operator.tex","PENDING","","PENDING","locale/fa-IR/content/first-order-logic/syntax-and-semantics/main-operator.tex","PENDING","","PENDING","PENDING"
"OLP-0155","155","9620cc73f9c8e0ad003c514a5d3748f29611c4c0","content/first-order-logic/syntax-and-semantics/subformulas.tex","4c43825e4c236e55d25092ff1f5b68ed38a3f1e9ae8ed12fc2e14f3a03fc6c77","4078","112","536","true","true","155","canonical_complete_reader_reachable","Reached by ordered depth-first replay from content/open-logic-about.tex then content/content.tex through uncommented olimport edges.","reader_unit","","fol","0","","","2","content/first-order-logic/syntax-and-semantics/syntax-and-semantics.tex|content/first-order-logic/syntax-and-semantics/syntax.tex","0","","12","defn:3|document:1|enumerate:2|explain:2|prob:2|prop:2","0","0","1","3","0","2","0","0","0","2","0","0","0","0","2","0","49","locale/ar/content/first-order-logic/syntax-and-semantics/subformulas.tex","PENDING","","PENDING","locale/fa-IR/content/first-order-logic/syntax-and-semantics/subformulas.tex","PENDING","","PENDING","PENDING"
"OLP-0156","156","9620cc73f9c8e0ad003c514a5d3748f29611c4c0","content/first-order-logic/syntax-and-semantics/formation-sequences.tex","dc1735bb077f5086c6fd6e2f968591415a9cba90b65bc0a3d412742cc62bc6ff","10352","279","1342","true","true","156","canonical_complete_reader_reachable","Reached by ordered depth-first replay from content/open-logic-about.tex then content/content.tex through uncommented olimport edges.","reader_unit","Formation Sequences","fol","0","","","2","content/first-order-logic/syntax-and-semantics/syntax-and-semantics.tex|content/first-order-logic/syntax-and-semantics/syntax.tex","0","","27","defn:4|document:1|enumerate:4|ex:3|history:1|lem:1|multline*:1|prob:3|proof:5|prop:3|thm:1","0","0","1","4","1","3","1","0","3","3","5","0","0","0","6","2","138","locale/ar/content/first-order-logic/syntax-and-semantics/formation-sequences.tex","PENDING","","PENDING","locale/fa-IR/content/first-order-logic/syntax-and-semantics/formation-sequences.tex","PENDING","","PENDING","PENDING"
"OLP-0157","157","9620cc73f9c8e0ad003c514a5d3748f29611c4c0","content/first-order-logic/syntax-and-semantics/free-vars-sentences.tex","ea6bea6e587867742143e68dd69a2674fc1544ffaae27236ba1f517fe516bf1f","3835","103","455","true","true","157","canonical_complete_reader_reachable","Reached by ordered depth-first replay from content/open-logic-about.tex then content/content.tex through uncommented olimport edges.","reader_unit","","fol","0","","","2","content/first-order-logic/syntax-and-semantics/syntax-and-semantics.tex|content/first-order-logic/syntax-and-semantics/syntax.tex","0","","8","defn:4|document:1|enumerate:1|ex:1|prob:1","0","0","1","4","0","0","0","0","1","1","0","0","0","0","1","0","67","locale/ar/content/first-order-logic/syntax-and-semantics/free-vars-sentences.tex","PENDING","","PENDING","locale/fa-IR/content/first-order-logic/syntax-and-semantics/free-vars-sentences.tex","PENDING","","PENDING","PENDING"
"OLP-0158","158","9620cc73f9c8e0ad003c514a5d3748f29611c4c0","content/first-order-logic/syntax-and-semantics/substitution.tex","19393c28f5f036da9c43ce10bfb5f1b2f330dca8cb2ad950d98eab5b1b7e83b2","4835","127","634","true","true","158","canonical_complete_reader_reachable","Reached by ordered depth-first replay from content/open-logic-about.tex then content/content.tex through uncommented olimport edges.","reader_unit","Substitution","fol","0","","","2","content/first-order-logic/syntax-and-semantics/syntax-and-semantics.tex|content/first-order-logic/syntax-and-semantics/syntax.tex","0","","9","defn:3|document:1|enumerate:3|ex:1|explain:1","0","0","1","3","0","0","0","0","1","0","0","0","0","0","0","0","109","locale/ar/content/first-order-logic/syntax-and-semantics/substitution.tex","PENDING","","PENDING","locale/fa-IR/content/first-order-logic/syntax-and-semantics/substitution.tex","PENDING","","PENDING","PENDING"
"OLP-0159","159","9620cc73f9c8e0ad003c514a5d3748f29611c4c0","content/first-order-logic/syntax-and-semantics/semantics.tex","d863c375746602be962b1b45545d8a51e72f9d0d9dca516f434152131b4107ec","430","27","24","true","true","159","canonical_complete_reader_reachable","Reached by ordered depth-first replay from content/open-logic-about.tex then content/content.tex through uncommented olimport edges.","chapter_driver","Semantics of First-Order Logic","","7","content/first-order-logic/syntax-and-semantics/intro-semantics.tex|content/first-order-logic/syntax-and-semantics/structures.tex|content/first-order-logic/syntax-and-semantics/covered-structures.tex|content/first-order-logic/syntax-and-semantics/satisfaction.tex|content/first-order-logic/syntax-and-semantics/assignments.tex|content/first-order-logic/syntax-and-semantics/extensionality.tex|content/first-order-logic/syntax-and-semantics/semantic-notions.tex","","1","content/first-order-logic/first-order-logic.tex","0","","1","document:1","0","1","0","0","0","0","0","0","0","0","0","0","0","0","0","0","0","locale/ar/content/first-order-logic/syntax-and-semantics/semantics.tex","PENDING","","PENDING","locale/fa-IR/content/first-order-logic/syntax-and-semantics/semantics.tex","PENDING","","PENDING","PENDING"
"OLP-0160","160","9620cc73f9c8e0ad003c514a5d3748f29611c4c0","content/first-order-logic/syntax-and-semantics/intro-semantics.tex","0bcf5a399c46716183aba26ed6d331abae45bdb63ed5bb26b3a7085b840e86e4","2415","48","351","true","true","160","canonical_complete_reader_reachable","Reached by ordered depth-first replay from content/open-logic-about.tex then content/content.tex through uncommented olimport edges.","reader_unit","Introduction","fol","0","","","1","content/first-order-logic/syntax-and-semantics/semantics.tex","0","","1","document:1","0","0","1","0","0","0","0","0","0","0","0","0","0","0","0","0","13","locale/ar/content/first-order-logic/syntax-and-semantics/intro-semantics.tex","PENDING","","PENDING","locale/fa-IR/content/first-order-logic/syntax-and-semantics/intro-semantics.tex","PENDING","","PENDING","PENDING"
"OLP-0161","161","9620cc73f9c8e0ad003c514a5d3748f29611c4c0","content/first-order-logic/syntax-and-semantics/structures.tex","653be0fbc8ef1d61d9f39e7515bd1b1b1911f42147e0131a3235670e677cc241","5060","110","616","true","true","161","canonical_complete_reader_reachable","Reached by ordered depth-first replay from content/open-logic-about.tex then content/content.tex through uncommented olimport edges.","reader_unit","","fol","0","","","2","content/first-order-logic/syntax-and-semantics/semantics.tex|content/first-order-logic/syntax-and-semantics/syntax-and-semantics.tex","0","","9","defn:1|digress:1|document:1|enumerate:3|ex:2|explain:1","0","0","1","1","0","0","0","0","2","0","0","0","0","0","0","0","68","locale/ar/content/first-order-logic/syntax-and-semantics/structures.tex","PENDING","","PENDING","locale/fa-IR/content/first-order-logic/syntax-and-semantics/structures.tex","PENDING","","PENDING","PENDING"
"OLP-0162","162","9620cc73f9c8e0ad003c514a5d3748f29611c4c0","content/first-order-logic/syntax-and-semantics/covered-structures.tex","47b8c3e2f2455d6fdefbf11157cae904e95c858545997fd9b22e7a2a8a1948d7","2718","73","278","true","true","162","canonical_complete_reader_reachable","Reached by ordered depth-first replay from content/open-logic-about.tex then content/content.tex through uncommented olimport edges.","reader_unit","","fol","0","","","2","content/first-order-logic/syntax-and-semantics/semantics.tex|content/first-order-logic/syntax-and-semantics/syntax-and-semantics.tex","0","","9","aligned:1|defn:2|document:1|enumerate:1|ex:1|explain:1|multline*:1|prob:1","0","0","1","2","0","0","0","0","1","1","0","0","0","0","0","0","42","locale/ar/content/first-order-logic/syntax-and-semantics/covered-structures.tex","PENDING","","PENDING","locale/fa-IR/content/first-order-logic/syntax-and-semantics/covered-structures.tex","PENDING","","PENDING","PENDING"
"OLP-0163","163","9620cc73f9c8e0ad003c514a5d3748f29611c4c0","content/first-order-logic/syntax-and-semantics/satisfaction.tex","e44b0bea8c5d130077516bc8d757f46d4b337517aab77049841581313820fd32","17320","422","2442","true","true","163","canonical_complete_reader_reachable","Reached by ordered depth-first replay from content/open-logic-about.tex then content/content.tex through uncommented olimport edges.","reader_unit","","fol","0","","","2","content/first-order-logic/syntax-and-semantics/semantics.tex|content/first-order-logic/syntax-and-semantics/syntax-and-semantics.tex","0","","26","align*:3|cases:1|defn:5|document:1|enumerate:4|ex:1|explain:4|prob:3|proof:2|prop:2","0","0","1","5","0","2","0","0","1","3","2","0","0","0","2","0","284","locale/ar/content/first-order-logic/syntax-and-semantics/satisfaction.tex","PENDING","","PENDING","locale/fa-IR/content/first-order-logic/syntax-and-semantics/satisfaction.tex","PENDING","","PENDING","PENDING"
"OLP-0164","164","9620cc73f9c8e0ad003c514a5d3748f29611c4c0","content/first-order-logic/syntax-and-semantics/assignments.tex","158d852e2ead50b060a48332cac8c72c475cfc206d3dab7aac24a01be3ff1771","14486","354","1872","true","true","164","canonical_complete_reader_reachable","Reached by ordered depth-first replay from content/open-logic-about.tex then content/content.tex through uncommented olimport edges.","reader_unit","Variable Assignments","fol","0","","","2","content/first-order-logic/syntax-and-semantics/semantics.tex|content/first-order-logic/syntax-and-semantics/syntax-and-semantics.tex","0","","26","align*:2|cor:1|defn:2|document:1|enumerate:3|explain:2|prob:4|probtag:1|proof:5|prop:4|tagenumerate:1","0","0","1","2","0","4","0","1","0","4","5","0","0","0","7","0","287","locale/ar/content/first-order-logic/syntax-and-semantics/assignments.tex","PENDING","","PENDING","locale/fa-IR/content/first-order-logic/syntax-and-semantics/assignments.tex","PENDING","","PENDING","PENDING"
"OLP-0165","165","9620cc73f9c8e0ad003c514a5d3748f29611c4c0","content/first-order-logic/syntax-and-semantics/extensionality.tex","b96be00c844c1a06be3dc8c18e237fdb595ed60b18462b01bca43e6886d1da4d","5350","138","715","true","true","165","canonical_complete_reader_reachable","Reached by ordered depth-first replay from content/open-logic-about.tex then content/content.tex through uncommented olimport edges.","reader_unit","Extensionality","fol","0","","","2","content/first-order-logic/syntax-and-semantics/semantics.tex|content/first-order-logic/syntax-and-semantics/syntax-and-semantics.tex","0","","16","aligned:1|cor:1|document:1|enumerate:1|explain:2|multline*:1|prob:2|proof:4|prop:3","0","0","1","0","0","3","0","1","0","2","4","0","0","0","7","0","85","locale/ar/content/first-order-logic/syntax-and-semantics/extensionality.tex","PENDING","","PENDING","locale/fa-IR/content/first-order-logic/syntax-and-semantics/extensionality.tex","PENDING","","PENDING","PENDING"
"OLP-0166","166","9620cc73f9c8e0ad003c514a5d3748f29611c4c0","content/first-order-logic/syntax-and-semantics/semantic-notions.tex","8b8740c064a3a876ff0cdf5dacd51bb8d3bbba87256fe49180de5f7c80fe08dd","6179","158","686","true","true","166","canonical_complete_reader_reachable","Reached by ordered depth-first replay from content/open-logic-about.tex then content/content.tex through uncommented olimport edges.","reader_unit","Semantic Notions","fol","0","","","2","content/first-order-logic/syntax-and-semantics/semantics.tex|content/first-order-logic/syntax-and-semantics/syntax-and-semantics.tex","0","","20","defn:3|document:1|enumerate:1|explain:1|prob:1|probtag:1|proof:5|prop:4|tagenumerate:2|thm:1","0","0","1","3","1","4","0","0","0","1","5","0","0","0","6","0","121","locale/ar/content/first-order-logic/syntax-and-semantics/semantic-notions.tex","PENDING","","PENDING","locale/fa-IR/content/first-order-logic/syntax-and-semantics/semantic-notions.tex","PENDING","","PENDING","PENDING"
"OLP-0167","167","9620cc73f9c8e0ad003c514a5d3748f29611c4c0","content/first-order-logic/models-theories/models-theories.tex","a3a51cfc65725adf5e09f41af5e24114847757effad8d2c49827bb427e16da6f","418","25","26","true","true","167","canonical_complete_reader_reachable","Reached by ordered depth-first replay from content/open-logic-about.tex then content/content.tex through uncommented olimport edges.","chapter_driver","Theories and Their Models","","6","content/first-order-logic/models-theories/introduction.tex|content/first-order-logic/models-theories/expressing-props-of-structures.tex|content/first-order-logic/models-theories/theories.tex|content/first-order-logic/models-theories/expressing-relations.tex|content/first-order-logic/models-theories/set-theory.tex|content/first-order-logic/models-theories/size-of-structures.tex","","1","content/first-order-logic/first-order-logic.tex","0","","1","document:1","0","1","0","0","0","0","0","0","0","0","0","0","0","0","0","0","0","locale/ar/content/first-order-logic/models-theories/models-theories.tex","PENDING","","PENDING","locale/fa-IR/content/first-order-logic/models-theories/models-theories.tex","PENDING","","PENDING","PENDING"
"OLP-0168","168","9620cc73f9c8e0ad003c514a5d3748f29611c4c0","content/first-order-logic/models-theories/introduction.tex","56518e9cb660f5393a035d369656023c1e2301db8eb220c642131a14a5cdc8d8","5215","102","782","true","true","168","canonical_complete_reader_reachable","Reached by ordered depth-first replay from content/open-logic-about.tex then content/content.tex through uncommented olimport edges.","reader_unit","Introduction","fol","0","","","1","content/first-order-logic/models-theories/models-theories.tex","0","","5","defn:1|document:1|enumerate:1|explain:2","0","0","1","1","0","0","0","0","0","0","0","0","0","0","0","0","28","locale/ar/content/first-order-logic/models-theories/introduction.tex","PENDING","","PENDING","locale/fa-IR/content/first-order-logic/models-theories/introduction.tex","PENDING","","PENDING","PENDING"
"OLP-0169","169","9620cc73f9c8e0ad003c514a5d3748f29611c4c0","content/first-order-logic/models-theories/expressing-props-of-structures.tex","939bbd9f240291eefaf1926db84c710e635642e1c0b083d6bb8fd7c62b302db0","2967","66","403","true","true","169","canonical_complete_reader_reachable","Reached by ordered depth-first replay from content/open-logic-about.tex then content/content.tex through uncommented olimport edges.","reader_unit","","fol","0","","","1","content/first-order-logic/models-theories/models-theories.tex","0","","5","align*:1|defn:1|document:1|ex:1|explain:1","0","0","1","1","0","0","0","0","1","0","0","0","0","0","0","0","25","locale/ar/content/first-order-logic/models-theories/expressing-props-of-structures.tex","PENDING","","PENDING","locale/fa-IR/content/first-order-logic/models-theories/expressing-props-of-structures.tex","PENDING","","PENDING","PENDING"
"OLP-0170","170","9620cc73f9c8e0ad003c514a5d3748f29611c4c0","content/first-order-logic/models-theories/theories.tex","0d47cc25cb7555009033f6dd8131beddfe7a36d514989154d241d98c3ae92536","6253","144","858","true","true","170","canonical_complete_reader_reachable","Reached by ordered depth-first replay from content/open-logic-about.tex then content/content.tex through uncommented olimport edges.","reader_unit","Examples of First-Order Theories","fol","0","","","1","content/first-order-logic/models-theories/models-theories.tex","0","","11","align*:5|document:1|ex:5","0","0","1","0","0","0","0","0","5","0","0","0","0","0","0","0","40","locale/ar/content/first-order-logic/models-theories/theories.tex","PENDING","","PENDING","locale/fa-IR/content/first-order-logic/models-theories/theories.tex","PENDING","","PENDING","PENDING"
"OLP-0171","171","9620cc73f9c8e0ad003c514a5d3748f29611c4c0","content/first-order-logic/models-theories/expressing-relations.tex","4463b194f95a1e7649f0ee833e2851273e78e760d9db32f67f925c8d551daa7d","5120","123","655","true","true","171","canonical_complete_reader_reachable","Reached by ordered depth-first replay from content/open-logic-about.tex then content/content.tex through uncommented olimport edges.","reader_unit","","fol","0","","","1","content/first-order-logic/models-theories/models-theories.tex","0","","11","defn:1|document:1|enumerate:3|ex:1|explain:2|prob:3","0","0","1","1","0","0","0","0","1","3","0","0","0","0","0","0","92","locale/ar/content/first-order-logic/models-theories/expressing-relations.tex","PENDING","","PENDING","locale/fa-IR/content/first-order-logic/models-theories/expressing-relations.tex","PENDING","","PENDING","PENDING"
"OLP-0172","172","9620cc73f9c8e0ad003c514a5d3748f29611c4c0","content/first-order-logic/models-theories/set-theory.tex","c252116bc14449400e362e11e002d865f58e59177215cab085ceaec7ae9d2aa3","8490","183","1283","true","true","172","canonical_complete_reader_reachable","Reached by ordered depth-first replay from content/open-logic-about.tex then content/content.tex through uncommented olimport edges.","reader_unit","The Theory of Sets","fol","0","","","1","content/first-order-logic/models-theories/models-theories.tex","0","","5","align*:2|document:1|multline*:1|prob:1","0","0","1","0","0","0","0","0","0","1","0","0","0","0","0","0","110","locale/ar/content/first-order-logic/models-theories/set-theory.tex","PENDING","","PENDING","locale/fa-IR/content/first-order-logic/models-theories/set-theory.tex","PENDING","","PENDING","PENDING"
"OLP-0173","173","9620cc73f9c8e0ad003c514a5d3748f29611c4c0","content/first-order-logic/models-theories/size-of-structures.tex","b63fc24a59388785180fe06e738b2b2e0e61c05896050bbfb1959fd6ddcf0060","2448","73","276","true","true","173","canonical_complete_reader_reachable","Reached by ordered depth-first replay from content/open-logic-about.tex then content/content.tex through uncommented olimport edges.","reader_unit","","fol","0","","","1","content/first-order-logic/models-theories/models-theories.tex","0","","9","aligned:2|document:1|explain:1|multline*:2|prop:3","0","0","1","0","0","3","0","0","0","0","0","0","0","0","0","0","15","locale/ar/content/first-order-logic/models-theories/size-of-structures.tex","PENDING","","PENDING","locale/fa-IR/content/first-order-logic/models-theories/size-of-structures.tex","PENDING","","PENDING","PENDING"
"OLP-0174","174","9620cc73f9c8e0ad003c514a5d3748f29611c4c0","content/first-order-logic/beyond/beyond.tex","01c5b0b8dfff784fd345633ad6f9ec678b48cd6185a6912e8fc9ab317f61403e","856","36","91","true","true","174","canonical_complete_reader_reachable","Reached by ordered depth-first replay from content/open-logic-about.tex then content/content.tex through uncommented olimport edges.","chapter_driver","Beyond First-order Logic","","7","content/first-order-logic/beyond/introduction.tex|content/first-order-logic/beyond/many-sorted-logic.tex|content/first-order-logic/beyond/second-order-logic.tex|content/first-order-logic/beyond/higher-order-logic.tex|content/first-order-logic/beyond/intuitionistic-logic.tex|content/first-order-logic/beyond/modal-logics.tex|content/first-order-logic/beyond/other-logics.tex","","1","content/first-order-logic/first-order-logic.tex","0","","2","document:1|editorial:1","0","1","0","0","0","0","0","0","0","0","0","0","0","0","0","0","0","locale/ar/content/first-order-logic/beyond/beyond.tex","PENDING","","PENDING","locale/fa-IR/content/first-order-logic/beyond/beyond.tex","PENDING","","PENDING","PENDING"
"OLP-0175","175","9620cc73f9c8e0ad003c514a5d3748f29611c4c0","content/first-order-logic/beyond/introduction.tex","84223ddeb7093a489e9130870be10bf99d6082762db58dff7763044c3ce6039e","2558","51","385","true","true","175","canonical_complete_reader_reachable","Reached by ordered depth-first replay from content/open-logic-about.tex then content/content.tex through uncommented olimport edges.","reader_unit","Overview","fol","0","","","1","content/first-order-logic/beyond/beyond.tex","0","","1","document:1","0","0","1","0","0","0","0","0","0","0","0","0","0","0","0","0","0","locale/ar/content/first-order-logic/beyond/introduction.tex","PENDING","","PENDING","locale/fa-IR/content/first-order-logic/beyond/introduction.tex","PENDING","","PENDING","PENDING"
"OLP-0176","176","9620cc73f9c8e0ad003c514a5d3748f29611c4c0","content/first-order-logic/beyond/many-sorted-logic.tex","00d702a1e3ddd4f8e98ddb1f01b5ddffe140ce3e32a40acad54dbe1e4ba64f98","3269","68","472","true","true","176","canonical_complete_reader_reachable","Reached by ordered depth-first replay from content/open-logic-about.tex then content/content.tex through uncommented olimport edges.","reader_unit","Many-Sorted Logic","fol","0","","","1","content/first-order-logic/beyond/beyond.tex","0","","1","document:1","0","0","1","0","0","0","0","0","0","0","0","0","0","0","0","0","14","locale/ar/content/first-order-logic/beyond/many-sorted-logic.tex","PENDING","","PENDING","locale/fa-IR/content/first-order-logic/beyond/many-sorted-logic.tex","PENDING","","PENDING","PENDING"
"OLP-0177","177","9620cc73f9c8e0ad003c514a5d3748f29611c4c0","content/first-order-logic/beyond/second-order-logic.tex","c5a38313f00a864f10c9f7005a8f8ad4ef9ca2289690f0222f66cae6fa2af8cf","12655","246","1872","true","true","177","canonical_complete_reader_reachable","Reached by ordered depth-first replay from content/open-logic-about.tex then content/content.tex through uncommented olimport edges.","reader_unit","Second-Order logic","fol","0","","","1","content/first-order-logic/beyond/beyond.tex","0","","4","document:1|enumerate:3","0","0","1","0","0","0","0","0","0","0","0","0","0","0","0","0","103","locale/ar/content/first-order-logic/beyond/second-order-logic.tex","PENDING","","PENDING","locale/fa-IR/content/first-order-logic/beyond/second-order-logic.tex","PENDING","","PENDING","PENDING"
"OLP-0178","178","9620cc73f9c8e0ad003c514a5d3748f29611c4c0","content/first-order-logic/beyond/higher-order-logic.tex","52968463dd9b903b6ad2bcf76b0cb5c71d222d2c439855672f5216fac8335692","6298","126","918","true","true","178","canonical_complete_reader_reachable","Reached by ordered depth-first replay from content/open-logic-about.tex then content/content.tex through uncommented olimport edges.","reader_unit","Higher-Order logic","fol","0","","","1","content/first-order-logic/beyond/beyond.tex","0","","5","align*:1|document:1|enumerate:2|quote:1","0","0","1","0","0","0","0","0","0","0","0","0","0","0","0","0","90","locale/ar/content/first-order-logic/beyond/higher-order-logic.tex","PENDING","","PENDING","locale/fa-IR/content/first-order-logic/beyond/higher-order-logic.tex","PENDING","","PENDING","PENDING"
"OLP-0179","179","9620cc73f9c8e0ad003c514a5d3748f29611c4c0","content/first-order-logic/beyond/intuitionistic-logic.tex","3230d39434d6ecdbf0e6cd7e0c8b1df843b991e8e2106b1ecd91db9ea4f94cc0","10746","225","1579","true","true","179","canonical_complete_reader_reachable","Reached by ordered depth-first replay from content/open-logic-about.tex then content/content.tex through uncommented olimport edges.","reader_unit","Intuitionistic Logic","fol","0","","","1","content/first-order-logic/beyond/beyond.tex","0","","10","align*:1|document:1|enumerate:3|proof:1|thm:4","0","0","1","0","4","0","0","0","0","0","1","0","0","0","0","0","94","locale/ar/content/first-order-logic/beyond/intuitionistic-logic.tex","PENDING","","PENDING","locale/fa-IR/content/first-order-logic/beyond/intuitionistic-logic.tex","PENDING","","PENDING","PENDING"
"OLP-0180","180","9620cc73f9c8e0ad003c514a5d3748f29611c4c0","content/first-order-logic/beyond/modal-logics.tex","3bfc4f07de2027fd339884563522915e040c5105207a857a65e2b033fef4a1d1","4379","92","637","true","true","180","canonical_complete_reader_reachable","Reached by ordered depth-first replay from content/open-logic-about.tex then content/content.tex through uncommented olimport edges.","reader_unit","Modal Logics","fol","0","","","1","content/first-order-logic/beyond/beyond.tex","0","","4","align*:1|document:1|enumerate:1|quote:1","0","0","1","0","0","0","0","0","0","0","0","0","0","0","0","0","36","locale/ar/content/first-order-logic/beyond/modal-logics.tex","PENDING","","PENDING","locale/fa-IR/content/first-order-logic/beyond/modal-logics.tex","PENDING","","PENDING","PENDING"
"OLP-0181","181","9620cc73f9c8e0ad003c514a5d3748f29611c4c0","content/first-order-logic/beyond/other-logics.tex","bc7394b6a16921b5a7b2dc8129b1a6c8a2b2900dc3a30b886a06ab2028ea7691","1876","43","265","true","true","181","canonical_complete_reader_reachable","Reached by ordered depth-first replay from content/open-logic-about.tex then content/content.tex through uncommented olimport edges.","reader_unit","Other Logics","fol","0","","","1","content/first-order-logic/beyond/beyond.tex","0","","1","document:1","0","0","1","0","0","0","0","0","0","0","0","0","0","0","0","0","0","locale/ar/content/first-order-logic/beyond/other-logics.tex","PENDING","","PENDING","locale/fa-IR/content/first-order-logic/beyond/other-logics.tex","PENDING","","PENDING","PENDING"
"OLP-0182","182","9620cc73f9c8e0ad003c514a5d3748f29611c4c0","content/model-theory/model-theory.tex","d344ffda1bed36ff693a10b8093066703e9f00ce0ca64babaea50d5a2d25613f","821","30","88","true","true","182","canonical_complete_reader_reachable","Reached by ordered depth-first replay from content/open-logic-about.tex then content/content.tex through uncommented olimport edges.","part_driver","Model Theory","","4","content/model-theory/basics/basics.tex|content/model-theory/models-of-arithmetic/models-of-arithmetic.tex|content/model-theory/interpolation/interpolation.tex|content/model-theory/lindstrom/lindstrom.tex","","1","content/content.tex","0","","2","document:1|editorial:1","1","0","0","0","0","0","0","0","0","0","0","0","0","0","0","0","0","locale/ar/content/model-theory/model-theory.tex","PENDING","","PENDING","locale/fa-IR/content/model-theory/model-theory.tex","PENDING","","PENDING","PENDING"
"OLP-0183","183","9620cc73f9c8e0ad003c514a5d3748f29611c4c0","content/model-theory/basics/basics.tex","dbaab317a40a064d1325f5f071b3be75c7a3fa581423f7a2551cf9f4b06873b4","436","29","25","true","true","183","canonical_complete_reader_reachable","Reached by ordered depth-first replay from content/open-logic-about.tex then content/content.tex through uncommented olimport edges.","chapter_driver","Basics of Model Theory","","7","content/model-theory/basics/reducts-and-expansions.tex|content/model-theory/basics/substructures.tex|content/model-theory/basics/overspill.tex|content/model-theory/basics/isomorphism.tex|content/model-theory/basics/theory-of-m.tex|content/model-theory/basics/partial-iso.tex|content/model-theory/basics/dlo.tex","","1","content/model-theory/model-theory.tex","0","","1","document:1","0","1","0","0","0","0","0","0","0","0","0","0","0","0","0","0","0","locale/ar/content/model-theory/basics/basics.tex","PENDING","","PENDING","locale/fa-IR/content/model-theory/basics/basics.tex","PENDING","","PENDING","PENDING"
"OLP-0184","184","9620cc73f9c8e0ad003c514a5d3748f29611c4c0","content/model-theory/basics/reducts-and-expansions.tex","f570b7501195fe1f9f137521c31af6e33c31c6d87d304e82649408b523aec20d","2342","68","276","true","true","184","canonical_complete_reader_reachable","Reached by ordered depth-first replay from content/open-logic-about.tex then content/content.tex through uncommented olimport edges.","reader_unit","","mod","0","","","1","content/model-theory/basics/basics.tex","0","","7","defn:2|document:1|enumerate:1|prob:1|proof:1|prop:1","0","0","1","2","0","1","0","0","0","1","1","0","0","0","1","0","47","locale/ar/content/model-theory/basics/reducts-and-expansions.tex","PENDING","","PENDING","locale/fa-IR/content/model-theory/basics/reducts-and-expansions.tex","PENDING","","PENDING","PENDING"
"OLP-0185","185","9620cc73f9c8e0ad003c514a5d3748f29611c4c0","content/model-theory/basics/substructures.tex","2c47b8add212cb4b0f9029d4d68acb4e56e8827a7da2e44ea2c5914b2f6f27d1","1809","50","194","true","true","185","canonical_complete_reader_reachable","Reached by ordered depth-first replay from content/open-logic-about.tex then content/content.tex through uncommented olimport edges.","reader_unit","","mod","0","","","1","content/model-theory/basics/basics.tex","0","","4","defn:1|document:1|enumerate:1|rem:1","0","0","1","1","0","0","0","0","0","0","0","0","0","0","0","0","35","locale/ar/content/model-theory/basics/substructures.tex","PENDING","","PENDING","locale/fa-IR/content/model-theory/basics/substructures.tex","PENDING","","PENDING","PENDING"
"OLP-0186","186","9620cc73f9c8e0ad003c514a5d3748f29611c4c0","content/model-theory/basics/overspill.tex","c0bcbf30f27166ac4d28caa048c645701e64a64407184b553c37666ecdf7fbc5","1468","43","191","true","true","186","canonical_complete_reader_reachable","Reached by ordered depth-first replay from content/open-logic-about.tex then content/content.tex through uncommented olimport edges.","reader_unit","Overspill","mod","0","","","1","content/model-theory/basics/basics.tex","0","","5","document:1|proof:2|prop:1|thm:1","0","0","1","0","1","1","0","0","0","0","2","0","0","0","1","0","19","locale/ar/content/model-theory/basics/overspill.tex","PENDING","","PENDING","locale/fa-IR/content/model-theory/basics/overspill.tex","PENDING","","PENDING","PENDING"
"OLP-0187","187","9620cc73f9c8e0ad003c514a5d3748f29611c4c0","content/model-theory/basics/isomorphism.tex","400ced4b63fe2ab03f95db16b1169e3bfa382ae0b4346c839c36220f51aac563","5316","132","724","true","true","187","canonical_complete_reader_reachable","Reached by ordered depth-first replay from content/open-logic-about.tex then content/content.tex through uncommented olimport edges.","reader_unit","Isomorphic Structures","mod","0","","","1","content/model-theory/basics/basics.tex","0","","13","align:1|align*:1|defn:3|document:1|enumerate:3|prob:2|proof:1|thm:1","0","0","1","3","1","0","0","0","0","2","1","0","0","0","8","0","78","locale/ar/content/model-theory/basics/isomorphism.tex","PENDING","","PENDING","locale/fa-IR/content/model-theory/basics/isomorphism.tex","PENDING","","PENDING","PENDING"
"OLP-0188","188","9620cc73f9c8e0ad003c514a5d3748f29611c4c0","content/model-theory/basics/theory-of-m.tex","29fadddc04faea7888457a0eb536fbbef4d9942e4076a14f9ed186b61813e7a7","2322","65","268","true","true","188","canonical_complete_reader_reachable","Reached by ordered depth-first replay from content/open-logic-about.tex then content/content.tex through uncommented olimport edges.","reader_unit","","mod","0","","","1","content/model-theory/basics/basics.tex","0","","7","defn:1|document:1|proof:2|prop:2|rem:1","0","0","1","1","0","2","0","0","0","0","2","0","0","0","2","0","36","locale/ar/content/model-theory/basics/theory-of-m.tex","PENDING","","PENDING","locale/fa-IR/content/model-theory/basics/theory-of-m.tex","PENDING","","PENDING","PENDING"
"OLP-0189","189","9620cc73f9c8e0ad003c514a5d3748f29611c4c0","content/model-theory/basics/partial-iso.tex","9233c0428a52f321404fd272342e7e2ad90b16efcc7c6a0c5d766717eb739e97","9702","224","1325","true","true","189","canonical_complete_reader_reachable","Reached by ordered depth-first replay from content/open-logic-about.tex then content/content.tex through uncommented olimport edges.","reader_unit","","mod","0","","","1","content/model-theory/basics/basics.tex","0","","22","cor:1|defn:6|document:1|enumerate:4|prob:1|proof:4|prop:1|rem:1|thm:3","0","0","1","6","3","1","0","1","0","1","4","0","0","0","3","0","212","locale/ar/content/model-theory/basics/partial-iso.tex","PENDING","","PENDING","locale/fa-IR/content/model-theory/basics/partial-iso.tex","PENDING","","PENDING","PENDING"
"OLP-0190","190","9620cc73f9c8e0ad003c514a5d3748f29611c4c0","content/model-theory/basics/dlo.tex","2176d8add7d120c359c3a1f83010e0dcbcfa8a70c3d7595bf87931eb67354a8a","3593","85","418","true","true","190","canonical_complete_reader_reachable","Reached by ordered depth-first replay from content/open-logic-about.tex then content/content.tex through uncommented olimport edges.","reader_unit","","mod","0","","","1","content/model-theory/basics/basics.tex","0","","8","defn:1|document:1|enumerate:2|prob:1|proof:1|rem:1|thm:1","0","0","1","1","1","0","0","0","0","1","1","0","0","0","5","0","54","locale/ar/content/model-theory/basics/dlo.tex","PENDING","","PENDING","locale/fa-IR/content/model-theory/basics/dlo.tex","PENDING","","PENDING","PENDING"
"OLP-0191","191","9620cc73f9c8e0ad003c514a5d3748f29611c4c0","content/model-theory/models-of-arithmetic/models-of-arithmetic.tex","3805d7a115d7d90554f1a29916190b1f050d1b5caedeb071e3226f6d38ee2100","401","25","26","true","true","191","canonical_complete_reader_reachable","Reached by ordered depth-first replay from content/open-logic-about.tex then content/content.tex through uncommented olimport edges.","chapter_driver","Models of Arithmetic","","6","content/model-theory/models-of-arithmetic/introduction.tex|content/model-theory/models-of-arithmetic/standard-models.tex|content/model-theory/models-of-arithmetic/non-standard-models.tex|content/model-theory/models-of-arithmetic/models-of-q.tex|content/model-theory/models-of-arithmetic/models-of-pa.tex|content/model-theory/models-of-arithmetic/computable-models.tex","","1","content/model-theory/model-theory.tex","0","","1","document:1","0","1","0","0","0","0","0","0","0","0","0","0","0","0","0","0","0","locale/ar/content/model-theory/models-of-arithmetic/models-of-arithmetic.tex","PENDING","","PENDING","locale/fa-IR/content/model-theory/models-of-arithmetic/models-of-arithmetic.tex","PENDING","","PENDING","PENDING"
"OLP-0192","192","9620cc73f9c8e0ad003c514a5d3748f29611c4c0","content/model-theory/models-of-arithmetic/introduction.tex","2d070e63927f9c2ea50bf5074fd6b3f15bff465398575601d3b7ed8bc9867cbb","3256","73","397","true","true","192","canonical_complete_reader_reachable","Reached by ordered depth-first replay from content/open-logic-about.tex then content/content.tex through uncommented olimport edges.","reader_unit","","mod","0","","","1","content/model-theory/models-of-arithmetic/models-of-arithmetic.tex","0","","3","align*:2|document:1","0","0","1","0","0","0","0","0","0","0","0","0","0","0","0","0","49","locale/ar/content/model-theory/models-of-arithmetic/introduction.tex","PENDING","","PENDING","locale/fa-IR/content/model-theory/models-of-arithmetic/introduction.tex","PENDING","","PENDING","PENDING"
"OLP-0193","193","9620cc73f9c8e0ad003c514a5d3748f29611c4c0","content/model-theory/models-of-arithmetic/standard-models.tex","27e39b49bb28308233f0874de2d15ff5f33d61cc294acfa635bde0bbe4710019","8027","175","1027","true","true","193","canonical_complete_reader_reachable","Reached by ordered depth-first replay from content/open-logic-about.tex then content/content.tex through uncommented olimport edges.","reader_unit","Standard Models of Arithmetic","mod","0","","","1","content/model-theory/models-of-arithmetic/models-of-arithmetic.tex","0","","14","align*:1|defn:1|document:1|enumerate:1|explain:3|prob:1|proof:3|prop:3","0","0","1","1","0","3","0","0","0","1","3","0","0","0","2","0","161","locale/ar/content/model-theory/models-of-arithmetic/standard-models.tex","PENDING","","PENDING","locale/fa-IR/content/model-theory/models-of-arithmetic/standard-models.tex","PENDING","","PENDING","PENDING"
"OLP-0194","194","9620cc73f9c8e0ad003c514a5d3748f29611c4c0","content/model-theory/models-of-arithmetic/non-standard-models.tex","0895b776d3e5ded7c9695e63ec9f268dd0e096b38040c558624f4784c3024fcc","4779","116","605","true","true","194","canonical_complete_reader_reachable","Reached by ordered depth-first replay from content/open-logic-about.tex then content/content.tex through uncommented olimport edges.","reader_unit","","mod","0","","","1","content/model-theory/models-of-arithmetic/models-of-arithmetic.tex","0","","12","align*:1|defn:1|document:1|enumerate:1|explain:3|prob:1|proof:2|prop:2","0","0","1","1","0","2","0","0","0","1","2","0","0","0","1","0","95","locale/ar/content/model-theory/models-of-arithmetic/non-standard-models.tex","PENDING","","PENDING","locale/fa-IR/content/model-theory/models-of-arithmetic/non-standard-models.tex","PENDING","","PENDING","PENDING"
"OLP-0195","195","9620cc73f9c8e0ad003c514a5d3748f29611c4c0","content/model-theory/models-of-arithmetic/models-of-q.tex","e7f932a05807df4e416bb015cc0aac662de3fb3f0a9f8e3e0ea1a9a4f1283aa7","8047","206","972","true","true","195","canonical_complete_reader_reachable","Reached by ordered depth-first replay from content/open-logic-about.tex then content/content.tex through uncommented olimport edges.","reader_unit","","mod","0","","","1","content/model-theory/models-of-arithmetic/models-of-arithmetic.tex","0","","21","align*:5|array:5|cases:3|document:1|ex:2|explain:2|prob:3","0","0","1","0","0","0","0","0","2","3","0","0","0","0","5","0","159","locale/ar/content/model-theory/models-of-arithmetic/models-of-q.tex","PENDING","","PENDING","locale/fa-IR/content/model-theory/models-of-arithmetic/models-of-q.tex","PENDING","","PENDING","PENDING"
"OLP-0196","196","9620cc73f9c8e0ad003c514a5d3748f29611c4c0","content/model-theory/models-of-arithmetic/models-of-pa.tex","8c4dec337b74d9a8dd3cb6a65065ba12e883518dba2a17834041d01d85c219be","10747","261","1434","true","true","196","canonical_complete_reader_reachable","Reached by ordered depth-first replay from content/open-logic-about.tex then content/content.tex through uncommented olimport edges.","reader_unit","","mod","0","","","1","content/model-theory/models-of-arithmetic/models-of-arithmetic.tex","0","","29","cor:1|document:1|enumerate:2|explain:3|prob:3|proof:10|prop:9","0","0","1","0","0","9","0","1","0","3","10","0","0","0","2","0","246","locale/ar/content/model-theory/models-of-arithmetic/models-of-pa.tex","PENDING","","PENDING","locale/fa-IR/content/model-theory/models-of-arithmetic/models-of-pa.tex","PENDING","","PENDING","PENDING"
"OLP-0197","197","9620cc73f9c8e0ad003c514a5d3748f29611c4c0","content/model-theory/models-of-arithmetic/computable-models.tex","79a6a13d59f055788182e0fe9117c3e98782317a71ac747db0e7483ca118cac5","4759","124","583","true","true","197","canonical_complete_reader_reachable","Reached by ordered depth-first replay from content/open-logic-about.tex then content/content.tex through uncommented olimport edges.","reader_unit","","mod","0","","","1","content/model-theory/models-of-arithmetic/models-of-arithmetic.tex","0","","14","align*:2|cases:5|defn:1|document:1|ex:1|explain:2|prob:1|thm:1","0","0","1","1","1","0","0","0","1","1","0","0","0","0","2","0","85","locale/ar/content/model-theory/models-of-arithmetic/computable-models.tex","PENDING","","PENDING","locale/fa-IR/content/model-theory/models-of-arithmetic/computable-models.tex","PENDING","","PENDING","PENDING"
"OLP-0198","198","9620cc73f9c8e0ad003c514a5d3748f29611c4c0","content/model-theory/interpolation/interpolation.tex","30f05b67fa5f7ad8fd9e9c59fed138ddb53cdca1fbd9fb65a4c58aeda6b7342a","336","21","17","true","true","198","canonical_complete_reader_reachable","Reached by ordered depth-first replay from content/open-logic-about.tex then content/content.tex through uncommented olimport edges.","chapter_driver","The Interpolation Theorem","","4","content/model-theory/interpolation/introduction.tex|content/model-theory/interpolation/separation.tex|content/model-theory/interpolation/interpolation-proof.tex|content/model-theory/interpolation/definability.tex","","1","content/model-theory/model-theory.tex","0","","1","document:1","0","1","0","0","0","0","0","0","0","0","0","0","0","0","0","0","0","locale/ar/content/model-theory/interpolation/interpolation.tex","PENDING","","PENDING","locale/fa-IR/content/model-theory/interpolation/interpolation.tex","PENDING","","PENDING","PENDING"
"OLP-0199","199","9620cc73f9c8e0ad003c514a5d3748f29611c4c0","content/model-theory/interpolation/introduction.tex","bf9e45873cb4e5c18fc57a8c51cd7ed5d94dbd1bdfd6f89f0c1bad630ae22044","991","28","121","true","true","199","canonical_complete_reader_reachable","Reached by ordered depth-first replay from content/open-logic-about.tex then content/content.tex through uncommented olimport edges.","reader_unit","Introduction","mod","0","","","1","content/model-theory/interpolation/interpolation.tex","0","","1","document:1","0","0","1","0","0","0","0","0","0","0","0","0","0","0","0","0","11","locale/ar/content/model-theory/interpolation/introduction.tex","PENDING","","PENDING","locale/fa-IR/content/model-theory/interpolation/introduction.tex","PENDING","","PENDING","PENDING"
"OLP-0200","200","9620cc73f9c8e0ad003c514a5d3748f29611c4c0","content/model-theory/interpolation/separation.tex","0850da6cb374079c24cd947ce17cf85604551f825be405676e97fe2779b0a2f6","5121","120","544","true","true","200","canonical_complete_reader_reachable","Reached by ordered depth-first replay from content/open-logic-about.tex then content/content.tex through uncommented olimport edges.","reader_unit","","mod","0","","","1","content/model-theory/interpolation/interpolation.tex","0","","11","align*:2|defn:1|document:1|enumerate:1|figure:1|lem:2|proof:2|tikzpicture:1","0","0","1","1","0","0","2","0","0","0","2","1","1","0","0","0","103","locale/ar/content/model-theory/interpolation/separation.tex","PENDING","","PENDING","locale/fa-IR/content/model-theory/interpolation/separation.tex","PENDING","","PENDING","PENDING"
"OLP-0201","201","9620cc73f9c8e0ad003c514a5d3748f29611c4c0","content/model-theory/interpolation/interpolation-proof.tex","c2b53950362da168a87e66758d2c91729041cc28a49ea78374283d46459bade2","9455","193","1103","true","true","201","canonical_complete_reader_reachable","Reached by ordered depth-first replay from content/open-logic-about.tex then content/content.tex through uncommented olimport edges.","reader_unit","Craig's Interpolation Theorem","mod","0","","","1","content/model-theory/interpolation/interpolation.tex","0","","10","align*:3|document:1|enumerate:4|proof:1|thm:1","0","0","1","0","1","0","0","0","0","0","1","0","0","0","18","0","213","locale/ar/content/model-theory/interpolation/interpolation-proof.tex","PENDING","","PENDING","locale/fa-IR/content/model-theory/interpolation/interpolation-proof.tex","PENDING","","PENDING","PENDING"
"OLP-0202","202","9620cc73f9c8e0ad003c514a5d3748f29611c4c0","content/model-theory/interpolation/definability.tex","8e89c08c0e211d3bd52c05cbd1d09b148df444855e4165df71e43461e84cbaca","5096","130","665","true","true","202","canonical_complete_reader_reachable","Reached by ordered depth-first replay from content/open-logic-about.tex then content/content.tex through uncommented olimport edges.","reader_unit","The Definability Theorem","mod","0","","","1","content/model-theory/interpolation/interpolation.tex","0","","7","align*:2|defn:2|document:1|proof:1|thm:1","0","0","1","2","1","0","0","0","0","0","1","0","0","0","0","0","86","locale/ar/content/model-theory/interpolation/definability.tex","PENDING","","PENDING","locale/fa-IR/content/model-theory/interpolation/definability.tex","PENDING","","PENDING","PENDING"
"OLP-0203","203","9620cc73f9c8e0ad003c514a5d3748f29611c4c0","content/model-theory/lindstrom/lindstrom.tex","ea726cb752c7aa9832bf45f4b2ded0c69d9dcb376549c93bc2af7df4aacddc8a","328","21","19","true","true","203","canonical_complete_reader_reachable","Reached by ordered depth-first replay from content/open-logic-about.tex then content/content.tex through uncommented olimport edges.","chapter_driver","Lindstr\""om's Theorem","","4","content/model-theory/lindstrom/introduction.tex|content/model-theory/lindstrom/abstract-logics.tex|content/model-theory/lindstrom/ls-property.tex|content/model-theory/lindstrom/lindstrom-proof.tex","","1","content/model-theory/model-theory.tex","0","","1","document:1","0","1","0","0","0","0","0","0","0","0","0","0","0","0","0","0","0","locale/ar/content/model-theory/lindstrom/lindstrom.tex","PENDING","","PENDING","locale/fa-IR/content/model-theory/lindstrom/lindstrom.tex","PENDING","","PENDING","PENDING"
"OLP-0204","204","9620cc73f9c8e0ad003c514a5d3748f29611c4c0","content/model-theory/lindstrom/introduction.tex","c37aac04a5f7e6123c558cd7ce3ca7c8159fad3bce92c2a47aa40ebf810baa52","809","24","97","true","true","204","canonical_complete_reader_reachable","Reached by ordered depth-first replay from content/open-logic-about.tex then content/content.tex through uncommented olimport edges.","reader_unit","","mod","0","","","1","content/model-theory/lindstrom/lindstrom.tex","0","","1","document:1","0","0","1","0","0","0","0","0","0","0","0","0","0","0","2","0","0","locale/ar/content/model-theory/lindstrom/introduction.tex","PENDING","","PENDING","locale/fa-IR/content/model-theory/lindstrom/introduction.tex","PENDING","","PENDING","PENDING"
"OLP-0205","205","9620cc73f9c8e0ad003c514a5d3748f29611c4c0","content/model-theory/lindstrom/abstract-logics.tex","ab605690e24fffb499ee9523a80e4cb422d9e7ac7beb0b86cdd7a4eba6edba9b","6807","138","880","true","true","205","canonical_complete_reader_reachable","Reached by ordered depth-first replay from content/open-logic-about.tex then content/content.tex through uncommented olimport edges.","reader_unit","Abstract Logics","mod","0","","","1","content/model-theory/lindstrom/lindstrom.tex","0","","7","defn:4|document:1|enumerate:1|rem:1","0","0","1","4","0","0","0","0","0","0","0","0","0","0","1","0","128","locale/ar/content/model-theory/lindstrom/abstract-logics.tex","PENDING","","PENDING","locale/fa-IR/content/model-theory/lindstrom/abstract-logics.tex","PENDING","","PENDING","PENDING"
"OLP-0206","206","9620cc73f9c8e0ad003c514a5d3748f29611c4c0","content/model-theory/lindstrom/ls-property.tex","3e7b3f84adf951cd912972a2d7ac5908d7d3c0130f881caf70eec03a5080efe3","5780","125","701","true","true","206","canonical_complete_reader_reachable","Reached by ordered depth-first replay from content/open-logic-about.tex then content/content.tex through uncommented olimport edges.","reader_unit","Compactness and L\""owenheim--Skolem Properties","mod","0","","","1","content/model-theory/lindstrom/lindstrom.tex","0","","7","defn:2|document:1|figure:1|proof:1|thm:1|tikzpicture:1","0","0","1","2","1","0","0","0","0","0","1","1","1","0","4","0","95","locale/ar/content/model-theory/lindstrom/ls-property.tex","PENDING","","PENDING","locale/fa-IR/content/model-theory/lindstrom/ls-property.tex","PENDING","","PENDING","PENDING"
"OLP-0207","207","9620cc73f9c8e0ad003c514a5d3748f29611c4c0","content/model-theory/lindstrom/lindstrom-proof.tex","8e407658f1e11431ad859dd166b2de535e6bab8da9b1a28b9549fd97b2ec87fc","6169","125","830","true","true","207","canonical_complete_reader_reachable","Reached by ordered depth-first replay from content/open-logic-about.tex then content/content.tex through uncommented olimport edges.","reader_unit","Lindstr\""om's Theorem","mod","0","","","1","content/model-theory/lindstrom/lindstrom.tex","0","","6","align*:1|document:1|lem:1|proof:2|thm:1","0","0","1","0","1","0","1","0","0","0","2","0","0","0","5","0","123","locale/ar/content/model-theory/lindstrom/lindstrom-proof.tex","PENDING","","PENDING","locale/fa-IR/content/model-theory/lindstrom/lindstrom-proof.tex","PENDING","","PENDING","PENDING"
"OLP-0208","208","9620cc73f9c8e0ad003c514a5d3748f29611c4c0","content/computability/computability.tex","efc0b0d0a189854db40ac8fc626a19327d6cf0b22e1a8eb3b74bcb727efcd8e0","557","23","52","true","true","208","canonical_complete_reader_reachable","Reached by ordered depth-first replay from content/open-logic-about.tex then content/content.tex through uncommented olimport edges.","part_driver","Computability","","2","content/computability/recursive-functions/recursive-functions.tex|content/computability/computability-theory/computability-theory.tex","","1","content/content.tex","0","","2","document:1|editorial:1","1","0","0","0","0","0","0","0","0","0","0","0","0","0","0","0","0","locale/ar/content/computability/computability.tex","PENDING","","PENDING","locale/fa-IR/content/computability/computability.tex","PENDING","","PENDING","PENDING"
"OLP-0209","209","9620cc73f9c8e0ad003c514a5d3748f29611c4c0","content/computability/recursive-functions/recursive-functions.tex","567feffca9844be257c54e521e882775439f227be7b8277ddfdae9fe5333e45e","1046","58","83","true","true","209","canonical_complete_reader_reachable","Reached by ordered depth-first replay from content/open-logic-about.tex then content/content.tex through uncommented olimport edges.","chapter_driver","Recursive Functions","","18","content/computability/recursive-functions/introduction.tex|content/computability/recursive-functions/primitive-recursion.tex|content/computability/recursive-functions/composition.tex|content/computability/recursive-functions/pr-functions.tex|content/computability/recursive-functions/notation-pr-functions.tex|content/computability/recursive-functions/pr-functions-computable.tex|content/computability/recursive-functions/examples.tex|content/computability/recursive-functions/pr-relations.tex|content/computability/recursive-functions/bounded-minimization.tex|content/computability/recursive-functions/primes.tex|content/computability/recursive-functions/sequences.tex|content/computability/recursive-functions/trees.tex|content/computability/recursive-functions/other-recursions.tex|content/computability/recursive-functions/non-pr-functions.tex|content/computability/recursive-functions/partial-functions.tex|content/computability/recursive-functions/normal-form.tex|content/computability/recursive-functions/halting-problem.tex|content/computability/recursive-functions/general-recursive-functions.tex","","1","content/computability/computability.tex","0","","2","document:1|editorial:1","0","1","0","0","0","0","0","0","0","0","0","0","0","0","0","0","0","locale/ar/content/computability/recursive-functions/recursive-functions.tex","PENDING","","PENDING","locale/fa-IR/content/computability/recursive-functions/recursive-functions.tex","PENDING","","PENDING","PENDING"
"OLP-0210","210","9620cc73f9c8e0ad003c514a5d3748f29611c4c0","content/computability/recursive-functions/introduction.tex","aa5da3312ed4236449827261edddc5393a2d17306bca57e36284c368f5fa3bc8","2862","56","388","true","true","210","canonical_complete_reader_reachable","Reached by ordered depth-first replay from content/open-logic-about.tex then content/content.tex through uncommented olimport edges.","reader_unit","Introduction","cmp","0","","","1","content/computability/recursive-functions/recursive-functions.tex","0","","1","document:1","0","0","1","0","0","0","0","0","0","0","0","0","0","0","0","0","4","locale/ar/content/computability/recursive-functions/introduction.tex","PENDING","","PENDING","locale/fa-IR/content/computability/recursive-functions/introduction.tex","PENDING","","PENDING","PENDING"
"OLP-0211","211","9620cc73f9c8e0ad003c514a5d3748f29611c4c0","content/computability/recursive-functions/primitive-recursion.tex","e98c274a0ab979761d083f4c9ad1486d440c7933a13c1c0d99ac1a52d8996fcc","5960","133","831","true","true","211","canonical_complete_reader_reachable","Reached by ordered depth-first replay from content/open-logic-about.tex then content/content.tex through uncommented olimport edges.","reader_unit","Primitive Recursion","cmp","0","","","1","content/computability/recursive-functions/recursive-functions.tex","0","","9","align*:8|document:1","0","0","1","0","0","0","0","0","0","0","0","0","0","0","0","0","99","locale/ar/content/computability/recursive-functions/primitive-recursion.tex","PENDING","","PENDING","locale/fa-IR/content/computability/recursive-functions/primitive-recursion.tex","PENDING","","PENDING","PENDING"
"OLP-0212","212","9620cc73f9c8e0ad003c514a5d3748f29611c4c0","content/computability/recursive-functions/composition.tex","76ed2309d26b936b5eb1cb6a7c90f58e40043d38aa3afd1b7ad2e98d836245f0","3535","91","535","true","true","212","canonical_complete_reader_reachable","Reached by ordered depth-first replay from content/open-logic-about.tex then content/content.tex through uncommented olimport edges.","reader_unit","Composition","cmp","0","","","1","content/computability/recursive-functions/recursive-functions.tex","0","","1","document:1","0","0","1","0","0","0","0","0","0","0","0","0","0","0","0","0","82","locale/ar/content/computability/recursive-functions/composition.tex","PENDING","","PENDING","locale/fa-IR/content/computability/recursive-functions/composition.tex","PENDING","","PENDING","PENDING"
"OLP-0213","213","9620cc73f9c8e0ad003c514a5d3748f29611c4c0","content/computability/recursive-functions/pr-functions.tex","1bb48caec3680c643d88cee6a910542ce36852e8f97b4e1728d4b5fc59d8f22f","6082","165","821","true","true","213","canonical_complete_reader_reachable","Reached by ordered depth-first replay from content/open-logic-about.tex then content/content.tex through uncommented olimport edges.","reader_unit","Primitive Recursion Functions","cmp","0","","","1","content/computability/recursive-functions/recursive-functions.tex","0","","17","align*:5|defn:3|document:1|enumerate:1|ex:1|explain:1|prob:1|proof:2|prop:2","0","0","1","3","0","2","0","0","1","1","2","0","0","0","4","0","105","locale/ar/content/computability/recursive-functions/pr-functions.tex","PENDING","","PENDING","locale/fa-IR/content/computability/recursive-functions/pr-functions.tex","PENDING","","PENDING","PENDING"
"OLP-0214","214","9620cc73f9c8e0ad003c514a5d3748f29611c4c0","content/computability/recursive-functions/notation-pr-functions.tex","6018c8fb8ec86201286b019a60163a63ca076925d3044dde7060394822241272","2134","52","274","true","true","214","canonical_complete_reader_reachable","Reached by ordered depth-first replay from content/open-logic-about.tex then content/content.tex through uncommented olimport edges.","reader_unit","Primitive Recursion Notations","cmp","0","","","1","content/computability/recursive-functions/recursive-functions.tex","0","","3","align*:1|document:1|prob:1","0","0","1","0","0","0","0","0","0","1","0","0","0","0","0","0","39","locale/ar/content/computability/recursive-functions/notation-pr-functions.tex","PENDING","","PENDING","locale/fa-IR/content/computability/recursive-functions/notation-pr-functions.tex","PENDING","","PENDING","PENDING"
"OLP-0215","215","9620cc73f9c8e0ad003c514a5d3748f29611c4c0","content/computability/recursive-functions/pr-functions-computable.tex","10a26513e18c31ee991a53c54bc10682710d93b5766f0ee758cc766b38e321c9","1861","43","236","true","true","215","canonical_complete_reader_reachable","Reached by ordered depth-first replay from content/open-logic-about.tex then content/content.tex through uncommented olimport edges.","reader_unit","Primitive Recursive Functions are Computable","cmp","0","","","1","content/computability/recursive-functions/recursive-functions.tex","0","","3","align*:1|document:1|eqnarray*:1","0","0","1","0","0","0","0","0","0","0","0","0","0","0","0","0","23","locale/ar/content/computability/recursive-functions/pr-functions-computable.tex","PENDING","","PENDING","locale/fa-IR/content/computability/recursive-functions/pr-functions-computable.tex","PENDING","","PENDING","PENDING"
"OLP-0216","216","9620cc73f9c8e0ad003c514a5d3748f29611c4c0","content/computability/recursive-functions/examples.tex","431b72df17cd6de28a2f475f360742639cc40b5abc1a68d0d7e91794a88188d9","5988","197","736","true","true","216","canonical_complete_reader_reachable","Reached by ordered depth-first replay from content/open-logic-about.tex then content/content.tex through uncommented olimport edges.","reader_unit","Examples of Primitive Recursive Functions","cmp","0","","","1","content/computability/recursive-functions/recursive-functions.tex","0","","29","align*:6|cases:2|document:1|enumerate:1|prob:3|proof:8|prop:8","0","0","1","0","0","8","0","0","0","3","8","0","0","0","1","0","69","locale/ar/content/computability/recursive-functions/examples.tex","PENDING","","PENDING","locale/fa-IR/content/computability/recursive-functions/examples.tex","PENDING","","PENDING","PENDING"
"OLP-0217","217","9620cc73f9c8e0ad003c514a5d3748f29611c4c0","content/computability/recursive-functions/pr-relations.tex","8323a8010f1d1faed641b5efc44c46956e1264fc4120c95e67edc26fbaa4ace2","5700","168","671","true","true","217","canonical_complete_reader_reachable","Reached by ordered depth-first replay from content/open-logic-about.tex then content/content.tex through uncommented olimport edges.","reader_unit","Primitive Recursive Relations","cmp","0","","","1","content/computability/recursive-functions/recursive-functions.tex","0","","21","align*:5|array:1|cases:4|defn:1|document:1|enumerate:2|prob:1|proof:3|prop:3","0","0","1","1","0","3","0","0","0","1","3","0","0","0","0","0","74","locale/ar/content/computability/recursive-functions/pr-relations.tex","PENDING","","PENDING","locale/fa-IR/content/computability/recursive-functions/pr-relations.tex","PENDING","","PENDING","PENDING"
"OLP-0218","218","9620cc73f9c8e0ad003c514a5d3748f29611c4c0","content/computability/recursive-functions/bounded-minimization.tex","e92c4c37e242325519960ad6cc05f288cac99a3422e3eec6557f70325ce4a75e","2593","72","398","true","true","218","canonical_complete_reader_reachable","Reached by ordered depth-first replay from content/open-logic-about.tex then content/content.tex through uncommented olimport edges.","reader_unit","Bounded Minimization","cmp","0","","","1","content/computability/recursive-functions/recursive-functions.tex","0","","8","align*:1|cases:1|document:1|enumerate:1|explain:1|prob:1|proof:1|prop:1","0","0","1","0","0","1","0","0","0","1","1","0","0","0","0","0","51","locale/ar/content/computability/recursive-functions/bounded-minimization.tex","PENDING","","PENDING","locale/fa-IR/content/computability/recursive-functions/bounded-minimization.tex","PENDING","","PENDING","PENDING"
"OLP-0219","219","9620cc73f9c8e0ad003c514a5d3748f29611c4c0","content/computability/recursive-functions/primes.tex","02365c0e9de7f0df4bfae770dc311f59c8947e48422a8570de4c5e2c2d6a9157","3434","81","518","true","true","219","canonical_complete_reader_reachable","Reached by ordered depth-first replay from content/open-logic-about.tex then content/content.tex through uncommented olimport edges.","reader_unit","Primes","cmp","0","","","1","content/computability/recursive-functions/recursive-functions.tex","0","","3","align*:1|document:1|prob:1","0","0","1","0","0","0","0","0","0","1","0","0","0","0","0","0","93","locale/ar/content/computability/recursive-functions/primes.tex","PENDING","","PENDING","locale/fa-IR/content/computability/recursive-functions/primes.tex","PENDING","","PENDING","PENDING"
"OLP-0220","220","9620cc73f9c8e0ad003c514a5d3748f29611c4c0","content/computability/recursive-functions/sequences.tex","8199ddcf003b44e0e6d5a050d32ddbb13322d6a62bfe998b075c493d8a905dee","6799","204","937","true","true","220","canonical_complete_reader_reachable","Reached by ordered depth-first replay from content/open-logic-about.tex then content/content.tex through uncommented olimport edges.","reader_unit","Sequences","cmp","0","","","1","content/computability/recursive-functions/recursive-functions.tex","0","","20","align*:3|cases:3|document:1|prob:3|proof:5|prop:5","0","0","1","0","0","5","0","0","0","3","5","0","0","0","1","0","101","locale/ar/content/computability/recursive-functions/sequences.tex","PENDING","","PENDING","locale/fa-IR/content/computability/recursive-functions/sequences.tex","PENDING","","PENDING","PENDING"
"OLP-0221","221","9620cc73f9c8e0ad003c514a5d3748f29611c4c0","content/computability/recursive-functions/trees.tex","894b0c7adc8dcd90f8dcf342c07f0a1255861174f73b004c1fcd56c90b314d3a","3488","79","513","true","true","221","canonical_complete_reader_reachable","Reached by ordered depth-first replay from content/open-logic-about.tex then content/content.tex through uncommented olimport edges.","reader_unit","Trees","cmp","0","","","1","content/computability/recursive-functions/recursive-functions.tex","0","","6","align*:2|document:1|prob:1|proof:1|prop:1","0","0","1","0","0","1","0","0","0","1","1","0","0","0","1","0","37","locale/ar/content/computability/recursive-functions/trees.tex","PENDING","","PENDING","locale/fa-IR/content/computability/recursive-functions/trees.tex","PENDING","","PENDING","PENDING"
"OLP-0222","222","9620cc73f9c8e0ad003c514a5d3748f29611c4c0","content/computability/recursive-functions/other-recursions.tex","f3e558032c6f1e11bfe8710653a5a544ab28a3344e14b0606efb8d8c42f5942e","2725","69","394","true","true","222","canonical_complete_reader_reachable","Reached by ordered depth-first replay from content/open-logic-about.tex then content/content.tex through uncommented olimport edges.","reader_unit","Other Recursions","cmp","0","","","1","content/computability/recursive-functions/recursive-functions.tex","0","","7","align*:4|cases:1|document:1|prob:1","0","0","1","0","0","0","0","0","0","1","0","0","0","0","0","0","27","locale/ar/content/computability/recursive-functions/other-recursions.tex","PENDING","","PENDING","locale/fa-IR/content/computability/recursive-functions/other-recursions.tex","PENDING","","PENDING","PENDING"
"OLP-0223","223","9620cc73f9c8e0ad003c514a5d3748f29611c4c0","content/computability/recursive-functions/non-pr-functions.tex","78d19b1607382b6e44c4c225c853b34634e4342b5998e3857be2360cb5f6d8d2","4482","99","698","true","true","223","canonical_complete_reader_reachable","Reached by ordered depth-first replay from content/open-logic-about.tex then content/content.tex through uncommented olimport edges.","reader_unit","Non-Primitive Recursive Functions","cmp","0","","","1","content/computability/recursive-functions/recursive-functions.tex","0","","6","digress:1|document:1|eqnarray*:3|tagblock:1","0","0","1","0","0","0","0","0","0","0","0","0","0","0","0","0","42","locale/ar/content/computability/recursive-functions/non-pr-functions.tex","PENDING","","PENDING","locale/fa-IR/content/computability/recursive-functions/non-pr-functions.tex","PENDING","","PENDING","PENDING"
"OLP-0224","224","9620cc73f9c8e0ad003c514a5d3748f29611c4c0","content/computability/recursive-functions/partial-functions.tex","8bc40ad81d6d9df66dfcfd82b0a8ba732528ab0fa870d2706a7a80b89caa6a7c","5447","120","830","true","true","224","canonical_complete_reader_reachable","Reached by ordered depth-first replay from content/open-logic-about.tex then content/content.tex through uncommented olimport edges.","reader_unit","Partial Recursive Functions","cmp","0","","","1","content/computability/recursive-functions/recursive-functions.tex","0","","6","defn:2|document:1|enumerate:1|explain:1|quote:1","0","0","1","2","0","0","0","0","0","0","0","0","0","0","0","0","49","locale/ar/content/computability/recursive-functions/partial-functions.tex","PENDING","","PENDING","locale/fa-IR/content/computability/recursive-functions/partial-functions.tex","PENDING","","PENDING","PENDING"
"OLP-0225","225","9620cc73f9c8e0ad003c514a5d3748f29611c4c0","content/computability/recursive-functions/normal-form.tex","bcaadbcfece9d45963ac5e9e66176efecc7d014aba49c3924522e14c2f6058b2","1942","48","284","true","true","225","canonical_complete_reader_reachable","Reached by ordered depth-first replay from content/open-logic-about.tex then content/content.tex through uncommented olimport edges.","reader_unit","The Normal Form Theorem","cmp","0","","","1","content/computability/recursive-functions/recursive-functions.tex","0","","3","document:1|explain:1|thm:1","0","0","1","0","1","0","0","0","0","0","0","0","0","0","0","0","27","locale/ar/content/computability/recursive-functions/normal-form.tex","PENDING","","PENDING","locale/fa-IR/content/computability/recursive-functions/normal-form.tex","PENDING","","PENDING","PENDING"
"OLP-0226","226","9620cc73f9c8e0ad003c514a5d3748f29611c4c0","content/computability/recursive-functions/halting-problem.tex","45ec5638665a104724a6591813603a2162182ffedef2288f210e4c99eb035d00","3320","95","490","true","true","226","canonical_complete_reader_reachable","Reached by ordered depth-first replay from content/open-logic-about.tex then content/content.tex through uncommented olimport edges.","reader_unit","The Halting Problem","cmp","0","","","1","content/computability/recursive-functions/recursive-functions.tex","0","","8","cases:3|document:1|enumerate:2|proof:1|thm:1","0","0","1","0","1","0","0","0","0","0","1","0","0","0","0","0","61","locale/ar/content/computability/recursive-functions/halting-problem.tex","PENDING","","PENDING","locale/fa-IR/content/computability/recursive-functions/halting-problem.tex","PENDING","","PENDING","PENDING"
"OLP-0227","227","9620cc73f9c8e0ad003c514a5d3748f29611c4c0","content/computability/recursive-functions/general-recursive-functions.tex","ec031b368a8b22f20144e845280e876ef9012cb3bfa524c01785d423519feaee","1731","43","231","true","true","227","canonical_complete_reader_reachable","Reached by ordered depth-first replay from content/open-logic-about.tex then content/content.tex through uncommented olimport edges.","reader_unit","General Recursive Functions","cmp","0","","","1","content/computability/recursive-functions/recursive-functions.tex","0","","2","defn:1|document:1","0","0","1","1","0","0","0","0","0","0","0","0","0","0","4","0","4","locale/ar/content/computability/recursive-functions/general-recursive-functions.tex","PENDING","","PENDING","locale/fa-IR/content/computability/recursive-functions/general-recursive-functions.tex","PENDING","","PENDING","PENDING"
"OLP-0228","228","9620cc73f9c8e0ad003c514a5d3748f29611c4c0","content/computability/computability-theory/computability-theory.tex","455935eba9c7e9c84dfbac734f6d7d99c9e1d1d29e1bfec82df6a04af662f376","1040","64","83","true","true","228","canonical_complete_reader_reachable","Reached by ordered depth-first replay from content/open-logic-about.tex then content/content.tex through uncommented olimport edges.","chapter_driver","Computability Theory","","23","content/computability/computability-theory/introduction.tex|content/computability/computability-theory/coding-computations.tex|content/computability/computability-theory/normal-form.tex|content/computability/computability-theory/s-m-n.tex|content/computability/computability-theory/universal-part-function.tex|content/computability/computability-theory/no-universal-function.tex|content/computability/computability-theory/halting-problem.tex|content/computability/computability-theory/russells-paradox.tex|content/computability/computability-theory/computable-sets.tex|content/computability/computability-theory/ce-sets.tex|content/computability/computability-theory/equiv-ce-defs.tex|content/computability/computability-theory/non-comp-set.tex|content/computability/computability-theory/ce-closed-cup-cap.tex|content/computability/computability-theory/complement-ce.tex|content/computability/computability-theory/reducibility.tex|content/computability/computability-theory/prop-reduce.tex|content/computability/computability-theory/complete-ce-sets.tex|content/computability/computability-theory/k-1.tex|content/computability/computability-theory/total.tex|content/computability/computability-theory/rice-theorem.tex|content/computability/computability-theory/fixed-point-thm.tex|content/computability/computability-theory/application-fixed-point.tex|content/computability/computability-theory/def-functions-self-reference.tex","","1","content/computability/computability.tex","0","","2","document:1|editorial:1","0","1","0","0","0","0","0","0","0","0","0","0","0","0","0","0","0","locale/ar/content/computability/computability-theory/computability-theory.tex","PENDING","","PENDING","locale/fa-IR/content/computability/computability-theory/computability-theory.tex","PENDING","","PENDING","PENDING"
"OLP-0229","229","9620cc73f9c8e0ad003c514a5d3748f29611c4c0","content/computability/computability-theory/introduction.tex","c3419c9d239782b621f14aae61fde98a1ecaa1a8e146d8d042d87476cd826107","3266","69","498","true","true","229","canonical_complete_reader_reachable","Reached by ordered depth-first replay from content/open-logic-about.tex then content/content.tex through uncommented olimport edges.","reader_unit","Introduction","cmp","0","","","1","content/computability/computability-theory/computability-theory.tex","0","","2","document:1|enumerate:1","0","0","1","0","0","0","0","0","0","0","0","0","0","0","0","0","41","locale/ar/content/computability/computability-theory/introduction.tex","PENDING","","PENDING","locale/fa-IR/content/computability/computability-theory/introduction.tex","PENDING","","PENDING","PENDING"
"OLP-0230","230","9620cc73f9c8e0ad003c514a5d3748f29611c4c0","content/computability/computability-theory/coding-computations.tex","a7f410fc4df20dc8a33e389d77fef080bc442c898f66fc6c7f2b416563aac620","2114","47","299","true","true","230","canonical_complete_reader_reachable","Reached by ordered depth-first replay from content/open-logic-about.tex then content/content.tex through uncommented olimport edges.","reader_unit","Coding Computations","cmp","0","","","1","content/computability/computability-theory/computability-theory.tex","0","","2","document:1|enumerate:1","0","0","1","0","0","0","0","0","0","0","0","0","0","0","0","0","4","locale/ar/content/computability/computability-theory/coding-computations.tex","PENDING","","PENDING","locale/fa-IR/content/computability/computability-theory/coding-computations.tex","PENDING","","PENDING","PENDING"
"OLP-0231","231","9620cc73f9c8e0ad003c514a5d3748f29611c4c0","content/computability/computability-theory/normal-form.tex","275b05d5a1731214ddec611571a58c1a0d1587409ae68462852e3cb253a800dc","4077","100","622","true","true","231","canonical_complete_reader_reachable","Reached by ordered depth-first replay from content/open-logic-about.tex then content/content.tex through uncommented olimport edges.","reader_unit","The Normal Form Theorem","cmp","0","","","1","content/computability/computability-theory/computability-theory.tex","0","","7","document:1|enumerate:2|explain:1|proof:1|thm:2","0","0","1","0","2","0","0","0","0","0","1","0","0","0","0","0","44","locale/ar/content/computability/computability-theory/normal-form.tex","PENDING","","PENDING","locale/fa-IR/content/computability/computability-theory/normal-form.tex","PENDING","","PENDING","PENDING"
"OLP-0232","232","9620cc73f9c8e0ad003c514a5d3748f29611c4c0","content/computability/computability-theory/s-m-n.tex","4a1c61fd8f0426b389b529ee9052fcab5d28e67895f48a95572804c92fec995c","1579","45","237","true","true","232","canonical_complete_reader_reachable","Reached by ordered depth-first replay from content/open-logic-about.tex then content/content.tex through uncommented olimport edges.","reader_unit","The $s$-$m$-$n$ Theorem","cmp","0","","","1","content/computability/computability-theory/computability-theory.tex","0","","4","document:1|explain:2|thm:1","0","0","1","0","1","0","0","0","0","0","0","0","0","0","0","0","31","locale/ar/content/computability/computability-theory/s-m-n.tex","PENDING","","PENDING","locale/fa-IR/content/computability/computability-theory/s-m-n.tex","PENDING","","PENDING","PENDING"
"OLP-0233","233","9620cc73f9c8e0ad003c514a5d3748f29611c4c0","content/computability/computability-theory/universal-part-function.tex","ad8a25c4b89efb3fb744ac5e31eb93e36e89ac7890f892a30dd0ca5886df9ec4","1601","43","227","true","true","233","canonical_complete_reader_reachable","Reached by ordered depth-first replay from content/open-logic-about.tex then content/content.tex through uncommented olimport edges.","reader_unit","The Universal Partial Computable Function","cmp","0","","","1","content/computability/computability-theory/computability-theory.tex","0","","5","document:1|enumerate:1|explain:1|proof:1|thm:1","0","0","1","0","1","0","0","0","0","0","1","0","0","0","1","0","21","locale/ar/content/computability/computability-theory/universal-part-function.tex","PENDING","","PENDING","locale/fa-IR/content/computability/computability-theory/universal-part-function.tex","PENDING","","PENDING","PENDING"
"OLP-0234","234","9620cc73f9c8e0ad003c514a5d3748f29611c4c0","content/computability/computability-theory/no-universal-function.tex","21cdbc8e03343aed5b966aa8df3cb1670e06ff46bc95d6f70a25a45d68edb8c0","1832","53","263","true","true","234","canonical_complete_reader_reachable","Reached by ordered depth-first replay from content/open-logic-about.tex then content/content.tex through uncommented olimport edges.","reader_unit","No Universal Computable Function","cmp","0","","","1","content/computability/computability-theory/computability-theory.tex","0","","5","document:1|explain:1|prob:1|proof:1|thm:1","0","0","1","0","1","0","0","0","0","1","1","0","0","0","2","0","19","locale/ar/content/computability/computability-theory/no-universal-function.tex","PENDING","","PENDING","locale/fa-IR/content/computability/computability-theory/no-universal-function.tex","PENDING","","PENDING","PENDING"
"OLP-0235","235","9620cc73f9c8e0ad003c514a5d3748f29611c4c0","content/computability/computability-theory/halting-problem.tex","07a2761be56b61fdf53a8059c14ccc93f9e10e467834f49086bf1033b3325da2","3650","102","564","true","true","235","canonical_complete_reader_reachable","Reached by ordered depth-first replay from content/open-logic-about.tex then content/content.tex through uncommented olimport edges.","reader_unit","The Halting Problem","cmp","0","","","1","content/computability/computability-theory/computability-theory.tex","0","","10","align*:1|cases:3|document:1|explain:1|proof:2|tagblock:1|thm:1","0","0","1","0","1","0","0","0","0","0","2","0","0","0","1","0","64","locale/ar/content/computability/computability-theory/halting-problem.tex","PENDING","","PENDING","locale/fa-IR/content/computability/computability-theory/halting-problem.tex","PENDING","","PENDING","PENDING"
"OLP-0236","236","9620cc73f9c8e0ad003c514a5d3748f29611c4c0","content/computability/computability-theory/russells-paradox.tex","8cdf210d5f1554d2c000429a6d18ad27ee2e81a264a1b66530ba061c7eb66d07","2787","76","378","true","true","236","canonical_complete_reader_reachable","Reached by ordered depth-first replay from content/open-logic-about.tex then content/content.tex through uncommented olimport edges.","reader_unit","Comparison with Russell's Paradox","cmp","0","","","1","content/computability/computability-theory/computability-theory.tex","0","","5","cases:2|document:1|enumerate:2","0","0","1","0","0","0","0","0","0","0","0","0","0","0","0","0","29","locale/ar/content/computability/computability-theory/russells-paradox.tex","PENDING","","PENDING","locale/fa-IR/content/computability/computability-theory/russells-paradox.tex","PENDING","","PENDING","PENDING"
"OLP-0237","237","9620cc73f9c8e0ad003c514a5d3748f29611c4c0","content/computability/computability-theory/computable-sets.tex","f5f564af892eaee08204f6b878e7172fa49bc45f8429fd5b91f1521fd116f222","1302","43","161","true","true","237","canonical_complete_reader_reachable","Reached by ordered depth-first replay from content/open-logic-about.tex then content/content.tex through uncommented olimport edges.","reader_unit","Computable Sets","cmp","0","","","1","content/computability/computability-theory/computability-theory.tex","0","","4","cases:1|defn:1|document:1|explain:1","0","0","1","1","0","0","0","0","0","0","0","0","0","0","0","0","9","locale/ar/content/computability/computability-theory/computable-sets.tex","PENDING","","PENDING","locale/fa-IR/content/computability/computability-theory/computable-sets.tex","PENDING","","PENDING","PENDING"
"OLP-0238","238","9620cc73f9c8e0ad003c514a5d3748f29611c4c0","content/computability/computability-theory/ce-sets.tex","b738f332001dab70a842378f9ebcdd3c81f81a37d40093e9c3a12d724220031f","1646","54","222","true","true","238","canonical_complete_reader_reachable","Reached by ordered depth-first replay from content/open-logic-about.tex then content/content.tex through uncommented olimport edges.","reader_unit","Computably Enumerable Sets","cmp","0","","","1","content/computability/computability-theory/computability-theory.tex","0","","5","cases:1|defn:1|document:1|explain:1|history:1","0","0","1","1","0","0","0","0","0","0","0","0","0","0","0","0","23","locale/ar/content/computability/computability-theory/ce-sets.tex","PENDING","","PENDING","locale/fa-IR/content/computability/computability-theory/ce-sets.tex","PENDING","","PENDING","PENDING"
"OLP-0239","239","9620cc73f9c8e0ad003c514a5d3748f29611c4c0","content/computability/computability-theory/equiv-ce-defs.tex","a195b2f0b2d78a5121d2c5993e5b7c31b493aa02d4f8103804f1f6780e1dbb30","6341","166","987","true","true","239","canonical_complete_reader_reachable","Reached by ordered depth-first replay from content/open-logic-about.tex then content/content.tex through uncommented olimport edges.","reader_unit","Equivalent Defininitions of Computably Enumerable Sets","cmp","0","","","1","content/computability/computability-theory/computability-theory.tex","0","","9","cases:2|document:1|enumerate:1|explain:1|proof:2|thm:2","0","0","1","0","2","0","0","0","0","0","2","0","0","0","15","0","116","locale/ar/content/computability/computability-theory/equiv-ce-defs.tex","PENDING","","PENDING","locale/fa-IR/content/computability/computability-theory/equiv-ce-defs.tex","PENDING","","PENDING","PENDING"
"OLP-0240","240","9620cc73f9c8e0ad003c514a5d3748f29611c4c0","content/computability/computability-theory/non-comp-set.tex","ea2588e217e3df5956db0c8abd7cfbd46dde8ffeec2cc585354b43fef11bded2","2134","64","291","true","true","240","canonical_complete_reader_reachable","Reached by ordered depth-first replay from content/open-logic-about.tex then content/content.tex through uncommented olimport edges.","reader_unit","There Are Non-Computable Sets","cmp","0","","","1","content/computability/computability-theory/computability-theory.tex","0","","6","cases:1|document:1|proof:2|thm:2","0","0","1","0","2","0","0","0","0","0","2","0","0","0","1","0","34","locale/ar/content/computability/computability-theory/non-comp-set.tex","PENDING","","PENDING","locale/fa-IR/content/computability/computability-theory/non-comp-set.tex","PENDING","","PENDING","PENDING"
"OLP-0241","241","9620cc73f9c8e0ad003c514a5d3748f29611c4c0","content/computability/computability-theory/ce-closed-cup-cap.tex","6b5a606958985b35543ab2967d419a1894ea7bb37138594be5a8ebf997d75094","3224","94","505","true","true","241","canonical_complete_reader_reachable","Reached by ordered depth-first replay from content/open-logic-about.tex then content/content.tex through uncommented olimport edges.","reader_unit","Computably Enumerable Sets are Closed under Union and Intersection","cmp","0","","","1","content/computability/computability-theory/computability-theory.tex","0","","9","align*:1|cases:2|document:1|explain:3|proof:1|thm:1","0","0","1","0","1","0","0","0","0","0","1","0","0","0","1","0","70","locale/ar/content/computability/computability-theory/ce-closed-cup-cap.tex","PENDING","","PENDING","locale/fa-IR/content/computability/computability-theory/ce-closed-cup-cap.tex","PENDING","","PENDING","PENDING"
"OLP-0242","242","9620cc73f9c8e0ad003c514a5d3748f29611c4c0","content/computability/computability-theory/complement-ce.tex","ae7fddd59fca662c90bb7e23a2af725a90dc7d9d95821eb3a55550f3f6b649d9","2302","63","322","true","true","242","canonical_complete_reader_reachable","Reached by ordered depth-first replay from content/open-logic-about.tex then content/content.tex through uncommented olimport edges.","reader_unit","Computably Enumerable Sets not Closed under Complement","cmp","0","","","1","content/computability/computability-theory/computability-theory.tex","0","","6","cor:1|document:1|explain:1|proof:2|thm:1","0","0","1","0","1","0","0","1","0","0","2","0","0","0","2","0","44","locale/ar/content/computability/computability-theory/complement-ce.tex","PENDING","","PENDING","locale/fa-IR/content/computability/computability-theory/complement-ce.tex","PENDING","","PENDING","PENDING"
"OLP-0243","243","9620cc73f9c8e0ad003c514a5d3748f29611c4c0","content/computability/computability-theory/reducibility.tex","9f392186d01baec03bd0c6cad875c8fc66231174ddb294c4a9a014c590f8ce22","3176","76","499","true","true","243","canonical_complete_reader_reachable","Reached by ordered depth-first replay from content/open-logic-about.tex then content/content.tex through uncommented olimport edges.","reader_unit","Reducibility","cmp","0","","","1","content/computability/computability-theory/computability-theory.tex","0","","4","defn:1|digress:1|document:1|explain:1","0","0","1","1","0","0","0","0","0","0","0","0","0","0","1","0","48","locale/ar/content/computability/computability-theory/reducibility.tex","PENDING","","PENDING","locale/fa-IR/content/computability/computability-theory/reducibility.tex","PENDING","","PENDING","PENDING"
"OLP-0244","244","9620cc73f9c8e0ad003c514a5d3748f29611c4c0","content/computability/computability-theory/prop-reduce.tex","aba1c5594c0c29e062f0d40bd85948f4977a962cbdad14f492bc19b36e51504d","4102","103","619","true","true","244","canonical_complete_reader_reachable","Reached by ordered depth-first replay from content/open-logic-about.tex then content/content.tex through uncommented olimport edges.","reader_unit","Properties of Reducibility","cmp","0","","","1","content/computability/computability-theory/computability-theory.tex","0","","11","align*:1|digress:1|document:1|enumerate:1|prob:3|proof:2|prop:2","0","0","1","0","0","2","0","0","0","3","2","0","0","0","4","0","77","locale/ar/content/computability/computability-theory/prop-reduce.tex","PENDING","","PENDING","locale/fa-IR/content/computability/computability-theory/prop-reduce.tex","PENDING","","PENDING","PENDING"
"OLP-0245","245","9620cc73f9c8e0ad003c514a5d3748f29611c4c0","content/computability/computability-theory/complete-ce-sets.tex","f2b3d831482a977fe0d186eed0e916f4efa52c2aeb2cd828e29a1d012bb0c377","1925","62","264","true","true","245","canonical_complete_reader_reachable","Reached by ordered depth-first replay from content/open-logic-about.tex then content/content.tex through uncommented olimport edges.","reader_unit","Complete Computably Enumerable Sets","cmp","0","","","1","content/computability/computability-theory/computability-theory.tex","0","","7","defn:1|digress:1|document:1|enumerate:1|prob:1|proof:1|thm:1","0","0","1","1","1","0","0","0","0","1","1","0","0","0","2","0","26","locale/ar/content/computability/computability-theory/complete-ce-sets.tex","PENDING","","PENDING","locale/fa-IR/content/computability/computability-theory/complete-ce-sets.tex","PENDING","","PENDING","PENDING"
"OLP-0246","246","9620cc73f9c8e0ad003c514a5d3748f29611c4c0","content/computability/computability-theory/k-1.tex","553b765fd06bae91196dfd6a9404614f0b5c687d77d6eebf53205b30cba3ce2d","2648","84","396","true","true","246","canonical_complete_reader_reachable","Reached by ordered depth-first replay from content/open-logic-about.tex then content/content.tex through uncommented olimport edges.","reader_unit","An Example of Reducibility","cmp","0","","","1","content/computability/computability-theory/computability-theory.tex","0","","6","align*:1|document:1|explain:2|proof:1|prop:1","0","0","1","0","0","1","0","0","0","0","1","0","0","0","2","0","45","locale/ar/content/computability/computability-theory/k-1.tex","PENDING","","PENDING","locale/fa-IR/content/computability/computability-theory/k-1.tex","PENDING","","PENDING","PENDING"
"OLP-0247","247","9620cc73f9c8e0ad003c514a5d3748f29611c4c0","content/computability/computability-theory/total.tex","d165286d41a2d24092135479b2fb302b460176ec3e7370375e4a88a7c2b74228","1782","62","243","true","true","247","canonical_complete_reader_reachable","Reached by ordered depth-first replay from content/open-logic-about.tex then content/content.tex through uncommented olimport edges.","reader_unit","Totality is Undecidable","cmp","0","","","1","content/computability/computability-theory/computability-theory.tex","0","","6","cases:2|digress:1|document:1|proof:1|prop:1","0","0","1","0","0","1","0","0","0","0","1","0","0","0","0","0","39","locale/ar/content/computability/computability-theory/total.tex","PENDING","","PENDING","locale/fa-IR/content/computability/computability-theory/total.tex","PENDING","","PENDING","PENDING"
"OLP-0248","248","9620cc73f9c8e0ad003c514a5d3748f29611c4c0","content/computability/computability-theory/rice-theorem.tex","83b47def0c2b096e1a19487c7df09cd43e330933e58848efa68d431b606902d4","5635","128","874","true","true","248","canonical_complete_reader_reachable","Reached by ordered depth-first replay from content/open-logic-about.tex then content/content.tex through uncommented olimport edges.","reader_unit","Rice's Theorem","cmp","0","","","1","content/computability/computability-theory/computability-theory.tex","0","","8","cases:1|cor:1|document:1|enumerate:1|explain:1|proof:2|thm:1","0","0","1","0","1","0","0","1","0","0","2","0","0","0","1","0","102","locale/ar/content/computability/computability-theory/rice-theorem.tex","PENDING","","PENDING","locale/fa-IR/content/computability/computability-theory/rice-theorem.tex","PENDING","","PENDING","PENDING"
"OLP-0249","249","9620cc73f9c8e0ad003c514a5d3748f29611c4c0","content/computability/computability-theory/fixed-point-thm.tex","fba78fdf1abfe96f69e5623ec0cfe75430b5e139d19fcb9e22484bb8dae38820","8022","244","1171","true","true","249","canonical_complete_reader_reachable","Reached by ordered depth-first replay from content/open-logic-about.tex then content/content.tex through uncommented olimport edges.","reader_unit","The Fixed-Point Theorem","cmp","0","","","1","content/computability/computability-theory/computability-theory.tex","0","","27","align*:4|cases:3|digress:1|document:1|enumerate:1|explain:2|lem:1|proof:2|quote:5|tagblock:1|thm:1|verbatim:5","0","0","1","0","1","0","1","0","0","0","2","0","0","0","2","0","110","locale/ar/content/computability/computability-theory/fixed-point-thm.tex","PENDING","","PENDING","locale/fa-IR/content/computability/computability-theory/fixed-point-thm.tex","PENDING","","PENDING","PENDING"
"OLP-0250","250","9620cc73f9c8e0ad003c514a5d3748f29611c4c0","content/computability/computability-theory/application-fixed-point.tex","864d0413932de8279b535e9aa047420dd88a8e7f86ba3caa338ac11429dfba47","2621","71","375","true","true","250","canonical_complete_reader_reachable","Reached by ordered depth-first replay from content/open-logic-about.tex then content/content.tex through uncommented olimport edges.","reader_unit","Applying the Fixed-Point Theorem","cmp","0","","","1","content/computability/computability-theory/computability-theory.tex","0","","5","cases:2|document:1|proof:1|thm:1","0","0","1","0","1","0","0","0","0","0","1","0","0","0","0","0","48","locale/ar/content/computability/computability-theory/application-fixed-point.tex","PENDING","","PENDING","locale/fa-IR/content/computability/computability-theory/application-fixed-point.tex","PENDING","","PENDING","PENDING"
"OLP-0251","251","9620cc73f9c8e0ad003c514a5d3748f29611c4c0","content/computability/computability-theory/def-functions-self-reference.tex","66f68fd888fbe9cd4e10f42a9943add43582bd0246e7c9c5f97ee151e9e85581","1935","58","271","true","true","251","canonical_complete_reader_reachable","Reached by ordered depth-first replay from content/open-logic-about.tex then content/content.tex through uncommented olimport edges.","reader_unit","Defining Functions using Self-Reference","cmp","0","","","1","content/computability/computability-theory/computability-theory.tex","0","","4","cases:3|document:1","0","0","1","0","0","0","0","0","0","0","0","0","0","0","0","0","23","locale/ar/content/computability/computability-theory/def-functions-self-reference.tex","PENDING","","PENDING","locale/fa-IR/content/computability/computability-theory/def-functions-self-reference.tex","PENDING","","PENDING","PENDING"
"OLP-0252","252","9620cc73f9c8e0ad003c514a5d3748f29611c4c0","content/turing-machines/turing-machines.tex","8d2065d41cb0656e23a4e6ed368c115a62c5120fc297110dab109cecdcceac6d","277","16","16","true","true","252","canonical_complete_reader_reachable","Reached by ordered depth-first replay from content/open-logic-about.tex then content/content.tex through uncommented olimport edges.","part_driver","Turing Machines","","2","content/turing-machines/machines-computations/machines-computations.tex|content/turing-machines/undecidability/undecidability.tex","","1","content/content.tex","0","","1","document:1","1","0","0","0","0","0","0","0","0","0","0","0","0","0","0","0","0","locale/ar/content/turing-machines/turing-machines.tex","PENDING","","PENDING","locale/fa-IR/content/turing-machines/turing-machines.tex","PENDING","","PENDING","PENDING"
"OLP-0253","253","9620cc73f9c8e0ad003c514a5d3748f29611c4c0","content/turing-machines/machines-computations/machines-computations.tex","b045db3918d73862a4c1456eb26c3d25ec32d6bd65489eedcaa9bd215bcc3ebc","535","33","30","true","true","253","canonical_complete_reader_reachable","Reached by ordered depth-first replay from content/open-logic-about.tex then content/content.tex through uncommented olimport edges.","chapter_driver","Turing Machine Computations","","10","content/turing-machines/machines-computations/introduction.tex|content/turing-machines/machines-computations/representing-tms.tex|content/turing-machines/machines-computations/turing-machines.tex|content/turing-machines/machines-computations/configuration.tex|content/turing-machines/machines-computations/unary-numbers.tex|content/turing-machines/machines-computations/halting-states.tex|content/turing-machines/machines-computations/disciplined-machines.tex|content/turing-machines/machines-computations/combining-machines.tex|content/turing-machines/machines-computations/variants.tex|content/turing-machines/machines-computations/church-turing-thesis.tex","","1","content/turing-machines/turing-machines.tex","0","","1","document:1","0","1","0","0","0","0","0","0","0","0","0","0","0","0","0","0","0","locale/ar/content/turing-machines/machines-computations/machines-computations.tex","PENDING","","PENDING","locale/fa-IR/content/turing-machines/machines-computations/machines-computations.tex","PENDING","","PENDING","PENDING"
"OLP-0254","254","9620cc73f9c8e0ad003c514a5d3748f29611c4c0","content/turing-machines/machines-computations/introduction.tex","d6efd543cf956dac110b52d74254a61125fbe1b8866996da524d81fa8c4eda2f","6799","131","1016","true","true","254","canonical_complete_reader_reachable","Reached by ordered depth-first replay from content/open-logic-about.tex then content/content.tex through uncommented olimport edges.","reader_unit","Introduction","tur","0","","","1","content/turing-machines/machines-computations/machines-computations.tex","1","\olpath/assets/diagrams/turing-machine.tikz","6","digress:1|document:1|enumerate:1|explain:1|figure:1|history:1","0","0","1","0","0","0","0","0","0","0","0","1","0","0","1","0","41","locale/ar/content/turing-machines/machines-computations/introduction.tex","PENDING","","PENDING","locale/fa-IR/content/turing-machines/machines-computations/introduction.tex","PENDING","","PENDING","PENDING"
"OLP-0255","255","9620cc73f9c8e0ad003c514a5d3748f29611c4c0","content/turing-machines/machines-computations/representing-tms.tex","e38cb6c2fa1059639fe3c8ebd00400a185526a9b17a2dd5dd4b1e9da0a927fa4","13199","298","1569","true","true","255","canonical_complete_reader_reachable","Reached by ordered depth-first replay from content/open-logic-about.tex then content/content.tex through uncommented olimport edges.","reader_unit","Representing Turing Machines","tur","0","","","1","content/turing-machines/machines-computations/machines-computations.tex","0","","22","align*:1|document:1|ex:4|explain:5|figure:1|prob:5|tabular:1|tikzpicture:4","0","0","1","0","0","0","0","0","4","5","0","1","4","0","2","0","121","locale/ar/content/turing-machines/machines-computations/representing-tms.tex","PENDING","","PENDING","locale/fa-IR/content/turing-machines/machines-computations/representing-tms.tex","PENDING","","PENDING","PENDING"
"OLP-0256","256","9620cc73f9c8e0ad003c514a5d3748f29611c4c0","content/turing-machines/machines-computations/turing-machines.tex","7473c589e778e78e06486e8f7425c36b7d5a966124ccb562198ab94271cee23d","2418","63","263","true","true","256","canonical_complete_reader_reachable","Reached by ordered depth-first replay from content/open-logic-about.tex then content/content.tex through uncommented olimport edges.","reader_unit","Turing Machines","tur","0","","","1","content/turing-machines/machines-computations/machines-computations.tex","0","","7","align*:1|defn:1|document:1|enumerate:1|ex:1|explain:2","0","0","1","1","0","0","0","0","1","0","0","0","0","0","0","0","16","locale/ar/content/turing-machines/machines-computations/turing-machines.tex","PENDING","","PENDING","locale/fa-IR/content/turing-machines/machines-computations/turing-machines.tex","PENDING","","PENDING","PENDING"
"OLP-0257","257","9620cc73f9c8e0ad003c514a5d3748f29611c4c0","content/turing-machines/machines-computations/configuration.tex","fab65b4f55e6bcf68cb56e54cf467fb53d36190707f3d0366011ff1b6dda2aad","4214","105","596","true","true","257","canonical_complete_reader_reachable","Reached by ordered depth-first replay from content/open-logic-about.tex then content/content.tex through uncommented olimport edges.","reader_unit","Configurations and Computations","cmp","0","","","1","content/turing-machines/machines-computations/machines-computations.tex","0","","12","defn:4|document:1|enumerate:3|explain:4","0","0","1","4","0","0","0","0","0","0","0","0","0","0","0","0","80","locale/ar/content/turing-machines/machines-computations/configuration.tex","PENDING","","PENDING","locale/fa-IR/content/turing-machines/machines-computations/configuration.tex","PENDING","","PENDING","PENDING"
"OLP-0258","258","9620cc73f9c8e0ad003c514a5d3748f29611c4c0","content/turing-machines/machines-computations/unary-numbers.tex","409632297a69260d6b40f8831f3bd2a61f8254684e5bedf952b57088f393d4d0","10787","238","1146","true","true","258","canonical_complete_reader_reachable","Reached by ordered depth-first replay from content/open-logic-about.tex then content/content.tex through uncommented olimport edges.","reader_unit","Unary Representation of Numbers","tur","0","","","1","content/turing-machines/machines-computations/machines-computations.tex","0","","23","cases:1|defn:2|document:1|enumerate:1|ex:3|explain:2|figure:3|prob:6|tabular:1|tikzpicture:3","0","0","1","2","0","0","0","0","3","6","0","3","3","0","8","0","108","locale/ar/content/turing-machines/machines-computations/unary-numbers.tex","PENDING","","PENDING","locale/fa-IR/content/turing-machines/machines-computations/unary-numbers.tex","PENDING","","PENDING","PENDING"
"OLP-0259","259","9620cc73f9c8e0ad003c514a5d3748f29611c4c0","content/turing-machines/machines-computations/halting-states.tex","c7078c4e10055c1c7c8643e40c1cc75a772ad1ebce9f2c26cfae36ee66647ff0","3169","80","389","true","true","259","canonical_complete_reader_reachable","Reached by ordered depth-first replay from content/open-logic-about.tex then content/content.tex through uncommented olimport edges.","reader_unit","Halting States","tur","0","","","1","content/turing-machines/machines-computations/machines-computations.tex","0","","6","document:1|ex:1|explain:2|tikzpicture:2","0","0","1","0","0","0","0","0","1","0","0","0","2","0","0","0","14","locale/ar/content/turing-machines/machines-computations/halting-states.tex","PENDING","","PENDING","locale/fa-IR/content/turing-machines/machines-computations/halting-states.tex","PENDING","","PENDING","PENDING"
"OLP-0260","260","9620cc73f9c8e0ad003c514a5d3748f29611c4c0","content/turing-machines/machines-computations/disciplined-machines.tex","a58be19fe04f48aa1e0941f4c9a3f59fc6e5ae7673e96987062cda5dcccf6a0f","4226","97","528","true","true","260","canonical_complete_reader_reachable","Reached by ordered depth-first replay from content/open-logic-about.tex then content/content.tex through uncommented olimport edges.","reader_unit","Disciplined Machines","tur","0","","","1","content/turing-machines/machines-computations/machines-computations.tex","0","","11","defn:1|document:1|enumerate:1|ex:1|explain:2|figure:1|prob:2|prop:1|tikzpicture:1","0","0","1","1","0","1","0","0","1","2","0","1","1","2","3","0","35","locale/ar/content/turing-machines/machines-computations/disciplined-machines.tex","PENDING","","PENDING","locale/fa-IR/content/turing-machines/machines-computations/disciplined-machines.tex","PENDING","","PENDING","PENDING"
"OLP-0261","261","9620cc73f9c8e0ad003c514a5d3748f29611c4c0","content/turing-machines/machines-computations/combining-machines.tex","a76bb5aa1ed05ffecb0f7a120f2077099c74c009e36b09792505e8c274b8d541","8392","172","945","true","true","261","canonical_complete_reader_reachable","Reached by ordered depth-first replay from content/open-logic-about.tex then content/content.tex through uncommented olimport edges.","reader_unit","Combining Turing Machines","tur","0","","","1","content/turing-machines/machines-computations/machines-computations.tex","0","","12","cases:1|document:1|enumerate:1|ex:1|explain:1|figure:1|prob:1|proof:1|prop:1|tikzpicture:3","0","0","1","0","0","1","0","0","1","1","1","1","3","0","3","0","78","locale/ar/content/turing-machines/machines-computations/combining-machines.tex","PENDING","","PENDING","locale/fa-IR/content/turing-machines/machines-computations/combining-machines.tex","PENDING","","PENDING","PENDING"
"OLP-0262","262","9620cc73f9c8e0ad003c514a5d3748f29611c4c0","content/turing-machines/machines-computations/variants.tex","d841e98805432884d2ba3c6f7a18ab1f24a9486edc6219f5e77c74040f3bae1e","4583","85","680","true","true","262","canonical_complete_reader_reachable","Reached by ordered depth-first replay from content/open-logic-about.tex then content/content.tex through uncommented olimport edges.","reader_unit","Variants of Turing Machines","tur","0","","","1","content/turing-machines/machines-computations/machines-computations.tex","0","","1","document:1","0","0","1","0","0","0","0","0","0","0","0","0","0","0","2","0","20","locale/ar/content/turing-machines/machines-computations/variants.tex","PENDING","","PENDING","locale/fa-IR/content/turing-machines/machines-computations/variants.tex","PENDING","","PENDING","PENDING"
"OLP-0263","263","9620cc73f9c8e0ad003c514a5d3748f29611c4c0","content/turing-machines/machines-computations/church-turing-thesis.tex","68df389e68cc00534436f8dffe8b5e68f8d3d8e50861c9c5dff18ddc2735949f","2248","48","339","true","true","263","canonical_complete_reader_reachable","Reached by ordered depth-first replay from content/open-logic-about.tex then content/content.tex through uncommented olimport edges.","reader_unit","The Church--Turing Thesis","tur","0","","","1","content/turing-machines/machines-computations/machines-computations.tex","0","","2","defn:1|document:1","0","0","1","1","0","0","0","0","0","0","0","0","0","0","0","0","0","locale/ar/content/turing-machines/machines-computations/church-turing-thesis.tex","PENDING","","PENDING","locale/fa-IR/content/turing-machines/machines-computations/church-turing-thesis.tex","PENDING","","PENDING","PENDING"
"OLP-0264","264","9620cc73f9c8e0ad003c514a5d3748f29611c4c0","content/turing-machines/undecidability/undecidability.tex","3fcf08f0d93542d0041e99065bfbaa88437e9e2cb3644f2491a5aa9c408e2c2d","491","31","26","true","true","264","canonical_complete_reader_reachable","Reached by ordered depth-first replay from content/open-logic-about.tex then content/content.tex through uncommented olimport edges.","chapter_driver","Undecidability","","9","content/turing-machines/undecidability/introduction.tex|content/turing-machines/undecidability/enumerating-tms.tex|content/turing-machines/undecidability/universal-tm.tex|content/turing-machines/undecidability/halting-problem.tex|content/turing-machines/undecidability/decision-problem.tex|content/turing-machines/undecidability/representing-tms.tex|content/turing-machines/undecidability/verification.tex|content/turing-machines/undecidability/unsolvability-decision-problem.tex|content/turing-machines/undecidability/trakhtenbrot.tex","","1","content/turing-machines/turing-machines.tex","0","","1","document:1","0","1","0","0","0","0","0","0","0","0","0","0","0","0","0","0","0","locale/ar/content/turing-machines/undecidability/undecidability.tex","PENDING","","PENDING","locale/fa-IR/content/turing-machines/undecidability/undecidability.tex","PENDING","","PENDING","PENDING"
"OLP-0265","265","9620cc73f9c8e0ad003c514a5d3748f29611c4c0","content/turing-machines/undecidability/introduction.tex","885378c9749d0ab5d13ca636dbdba7231490877f9f4052f7f46fda11b36ddcca","5192","98","793","true","true","265","canonical_complete_reader_reachable","Reached by ordered depth-first replay from content/open-logic-about.tex then content/content.tex through uncommented olimport edges.","reader_unit","Introduction","tur","0","","","1","content/turing-machines/undecidability/undecidability.tex","0","","2","cases:1|document:1","0","0","1","0","0","0","0","0","0","0","0","0","0","0","0","0","23","locale/ar/content/turing-machines/undecidability/introduction.tex","PENDING","","PENDING","locale/fa-IR/content/turing-machines/undecidability/introduction.tex","PENDING","","PENDING","PENDING"
"OLP-0266","266","9620cc73f9c8e0ad003c514a5d3748f29611c4c0","content/turing-machines/undecidability/enumerating-tms.tex","a921bb03bf1688c6c0ee1bb3297dbb8a1a7473a9c1572426c461bafd98b083cb","7099","154","901","true","true","266","canonical_complete_reader_reachable","Reached by ordered depth-first replay from content/open-logic-about.tex then content/content.tex through uncommented olimport edges.","reader_unit","Enumerating Turing Machines","tur","0","","","1","content/turing-machines/undecidability/undecidability.tex","0","","11","center:1|document:1|explain:1|figure:2|prob:1|proof:1|thm:1|tikzpicture:3","0","0","1","0","1","0","0","0","0","1","1","2","3","0","4","0","73","locale/ar/content/turing-machines/undecidability/enumerating-tms.tex","PENDING","","PENDING","locale/fa-IR/content/turing-machines/undecidability/enumerating-tms.tex","PENDING","","PENDING","PENDING"
"OLP-0267","267","9620cc73f9c8e0ad003c514a5d3748f29611c4c0","content/turing-machines/undecidability/universal-tm.tex","f81d764047fdd2677ea371a5999c80b960cb2bb8f7eae8e51e28dd3ac73ee993","6998","140","1078","true","true","267","canonical_complete_reader_reachable","Reached by ordered depth-first replay from content/open-logic-about.tex then content/content.tex through uncommented olimport edges.","reader_unit","Universal Turing Machines","tur","0","","","1","content/turing-machines/undecidability/undecidability.tex","0","","6","defn:1|document:1|enumerate:2|proof:1|thm:1","0","0","1","1","1","0","0","0","0","0","1","0","0","0","2","0","101","locale/ar/content/turing-machines/undecidability/universal-tm.tex","PENDING","","PENDING","locale/fa-IR/content/turing-machines/undecidability/universal-tm.tex","PENDING","","PENDING","PENDING"
"OLP-0268","268","9620cc73f9c8e0ad003c514a5d3748f29611c4c0","content/turing-machines/undecidability/halting-problem.tex","f3ee453093e0f15ac6191d22345e7111e7533ddb3f004ccc1847a3b8d917a503","5950","150","918","true","true","268","canonical_complete_reader_reachable","Reached by ordered depth-first replay from content/open-logic-about.tex then content/content.tex through uncommented olimport edges.","reader_unit","The Halting Problem","tur","0","","","1","content/turing-machines/undecidability/undecidability.tex","0","","18","cases:3|defn:3|document:1|enumerate:1|explain:2|lem:1|prob:4|proof:2|thm:1","0","0","1","3","1","0","1","0","0","4","2","0","0","0","4","0","97","locale/ar/content/turing-machines/undecidability/halting-problem.tex","PENDING","","PENDING","locale/fa-IR/content/turing-machines/undecidability/halting-problem.tex","PENDING","","PENDING","PENDING"
"OLP-0269","269","9620cc73f9c8e0ad003c514a5d3748f29611c4c0","content/turing-machines/undecidability/decision-problem.tex","a94894e96e999458516410ad338a313876750a7ddeb798f7a1ad125e7f1b7b47","2312","51","355","true","true","269","canonical_complete_reader_reachable","Reached by ordered depth-first replay from content/open-logic-about.tex then content/content.tex through uncommented olimport edges.","reader_unit","The Decision Problem","tur","0","","","1","content/turing-machines/undecidability/undecidability.tex","0","","2","document:1|quote:1","0","0","1","0","0","0","0","0","0","0","0","0","0","0","0","0","24","locale/ar/content/turing-machines/undecidability/decision-problem.tex","PENDING","","PENDING","locale/fa-IR/content/turing-machines/undecidability/decision-problem.tex","PENDING","","PENDING","PENDING"
"OLP-0270","270","9620cc73f9c8e0ad003c514a5d3748f29611c4c0","content/turing-machines/undecidability/representing-tms.tex","e27aa694148cad6fa6ad74cd0326a4330b4e250068ca0455f8329be697bde72d","8257","212","1083","true","true","270","canonical_complete_reader_reachable","Reached by ordered depth-first replay from content/open-logic-about.tex then content/content.tex through uncommented olimport edges.","reader_unit","Representing Turing Machines","tur","0","","","1","content/turing-machines/undecidability/undecidability.tex","0","","15","align*:4|defn:1|document:1|enumerate:5|explain:1|prob:1|proof:1|prop:1","0","0","1","1","0","1","0","0","0","1","1","0","0","0","1","0","125","locale/ar/content/turing-machines/undecidability/representing-tms.tex","PENDING","","PENDING","locale/fa-IR/content/turing-machines/undecidability/representing-tms.tex","PENDING","","PENDING","PENDING"
"OLP-0271","271","9620cc73f9c8e0ad003c514a5d3748f29611c4c0","content/turing-machines/undecidability/verification.tex","05b5a11a1aac078e442c710f0d29815833f684b0a40140a1705dca43cbd65351","14313","323","1999","true","true","271","canonical_complete_reader_reachable","Reached by ordered depth-first replay from content/open-logic-about.tex then content/content.tex through uncommented olimport edges.","reader_unit","Verifying the Representation","tur","0","","","1","content/turing-machines/undecidability/undecidability.tex","0","","24","align*:3|array:2|defn:1|document:1|enumerate:3|explain:3|lem:4|prob:3|proof:4","0","0","1","1","0","0","4","0","0","3","4","0","0","0","12","0","262","locale/ar/content/turing-machines/undecidability/verification.tex","PENDING","","PENDING","locale/fa-IR/content/turing-machines/undecidability/verification.tex","PENDING","","PENDING","PENDING"
"OLP-0272","272","9620cc73f9c8e0ad003c514a5d3748f29611c4c0","content/turing-machines/undecidability/unsolvability-decision-problem.tex","01fb69dbcc361212f2113d13554260f268d1cdba68a9bed0d7e9b8abd66f169b","4101","92","604","true","true","272","canonical_complete_reader_reachable","Reached by ordered depth-first replay from content/open-logic-about.tex then content/content.tex through uncommented olimport edges.","reader_unit","The Decision Problem is Unsolvable","tur","0","","","1","content/turing-machines/undecidability/undecidability.tex","0","","8","cor:1|document:1|explain:1|proof:3|thm:2","0","0","1","0","2","0","0","1","0","0","3","0","0","0","3","0","71","locale/ar/content/turing-machines/undecidability/unsolvability-decision-problem.tex","PENDING","","PENDING","locale/fa-IR/content/turing-machines/undecidability/unsolvability-decision-problem.tex","PENDING","","PENDING","PENDING"
"OLP-0273","273","9620cc73f9c8e0ad003c514a5d3748f29611c4c0","content/turing-machines/undecidability/trakhtenbrot.tex","d0ab9328c29faabbc06e98c43cd4610a497b45d84b86ac33fbddd1abafac7665","11251","261","1400","true","true","273","canonical_complete_reader_reachable","Reached by ordered depth-first replay from content/open-logic-about.tex then content/content.tex through uncommented olimport edges.","reader_unit","Trakhtenbrot's Theorem","tur","0","","","1","content/turing-machines/undecidability/undecidability.tex","0","","23","align*:5|cases:2|cor:1|document:1|enumerate:2|explain:1|lem:2|prob:4|proof:4|thm:1","0","0","1","0","1","0","2","1","0","4","4","0","0","0","15","0","148","locale/ar/content/turing-machines/undecidability/trakhtenbrot.tex","PENDING","","PENDING","locale/fa-IR/content/turing-machines/undecidability/trakhtenbrot.tex","PENDING","","PENDING","PENDING"
"OLP-0274","274","9620cc73f9c8e0ad003c514a5d3748f29611c4c0","content/incompleteness/incompleteness.tex","a35dd35ed4de8a64ba4bbe335c420d98148bae58c83bf834d39b029de1a7d1e2","784","29","75","true","true","274","canonical_complete_reader_reachable","Reached by ordered depth-first replay from content/open-logic-about.tex then content/content.tex through uncommented olimport edges.","part_driver","Incompleteness","","5","content/incompleteness/introduction/introduction.tex|content/incompleteness/arithmetization-syntax/arithmetization-syntax.tex|content/incompleteness/representability-in-q/representability-in-q.tex|content/incompleteness/theories-computability/theories-computability.tex|content/incompleteness/incompleteness-provability/incompleteness-provability.tex","","1","content/content.tex","0","","2","document:1|editorial:1","1","0","0","0","0","0","0","0","0","0","0","0","0","0","0","0","0","locale/ar/content/incompleteness/incompleteness.tex","PENDING","","PENDING","locale/fa-IR/content/incompleteness/incompleteness.tex","PENDING","","PENDING","PENDING"
"OLP-0275","275","9620cc73f9c8e0ad003c514a5d3748f29611c4c0","content/incompleteness/introduction/introduction.tex","c9c0f8f07cf9dfbb54c0b074ee2947df0a9c371077498432beb51735a819e083","351","21","17","true","true","275","canonical_complete_reader_reachable","Reached by ordered depth-first replay from content/open-logic-about.tex then content/content.tex through uncommented olimport edges.","chapter_driver","Introduction to Incompleteness","","4","content/incompleteness/introduction/historical-background.tex|content/incompleteness/introduction/definitions.tex|content/incompleteness/introduction/overview.tex|content/incompleteness/introduction/undecidability.tex","","1","content/incompleteness/incompleteness.tex","0","","1","document:1","0","1","0","0","0","0","0","0","0","0","0","0","0","0","0","0","0","locale/ar/content/incompleteness/introduction/introduction.tex","PENDING","","PENDING","locale/fa-IR/content/incompleteness/introduction/introduction.tex","PENDING","","PENDING","PENDING"
"OLP-0276","276","9620cc73f9c8e0ad003c514a5d3748f29611c4c0","content/incompleteness/introduction/historical-background.tex","9bd497cdf8765e7dac2be200146baf76f15e5809a840cbe35ee45c9e5d635ca3","12778","224","1897","true","true","276","canonical_complete_reader_reachable","Reached by ordered depth-first replay from content/open-logic-about.tex then content/content.tex through uncommented olimport edges.","reader_unit","Historical Background","inc","0","","","1","content/incompleteness/introduction/introduction.tex","0","","3","digress:1|document:1|enumerate:1","0","0","1","0","0","0","0","0","0","0","0","0","0","0","0","0","7","locale/ar/content/incompleteness/introduction/historical-background.tex","PENDING","","PENDING","locale/fa-IR/content/incompleteness/introduction/historical-background.tex","PENDING","","PENDING","PENDING"
"OLP-0277","277","9620cc73f9c8e0ad003c514a5d3748f29611c4c0","content/incompleteness/introduction/definitions.tex","def29ecca2555e477b8f2156bf8834dc08843ff774a10b4201895c9245a4b4dc","14469","314","2047","true","true","277","canonical_complete_reader_reachable","Reached by ordered depth-first replay from content/open-logic-about.tex then content/content.tex through uncommented olimport edges.","reader_unit","Definitions","inc","0","","","1","content/incompleteness/introduction/introduction.tex","0","","20","align*:1|defn:12|document:1|enumerate:3|ex:1|explain:2","0","0","1","12","0","0","0","0","1","0","0","0","0","0","0","0","221","locale/ar/content/incompleteness/introduction/definitions.tex","PENDING","","PENDING","locale/fa-IR/content/incompleteness/introduction/definitions.tex","PENDING","","PENDING","PENDING"
"OLP-0278","278","9620cc73f9c8e0ad003c514a5d3748f29611c4c0","content/incompleteness/introduction/overview.tex","20acd88351dc8056f6dfa8074d85c8d4d1ec3130d213f5cae56d44bb40516875","5412","101","762","true","true","278","canonical_complete_reader_reachable","Reached by ordered depth-first replay from content/open-logic-about.tex then content/content.tex through uncommented olimport edges.","reader_unit","Overview of Incompleteness Results","inc","0","","","1","content/incompleteness/introduction/introduction.tex","0","","2","document:1|thm:1","0","0","1","0","1","0","0","0","0","0","0","0","0","0","0","0","44","locale/ar/content/incompleteness/introduction/overview.tex","PENDING","","PENDING","locale/fa-IR/content/incompleteness/introduction/overview.tex","PENDING","","PENDING","PENDING"
"OLP-0279","279","9620cc73f9c8e0ad003c514a5d3748f29611c4c0","content/incompleteness/introduction/undecidability.tex","5f2510480cd5f60fcfcc684dd91fb900e682c13ed3b52aec44c22bb70397c4f8","6143","138","815","true","true","279","canonical_complete_reader_reachable","Reached by ordered depth-first replay from content/open-logic-about.tex then content/content.tex through uncommented olimport edges.","reader_unit","Undecidability and Incompleteness","inc","0","","","1","content/incompleteness/introduction/introduction.tex","0","","9","cor:1|document:1|explain:1|prob:1|proof:3|thm:2","0","0","1","0","2","0","0","1","0","1","3","0","0","0","0","0","82","locale/ar/content/incompleteness/introduction/undecidability.tex","PENDING","","PENDING","locale/fa-IR/content/incompleteness/introduction/undecidability.tex","PENDING","","PENDING","PENDING"
"OLP-0280","280","9620cc73f9c8e0ad003c514a5d3748f29611c4c0","content/incompleteness/arithmetization-syntax/arithmetization-syntax.tex","b2899fa7693d7e7de3f8b3204062207ba2d69e2df828d38b14004c0e7a2f69a9","635","39","44","true","true","280","canonical_complete_reader_reachable","Reached by ordered depth-first replay from content/open-logic-about.tex then content/content.tex through uncommented olimport edges.","chapter_driver","Arithmetization of Syntax","","8","content/incompleteness/arithmetization-syntax/introduction.tex|content/incompleteness/arithmetization-syntax/coding-symbols.tex|content/incompleteness/arithmetization-syntax/coding-terms.tex|content/incompleteness/arithmetization-syntax/coding-formulas.tex|content/incompleteness/arithmetization-syntax/substitution.tex|content/incompleteness/arithmetization-syntax/proofs-in-lk.tex|content/incompleteness/arithmetization-syntax/proofs-in-nd.tex|content/incompleteness/arithmetization-syntax/proofs-in-ax.tex","","1","content/incompleteness/incompleteness.tex","0","","2","document:1|editorial:1","0","1","0","0","0","0","0","0","0","0","0","0","0","0","0","0","0","locale/ar/content/incompleteness/arithmetization-syntax/arithmetization-syntax.tex","PENDING","","PENDING","locale/fa-IR/content/incompleteness/arithmetization-syntax/arithmetization-syntax.tex","PENDING","","PENDING","PENDING"
"OLP-0281","281","9620cc73f9c8e0ad003c514a5d3748f29611c4c0","content/incompleteness/arithmetization-syntax/introduction.tex","9c7ac4c192c2bcbf4eb61257c231c889dad9f2c076ebcdb4e231b7edec489acd","5225","93","804","true","true","281","canonical_complete_reader_reachable","Reached by ordered depth-first replay from content/open-logic-about.tex then content/content.tex through uncommented olimport edges.","reader_unit","Introduction","inc","0","","","1","content/incompleteness/arithmetization-syntax/arithmetization-syntax.tex","0","","1","document:1","0","0","1","0","0","0","0","0","0","0","0","0","0","0","0","0","34","locale/ar/content/incompleteness/arithmetization-syntax/introduction.tex","PENDING","","PENDING","locale/fa-IR/content/incompleteness/arithmetization-syntax/introduction.tex","PENDING","","PENDING","PENDING"
"OLP-0282","282","9620cc73f9c8e0ad003c514a5d3748f29611c4c0","content/incompleteness/arithmetization-syntax/coding-symbols.tex","7336944ea3fa7b3d1b8b74f6ebf49ffff81c8baafbad35f279428a638872b6d3","4447","112","485","true","true","282","canonical_complete_reader_reachable","Reached by ordered depth-first replay from content/open-logic-about.tex then content/content.tex through uncommented olimport edges.","reader_unit","Coding Symbols","inc","0","","","1","content/incompleteness/arithmetization-syntax/arithmetization-syntax.tex","0","","10","array:1|defn:2|document:1|enumerate:2|ex:1|explain:1|multline*:1|prop:1","0","0","1","2","0","1","0","0","1","0","0","0","0","0","0","0","69","locale/ar/content/incompleteness/arithmetization-syntax/coding-symbols.tex","PENDING","","PENDING","locale/fa-IR/content/incompleteness/arithmetization-syntax/coding-symbols.tex","PENDING","","PENDING","PENDING"
"OLP-0283","283","9620cc73f9c8e0ad003c514a5d3748f29611c4c0","content/incompleteness/arithmetization-syntax/coding-terms.tex","9b178e3ceebb5293c82d56e355ca312aec3bfe3be553f09f7c23df9119dc78b8","4771","114","708","true","true","283","canonical_complete_reader_reachable","Reached by ordered depth-first replay from content/open-logic-about.tex then content/content.tex through uncommented olimport edges.","reader_unit","Coding Terms","inc","0","","","1","content/incompleteness/arithmetization-syntax/arithmetization-syntax.tex","0","","11","align*:2|document:1|enumerate:2|explain:1|prob:1|proof:2|prop:2","0","0","1","0","0","2","0","0","0","1","2","0","0","0","0","0","83","locale/ar/content/incompleteness/arithmetization-syntax/coding-terms.tex","PENDING","","PENDING","locale/fa-IR/content/incompleteness/arithmetization-syntax/coding-terms.tex","PENDING","","PENDING","PENDING"
"OLP-0284","284","9620cc73f9c8e0ad003c514a5d3748f29611c4c0","content/incompleteness/arithmetization-syntax/coding-formulas.tex","4109b6c1085f27ff1e2410537f29cd688c22cc4446e3978572b7dd93b0cf32f3","2818","94","368","true","true","284","canonical_complete_reader_reachable","Reached by ordered depth-first replay from content/open-logic-about.tex then content/content.tex through uncommented olimport edges.","reader_unit","","inc","0","","","1","content/incompleteness/arithmetization-syntax/arithmetization-syntax.tex","0","","13","document:1|enumerate:1|multline*:1|prob:2|proof:4|prop:4","0","0","1","0","0","4","0","0","0","2","4","0","0","0","3","0","37","locale/ar/content/incompleteness/arithmetization-syntax/coding-formulas.tex","PENDING","","PENDING","locale/fa-IR/content/incompleteness/arithmetization-syntax/coding-formulas.tex","PENDING","","PENDING","PENDING"
"OLP-0285","285","9620cc73f9c8e0ad003c514a5d3748f29611c4c0","content/incompleteness/arithmetization-syntax/substitution.tex","bc67d981609236a40000a6a0a162ca22b3de0ade1a3b41911a7fc7089649e74a","1614","57","200","true","true","285","canonical_complete_reader_reachable","Reached by ordered depth-first replay from content/open-logic-about.tex then content/content.tex through uncommented olimport edges.","reader_unit","Substitution","inc","0","","","1","content/incompleteness/arithmetization-syntax/arithmetization-syntax.tex","0","","9","aligned:1|cases:1|document:1|multline*:1|prob:1|proof:2|prop:2","0","0","1","0","0","2","0","0","0","1","2","0","0","0","1","0","15","locale/ar/content/incompleteness/arithmetization-syntax/substitution.tex","PENDING","","PENDING","locale/fa-IR/content/incompleteness/arithmetization-syntax/substitution.tex","PENDING","","PENDING","PENDING"
"OLP-0286","286","9620cc73f9c8e0ad003c514a5d3748f29611c4c0","content/incompleteness/arithmetization-syntax/proofs-in-lk.tex","cfe9c7d281dffc120412291224ee312054c74d3f5bcd677079dc81a5dc0378d7","11888","287","1266","true","true","286","canonical_complete_reader_reachable","Reached by ordered depth-first replay from content/open-logic-about.tex then content/content.tex through uncommented olimport edges.","reader_unit","","inc","0","","","1","content/incompleteness/arithmetization-syntax/arithmetization-syntax.tex","0","","23","align*:5|defn:1|document:1|enumerate:2|ex:1|explain:2|multline*:1|prob:1|proof:3|prooftree:2|prop:3|tabular:1","0","0","1","1","0","3","0","0","1","1","3","0","0","0","1","0","173","locale/ar/content/incompleteness/arithmetization-syntax/proofs-in-lk.tex","PENDING","","PENDING","locale/fa-IR/content/incompleteness/arithmetization-syntax/proofs-in-lk.tex","PENDING","","PENDING","PENDING"
"OLP-0287","287","9620cc73f9c8e0ad003c514a5d3748f29611c4c0","content/incompleteness/arithmetization-syntax/proofs-in-nd.tex","55474c8446caeca99377485d8c57460c3a492300243be06d64952f220fdd432f","14424","334","1671","true","true","287","canonical_complete_reader_reachable","Reached by ordered depth-first replay from content/open-logic-about.tex then content/content.tex through uncommented olimport edges.","reader_unit","","inc","0","","","1","content/incompleteness/arithmetization-syntax/arithmetization-syntax.tex","0","","31","align*:2|defn:1|document:1|enumerate:4|ex:1|explain:2|multline*:6|prob:1|proof:5|prooftree:2|prop:5|tabular:1","0","0","1","1","0","5","0","0","1","1","5","0","0","0","4","0","200","locale/ar/content/incompleteness/arithmetization-syntax/proofs-in-nd.tex","PENDING","","PENDING","locale/fa-IR/content/incompleteness/arithmetization-syntax/proofs-in-nd.tex","PENDING","","PENDING","PENDING"
"OLP-0288","288","9620cc73f9c8e0ad003c514a5d3748f29611c4c0","content/incompleteness/arithmetization-syntax/proofs-in-ax.tex","08e0df4fde4ac32dee1672b4135f83e835033c845a64820692ce821ebcb1fb8e","9616","217","1299","true","true","288","canonical_complete_reader_reachable","Reached by ordered depth-first replay from content/open-logic-about.tex then content/content.tex through uncommented olimport edges.","reader_unit","","inc","0","","","1","content/incompleteness/arithmetization-syntax/arithmetization-syntax.tex","0","","20","align*:2|defn:1|derivation:1|document:1|enumerate:4|ex:1|explain:2|multline*:3|prob:1|proof:2|prop:2","0","0","1","1","0","2","0","0","1","1","2","0","0","0","1","0","140","locale/ar/content/incompleteness/arithmetization-syntax/proofs-in-ax.tex","PENDING","","PENDING","locale/fa-IR/content/incompleteness/arithmetization-syntax/proofs-in-ax.tex","PENDING","","PENDING","PENDING"
"OLP-0289","289","9620cc73f9c8e0ad003c514a5d3748f29611c4c0","content/incompleteness/representability-in-q/representability-in-q.tex","59e2f7d0837e00f86a04179d0e67f19dbc25e15b2a11a6899e7ef42f87e3708c","595","35","32","true","true","289","canonical_complete_reader_reachable","Reached by ordered depth-first replay from content/open-logic-about.tex then content/content.tex through uncommented olimport edges.","chapter_driver","","","11","content/incompleteness/representability-in-q/introduction.tex|content/incompleteness/representability-in-q/representable-comp.tex|content/incompleteness/representability-in-q/beta-function.tex|content/incompleteness/representability-in-q/prim-rec.tex|content/incompleteness/representability-in-q/basic-representable.tex|content/incompleteness/representability-in-q/composition-representable.tex|content/incompleteness/representability-in-q/minimization-representable.tex|content/incompleteness/representability-in-q/comp-representable.tex|content/incompleteness/representability-in-q/representing-relations.tex|content/incompleteness/representability-in-q/undecidability.tex|content/incompleteness/representability-in-q/sigma1-completeness.tex","","1","content/incompleteness/incompleteness.tex","0","","1","document:1","0","1","0","0","0","0","0","0","0","0","0","0","0","0","0","0","1","locale/ar/content/incompleteness/representability-in-q/representability-in-q.tex","PENDING","","PENDING","locale/fa-IR/content/incompleteness/representability-in-q/representability-in-q.tex","PENDING","","PENDING","PENDING"
"OLP-0290","290","9620cc73f9c8e0ad003c514a5d3748f29611c4c0","content/incompleteness/representability-in-q/introduction.tex","cdd4ffb67dcdea1ac1aca3664789f6a45a641bc81f85d26c98b770971ff2d03c","6317","129","866","true","true","290","canonical_complete_reader_reachable","Reached by ordered depth-first replay from content/open-logic-about.tex then content/content.tex through uncommented olimport edges.","reader_unit","Introduction","inc","0","","","1","content/incompleteness/representability-in-q/representability-in-q.tex","0","","6","align*:1|defn:1|document:1|enumerate:1|quote:1|thm:1","0","0","1","1","1","0","0","0","0","0","0","0","0","0","0","0","60","locale/ar/content/incompleteness/representability-in-q/introduction.tex","PENDING","","PENDING","locale/fa-IR/content/incompleteness/representability-in-q/introduction.tex","PENDING","","PENDING","PENDING"
"OLP-0291","291","9620cc73f9c8e0ad003c514a5d3748f29611c4c0","content/incompleteness/representability-in-q/representable-comp.tex","c8e840a3bbc2a09898ce9db3ac72e6e04d2d03f727b9dd0ba2fc1ceb291d56b8","5042","114","721","true","true","291","canonical_complete_reader_reachable","Reached by ordered depth-first replay from content/open-logic-about.tex then content/content.tex through uncommented olimport edges.","reader_unit","","inc","0","","","1","content/incompleteness/representability-in-q/representability-in-q.tex","0","","6","document:1|lem:2|multline*:1|proof:2","0","0","1","0","0","0","2","0","0","0","2","0","0","0","12","0","62","locale/ar/content/incompleteness/representability-in-q/representable-comp.tex","PENDING","","PENDING","locale/fa-IR/content/incompleteness/representability-in-q/representable-comp.tex","PENDING","","PENDING","PENDING"
"OLP-0292","292","9620cc73f9c8e0ad003c514a5d3748f29611c4c0","content/incompleteness/representability-in-q/beta-function.tex","4ba46568ec3fc0ac66b9769d4ecf30f4cfce1bf09e4b27bd99540bbfd9eff9ed","6993","182","988","true","true","292","canonical_complete_reader_reachable","Reached by ordered depth-first replay from content/open-logic-about.tex then content/content.tex through uncommented olimport edges.","reader_unit","The Beta Function Lemma","inc","0","","","1","content/incompleteness/representability-in-q/representability-in-q.tex","0","","15","align*:7|defn:2|document:1|enumerate:2|lem:1|prob:1|thm:1","0","0","1","2","1","0","1","0","0","1","0","0","0","0","4","0","110","locale/ar/content/incompleteness/representability-in-q/beta-function.tex","PENDING","","PENDING","locale/fa-IR/content/incompleteness/representability-in-q/beta-function.tex","PENDING","","PENDING","PENDING"
"OLP-0293","293","9620cc73f9c8e0ad003c514a5d3748f29611c4c0","content/incompleteness/representability-in-q/prim-rec.tex","0697fa5e74302609f8fb33e4d1fc67e0c1f64591cbac3f980131804069e0a0d8","2069","60","275","true","true","293","canonical_complete_reader_reachable","Reached by ordered depth-first replay from content/open-logic-about.tex then content/content.tex through uncommented olimport edges.","reader_unit","Simulating Primitive Recursion","inc","0","","","1","content/incompleteness/representability-in-q/representability-in-q.tex","0","","5","align*:1|document:1|enumerate:1|lem:1|proof:1","0","0","1","0","0","0","1","0","0","0","1","0","0","0","1","0","35","locale/ar/content/incompleteness/representability-in-q/prim-rec.tex","PENDING","","PENDING","locale/fa-IR/content/incompleteness/representability-in-q/prim-rec.tex","PENDING","","PENDING","PENDING"
"OLP-0294","294","9620cc73f9c8e0ad003c514a5d3748f29611c4c0","content/incompleteness/representability-in-q/basic-representable.tex","05adb7ef6d0558b05056834a66c31d87dcf5f8e0f90ebf2afb26b5f0cc9b1be3","8619","232","1099","true","true","294","canonical_complete_reader_reachable","Reached by ordered depth-first replay from content/open-logic-about.tex then content/content.tex through uncommented olimport edges.","reader_unit","","inc","0","","","1","content/incompleteness/representability-in-q/representability-in-q.tex","0","","23","align*:1|cases:1|document:1|explain:2|lem:3|prob:3|proof:6|prop:6","0","0","1","0","0","6","3","0","0","3","6","0","0","0","8","0","147","locale/ar/content/incompleteness/representability-in-q/basic-representable.tex","PENDING","","PENDING","locale/fa-IR/content/incompleteness/representability-in-q/basic-representable.tex","PENDING","","PENDING","PENDING"
"OLP-0295","295","9620cc73f9c8e0ad003c514a5d3748f29611c4c0","content/incompleteness/representability-in-q/composition-representable.tex","d22633ee0bf189ad4dbc0e58588cbab3293ba97014a16064c2804f4db38fd6ab","3550","102","505","true","true","295","canonical_complete_reader_reachable","Reached by ordered depth-first replay from content/open-logic-about.tex then content/content.tex through uncommented olimport edges.","reader_unit","","inc","0","","","1","content/incompleteness/representability-in-q/representability-in-q.tex","0","","11","align*:2|document:1|multline*:1|prob:1|proof:3|prop:3","0","0","1","0","0","3","0","0","0","1","3","0","0","0","3","0","64","locale/ar/content/incompleteness/representability-in-q/composition-representable.tex","PENDING","","PENDING","locale/fa-IR/content/incompleteness/representability-in-q/composition-representable.tex","PENDING","","PENDING","PENDING"
"OLP-0296","296","9620cc73f9c8e0ad003c514a5d3748f29611c4c0","content/incompleteness/representability-in-q/minimization-representable.tex","b7f3bb0efb885aff8c77c3647e79599b28c37f7c92e1107d7ef0dbbbd8fbb43c","10043","245","1282","true","true","296","canonical_complete_reader_reachable","Reached by ordered depth-first replay from content/open-logic-about.tex then content/content.tex through uncommented olimport edges.","reader_unit","","inc","0","","","1","content/incompleteness/representability-in-q/representability-in-q.tex","0","","15","align:3|align*:1|document:1|lem:4|proof:5|prop:1","0","0","1","0","0","1","4","0","0","0","5","0","0","0","10","0","217","locale/ar/content/incompleteness/representability-in-q/minimization-representable.tex","PENDING","","PENDING","locale/fa-IR/content/incompleteness/representability-in-q/minimization-representable.tex","PENDING","","PENDING","PENDING"
"OLP-0297","297","9620cc73f9c8e0ad003c514a5d3748f29611c4c0","content/incompleteness/representability-in-q/comp-representable.tex","be50d1a03debb27586b79493bd638bdb91a1bebc13fccadd2e90adceff5a4376","2802","60","376","true","true","297","canonical_complete_reader_reachable","Reached by ordered depth-first replay from content/open-logic-about.tex then content/content.tex through uncommented olimport edges.","reader_unit","","inc","0","","","1","content/incompleteness/representability-in-q/representability-in-q.tex","0","","4","document:1|explain:1|proof:1|thm:1","0","0","1","0","1","0","0","0","0","0","1","0","0","0","4","0","27","locale/ar/content/incompleteness/representability-in-q/comp-representable.tex","PENDING","","PENDING","locale/fa-IR/content/incompleteness/representability-in-q/comp-representable.tex","PENDING","","PENDING","PENDING"
"OLP-0298","298","9620cc73f9c8e0ad003c514a5d3748f29611c4c0","content/incompleteness/representability-in-q/representing-relations.tex","aa293645fefba6b196a4c52f9de43e69a86f3e0747e6420573add3349236d3f6","2471","63","334","true","true","298","canonical_complete_reader_reachable","Reached by ordered depth-first replay from content/open-logic-about.tex then content/content.tex through uncommented olimport edges.","reader_unit","Representing Relations","inc","0","","","1","content/incompleteness/representability-in-q/representability-in-q.tex","0","","5","defn:1|document:1|prob:1|proof:1|thm:1","0","0","1","1","1","0","0","0","0","1","1","0","0","0","1","0","43","locale/ar/content/incompleteness/representability-in-q/representing-relations.tex","PENDING","","PENDING","locale/fa-IR/content/incompleteness/representability-in-q/representing-relations.tex","PENDING","","PENDING","PENDING"
"OLP-0299","299","9620cc73f9c8e0ad003c514a5d3748f29611c4c0","content/incompleteness/representability-in-q/undecidability.tex","e9567629e542b1b65f73b9e600c876dd4064766f8ff167980371f8ac6e5eb1b5","2915","75","406","true","true","299","canonical_complete_reader_reachable","Reached by ordered depth-first replay from content/open-logic-about.tex then content/content.tex through uncommented olimport edges.","reader_unit","Undecidability","inc","0","","","1","content/incompleteness/representability-in-q/representability-in-q.tex","0","","6","cases:1|cor:1|document:1|proof:2|thm:1","0","0","1","0","1","0","0","1","0","0","2","0","0","0","2","0","57","locale/ar/content/incompleteness/representability-in-q/undecidability.tex","PENDING","","PENDING","locale/fa-IR/content/incompleteness/representability-in-q/undecidability.tex","PENDING","","PENDING","PENDING"
"OLP-0300","300","9620cc73f9c8e0ad003c514a5d3748f29611c4c0","content/incompleteness/representability-in-q/sigma1-completeness.tex","769ec60e34823143347732bbf659035f00c18a93d627e795cc597b3442bc11fe","11879","301","1540","true","true","300","canonical_complete_reader_reachable","Reached by ordered depth-first replay from content/open-logic-about.tex then content/content.tex through uncommented olimport edges.","reader_unit","","inc","0","","","1","content/incompleteness/representability-in-q/representability-in-q.tex","0","","19","defn:2|document:1|enumerate:3|lem:4|prob:3|proof:5|thm:1","0","0","1","2","1","0","4","0","0","3","5","0","0","0","16","0","231","locale/ar/content/incompleteness/representability-in-q/sigma1-completeness.tex","PENDING","","PENDING","locale/fa-IR/content/incompleteness/representability-in-q/sigma1-completeness.tex","PENDING","","PENDING","PENDING"
"OLP-0301","301","9620cc73f9c8e0ad003c514a5d3748f29611c4c0","content/incompleteness/theories-computability/theories-computability.tex","412c43bd1865412b5cc1ed4133725393165b82d941aa413632888049d9b75208","841","40","77","true","true","301","canonical_complete_reader_reachable","Reached by ordered depth-first replay from content/open-logic-about.tex then content/content.tex through uncommented olimport edges.","chapter_driver","Theories and Computability","","10","content/incompleteness/theories-computability/introduction.tex|content/incompleteness/theories-computability/q-is-ce.tex|content/incompleteness/theories-computability/oconsis-ext-of-q-undec.tex|content/incompleteness/theories-computability/extensions-of-q-not-decidable.tex|content/incompleteness/theories-computability/computably-axiomatizable.tex|content/incompleteness/theories-computability/complete-decidable.tex|content/incompleteness/theories-computability/first-incompleteness.tex|content/incompleteness/theories-computability/inseparability.tex|content/incompleteness/theories-computability/consis-with-q.tex|content/incompleteness/theories-computability/interpretability.tex","","1","content/incompleteness/incompleteness.tex","0","","2","document:1|editorial:1","0","1","0","0","0","0","0","0","0","0","0","0","0","0","0","0","0","locale/ar/content/incompleteness/theories-computability/theories-computability.tex","PENDING","","PENDING","locale/fa-IR/content/incompleteness/theories-computability/theories-computability.tex","PENDING","","PENDING","PENDING"
"OLP-0302","302","9620cc73f9c8e0ad003c514a5d3748f29611c4c0","content/incompleteness/theories-computability/introduction.tex","0e1c97bb1022504a5f9c1c59f71e71561fb452b6f7477359c24b34875d480818","1619","43","217","true","true","302","canonical_complete_reader_reachable","Reached by ordered depth-first replay from content/open-logic-about.tex then content/content.tex through uncommented olimport edges.","reader_unit","Introduction","inc","0","","","1","content/incompleteness/theories-computability/theories-computability.tex","0","","3","document:1|editorial:1|enumerate:1","0","0","1","0","0","0","0","0","0","0","0","0","0","0","5","0","13","locale/ar/content/incompleteness/theories-computability/introduction.tex","PENDING","","PENDING","locale/fa-IR/content/incompleteness/theories-computability/introduction.tex","PENDING","","PENDING","PENDING"
"OLP-0303","303","9620cc73f9c8e0ad003c514a5d3748f29611c4c0","content/incompleteness/theories-computability/q-is-ce.tex","c36b9bef34b404a88fb91da7437b1abb3850a856d5c9907ff139c2f269d97eea","1977","55","302","true","true","303","canonical_complete_reader_reachable","Reached by ordered depth-first replay from content/open-logic-about.tex then content/content.tex through uncommented olimport edges.","reader_unit","","inc","0","","","1","content/incompleteness/theories-computability/theories-computability.tex","0","","4","align*:1|document:1|proof:1|thm:1","0","0","1","0","1","0","0","0","0","0","1","0","0","0","0","0","39","locale/ar/content/incompleteness/theories-computability/q-is-ce.tex","PENDING","","PENDING","locale/fa-IR/content/incompleteness/theories-computability/q-is-ce.tex","PENDING","","PENDING","PENDING"
"OLP-0304","304","9620cc73f9c8e0ad003c514a5d3748f29611c4c0","content/incompleteness/theories-computability/oconsis-ext-of-q-undec.tex","60e9baa196cb0f7c48184cb7d0772008bfe52675ff72cead3cd02c23bed3d17e","1983","51","243","true","true","304","canonical_complete_reader_reachable","Reached by ordered depth-first replay from content/open-logic-about.tex then content/content.tex through uncommented olimport edges.","reader_unit","","inc","0","","","1","content/incompleteness/theories-computability/theories-computability.tex","0","","5","defn:1|document:1|explain:1|proof:1|thm:1","0","0","1","1","1","0","0","0","0","0","1","0","0","0","0","0","38","locale/ar/content/incompleteness/theories-computability/oconsis-ext-of-q-undec.tex","PENDING","","PENDING","locale/fa-IR/content/incompleteness/theories-computability/oconsis-ext-of-q-undec.tex","PENDING","","PENDING","PENDING"
"OLP-0305","305","9620cc73f9c8e0ad003c514a5d3748f29611c4c0","content/incompleteness/theories-computability/extensions-of-q-not-decidable.tex","5372b80c77f5200c4e3de043785b6750a9fabf65cd5a2c925d483684cc2419e8","3008","88","418","true","true","305","canonical_complete_reader_reachable","Reached by ordered depth-first replay from content/open-logic-about.tex then content/content.tex through uncommented olimport edges.","reader_unit","","inc","0","","","1","content/incompleteness/theories-computability/theories-computability.tex","0","","10","cor:1|document:1|eqnarray*:2|explain:1|lem:1|proof:2|quote:1|thm:1","0","0","1","0","1","0","1","1","0","0","2","0","0","0","1","0","47","locale/ar/content/incompleteness/theories-computability/extensions-of-q-not-decidable.tex","PENDING","","PENDING","locale/fa-IR/content/incompleteness/theories-computability/extensions-of-q-not-decidable.tex","PENDING","","PENDING","PENDING"
"OLP-0306","306","9620cc73f9c8e0ad003c514a5d3748f29611c4c0","content/incompleteness/theories-computability/computably-axiomatizable.tex","a0c56dc47495d20b0c78105b896cbb2ef12a99c7f71f9bf4d18fd04edf4f4440","1296","38","166","true","true","306","canonical_complete_reader_reachable","Reached by ordered depth-first replay from content/open-logic-about.tex then content/content.tex through uncommented olimport edges.","reader_unit","","inc","0","","","1","content/incompleteness/theories-computability/theories-computability.tex","0","","3","document:1|lem:1|proof:1","0","0","1","0","0","0","1","0","0","0","1","0","0","0","0","0","17","locale/ar/content/incompleteness/theories-computability/computably-axiomatizable.tex","PENDING","","PENDING","locale/fa-IR/content/incompleteness/theories-computability/computably-axiomatizable.tex","PENDING","","PENDING","PENDING"
"OLP-0307","307","9620cc73f9c8e0ad003c514a5d3748f29611c4c0","content/incompleteness/theories-computability/complete-decidable.tex","3f0ac3119196cb3e19a0ae0de850e46aa5d0965ca1b0b225b7656e5133156136","1400","40","190","true","true","307","canonical_complete_reader_reachable","Reached by ordered depth-first replay from content/open-logic-about.tex then content/content.tex through uncommented olimport edges.","reader_unit","","inc","0","","","1","content/incompleteness/theories-computability/theories-computability.tex","0","","3","document:1|lem:1|proof:1","0","0","1","0","0","0","1","0","0","0","1","0","0","0","0","0","25","locale/ar/content/incompleteness/theories-computability/complete-decidable.tex","PENDING","","PENDING","locale/fa-IR/content/incompleteness/theories-computability/complete-decidable.tex","PENDING","","PENDING","PENDING"
"OLP-0308","308","9620cc73f9c8e0ad003c514a5d3748f29611c4c0","content/incompleteness/theories-computability/first-incompleteness.tex","1e592928ee6e538cdeb4ce5e44884f4d6c7acc0a6d9ac6f0939963f9b0bcf507","1726","46","216","true","true","308","canonical_complete_reader_reachable","Reached by ordered depth-first replay from content/open-logic-about.tex then content/content.tex through uncommented olimport edges.","reader_unit","","inc","0","","","1","content/incompleteness/theories-computability/theories-computability.tex","0","","4","document:1|explain:1|proof:1|thm:1","0","0","1","0","1","0","0","0","0","0","1","0","0","0","0","0","7","locale/ar/content/incompleteness/theories-computability/first-incompleteness.tex","PENDING","","PENDING","locale/fa-IR/content/incompleteness/theories-computability/first-incompleteness.tex","PENDING","","PENDING","PENDING"
"OLP-0309","309","9620cc73f9c8e0ad003c514a5d3748f29611c4c0","content/incompleteness/theories-computability/inseparability.tex","e1a84bba2fbc91a669bc9357184630f93b97ddbd91cef4a319431eacda6734fb","1493","49","177","true","true","309","canonical_complete_reader_reachable","Reached by ordered depth-first replay from content/open-logic-about.tex then content/content.tex through uncommented olimport edges.","reader_unit","","inc","0","","","1","content/incompleteness/theories-computability/theories-computability.tex","0","","6","document:1|eqnarray*:2|lem:1|proof:1|quote:1","0","0","1","0","0","0","1","0","0","0","1","0","0","0","0","0","25","locale/ar/content/incompleteness/theories-computability/inseparability.tex","PENDING","","PENDING","locale/fa-IR/content/incompleteness/theories-computability/inseparability.tex","PENDING","","PENDING","PENDING"
"OLP-0310","310","9620cc73f9c8e0ad003c514a5d3748f29611c4c0","content/incompleteness/theories-computability/consis-with-q.tex","09a1983ac2c41fce429da84abcb128479b46db10773d75cd461daf651bba72ef","2176","63","303","true","true","310","canonical_complete_reader_reachable","Reached by ordered depth-first replay from content/open-logic-about.tex then content/content.tex through uncommented olimport edges.","reader_unit","","inc","0","","","1","content/incompleteness/theories-computability/theories-computability.tex","0","","5","cor:1|document:1|proof:2|thm:1","0","0","1","0","1","0","0","1","0","0","2","0","0","0","0","0","48","locale/ar/content/incompleteness/theories-computability/consis-with-q.tex","PENDING","","PENDING","locale/fa-IR/content/incompleteness/theories-computability/consis-with-q.tex","PENDING","","PENDING","PENDING"
"OLP-0311","311","9620cc73f9c8e0ad003c514a5d3748f29611c4c0","content/incompleteness/theories-computability/interpretability.tex","f113c9d84625731b1c4473e6178a2169249ae2399ed183b097d3840eca16f9e5","2790","70","390","true","true","311","canonical_complete_reader_reachable","Reached by ordered depth-first replay from content/open-logic-about.tex then content/content.tex through uncommented olimport edges.","reader_unit","","inc","0","","","1","content/incompleteness/theories-computability/theories-computability.tex","0","","5","cor:3|document:1|thm:1","0","0","1","0","1","0","0","3","0","0","0","0","0","0","0","0","36","locale/ar/content/incompleteness/theories-computability/interpretability.tex","PENDING","","PENDING","locale/fa-IR/content/incompleteness/theories-computability/interpretability.tex","PENDING","","PENDING","PENDING"
"OLP-0312","312","9620cc73f9c8e0ad003c514a5d3748f29611c4c0","content/incompleteness/incompleteness-provability/incompleteness-provability.tex","37ec6b0d2ed4993622d45347dbda0816fab6bb02f4665b63babac6658ee236c7","511","31","32","true","true","312","canonical_complete_reader_reachable","Reached by ordered depth-first replay from content/open-logic-about.tex then content/content.tex through uncommented olimport edges.","chapter_driver","Incompleteness and Provability","","9","content/incompleteness/incompleteness-provability/introduction.tex|content/incompleteness/incompleteness-provability/fixed-point-lemma.tex|content/incompleteness/incompleteness-provability/first-incompleteness-thm.tex|content/incompleteness/incompleteness-provability/rosser-thm.tex|content/incompleteness/incompleteness-provability/godels-paper.tex|content/incompleteness/incompleteness-provability/provability-conditions.tex|content/incompleteness/incompleteness-provability/second-incompleteness-thm.tex|content/incompleteness/incompleteness-provability/lob-thm.tex|content/incompleteness/incompleteness-provability/tarski-thm.tex","","1","content/incompleteness/incompleteness.tex","0","","1","document:1","0","1","0","0","0","0","0","0","0","0","0","0","0","0","0","0","0","locale/ar/content/incompleteness/incompleteness-provability/incompleteness-provability.tex","PENDING","","PENDING","locale/fa-IR/content/incompleteness/incompleteness-provability/incompleteness-provability.tex","PENDING","","PENDING","PENDING"
"OLP-0313","313","9620cc73f9c8e0ad003c514a5d3748f29611c4c0","content/incompleteness/incompleteness-provability/introduction.tex","60feb5bf5ea6aa27385212d6746d33b74e4c70fd4b80dfcca666614eba6c4301","4606","95","672","true","true","313","canonical_complete_reader_reachable","Reached by ordered depth-first replay from content/open-logic-about.tex then content/content.tex through uncommented olimport edges.","reader_unit","Introduction","inc","0","","","1","content/incompleteness/incompleteness-provability/incompleteness-provability.tex","0","","4","document:1|enumerate:1|lem:1|quote:1","0","0","1","0","0","0","1","0","0","0","0","0","0","0","0","0","30","locale/ar/content/incompleteness/incompleteness-provability/introduction.tex","PENDING","","PENDING","locale/fa-IR/content/incompleteness/incompleteness-provability/introduction.tex","PENDING","","PENDING","PENDING"
"OLP-0314","314","9620cc73f9c8e0ad003c514a5d3748f29611c4c0","content/incompleteness/incompleteness-provability/fixed-point-lemma.tex","d329f0cdc9aee3a35e49a487c9ee01fed67c4811ba6dc455a05646bc3a326dd3","6195","141","914","true","true","314","canonical_complete_reader_reachable","Reached by ordered depth-first replay from content/open-logic-about.tex then content/content.tex through uncommented olimport edges.","reader_unit","The Fixed-Point Lemma","inc","0","","","1","content/incompleteness/incompleteness-provability/incompleteness-provability.tex","0","","9","align:1|align*:2|digress:1|document:1|explain:1|lem:1|prob:1|proof:1","0","0","1","0","0","0","1","0","0","1","1","0","0","0","2","0","91","locale/ar/content/incompleteness/incompleteness-provability/fixed-point-lemma.tex","PENDING","","PENDING","locale/fa-IR/content/incompleteness/incompleteness-provability/fixed-point-lemma.tex","PENDING","","PENDING","PENDING"
"OLP-0315","315","9620cc73f9c8e0ad003c514a5d3748f29611c4c0","content/incompleteness/incompleteness-provability/first-incompleteness-thm.tex","eeedd9cfee28ead98ba638711d797b37b8a1069af1c2a5ffb6c1427572651114","5764","129","768","true","true","315","canonical_complete_reader_reachable","Reached by ordered depth-first replay from content/open-logic-about.tex then content/content.tex through uncommented olimport edges.","reader_unit","The First Incompleteness Theorem","inc","0","","","1","content/incompleteness/incompleteness-provability/incompleteness-provability.tex","0","","10","defn:1|document:1|equation:1|lem:2|prob:1|proof:3|thm:1","0","0","1","1","1","0","2","0","0","1","3","0","0","0","5","0","109","locale/ar/content/incompleteness/incompleteness-provability/first-incompleteness-thm.tex","PENDING","","PENDING","locale/fa-IR/content/incompleteness/incompleteness-provability/first-incompleteness-thm.tex","PENDING","","PENDING","PENDING"
"OLP-0316","316","9620cc73f9c8e0ad003c514a5d3748f29611c4c0","content/incompleteness/incompleteness-provability/rosser-thm.tex","41f6fcc111f4df5f50827d2c5e46ffda33b3477a165915bd5b3c8122f0445dad","6840","137","870","true","true","316","canonical_complete_reader_reachable","Reached by ordered depth-first replay from content/open-logic-about.tex then content/content.tex through uncommented olimport edges.","reader_unit","Rosser's Theorem","inc","0","","","1","content/incompleteness/incompleteness-provability/incompleteness-provability.tex","0","","7","align*:2|document:1|equation:1|prob:1|proof:1|thm:1","0","0","1","0","1","0","0","0","0","1","1","0","0","0","5","0","119","locale/ar/content/incompleteness/incompleteness-provability/rosser-thm.tex","PENDING","","PENDING","locale/fa-IR/content/incompleteness/incompleteness-provability/rosser-thm.tex","PENDING","","PENDING","PENDING"
"OLP-0317","317","9620cc73f9c8e0ad003c514a5d3748f29611c4c0","content/incompleteness/incompleteness-provability/godels-paper.tex","d7b4d0f735a8bd1c09bc0bf17f3f153cfa6505603cd8ea688fe51481e1c4e58b","1335","31","194","true","true","317","canonical_complete_reader_reachable","Reached by ordered depth-first replay from content/open-logic-about.tex then content/content.tex through uncommented olimport edges.","reader_unit","Comparison with G\""odel's Original Paper","inc","0","","","1","content/incompleteness/incompleteness-provability/incompleteness-provability.tex","0","","1","document:1","0","0","1","0","0","0","0","0","0","0","0","0","0","0","0","0","6","locale/ar/content/incompleteness/incompleteness-provability/godels-paper.tex","PENDING","","PENDING","locale/fa-IR/content/incompleteness/incompleteness-provability/godels-paper.tex","PENDING","","PENDING","PENDING"
"OLP-0318","318","9620cc73f9c8e0ad003c514a5d3748f29611c4c0","content/incompleteness/incompleteness-provability/provability-conditions.tex","e2b3e768411a61327ef6e195f7123b07c69624eabbd8583a20fbc721792afdf3","3413","79","461","true","true","318","canonical_complete_reader_reachable","Reached by ordered depth-first replay from content/open-logic-about.tex then content/content.tex through uncommented olimport edges.","reader_unit","","inc","0","","","1","content/incompleteness/incompleteness-provability/incompleteness-provability.tex","0","","4","digress:1|document:1|enumerate:2","0","0","1","0","0","0","0","0","0","0","0","0","0","0","0","0","34","locale/ar/content/incompleteness/incompleteness-provability/provability-conditions.tex","PENDING","","PENDING","locale/fa-IR/content/incompleteness/incompleteness-provability/provability-conditions.tex","PENDING","","PENDING","PENDING"
"OLP-0319","319","9620cc73f9c8e0ad003c514a5d3748f29611c4c0","content/incompleteness/incompleteness-provability/second-incompleteness-thm.tex","3ea221f4e1886b84738ce9a3268717630946305a41a6dfb8f74266d969f7a762","5784","129","661","true","true","319","canonical_complete_reader_reachable","Reached by ordered depth-first replay from content/open-logic-about.tex then content/content.tex through uncommented olimport edges.","reader_unit","The Second Incompleteness Theorem","inc","0","","","1","content/incompleteness/incompleteness-provability/incompleteness-provability.tex","0","","6","align:1|digress:1|document:1|prob:1|thm:2","0","0","1","0","2","0","0","0","0","1","0","0","0","0","15","0","60","locale/ar/content/incompleteness/incompleteness-provability/second-incompleteness-thm.tex","PENDING","","PENDING","locale/fa-IR/content/incompleteness/incompleteness-provability/second-incompleteness-thm.tex","PENDING","","PENDING","PENDING"
"OLP-0320","320","9620cc73f9c8e0ad003c514a5d3748f29611c4c0","content/incompleteness/incompleteness-provability/lob-thm.tex","f9e81b079e6b7209d6d6dc94d2ab89273a16ff791a9c03e8a3104a1ce805125e","7358","154","857","true","true","320","canonical_complete_reader_reachable","Reached by ordered depth-first replay from content/open-logic-about.tex then content/content.tex through uncommented olimport edges.","reader_unit","L\""ob's Theorem","inc","0","","","1","content/incompleteness/incompleteness-provability/incompleteness-provability.tex","0","","9","align:1|align*:1|document:1|enumerate:2|explain:1|prob:1|proof:1|thm:1","0","0","1","0","1","0","0","0","0","1","1","0","0","0","16","0","77","locale/ar/content/incompleteness/incompleteness-provability/lob-thm.tex","PENDING","","PENDING","locale/fa-IR/content/incompleteness/incompleteness-provability/lob-thm.tex","PENDING","","PENDING","PENDING"
"OLP-0321","321","9620cc73f9c8e0ad003c514a5d3748f29611c4c0","content/incompleteness/incompleteness-provability/tarski-thm.tex","b83d5521afa3dd7e7c72318f242a6e78267addb406ccaa463c646b9cd5527dfd","4452","118","662","true","true","321","canonical_complete_reader_reachable","Reached by ordered depth-first replay from content/open-logic-about.tex then content/content.tex through uncommented olimport edges.","reader_unit","The Undefinability of Truth","inc","0","","","1","content/incompleteness/incompleteness-provability/incompleteness-provability.tex","0","","11","defn:1|document:1|lem:2|prob:1|proof:3|quote:2|thm:1","0","0","1","1","1","0","2","0","0","1","3","0","0","0","0","0","58","locale/ar/content/incompleteness/incompleteness-provability/tarski-thm.tex","PENDING","","PENDING","locale/fa-IR/content/incompleteness/incompleteness-provability/tarski-thm.tex","PENDING","","PENDING","PENDING"
"OLP-0322","322","9620cc73f9c8e0ad003c514a5d3748f29611c4c0","content/second-order-logic/second-order-logic.tex","5dc498c263d32773d1a40ecf5abca697d57f13526cb5272e907d5487b9636640","421","22","40","true","true","322","canonical_complete_reader_reachable","Reached by ordered depth-first replay from content/open-logic-about.tex then content/content.tex through uncommented olimport edges.","part_driver","Second-order Logic","","3","content/second-order-logic/syntax-and-semantics/syntax-and-semantics.tex|content/second-order-logic/metatheory/metatheory.tex|content/second-order-logic/sol-and-set-theory/sol-and-set-theory.tex","","1","content/content.tex","0","","2","document:1|editorial:1","1","0","0","0","0","0","0","0","0","0","0","0","0","0","0","0","0","locale/ar/content/second-order-logic/second-order-logic.tex","PENDING","","PENDING","locale/fa-IR/content/second-order-logic/second-order-logic.tex","PENDING","","PENDING","PENDING"
"OLP-0323","323","9620cc73f9c8e0ad003c514a5d3748f29611c4c0","content/second-order-logic/syntax-and-semantics/syntax-and-semantics.tex","a403b5ca94c5e700e42e6f315a81d19d6d3ca098e1c1998bf40e181aa82cdc82","675","32","64","true","true","323","canonical_complete_reader_reachable","Reached by ordered depth-first replay from content/open-logic-about.tex then content/content.tex through uncommented olimport edges.","chapter_driver","Syntax and Semantics","","6","content/second-order-logic/syntax-and-semantics/introduction.tex|content/second-order-logic/syntax-and-semantics/terms-formulas.tex|content/second-order-logic/syntax-and-semantics/satisfaction.tex|content/second-order-logic/syntax-and-semantics/semantic-notions.tex|content/second-order-logic/syntax-and-semantics/expressive-power.tex|content/second-order-logic/syntax-and-semantics/inf-count.tex","","1","content/second-order-logic/second-order-logic.tex","0","","2","document:1|editorial:1","0","1","0","0","0","0","0","0","0","0","0","0","0","0","0","0","0","locale/ar/content/second-order-logic/syntax-and-semantics/syntax-and-semantics.tex","PENDING","","PENDING","locale/fa-IR/content/second-order-logic/syntax-and-semantics/syntax-and-semantics.tex","PENDING","","PENDING","PENDING"
"OLP-0324","324","9620cc73f9c8e0ad003c514a5d3748f29611c4c0","content/second-order-logic/syntax-and-semantics/introduction.tex","e62d0693e430a7e79acd8cb1f75d4ccf29dabb85c8fb583f682bf45cd8a3ea06","3125","60","417","true","true","324","canonical_complete_reader_reachable","Reached by ordered depth-first replay from content/open-logic-about.tex then content/content.tex through uncommented olimport edges.","reader_unit","Introduction","sol","0","","","1","content/second-order-logic/syntax-and-semantics/syntax-and-semantics.tex","0","","1","document:1","0","0","1","0","0","0","0","0","0","0","0","0","0","0","0","0","28","locale/ar/content/second-order-logic/syntax-and-semantics/introduction.tex","PENDING","","PENDING","locale/fa-IR/content/second-order-logic/syntax-and-semantics/introduction.tex","PENDING","","PENDING","PENDING"
"OLP-0325","325","9620cc73f9c8e0ad003c514a5d3748f29611c4c0","content/second-order-logic/syntax-and-semantics/terms-formulas.tex","f19ecb7317cc7ec85e9f3886efcce65c85b4f88a7c839779516443e9fca053ff","3689","90","522","true","true","325","canonical_complete_reader_reachable","Reached by ordered depth-first replay from content/open-logic-about.tex then content/content.tex through uncommented olimport edges.","reader_unit","","sol","0","","","1","content/second-order-logic/syntax-and-semantics/syntax-and-semantics.tex","0","","8","defn:2|document:1|enumerate:3|explain:2","0","0","1","2","0","0","0","0","0","0","0","0","0","0","2","0","50","locale/ar/content/second-order-logic/syntax-and-semantics/terms-formulas.tex","PENDING","","PENDING","locale/fa-IR/content/second-order-logic/syntax-and-semantics/terms-formulas.tex","PENDING","","PENDING","PENDING"
"OLP-0326","326","9620cc73f9c8e0ad003c514a5d3748f29611c4c0","content/second-order-logic/syntax-and-semantics/satisfaction.tex","888d180bad24363cba4c5e08a0d00fbe06e004f11b1278072379532764145302","8889","211","1138","true","true","326","canonical_complete_reader_reachable","Reached by ordered depth-first replay from content/open-logic-about.tex then content/content.tex through uncommented olimport edges.","reader_unit","Satisfaction","sol","0","","","1","content/second-order-logic/syntax-and-semantics/syntax-and-semantics.tex","0","","19","cases:3|defn:5|document:1|enumerate:3|ex:3|explain:2|prob:1|quote:1","0","0","1","5","0","0","0","0","3","1","0","0","0","0","1","0","144","locale/ar/content/second-order-logic/syntax-and-semantics/satisfaction.tex","PENDING","","PENDING","locale/fa-IR/content/second-order-logic/syntax-and-semantics/satisfaction.tex","PENDING","","PENDING","PENDING"
"OLP-0327","327","9620cc73f9c8e0ad003c514a5d3748f29611c4c0","content/second-order-logic/syntax-and-semantics/semantic-notions.tex","af3f9a4dbdca12dee2cc40cfb2fb1612af00df377a220f9af76eb395c2ea3dcd","1263","39","133","true","true","327","canonical_complete_reader_reachable","Reached by ordered depth-first replay from content/open-logic-about.tex then content/content.tex through uncommented olimport edges.","reader_unit","Semantic Notions","sol","0","","","1","content/second-order-logic/syntax-and-semantics/syntax-and-semantics.tex","0","","5","defn:3|document:1|explain:1","0","0","1","3","0","0","0","0","0","0","0","0","0","0","0","0","14","locale/ar/content/second-order-logic/syntax-and-semantics/semantic-notions.tex","PENDING","","PENDING","locale/fa-IR/content/second-order-logic/syntax-and-semantics/semantic-notions.tex","PENDING","","PENDING","PENDING"
"OLP-0328","328","9620cc73f9c8e0ad003c514a5d3748f29611c4c0","content/second-order-logic/syntax-and-semantics/expressive-power.tex","012d62525a1dcefa38d5d70eb605f5d33e6ddff6b616ecb530beaa4aa3f42af2","4197","96","643","true","true","328","canonical_complete_reader_reachable","Reached by ordered depth-first replay from content/open-logic-about.tex then content/content.tex through uncommented olimport edges.","reader_unit","Expressive Power","sol","0","","","1","content/second-order-logic/syntax-and-semantics/syntax-and-semantics.tex","0","","7","defn:1|document:1|ex:2|explain:1|multline*:1|prob:1","0","0","1","1","0","0","0","0","2","1","0","0","0","0","0","0","69","locale/ar/content/second-order-logic/syntax-and-semantics/expressive-power.tex","PENDING","","PENDING","locale/fa-IR/content/second-order-logic/syntax-and-semantics/expressive-power.tex","PENDING","","PENDING","PENDING"
"OLP-0329","329","9620cc73f9c8e0ad003c514a5d3748f29611c4c0","content/second-order-logic/syntax-and-semantics/inf-count.tex","05941ff3223be4d1e2085b995ead321b0ac32c4e70ea95a76a5cb2f48c5a526c","5628","134","810","true","true","329","canonical_complete_reader_reachable","Reached by ordered depth-first replay from content/open-logic-about.tex then content/content.tex through uncommented olimport edges.","reader_unit","","sol","0","","","1","content/second-order-logic/syntax-and-semantics/syntax-and-semantics.tex","0","","6","document:1|prob:1|proof:2|prop:2","0","0","1","0","0","2","0","0","0","1","2","0","0","0","0","0","100","locale/ar/content/second-order-logic/syntax-and-semantics/inf-count.tex","PENDING","","PENDING","locale/fa-IR/content/second-order-logic/syntax-and-semantics/inf-count.tex","PENDING","","PENDING","PENDING"
"OLP-0330","330","9620cc73f9c8e0ad003c514a5d3748f29611c4c0","content/second-order-logic/metatheory/metatheory.tex","e6c796f24ea9b73db8e26828c1067d34be85ea7458607c0572746d22ce0584e2","406","23","24","true","true","330","canonical_complete_reader_reachable","Reached by ordered depth-first replay from content/open-logic-about.tex then content/content.tex through uncommented olimport edges.","chapter_driver","Metatheory of Second-order Logic","","5","content/second-order-logic/metatheory/introduction.tex|content/second-order-logic/metatheory/second-order-arithmetic.tex|content/second-order-logic/metatheory/undecidability-and-axiomatizability.tex|content/second-order-logic/metatheory/compactness.tex|content/second-order-logic/metatheory/loewenheim-skolem.tex","","1","content/second-order-logic/second-order-logic.tex","0","","1","document:1","0","1","0","0","0","0","0","0","0","0","0","0","0","0","0","0","0","locale/ar/content/second-order-logic/metatheory/metatheory.tex","PENDING","","PENDING","locale/fa-IR/content/second-order-logic/metatheory/metatheory.tex","PENDING","","PENDING","PENDING"
"OLP-0331","331","9620cc73f9c8e0ad003c514a5d3748f29611c4c0","content/second-order-logic/metatheory/introduction.tex","f6757be05c96c6b70e89d4be689be8a5a206fe1c946d3538e1deab0bb2741e8f","1949","41","280","true","true","331","canonical_complete_reader_reachable","Reached by ordered depth-first replay from content/open-logic-about.tex then content/content.tex through uncommented olimport edges.","reader_unit","Introduction","sol","0","","","1","content/second-order-logic/metatheory/metatheory.tex","0","","1","document:1","0","0","1","0","0","0","0","0","0","0","0","0","0","0","0","0","11","locale/ar/content/second-order-logic/metatheory/introduction.tex","PENDING","","PENDING","locale/fa-IR/content/second-order-logic/metatheory/introduction.tex","PENDING","","PENDING","PENDING"
"OLP-0332","332","9620cc73f9c8e0ad003c514a5d3748f29611c4c0","content/second-order-logic/metatheory/second-order-arithmetic.tex","98b9ea14e07c131a798a54d4bb78ac429c45a58c1e1f53b36b5e2176e9c90771","5306","133","691","true","true","332","canonical_complete_reader_reachable","Reached by ordered depth-first replay from content/open-logic-about.tex then content/content.tex through uncommented olimport edges.","reader_unit","Second-order Arithmetic","sol","0","","","1","content/second-order-logic/metatheory/metatheory.tex","0","","10","align*:2|cor:1|document:1|prob:1|proof:3|prop:1|thm:1","0","0","1","0","1","1","0","1","0","1","3","0","0","0","3","0","70","locale/ar/content/second-order-logic/metatheory/second-order-arithmetic.tex","PENDING","","PENDING","locale/fa-IR/content/second-order-logic/metatheory/second-order-arithmetic.tex","PENDING","","PENDING","PENDING"
"OLP-0333","333","9620cc73f9c8e0ad003c514a5d3748f29611c4c0","content/second-order-logic/metatheory/undecidability-and-axiomatizability.tex","75048cbdc69d60e28c2590ec03cfe57c12622b6667366a231b80431f88594435","1928","54","247","true","true","333","canonical_complete_reader_reachable","Reached by ordered depth-first replay from content/open-logic-about.tex then content/content.tex through uncommented olimport edges.","reader_unit","Second-order Logic is not Axiomatizable","sol","0","","","1","content/second-order-logic/metatheory/metatheory.tex","0","","5","document:1|proof:2|thm:2","0","0","1","0","2","0","0","0","0","0","2","0","0","0","0","0","27","locale/ar/content/second-order-logic/metatheory/undecidability-and-axiomatizability.tex","PENDING","","PENDING","locale/fa-IR/content/second-order-logic/metatheory/undecidability-and-axiomatizability.tex","PENDING","","PENDING","PENDING"
"OLP-0334","334","9620cc73f9c8e0ad003c514a5d3748f29611c4c0","content/second-order-logic/metatheory/compactness.tex","3d6f37ee6ce0b5d5b37798be31a6d44ef95c5ca79a9660bdb4319e0a24d118db","2477","72","292","true","true","334","canonical_complete_reader_reachable","Reached by ordered depth-first replay from content/open-logic-about.tex then content/content.tex through uncommented olimport edges.","reader_unit","Second-order Logic is not Compact","sol","0","","","1","content/second-order-logic/metatheory/metatheory.tex","0","","5","document:1|explain:1|prob:1|proof:1|thm:1","0","0","1","0","1","0","0","0","0","1","1","0","0","0","0","0","33","locale/ar/content/second-order-logic/metatheory/compactness.tex","PENDING","","PENDING","locale/fa-IR/content/second-order-logic/metatheory/compactness.tex","PENDING","","PENDING","PENDING"
"OLP-0335","335","9620cc73f9c8e0ad003c514a5d3748f29611c4c0","content/second-order-logic/metatheory/loewenheim-skolem.tex","91bba660bcccf12fcd7fbbbee87eb590702d447cca449c83cf8251e43cd4e525","1840","57","224","true","true","335","canonical_complete_reader_reachable","Reached by ordered depth-first replay from content/open-logic-about.tex then content/content.tex through uncommented olimport edges.","reader_unit","The L\""owenheim--Skolem Theorem Fails for Second-order Logic","sol","0","","","1","content/second-order-logic/metatheory/metatheory.tex","0","","6","document:1|explain:1|proof:2|thm:2","0","0","1","0","2","0","0","0","0","0","2","0","0","0","0","0","13","locale/ar/content/second-order-logic/metatheory/loewenheim-skolem.tex","PENDING","","PENDING","locale/fa-IR/content/second-order-logic/metatheory/loewenheim-skolem.tex","PENDING","","PENDING","PENDING"
"OLP-0336","336","9620cc73f9c8e0ad003c514a5d3748f29611c4c0","content/second-order-logic/sol-and-set-theory/sol-and-set-theory.tex","432b29fabbc93a3ddb4a65713fde2c4d41c30e81d60a1021bb4f329ad2aaea2a","696","29","73","true","true","336","canonical_complete_reader_reachable","Reached by ordered depth-first replay from content/open-logic-about.tex then content/content.tex through uncommented olimport edges.","chapter_driver","Second-order Logic and Set Theory","","4","content/second-order-logic/sol-and-set-theory/introduction.tex|content/second-order-logic/sol-and-set-theory/comparing-sets.tex|content/second-order-logic/sol-and-set-theory/cardinalities.tex|content/second-order-logic/sol-and-set-theory/power-of-continuum.tex","","1","content/second-order-logic/second-order-logic.tex","0","","2","document:1|editorial:1","0","1","0","0","0","0","0","0","0","0","0","0","0","0","0","0","0","locale/ar/content/second-order-logic/sol-and-set-theory/sol-and-set-theory.tex","PENDING","","PENDING","locale/fa-IR/content/second-order-logic/sol-and-set-theory/sol-and-set-theory.tex","PENDING","","PENDING","PENDING"
"OLP-0337","337","9620cc73f9c8e0ad003c514a5d3748f29611c4c0","content/second-order-logic/sol-and-set-theory/introduction.tex","927add5dbb7296df119edcb7ac1e2a50d90fd2cd2666ac757884d9eb15e07821","852","24","114","true","true","337","canonical_complete_reader_reachable","Reached by ordered depth-first replay from content/open-logic-about.tex then content/content.tex through uncommented olimport edges.","reader_unit","Introduction","sol","0","","","1","content/second-order-logic/sol-and-set-theory/sol-and-set-theory.tex","0","","1","document:1","0","0","1","0","0","0","0","0","0","0","0","0","0","0","0","0","0","locale/ar/content/second-order-logic/sol-and-set-theory/introduction.tex","PENDING","","PENDING","locale/fa-IR/content/second-order-logic/sol-and-set-theory/introduction.tex","PENDING","","PENDING","PENDING"
"OLP-0338","338","9620cc73f9c8e0ad003c514a5d3748f29611c4c0","content/second-order-logic/sol-and-set-theory/comparing-sets.tex","31f3339a47d5a4eff76d9cb302e35c0283e12b582f0a8e8a34b6c45d225e4fec","2645","82","351","true","true","338","canonical_complete_reader_reachable","Reached by ordered depth-first replay from content/open-logic-about.tex then content/content.tex through uncommented olimport edges.","reader_unit","Comparing Sets","sol","0","","","1","content/second-order-logic/sol-and-set-theory/sol-and-set-theory.tex","0","","9","document:1|multline*:1|proof:1|prop:6","0","0","1","0","0","6","0","0","0","0","1","0","0","0","0","0","37","locale/ar/content/second-order-logic/sol-and-set-theory/comparing-sets.tex","PENDING","","PENDING","locale/fa-IR/content/second-order-logic/sol-and-set-theory/comparing-sets.tex","PENDING","","PENDING","PENDING"
"OLP-0339","339","9620cc73f9c8e0ad003c514a5d3748f29611c4c0","content/second-order-logic/sol-and-set-theory/cardinalities.tex","88fa084f0d3e66aa309713dea420f9f170d7ba611cbdcb1dd43a4c0512269222","2544","65","325","true","true","339","canonical_complete_reader_reachable","Reached by ordered depth-first replay from content/open-logic-about.tex then content/content.tex through uncommented olimport edges.","reader_unit","Cardinalities of Sets","sol","0","","","1","content/second-order-logic/sol-and-set-theory/sol-and-set-theory.tex","0","","6","document:1|explain:1|multline*:2|prop:2","0","0","1","0","0","2","0","0","0","0","0","0","0","0","0","0","23","locale/ar/content/second-order-logic/sol-and-set-theory/cardinalities.tex","PENDING","","PENDING","locale/fa-IR/content/second-order-logic/sol-and-set-theory/cardinalities.tex","PENDING","","PENDING","PENDING"
"OLP-0340","340","9620cc73f9c8e0ad003c514a5d3748f29611c4c0","content/second-order-logic/sol-and-set-theory/power-of-continuum.tex","6f274e0d12c548f62c65254143a794746a5438600d082e69b9272569123c7971","6411","156","922","true","true","340","canonical_complete_reader_reachable","Reached by ordered depth-first replay from content/open-logic-about.tex then content/content.tex through uncommented olimport edges.","reader_unit","The Power of the Continuum","sol","0","","","1","content/second-order-logic/sol-and-set-theory/sol-and-set-theory.tex","0","","17","defn:1|document:1|explain:4|multline*:4|proof:1|prop:6","0","0","1","1","0","6","0","0","0","0","1","0","0","0","0","0","90","locale/ar/content/second-order-logic/sol-and-set-theory/power-of-continuum.tex","PENDING","","PENDING","locale/fa-IR/content/second-order-logic/sol-and-set-theory/power-of-continuum.tex","PENDING","","PENDING","PENDING"
"OLP-0341","341","9620cc73f9c8e0ad003c514a5d3748f29611c4c0","content/lambda-calculus/lambda-calculus.tex","1ccba9f96935af933ec38e75be07c11d0b3e0935c0e9a96291678392477cf736","731","28","80","true","true","341","canonical_complete_reader_reachable","Reached by ordered depth-first replay from content/open-logic-about.tex then content/content.tex through uncommented olimport edges.","part_driver","The Lambda Calculus","","4","content/lambda-calculus/introduction/introduction.tex|content/lambda-calculus/syntax/syntax.tex|content/lambda-calculus/church-rosser/church-rosser.tex|content/lambda-calculus/lambda-definability/lambda-definability.tex","","1","content/content.tex","0","","2","document:1|editorial:1","1","0","0","0","0","0","0","0","0","0","0","0","0","0","0","0","0","locale/ar/content/lambda-calculus/lambda-calculus.tex","PENDING","","PENDING","locale/fa-IR/content/lambda-calculus/lambda-calculus.tex","PENDING","","PENDING","PENDING"
"OLP-0342","342","9620cc73f9c8e0ad003c514a5d3748f29611c4c0","content/lambda-calculus/introduction/introduction.tex","f7e70ef1756cb021d7ae1de12277280ad96e169a93c461d4b7f6571019af1f62","868","46","71","true","true","342","canonical_complete_reader_reachable","Reached by ordered depth-first replay from content/open-logic-about.tex then content/content.tex through uncommented olimport edges.","chapter_driver","Introduction","","13","content/lambda-calculus/introduction/overview.tex|content/lambda-calculus/introduction/syntax.tex|content/lambda-calculus/introduction/reduction.tex|content/lambda-calculus/introduction/church-rosser.tex|content/lambda-calculus/introduction/currying.tex|content/lambda-calculus/introduction/lambda-definability.tex|content/lambda-calculus/introduction/lambda-computable.tex|content/lambda-calculus/introduction/computable-lambda.tex|content/lambda-calculus/introduction/basic-pr-lambda.tex|content/lambda-calculus/introduction/composition.tex|content/lambda-calculus/introduction/primitive-recursion.tex|content/lambda-calculus/introduction/fixed-point-combinator.tex|content/lambda-calculus/introduction/minimization.tex","","1","content/lambda-calculus/lambda-calculus.tex","0","","2","document:1|editorial:1","0","1","0","0","0","0","0","0","0","0","0","0","0","0","0","0","0","locale/ar/content/lambda-calculus/introduction/introduction.tex","PENDING","","PENDING","locale/fa-IR/content/lambda-calculus/introduction/introduction.tex","PENDING","","PENDING","PENDING"
"OLP-0343","343","9620cc73f9c8e0ad003c514a5d3748f29611c4c0","content/lambda-calculus/introduction/overview.tex","9a183958f0a2bcc40f0f52ef41740e41bfd40f829e1fcd6c70dc52239ed2dd9f","3271","74","484","true","true","343","canonical_complete_reader_reachable","Reached by ordered depth-first replay from content/open-logic-about.tex then content/content.tex through uncommented olimport edges.","reader_unit","Overview","lam","0","","","1","content/lambda-calculus/introduction/introduction.tex","0","","3","digress:1|document:1|enumerate:1","0","0","1","0","0","0","0","0","0","0","0","0","0","0","0","0","18","locale/ar/content/lambda-calculus/introduction/overview.tex","PENDING","","PENDING","locale/fa-IR/content/lambda-calculus/introduction/overview.tex","PENDING","","PENDING","PENDING"
"OLP-0344","344","9620cc73f9c8e0ad003c514a5d3748f29611c4c0","content/lambda-calculus/introduction/syntax.tex","91d509f0d6774790541545165eebc43344fde3c1154814a7f25613cbf971df33","2560","73","371","true","true","344","canonical_complete_reader_reachable","Reached by ordered depth-first replay from content/open-logic-about.tex then content/content.tex through uncommented olimport edges.","reader_unit","The Syntax of the Lambda Calculus","lam","0","","","1","content/lambda-calculus/introduction/introduction.tex","0","","4","conv:1|document:1|enumerate:2","0","0","1","0","0","0","0","0","0","0","0","0","0","0","0","0","40","locale/ar/content/lambda-calculus/introduction/syntax.tex","PENDING","","PENDING","locale/fa-IR/content/lambda-calculus/introduction/syntax.tex","PENDING","","PENDING","PENDING"
"OLP-0345","345","9620cc73f9c8e0ad003c514a5d3748f29611c4c0","content/lambda-calculus/introduction/reduction.tex","b9be9e0f0a757115dcb038f76c3de71b98d511b558d3356248b9462ca1adf728","2734","76","368","true","true","345","canonical_complete_reader_reachable","Reached by ordered depth-first replay from content/open-logic-about.tex then content/content.tex through uncommented olimport edges.","reader_unit","Reduction of Lambda Terms","lam","0","","","1","content/lambda-calculus/introduction/introduction.tex","0","","5","align*:2|digress:1|document:1|enumerate:1","0","0","1","0","0","0","0","0","0","0","0","0","0","0","0","0","41","locale/ar/content/lambda-calculus/introduction/reduction.tex","PENDING","","PENDING","locale/fa-IR/content/lambda-calculus/introduction/reduction.tex","PENDING","","PENDING","PENDING"
"OLP-0346","346","9620cc73f9c8e0ad003c514a5d3748f29611c4c0","content/lambda-calculus/introduction/church-rosser.tex","82f34f5a06942b2890b1e623ff756685e2c2a9cafd95aebc4946090bf8e26f2a","1386","42","192","true","true","346","canonical_complete_reader_reachable","Reached by ordered depth-first replay from content/open-logic-about.tex then content/content.tex through uncommented olimport edges.","reader_unit","The Church--Rosser Property","lam","0","","","1","content/lambda-calculus/introduction/introduction.tex","0","","4","cor:1|document:1|proof:1|thm:1","0","0","1","0","1","0","0","1","0","0","1","0","0","0","1","0","32","locale/ar/content/lambda-calculus/introduction/church-rosser.tex","PENDING","","PENDING","locale/fa-IR/content/lambda-calculus/introduction/church-rosser.tex","PENDING","","PENDING","PENDING"
"OLP-0347","347","9620cc73f9c8e0ad003c514a5d3748f29611c4c0","content/lambda-calculus/introduction/currying.tex","d15ca4bc2be145fcbf40d41b077b21322a7647453b938e4182ed9c7864fb4e31","3174","71","465","true","true","347","canonical_complete_reader_reachable","Reached by ordered depth-first replay from content/open-logic-about.tex then content/content.tex through uncommented olimport edges.","reader_unit","Currying","lam","0","","","1","content/lambda-calculus/introduction/introduction.tex","0","","4","align*:1|aligned:1|document:1|multline*:1","0","0","1","0","0","0","0","0","0","0","0","0","0","0","0","0","43","locale/ar/content/lambda-calculus/introduction/currying.tex","PENDING","","PENDING","locale/fa-IR/content/lambda-calculus/introduction/currying.tex","PENDING","","PENDING","PENDING"
"OLP-0348","348","9620cc73f9c8e0ad003c514a5d3748f29611c4c0","content/lambda-calculus/introduction/lambda-definability.tex","891557bb7c05ee32762493764788121f1719dd24e897bf29b01aa264f6527816","1946","55","268","true","true","348","canonical_complete_reader_reachable","Reached by ordered depth-first replay from content/open-logic-about.tex then content/content.tex through uncommented olimport edges.","reader_unit","","lam","0","","","1","content/lambda-calculus/introduction/introduction.tex","0","","5","defn:2|document:1|explain:1|thm:1","0","0","1","2","1","0","0","0","0","0","0","0","0","0","0","0","23","locale/ar/content/lambda-calculus/introduction/lambda-definability.tex","PENDING","","PENDING","locale/fa-IR/content/lambda-calculus/introduction/lambda-definability.tex","PENDING","","PENDING","PENDING"
"OLP-0349","349","9620cc73f9c8e0ad003c514a5d3748f29611c4c0","content/lambda-calculus/introduction/lambda-computable.tex","c9eea509afbc542557f6f4db382a82ee101a7242d01040ffad8bcf5b41a63eda","1689","42","223","true","true","349","canonical_complete_reader_reachable","Reached by ordered depth-first replay from content/open-logic-about.tex then content/content.tex through uncommented olimport edges.","reader_unit","","lam","0","","","1","content/lambda-calculus/introduction/introduction.tex","0","","3","document:1|proof:1|thm:1","0","0","1","0","1","0","0","0","0","0","1","0","0","0","0","0","14","locale/ar/content/lambda-calculus/introduction/lambda-computable.tex","PENDING","","PENDING","locale/fa-IR/content/lambda-calculus/introduction/lambda-computable.tex","PENDING","","PENDING","PENDING"
"OLP-0350","350","9620cc73f9c8e0ad003c514a5d3748f29611c4c0","content/lambda-calculus/introduction/computable-lambda.tex","e385d9f282a0609f24b6847a728cd2bab75ef631d36c479dd65fc11e07105276","1745","42","245","true","true","350","canonical_complete_reader_reachable","Reached by ordered depth-first replay from content/open-logic-about.tex then content/content.tex through uncommented olimport edges.","reader_unit","","lam","0","","","1","content/lambda-calculus/introduction/introduction.tex","0","","3","document:1|proof:1|thm:1","0","0","1","0","1","0","0","0","0","0","1","0","0","0","0","0","12","locale/ar/content/lambda-calculus/introduction/computable-lambda.tex","PENDING","","PENDING","locale/fa-IR/content/lambda-calculus/introduction/computable-lambda.tex","PENDING","","PENDING","PENDING"
"OLP-0351","351","9620cc73f9c8e0ad003c514a5d3748f29611c4c0","content/lambda-calculus/introduction/basic-pr-lambda.tex","22d0798be8cf00937591874f939864e92c8e15bb6e0832dd45fd96a9d6908401","1028","33","124","true","true","351","canonical_complete_reader_reachable","Reached by ordered depth-first replay from content/open-logic-about.tex then content/content.tex through uncommented olimport edges.","reader_unit","","lam","0","","","1","content/lambda-calculus/introduction/introduction.tex","0","","3","document:1|lem:1|proof:1","0","0","1","0","0","0","1","0","0","0","1","0","0","0","0","0","17","locale/ar/content/lambda-calculus/introduction/basic-pr-lambda.tex","PENDING","","PENDING","locale/fa-IR/content/lambda-calculus/introduction/basic-pr-lambda.tex","PENDING","","PENDING","PENDING"
"OLP-0352","352","9620cc73f9c8e0ad003c514a5d3748f29611c4c0","content/lambda-calculus/introduction/composition.tex","8a15d1ee95b75f00d0c6e94d7b0872f709f67b394d9ce720790e36f1f83c9ff1","884","31","104","true","true","352","canonical_complete_reader_reachable","Reached by ordered depth-first replay from content/open-logic-about.tex then content/content.tex through uncommented olimport edges.","reader_unit","","lam","0","","","1","content/lambda-calculus/introduction/introduction.tex","0","","3","document:1|lem:1|proof:1","0","0","1","0","0","0","1","0","0","0","1","0","0","0","0","0","14","locale/ar/content/lambda-calculus/introduction/composition.tex","PENDING","","PENDING","locale/fa-IR/content/lambda-calculus/introduction/composition.tex","PENDING","","PENDING","PENDING"
"OLP-0353","353","9620cc73f9c8e0ad003c514a5d3748f29611c4c0","content/lambda-calculus/introduction/primitive-recursion.tex","fd47e85af6ba95ca61def453b26ba3b443654d5a3dc732060c2a9c1e93c3562b","5206","145","715","true","true","353","canonical_complete_reader_reachable","Reached by ordered depth-first replay from content/open-logic-about.tex then content/content.tex through uncommented olimport edges.","reader_unit","","lam","0","","","1","content/lambda-calculus/introduction/introduction.tex","0","","14","align*:7|document:1|enumerate:2|lem:2|proof:2","0","0","1","0","0","0","2","0","0","0","2","0","0","0","0","0","80","locale/ar/content/lambda-calculus/introduction/primitive-recursion.tex","PENDING","","PENDING","locale/fa-IR/content/lambda-calculus/introduction/primitive-recursion.tex","PENDING","","PENDING","PENDING"
"OLP-0354","354","9620cc73f9c8e0ad003c514a5d3748f29611c4c0","content/lambda-calculus/introduction/fixed-point-combinator.tex","a30a2ee0e64c03c9d10f4c18e716d42cc242a077a0a593b6963df0b317400b7d","1128","41","151","true","true","354","canonical_complete_reader_reachable","Reached by ordered depth-first replay from content/open-logic-about.tex then content/content.tex through uncommented olimport edges.","reader_unit","Fixed-Point Combinators","lam","0","","","1","content/lambda-calculus/introduction/introduction.tex","0","","2","align*:1|document:1","0","0","1","0","0","0","0","0","0","0","0","0","0","0","0","0","20","locale/ar/content/lambda-calculus/introduction/fixed-point-combinator.tex","PENDING","","PENDING","locale/fa-IR/content/lambda-calculus/introduction/fixed-point-combinator.tex","PENDING","","PENDING","PENDING"
"OLP-0355","355","9620cc73f9c8e0ad003c514a5d3748f29611c4c0","content/lambda-calculus/introduction/minimization.tex","ea82c8ba3fba93c92983d4eb5e46866829feb5286bedd739669b8b3cdb3e4ec7","2277","70","353","true","true","355","canonical_complete_reader_reachable","Reached by ordered depth-first replay from content/open-logic-about.tex then content/content.tex through uncommented olimport edges.","reader_unit","","lam","0","","","1","content/lambda-calculus/introduction/introduction.tex","0","","5","align*:1|cases:1|document:1|lem:1|proof:1","0","0","1","0","0","0","1","0","0","0","1","0","0","0","0","0","51","locale/ar/content/lambda-calculus/introduction/minimization.tex","PENDING","","PENDING","locale/fa-IR/content/lambda-calculus/introduction/minimization.tex","PENDING","","PENDING","PENDING"
"OLP-0356","356","9620cc73f9c8e0ad003c514a5d3748f29611c4c0","content/lambda-calculus/syntax/syntax.tex","12041c1cdc3e8e444dac5fe3f0af82d7995d30ed62f115382604f1ac1d75397b","452","33","25","true","true","356","canonical_complete_reader_reachable","Reached by ordered depth-first replay from content/open-logic-about.tex then content/content.tex through uncommented olimport edges.","chapter_driver","Syntax","","10","content/lambda-calculus/syntax/terms.tex|content/lambda-calculus/syntax/unique-readability.tex|content/lambda-calculus/syntax/abbreviated-syntax.tex|content/lambda-calculus/syntax/free-variables.tex|content/lambda-calculus/syntax/substitution.tex|content/lambda-calculus/syntax/alpha.tex|content/lambda-calculus/syntax/de-bruijn.tex|content/lambda-calculus/syntax/term-revisited.tex|content/lambda-calculus/syntax/beta.tex|content/lambda-calculus/syntax/eta.tex","","1","content/lambda-calculus/lambda-calculus.tex","0","","1","document:1","0","1","0","0","0","0","0","0","0","0","0","0","0","0","0","0","0","locale/ar/content/lambda-calculus/syntax/syntax.tex","PENDING","","PENDING","locale/fa-IR/content/lambda-calculus/syntax/syntax.tex","PENDING","","PENDING","PENDING"
"OLP-0357","357","9620cc73f9c8e0ad003c514a5d3748f29611c4c0","content/lambda-calculus/syntax/terms.tex","f7da91449121d3c5e274e51f6a08fce106d1dbacb7e5293b79cc09b3da019b38","2025","53","275","true","true","357","canonical_complete_reader_reachable","Reached by ordered depth-first replay from content/open-logic-about.tex then content/content.tex through uncommented olimport edges.","reader_unit","Terms","lam","0","","","1","content/lambda-calculus/syntax/syntax.tex","0","","4","defn:1|document:1|enumerate:1|prob:1","0","0","1","1","0","0","0","0","0","1","0","0","0","0","3","0","26","locale/ar/content/lambda-calculus/syntax/terms.tex","PENDING","","PENDING","locale/fa-IR/content/lambda-calculus/syntax/terms.tex","PENDING","","PENDING","PENDING"
"OLP-0358","358","9620cc73f9c8e0ad003c514a5d3748f29611c4c0","content/lambda-calculus/syntax/unique-readability.tex","7cf0dbeb234ca9f4519bbf378aea91b6bd78795ae0db47c4ecb9682c36efff01","3895","99","577","true","true","358","canonical_complete_reader_reachable","Reached by ordered depth-first replay from content/open-logic-about.tex then content/content.tex through uncommented olimport edges.","reader_unit","Unique Readability","lam","0","","","1","content/lambda-calculus/syntax/syntax.tex","0","","12","document:1|enumerate:2|lem:3|prob:1|proof:3|prop:2","0","0","1","0","0","2","3","0","0","1","3","0","0","0","16","0","43","locale/ar/content/lambda-calculus/syntax/unique-readability.tex","PENDING","","PENDING","locale/fa-IR/content/lambda-calculus/syntax/unique-readability.tex","PENDING","","PENDING","PENDING"
"OLP-0359","359","9620cc73f9c8e0ad003c514a5d3748f29611c4c0","content/lambda-calculus/syntax/abbreviated-syntax.tex","b9987c121bb971f20b15b2e4700b11b7f03ce17e854887de1de2a83c817f288f","1334","45","166","true","true","359","canonical_complete_reader_reachable","Reached by ordered depth-first replay from content/open-logic-about.tex then content/content.tex through uncommented olimport edges.","reader_unit","Abbreviated Syntax","lam","0","","","1","content/lambda-calculus/syntax/syntax.tex","0","","3","document:1|enumerate:1|prob:1","0","0","1","0","0","0","0","0","0","1","0","0","0","0","1","0","13","locale/ar/content/lambda-calculus/syntax/abbreviated-syntax.tex","PENDING","","PENDING","locale/fa-IR/content/lambda-calculus/syntax/abbreviated-syntax.tex","PENDING","","PENDING","PENDING"
"OLP-0360","360","9620cc73f9c8e0ad003c514a5d3748f29611c4c0","content/lambda-calculus/syntax/free-variables.tex","b6f1fbf35150b62139dbaec9f0e48f5c8aa723f8fc84cfc1a0b3e620bcbbdd8e","4698","117","688","true","true","360","canonical_complete_reader_reachable","Reached by ordered depth-first replay from content/open-logic-about.tex then content/content.tex through uncommented olimport edges.","reader_unit","Free Variables","lam","0","","","1","content/lambda-calculus/syntax/syntax.tex","0","","14","defn:4|document:1|enumerate:3|ex:1|explain:1|lem:1|prob:2|proof:1","0","0","1","4","0","0","1","0","1","2","1","0","0","0","1","0","80","locale/ar/content/lambda-calculus/syntax/free-variables.tex","PENDING","","PENDING","locale/fa-IR/content/lambda-calculus/syntax/free-variables.tex","PENDING","","PENDING","PENDING"
"OLP-0361","361","9620cc73f9c8e0ad003c514a5d3748f29611c4c0","content/lambda-calculus/syntax/substitution.tex","d718cdebd5f5b3b43e4bbb33a167d89458a9b2e378cda57300c1a24df6e7e9bd","6578","180","795","true","true","361","canonical_complete_reader_reachable","Reached by ordered depth-first replay from content/open-logic-about.tex then content/content.tex through uncommented olimport edges.","reader_unit","Substitution","lam","0","","","1","content/lambda-calculus/syntax/syntax.tex","0","","28","align*:2|aligned:2|defn:1|document:1|enumerate:5|explain:2|multline*:2|prob:5|proof:4|thm:4","0","0","1","1","4","0","0","0","0","5","4","0","0","0","11","0","90","locale/ar/content/lambda-calculus/syntax/substitution.tex","PENDING","","PENDING","locale/fa-IR/content/lambda-calculus/syntax/substitution.tex","PENDING","","PENDING","PENDING"
"OLP-0362","362","9620cc73f9c8e0ad003c514a5d3748f29611c4c0","content/lambda-calculus/syntax/alpha.tex","41c0f51cf8b5b3f125aa23b0e5590cd339e9dd69bc0f1877e165b07782b2c664","10414","284","1266","true","true","362","canonical_complete_reader_reachable","Reached by ordered depth-first replay from content/open-logic-about.tex then content/content.tex through uncommented olimport edges.","reader_unit","$\alpha$-Conversion","lam","0","","","1","content/lambda-calculus/syntax/syntax.tex","0","","42","align*:3|aligned:1|cor:1|defn:6|document:1|enumerate:9|equation*:1|ex:1|lem:3|multline*:1|prob:5|proof:7|thm:3","0","0","1","6","3","0","3","1","1","5","7","0","0","0","20","0","185","locale/ar/content/lambda-calculus/syntax/alpha.tex","PENDING","","PENDING","locale/fa-IR/content/lambda-calculus/syntax/alpha.tex","PENDING","","PENDING","PENDING"
"OLP-0363","363","9620cc73f9c8e0ad003c514a5d3748f29611c4c0","content/lambda-calculus/syntax/de-bruijn.tex","c0e5bf7d9e7210fd45f8b9ca471bbdf0811de14151a3a360cdb767c8500ef118","3038","83","417","true","true","363","canonical_complete_reader_reachable","Reached by ordered depth-first replay from content/open-logic-about.tex then content/content.tex through uncommented olimport edges.","reader_unit","The De Bruijn Index","lam","0","","","1","content/lambda-calculus/syntax/syntax.tex","0","","8","align*:2|defn:3|document:1|enumerate:1|prop:1","0","0","1","3","0","1","0","0","0","0","0","0","0","0","0","0","56","locale/ar/content/lambda-calculus/syntax/de-bruijn.tex","PENDING","","PENDING","locale/fa-IR/content/lambda-calculus/syntax/de-bruijn.tex","PENDING","","PENDING","PENDING"
"OLP-0364","364","9620cc73f9c8e0ad003c514a5d3748f29611c4c0","content/lambda-calculus/syntax/term-revisited.tex","5459ece361a93d778910cd297bd020eba5105022386a00dc2e4e8ca5e53ee313","3622","93","514","true","true","364","canonical_complete_reader_reachable","Reached by ordered depth-first replay from content/open-logic-about.tex then content/content.tex through uncommented olimport edges.","reader_unit","Terms as $\alpha$-Equivalence Classes","lam","0","","","1","content/lambda-calculus/syntax/syntax.tex","0","","7","align:1|defn:3|document:1|editorial:1|enumerate:1","0","0","1","3","0","0","0","0","0","0","0","0","0","0","4","0","45","locale/ar/content/lambda-calculus/syntax/term-revisited.tex","PENDING","","PENDING","locale/fa-IR/content/lambda-calculus/syntax/term-revisited.tex","PENDING","","PENDING","PENDING"
"OLP-0365","365","9620cc73f9c8e0ad003c514a5d3748f29611c4c0","content/lambda-calculus/syntax/beta.tex","c96b738bedb1278e240742f504f23e84bc65a485a628e513b542038791f29328","4912","129","634","true","true","365","canonical_complete_reader_reachable","Reached by ordered depth-first replay from content/open-logic-about.tex then content/content.tex through uncommented olimport edges.","reader_unit","$\beta$-reduction","lam","0","","","1","content/lambda-calculus/syntax/syntax.tex","0","","11","align*:2|defn:4|digress:1|document:1|enumerate:2|prob:1","0","0","1","4","0","0","0","0","0","1","0","0","0","0","1","0","77","locale/ar/content/lambda-calculus/syntax/beta.tex","PENDING","","PENDING","locale/fa-IR/content/lambda-calculus/syntax/beta.tex","PENDING","","PENDING","PENDING"
"OLP-0366","366","9620cc73f9c8e0ad003c514a5d3748f29611c4c0","content/lambda-calculus/syntax/eta.tex","d5332eef46d99ca04abd407e0c44effc418308b78c347f61e8a6bea890520378","3049","88","350","true","true","366","canonical_complete_reader_reachable","Reached by ordered depth-first replay from content/open-logic-about.tex then content/content.tex through uncommented olimport edges.","reader_unit","$\eta$-conversion","lam","0","","","1","content/lambda-calculus/syntax/syntax.tex","0","","9","center:1|defn:4|document:1|enumerate:1|proof:1|thm:1","0","0","1","4","1","0","0","0","0","0","1","0","0","0","1","0","59","locale/ar/content/lambda-calculus/syntax/eta.tex","PENDING","","PENDING","locale/fa-IR/content/lambda-calculus/syntax/eta.tex","PENDING","","PENDING","PENDING"
"OLP-0367","367","9620cc73f9c8e0ad003c514a5d3748f29611c4c0","content/lambda-calculus/church-rosser/church-rosser.tex","f9e678e31cc01a76b2a4166d4b2faf179b2dfc4e51bcc1dafe3f16228e831a74","404","20","28","true","true","367","canonical_complete_reader_reachable","Reached by ordered depth-first replay from content/open-logic-about.tex then content/content.tex through uncommented olimport edges.","chapter_driver","The Church--Rosser Property","","5","content/lambda-calculus/church-rosser/definitions-and-properties.tex|content/lambda-calculus/church-rosser/parallel-beta-reduction.tex|content/lambda-calculus/church-rosser/beta-reduction.tex|content/lambda-calculus/church-rosser/parallel-beta-eta-reduction.tex|content/lambda-calculus/church-rosser/beta-eta-reduction.tex","","1","content/lambda-calculus/lambda-calculus.tex","0","","1","document:1","0","1","0","0","0","0","0","0","0","0","0","0","0","0","0","0","0","locale/ar/content/lambda-calculus/church-rosser/church-rosser.tex","PENDING","","PENDING","locale/fa-IR/content/lambda-calculus/church-rosser/church-rosser.tex","PENDING","","PENDING","PENDING"
"OLP-0368","368","9620cc73f9c8e0ad003c514a5d3748f29611c4c0","content/lambda-calculus/church-rosser/definitions-and-properties.tex","851f5ae1142d1f14fdc8912e2a6e89e025a19bb99c4cbd9b16e0ef2603fcfba1","3576","86","514","true","true","368","canonical_complete_reader_reachable","Reached by ordered depth-first replay from content/open-logic-about.tex then content/content.tex through uncommented olimport edges.","reader_unit","Definition and Properties","lam","0","","","1","content/lambda-calculus/church-rosser/church-rosser.tex","0","","6","align*:2|defn:1|document:1|proof:1|thm:1","0","0","1","1","1","0","0","0","0","0","1","0","0","0","0","0","57","locale/ar/content/lambda-calculus/church-rosser/definitions-and-properties.tex","PENDING","","PENDING","locale/fa-IR/content/lambda-calculus/church-rosser/definitions-and-properties.tex","PENDING","","PENDING","PENDING"
"OLP-0369","369","9620cc73f9c8e0ad003c514a5d3748f29611c4c0","content/lambda-calculus/church-rosser/parallel-beta-reduction.tex","152950cfbf2a17ef827a7e70210ef025d99e347eadcfb6c5c9a405e2bf1e6210","6347","157","749","true","true","369","canonical_complete_reader_reachable","Reached by ordered depth-first replay from content/open-logic-about.tex then content/content.tex through uncommented olimport edges.","reader_unit","Parallel $\beta$-reduction","lam","0","","","1","content/lambda-calculus/church-rosser/church-rosser.tex","0","","20","align:1|defn:2|document:1|editorial:1|enumerate:4|lem:2|prob:3|proof:4|thm:2","0","0","1","2","2","0","2","0","0","3","4","0","0","0","20","0","109","locale/ar/content/lambda-calculus/church-rosser/parallel-beta-reduction.tex","PENDING","","PENDING","locale/fa-IR/content/lambda-calculus/church-rosser/parallel-beta-reduction.tex","PENDING","","PENDING","PENDING"
"OLP-0370","370","9620cc73f9c8e0ad003c514a5d3748f29611c4c0","content/lambda-calculus/church-rosser/beta-reduction.tex","635fa15a31a4f9ed77ee7c619860dc410d99f27663fba33f84dbadb4f602e041","3019","79","364","true","true","370","canonical_complete_reader_reachable","Reached by ordered depth-first replay from content/open-logic-about.tex then content/content.tex through uncommented olimport edges.","reader_unit","$\beta$-reduction","lam","0","","","1","content/lambda-calculus/church-rosser/church-rosser.tex","0","","10","document:1|enumerate:1|lem:3|proof:4|thm:1","0","0","1","0","1","0","3","0","0","0","4","0","0","0","12","0","84","locale/ar/content/lambda-calculus/church-rosser/beta-reduction.tex","PENDING","","PENDING","locale/fa-IR/content/lambda-calculus/church-rosser/beta-reduction.tex","PENDING","","PENDING","PENDING"
"OLP-0371","371","9620cc73f9c8e0ad003c514a5d3748f29611c4c0","content/lambda-calculus/church-rosser/parallel-beta-eta-reduction.tex","c1f77ddcdbbbd3070000c2ab163db1a427369bc88bbb57f129e2577a0c12696a","3512","101","365","true","true","371","canonical_complete_reader_reachable","Reached by ordered depth-first replay from content/open-logic-about.tex then content/content.tex through uncommented olimport edges.","reader_unit","Parallel $\beta\eta$-reduction","lam","0","","","1","content/lambda-calculus/church-rosser/church-rosser.tex","0","","14","align:1|defn:2|document:1|enumerate:1|lem:2|prob:1|proof:4|thm:2","0","0","1","2","2","0","2","0","0","1","4","0","0","0","8","0","57","locale/ar/content/lambda-calculus/church-rosser/parallel-beta-eta-reduction.tex","PENDING","","PENDING","locale/fa-IR/content/lambda-calculus/church-rosser/parallel-beta-eta-reduction.tex","PENDING","","PENDING","PENDING"
"OLP-0372","372","9620cc73f9c8e0ad003c514a5d3748f29611c4c0","content/lambda-calculus/church-rosser/beta-eta-reduction.tex","d681b2d4808bbc48731065075b22681c0893e5cd403940de1ea69b7b187d8d75","1578","58","178","true","true","372","canonical_complete_reader_reachable","Reached by ordered depth-first replay from content/open-logic-about.tex then content/content.tex through uncommented olimport edges.","reader_unit","$\beta\eta$-reduction","lam","0","","","1","content/lambda-calculus/church-rosser/church-rosser.tex","0","","9","document:1|lem:3|proof:4|thm:1","0","0","1","0","1","0","3","0","0","0","4","0","0","0","8","0","28","locale/ar/content/lambda-calculus/church-rosser/beta-eta-reduction.tex","PENDING","","PENDING","locale/fa-IR/content/lambda-calculus/church-rosser/beta-eta-reduction.tex","PENDING","","PENDING","PENDING"
"OLP-0373","373","9620cc73f9c8e0ad003c514a5d3748f29611c4c0","content/lambda-calculus/lambda-definability/lambda-definability.tex","36e3b3c1abddfc1b8af03bc4bf0f2cb2539ffd6c9f18c8994b7bd79d9d7cc46b","733","30","54","true","true","373","canonical_complete_reader_reachable","Reached by ordered depth-first replay from content/open-logic-about.tex then content/content.tex through uncommented olimport edges.","chapter_driver","Lambda Definability","","9","content/lambda-calculus/lambda-definability/introduction.tex|content/lambda-calculus/lambda-definability/arithmetical-functions.tex|content/lambda-calculus/lambda-definability/pairs.tex|content/lambda-calculus/lambda-definability/truth-values.tex|content/lambda-calculus/lambda-definability/primitive-recursive-functions.tex|content/lambda-calculus/lambda-definability/fixpoints.tex|content/lambda-calculus/lambda-definability/minimization.tex|content/lambda-calculus/lambda-definability/partial-recursive-functions.tex|content/lambda-calculus/lambda-definability/lambda-definable-recursive.tex","","1","content/lambda-calculus/lambda-calculus.tex","0","","2","document:1|editorial:1","0","1","0","0","0","0","0","0","0","0","0","0","0","0","0","0","0","locale/ar/content/lambda-calculus/lambda-definability/lambda-definability.tex","PENDING","","PENDING","locale/fa-IR/content/lambda-calculus/lambda-definability/lambda-definability.tex","PENDING","","PENDING","PENDING"
"OLP-0374","374","9620cc73f9c8e0ad003c514a5d3748f29611c4c0","content/lambda-calculus/lambda-definability/introduction.tex","746bcc7288b64088e3070da183aff9b2b672c017135f4e5da9229fb243dbb8db","3679","84","532","true","true","374","canonical_complete_reader_reachable","Reached by ordered depth-first replay from content/open-logic-about.tex then content/content.tex through uncommented olimport edges.","reader_unit","Introduction","lam","0","","","1","content/lambda-calculus/lambda-definability/lambda-definability.tex","0","","3","defn:2|document:1","0","0","1","2","0","0","0","0","0","0","0","0","0","0","0","0","51","locale/ar/content/lambda-calculus/lambda-definability/introduction.tex","PENDING","","PENDING","locale/fa-IR/content/lambda-calculus/lambda-definability/introduction.tex","PENDING","","PENDING","PENDING"
"OLP-0375","375","9620cc73f9c8e0ad003c514a5d3748f29611c4c0","content/lambda-calculus/lambda-definability/arithmetical-functions.tex","1e7500fb862e562250b59df5e786130148b9565564417d060138f0542141fe2e","5131","142","646","true","true","375","canonical_complete_reader_reachable","Reached by ordered depth-first replay from content/open-logic-about.tex then content/content.tex through uncommented olimport edges.","reader_unit","","lam","0","","","1","content/lambda-calculus/lambda-definability/lambda-definability.tex","0","","15","align*:4|document:1|editorial:1|ex:1|prob:2|proof:3|prop:3","0","0","1","0","0","3","0","0","1","2","3","0","0","0","0","0","69","locale/ar/content/lambda-calculus/lambda-definability/arithmetical-functions.tex","PENDING","","PENDING","locale/fa-IR/content/lambda-calculus/lambda-definability/arithmetical-functions.tex","PENDING","","PENDING","PENDING"
"OLP-0376","376","9620cc73f9c8e0ad003c514a5d3748f29611c4c0","content/lambda-calculus/lambda-definability/pairs.tex","9832c9a0d78ac0dc04080fcf7613d117c29a21fe27e51c3bb7f1e6a29c69efdf","1799","55","227","true","true","376","canonical_complete_reader_reachable","Reached by ordered depth-first replay from content/open-logic-about.tex then content/content.tex through uncommented olimport edges.","reader_unit","Pairs and Predecessor","lam","0","","","1","content/lambda-calculus/lambda-definability/lambda-definability.tex","0","","4","align*:1|defn:1|document:1|prob:1","0","0","1","1","0","0","0","0","0","1","0","0","0","0","0","0","24","locale/ar/content/lambda-calculus/lambda-definability/pairs.tex","PENDING","","PENDING","locale/fa-IR/content/lambda-calculus/lambda-definability/pairs.tex","PENDING","","PENDING","PENDING"
"OLP-0377","377","9620cc73f9c8e0ad003c514a5d3748f29611c4c0","content/lambda-calculus/lambda-definability/truth-values.tex","2bde4662af2aefb9be953d1f7abf5e1af20dd022705ecf28f33aa86866c8d8f0","3248","79","445","true","true","377","canonical_complete_reader_reachable","Reached by ordered depth-first replay from content/open-logic-about.tex then content/content.tex through uncommented olimport edges.","reader_unit","Truth Values and Relations","lam","0","","","1","content/lambda-calculus/lambda-definability/lambda-definability.tex","0","","6","align*:3|defn:1|document:1|prob:1","0","0","1","1","0","0","0","0","0","1","0","0","0","0","0","0","50","locale/ar/content/lambda-calculus/lambda-definability/truth-values.tex","PENDING","","PENDING","locale/fa-IR/content/lambda-calculus/lambda-definability/truth-values.tex","PENDING","","PENDING","PENDING"
"OLP-0378","378","9620cc73f9c8e0ad003c514a5d3748f29611c4c0","content/lambda-calculus/lambda-definability/primitive-recursive-functions.tex","9e059524acc2a9576a93578fbb7fcbcb7e32dbe2a9b2bacc117b013e00b61b62","5987","153","736","true","true","378","canonical_complete_reader_reachable","Reached by ordered depth-first replay from content/open-logic-about.tex then content/content.tex through uncommented olimport edges.","reader_unit","","lam","0","","","1","content/lambda-calculus/lambda-definability/lambda-definability.tex","0","","15","align*:5|document:1|lem:3|prob:1|proof:4|prop:1","0","0","1","0","0","1","3","0","0","1","4","0","0","0","5","0","65","locale/ar/content/lambda-calculus/lambda-definability/primitive-recursive-functions.tex","PENDING","","PENDING","locale/fa-IR/content/lambda-calculus/lambda-definability/primitive-recursive-functions.tex","PENDING","","PENDING","PENDING"
"OLP-0379","379","9620cc73f9c8e0ad003c514a5d3748f29611c4c0","content/lambda-calculus/lambda-definability/fixpoints.tex","02f6f79ac6fba17035dc7cc4f4f658ecfeb16204cf0ec496e4d54f55613477e0","7097","177","930","true","true","379","canonical_complete_reader_reachable","Reached by ordered depth-first replay from content/open-logic-about.tex then content/content.tex through uncommented olimport edges.","reader_unit","Fixpoints","lam","0","","","1","content/lambda-calculus/lambda-definability/lambda-definability.tex","0","","10","align*:6|defn:1|document:1|proof:1|thm:1","0","0","1","1","1","0","0","0","0","0","1","0","0","0","1","0","89","locale/ar/content/lambda-calculus/lambda-definability/fixpoints.tex","PENDING","","PENDING","locale/fa-IR/content/lambda-calculus/lambda-definability/fixpoints.tex","PENDING","","PENDING","PENDING"
"OLP-0380","380","9620cc73f9c8e0ad003c514a5d3748f29611c4c0","content/lambda-calculus/lambda-definability/minimization.tex","792fdab3fca1c04b414385f66cb0c5d762134b661a9486b1e2664f29c27e89f7","2559","72","295","true","true","380","canonical_complete_reader_reachable","Reached by ordered depth-first replay from content/open-logic-about.tex then content/content.tex through uncommented olimport edges.","reader_unit","Minimization","lam","0","","","1","content/lambda-calculus/lambda-definability/lambda-definability.tex","0","","7","align*:2|document:1|lem:1|proof:2|prop:1","0","0","1","0","0","1","1","0","0","0","2","0","0","0","4","0","25","locale/ar/content/lambda-calculus/lambda-definability/minimization.tex","PENDING","","PENDING","locale/fa-IR/content/lambda-calculus/lambda-definability/minimization.tex","PENDING","","PENDING","PENDING"
"OLP-0381","381","9620cc73f9c8e0ad003c514a5d3748f29611c4c0","content/lambda-calculus/lambda-definability/partial-recursive-functions.tex","3cca3c4e7b7823e4ff52ac123941ec65f13752083190b37e349e8bba6a8b6e0e","1875","44","263","true","true","381","canonical_complete_reader_reachable","Reached by ordered depth-first replay from content/open-logic-about.tex then content/content.tex through uncommented olimport edges.","reader_unit","","lam","0","","","1","content/lambda-calculus/lambda-definability/lambda-definability.tex","0","","2","document:1|thm:1","0","0","1","0","1","0","0","0","0","0","0","0","0","0","0","0","14","locale/ar/content/lambda-calculus/lambda-definability/partial-recursive-functions.tex","PENDING","","PENDING","locale/fa-IR/content/lambda-calculus/lambda-definability/partial-recursive-functions.tex","PENDING","","PENDING","PENDING"
"OLP-0382","382","9620cc73f9c8e0ad003c514a5d3748f29611c4c0","content/lambda-calculus/lambda-definability/lambda-definable-recursive.tex","5084b64a843552bde883517ce5804906cd8eba67397b9ebf59978e07717095d2","2013","47","271","true","true","382","canonical_complete_reader_reachable","Reached by ordered depth-first replay from content/open-logic-about.tex then content/content.tex through uncommented olimport edges.","reader_unit","","lam","0","","","1","content/lambda-calculus/lambda-definability/lambda-definability.tex","0","","3","document:1|proof:1|thm:1","0","0","1","0","1","0","0","0","0","0","1","0","0","0","0","0","20","locale/ar/content/lambda-calculus/lambda-definability/lambda-definable-recursive.tex","PENDING","","PENDING","locale/fa-IR/content/lambda-calculus/lambda-definability/lambda-definable-recursive.tex","PENDING","","PENDING","PENDING"
"OLP-0383","383","9620cc73f9c8e0ad003c514a5d3748f29611c4c0","content/many-valued-logic/many-valued-logic.tex","2a69d563ac25cd027173829161a4d4ca4232563d204085e80613f2479086acf3","511","24","45","true","true","383","canonical_complete_reader_reachable","Reached by ordered depth-first replay from content/open-logic-about.tex then content/content.tex through uncommented olimport edges.","part_driver","Many-valued Logic","","4","content/many-valued-logic/syntax-and-semantics/syntax-and-semantics.tex|content/many-valued-logic/three-valued-logics/three-valued-logics.tex|content/many-valued-logic/infinite-valued-logics/infinite-valued-logics.tex|content/many-valued-logic/sequent-calculus/sequent-calculus.tex","","1","content/content.tex","0","","2","document:1|editorial:1","1","0","0","0","0","0","0","0","0","0","0","0","0","0","0","0","0","locale/ar/content/many-valued-logic/many-valued-logic.tex","PENDING","","PENDING","locale/fa-IR/content/many-valued-logic/many-valued-logic.tex","PENDING","","PENDING","PENDING"
"OLP-0384","384","9620cc73f9c8e0ad003c514a5d3748f29611c4c0","content/many-valued-logic/syntax-and-semantics/syntax-and-semantics.tex","3f17bc4b7ea0fe51d95f584b107306edd4100705ec27dcc791df365570aadaab","413","27","21","true","true","384","canonical_complete_reader_reachable","Reached by ordered depth-first replay from content/open-logic-about.tex then content/content.tex through uncommented olimport edges.","chapter_driver","Syntax and Semantics","","7","content/many-valued-logic/syntax-and-semantics/introduction.tex|content/many-valued-logic/syntax-and-semantics/connectives.tex|content/many-valued-logic/syntax-and-semantics/formulas.tex|content/many-valued-logic/syntax-and-semantics/matrices.tex|content/many-valued-logic/syntax-and-semantics/valuations-sat.tex|content/many-valued-logic/syntax-and-semantics/semantic-notions.tex|content/many-valued-logic/syntax-and-semantics/sublogics.tex","","1","content/many-valued-logic/many-valued-logic.tex","0","","1","document:1","0","1","0","0","0","0","0","0","0","0","0","0","0","0","0","0","0","locale/ar/content/many-valued-logic/syntax-and-semantics/syntax-and-semantics.tex","PENDING","","PENDING","locale/fa-IR/content/many-valued-logic/syntax-and-semantics/syntax-and-semantics.tex","PENDING","","PENDING","PENDING"
"OLP-0385","385","9620cc73f9c8e0ad003c514a5d3748f29611c4c0","content/many-valued-logic/syntax-and-semantics/introduction.tex","04e2f80166006666f802b240319654d7daec140e1272c37eabc916930b0e6212","3285","64","462","true","true","385","canonical_complete_reader_reachable","Reached by ordered depth-first replay from content/open-logic-about.tex then content/content.tex through uncommented olimport edges.","reader_unit","Introduction","mvl","0","","","1","content/many-valued-logic/syntax-and-semantics/syntax-and-semantics.tex","0","","1","document:1","0","0","1","0","0","0","0","0","0","0","0","0","0","0","0","0","45","locale/ar/content/many-valued-logic/syntax-and-semantics/introduction.tex","PENDING","","PENDING","locale/fa-IR/content/many-valued-logic/syntax-and-semantics/introduction.tex","PENDING","","PENDING","PENDING"
"OLP-0386","386","9620cc73f9c8e0ad003c514a5d3748f29611c4c0","content/many-valued-logic/syntax-and-semantics/connectives.tex","3e857c9e560394dc6839b520db3e2b71ef9e24b1f542648ccbe5af70a9993458","2862","71","274","true","true","386","canonical_complete_reader_reachable","Reached by ordered depth-first replay from content/open-logic-about.tex then content/content.tex through uncommented olimport edges.","reader_unit","Languages and Connectives","mvl","0","","","1","content/many-valued-logic/syntax-and-semantics/syntax-and-semantics.tex","0","","4","defn:1|document:1|enumerate:1|ex:1","0","0","1","1","0","0","0","0","1","0","0","0","0","0","0","0","36","locale/ar/content/many-valued-logic/syntax-and-semantics/connectives.tex","PENDING","","PENDING","locale/fa-IR/content/many-valued-logic/syntax-and-semantics/connectives.tex","PENDING","","PENDING","PENDING"
"OLP-0387","387","9620cc73f9c8e0ad003c514a5d3748f29611c4c0","content/many-valued-logic/syntax-and-semantics/formulas.tex","8001a85d62cff1f3207e029dbfcf21ef8d8581be0a0e50ffd6cd5ec87cc1bd38","1547","44","165","true","true","387","canonical_complete_reader_reachable","Reached by ordered depth-first replay from content/open-logic-about.tex then content/content.tex through uncommented olimport edges.","reader_unit","","mvl","0","","","1","content/many-valued-logic/syntax-and-semantics/syntax-and-semantics.tex","0","","4","defn:1|document:1|enumerate:1|ex:1","0","0","1","1","0","0","0","0","1","0","0","0","0","0","0","0","25","locale/ar/content/many-valued-logic/syntax-and-semantics/formulas.tex","PENDING","","PENDING","locale/fa-IR/content/many-valued-logic/syntax-and-semantics/formulas.tex","PENDING","","PENDING","PENDING"
"OLP-0388","388","9620cc73f9c8e0ad003c514a5d3748f29611c4c0","content/many-valued-logic/syntax-and-semantics/matrices.tex","a4b18492278743dee4b6df353c9cfd427f153eb499561b546998138370224644","2373","77","182","true","true","388","canonical_complete_reader_reachable","Reached by ordered depth-first replay from content/open-logic-about.tex then content/content.tex through uncommented olimport edges.","reader_unit","Matrices","mvl","0","","","1","content/many-valued-logic/syntax-and-semantics/syntax-and-semantics.tex","0","","11","center:1|defn:1|document:1|enumerate:2|ex:1|figure:1|tabular:4","0","0","1","1","0","0","0","0","1","0","0","1","0","0","1","0","56","locale/ar/content/many-valued-logic/syntax-and-semantics/matrices.tex","PENDING","","PENDING","locale/fa-IR/content/many-valued-logic/syntax-and-semantics/matrices.tex","PENDING","","PENDING","PENDING"
"OLP-0389","389","9620cc73f9c8e0ad003c514a5d3748f29611c4c0","content/many-valued-logic/syntax-and-semantics/valuations-sat.tex","97290aac82c2c9f18cab5c5207aa29bb556270f42378d41e9a9aeb301742438a","1667","48","176","true","true","389","canonical_complete_reader_reachable","Reached by ordered depth-first replay from content/open-logic-about.tex then content/content.tex through uncommented olimport edges.","reader_unit","","mvl","0","","","1","content/many-valued-logic/syntax-and-semantics/syntax-and-semantics.tex","0","","5","defn:3|document:1|enumerate:1","0","0","1","3","0","0","0","0","0","0","0","0","0","0","0","0","29","locale/ar/content/many-valued-logic/syntax-and-semantics/valuations-sat.tex","PENDING","","PENDING","locale/fa-IR/content/many-valued-logic/syntax-and-semantics/valuations-sat.tex","PENDING","","PENDING","PENDING"
"OLP-0390","390","9620cc73f9c8e0ad003c514a5d3748f29611c4c0","content/many-valued-logic/syntax-and-semantics/semantic-notions.tex","b0d2713e104a374b3afc7c351b18cdc6f8270a5804161c97be024ca273bd2df9","2406","71","256","true","true","390","canonical_complete_reader_reachable","Reached by ordered depth-first replay from content/open-logic-about.tex then content/content.tex through uncommented olimport edges.","reader_unit","Semantic Notions","mvl","0","","","1","content/many-valued-logic/syntax-and-semantics/syntax-and-semantics.tex","0","","7","defn:1|document:1|enumerate:2|prob:1|proof:1|prop:1","0","0","1","1","0","1","0","0","0","1","1","0","0","0","1","0","40","locale/ar/content/many-valued-logic/syntax-and-semantics/semantic-notions.tex","PENDING","","PENDING","locale/fa-IR/content/many-valued-logic/syntax-and-semantics/semantic-notions.tex","PENDING","","PENDING","PENDING"
"OLP-0391","391","9620cc73f9c8e0ad003c514a5d3748f29611c4c0","content/many-valued-logic/syntax-and-semantics/sublogics.tex","e831e5ce1375c0ea5b2743d8c8c45cf0d8299dde538cdf46284e34a968c665a1","4122","91","381","true","true","391","canonical_complete_reader_reachable","Reached by ordered depth-first replay from content/open-logic-about.tex then content/content.tex through uncommented olimport edges.","reader_unit","Many-valued logics as sublogics of~$\LogCL$","mvl","0","","","1","content/many-valued-logic/syntax-and-semantics/syntax-and-semantics.tex","0","","9","align*:2|cor:1|document:1|enumerate:2|proof:2|prop:1","0","0","1","0","0","1","0","1","0","0","2","0","0","0","8","0","65","locale/ar/content/many-valued-logic/syntax-and-semantics/sublogics.tex","PENDING","","PENDING","locale/fa-IR/content/many-valued-logic/syntax-and-semantics/sublogics.tex","PENDING","","PENDING","PENDING"
"OLP-0392","392","9620cc73f9c8e0ad003c514a5d3748f29611c4c0","content/many-valued-logic/three-valued-logics/three-valued-logics.tex","8015ad7f225f913aa068bd9e9cba20b78b35e0b3844c60fe8a3989f6c2d9ac74","358","23","18","true","true","392","canonical_complete_reader_reachable","Reached by ordered depth-first replay from content/open-logic-about.tex then content/content.tex through uncommented olimport edges.","chapter_driver","Three-valued Logics","","5","content/many-valued-logic/three-valued-logics/introduction.tex|content/many-valued-logic/three-valued-logics/lukasiewicz.tex|content/many-valued-logic/three-valued-logics/kleene.tex|content/many-valued-logic/three-valued-logics/goedel.tex|content/many-valued-logic/three-valued-logics/multiple-designation.tex","","1","content/many-valued-logic/many-valued-logic.tex","0","","1","document:1","0","1","0","0","0","0","0","0","0","0","0","0","0","0","0","0","0","locale/ar/content/many-valued-logic/three-valued-logics/three-valued-logics.tex","PENDING","","PENDING","locale/fa-IR/content/many-valued-logic/three-valued-logics/three-valued-logics.tex","PENDING","","PENDING","PENDING"
"OLP-0393","393","9620cc73f9c8e0ad003c514a5d3748f29611c4c0","content/many-valued-logic/three-valued-logics/introduction.tex","3c037aaf7bcd3d7986c15ccff60ecf1763afabbaf0e2be4c5a8961de46382eef","786","24","91","true","true","393","canonical_complete_reader_reachable","Reached by ordered depth-first replay from content/open-logic-about.tex then content/content.tex through uncommented olimport edges.","reader_unit","Introduction","mvl","0","","","1","content/many-valued-logic/three-valued-logics/three-valued-logics.tex","0","","1","document:1","0","0","1","0","0","0","0","0","0","0","0","0","0","0","0","0","10","locale/ar/content/many-valued-logic/three-valued-logics/introduction.tex","PENDING","","PENDING","locale/fa-IR/content/many-valued-logic/three-valued-logics/introduction.tex","PENDING","","PENDING","PENDING"
"OLP-0394","394","9620cc73f9c8e0ad003c514a5d3748f29611c4c0","content/many-valued-logic/three-valued-logics/lukasiewicz.tex","f4f46fab1263ab5437fc91964cf3e61a658ca18f5739c520a43f4e45f669f2ab","10307","242","1079","true","true","394","canonical_complete_reader_reachable","Reached by ordered depth-first replay from content/open-logic-about.tex then content/content.tex through uncommented olimport edges.","reader_unit","\L ukasiewicz logic","mvl","0","","","1","content/many-valued-logic/three-valued-logics/three-valued-logics.tex","0","","23","center:3|defn:1|document:1|enumerate:4|prob:5|prop:1|quote:1|tabular:7","0","0","1","1","0","1","0","0","0","5","0","0","0","3","3","0","174","locale/ar/content/many-valued-logic/three-valued-logics/lukasiewicz.tex","PENDING","","PENDING","locale/fa-IR/content/many-valued-logic/three-valued-logics/lukasiewicz.tex","PENDING","","PENDING","PENDING"
"OLP-0395","395","9620cc73f9c8e0ad003c514a5d3748f29611c4c0","content/many-valued-logic/three-valued-logics/kleene.tex","5630d9cb5c6a43dde8e85791827e95326ea0258b9be9aecbef3e89ee098cb376","7075","197","625","true","true","395","canonical_complete_reader_reachable","Reached by ordered depth-first replay from content/open-logic-about.tex then content/content.tex through uncommented olimport edges.","reader_unit","Kleene logics","mvl","0","","","1","content/many-valued-logic/three-valued-logics/three-valued-logics.tex","0","","23","center:3|defn:2|document:1|enumerate:3|prob:2|proof:1|prop:1|tabular:10","0","0","1","2","0","1","0","0","0","2","1","0","0","0","0","0","185","locale/ar/content/many-valued-logic/three-valued-logics/kleene.tex","PENDING","","PENDING","locale/fa-IR/content/many-valued-logic/three-valued-logics/kleene.tex","PENDING","","PENDING","PENDING"
"OLP-0396","396","9620cc73f9c8e0ad003c514a5d3748f29611c4c0","content/many-valued-logic/three-valued-logics/goedel.tex","de6e29f7cf74c9ee8288354943e960df3ccb3f50ebaa2921442b20c9adac13bf","4223","118","346","true","true","396","canonical_complete_reader_reachable","Reached by ordered depth-first replay from content/open-logic-about.tex then content/content.tex through uncommented olimport edges.","reader_unit","G\""odel logics","mvl","0","","","1","content/many-valued-logic/three-valued-logics/three-valued-logics.tex","0","","15","align*:3|center:1|defn:1|document:1|enumerate:2|prob:3|tabular:4","0","0","1","1","0","0","0","0","0","3","0","0","0","0","0","0","92","locale/ar/content/many-valued-logic/three-valued-logics/goedel.tex","PENDING","","PENDING","locale/fa-IR/content/many-valued-logic/three-valued-logics/goedel.tex","PENDING","","PENDING","PENDING"
"OLP-0397","397","9620cc73f9c8e0ad003c514a5d3748f29611c4c0","content/many-valued-logic/three-valued-logics/multiple-designation.tex","105d956c622e310bf3039faa57d0fb5604531a143cc8c7bcf3c48d26ee038a09","8529","210","854","true","true","397","canonical_complete_reader_reachable","Reached by ordered depth-first replay from content/open-logic-about.tex then content/content.tex through uncommented olimport edges.","reader_unit","Designating not just $\True$","mvl","0","","","1","content/many-valued-logic/three-valued-logics/three-valued-logics.tex","0","","24","cases:1|center:1|defn:3|document:1|enumerate:8|prob:5|proof:2|prop:2|tabular:1","0","0","1","3","0","2","0","0","0","5","2","0","0","0","5","0","144","locale/ar/content/many-valued-logic/three-valued-logics/multiple-designation.tex","PENDING","","PENDING","locale/fa-IR/content/many-valued-logic/three-valued-logics/multiple-designation.tex","PENDING","","PENDING","PENDING"
"OLP-0398","398","9620cc73f9c8e0ad003c514a5d3748f29611c4c0","content/many-valued-logic/infinite-valued-logics/infinite-valued-logics.tex","fb04e81a62757c4d33472613879b832aaab480e9be4f9e8b7396299017352921","305","19","15","true","true","398","canonical_complete_reader_reachable","Reached by ordered depth-first replay from content/open-logic-about.tex then content/content.tex through uncommented olimport edges.","chapter_driver","Infinite-valued Logics","","3","content/many-valued-logic/infinite-valued-logics/introduction.tex|content/many-valued-logic/infinite-valued-logics/lukasiewicz.tex|content/many-valued-logic/infinite-valued-logics/goedel.tex","","1","content/many-valued-logic/many-valued-logic.tex","0","","1","document:1","0","1","0","0","0","0","0","0","0","0","0","0","0","0","0","0","0","locale/ar/content/many-valued-logic/infinite-valued-logics/infinite-valued-logics.tex","PENDING","","PENDING","locale/fa-IR/content/many-valued-logic/infinite-valued-logics/infinite-valued-logics.tex","PENDING","","PENDING","PENDING"
"OLP-0399","399","9620cc73f9c8e0ad003c514a5d3748f29611c4c0","content/many-valued-logic/infinite-valued-logics/introduction.tex","affd39b02580135e472d159f31cbe2a5805f344a9eab515a4bce7fd18999889e","1338","36","159","true","true","399","canonical_complete_reader_reachable","Reached by ordered depth-first replay from content/open-logic-about.tex then content/content.tex through uncommented olimport edges.","reader_unit","Introduction","mvl","0","","","1","content/many-valued-logic/infinite-valued-logics/infinite-valued-logics.tex","0","","2","align*:1|document:1","0","0","1","0","0","0","0","0","0","0","0","0","0","0","0","0","15","locale/ar/content/many-valued-logic/infinite-valued-logics/introduction.tex","PENDING","","PENDING","locale/fa-IR/content/many-valued-logic/infinite-valued-logics/introduction.tex","PENDING","","PENDING","PENDING"
"OLP-0400","400","9620cc73f9c8e0ad003c514a5d3748f29611c4c0","content/many-valued-logic/infinite-valued-logics/lukasiewicz.tex","3b6867d8660841a2e8ce81b27726e0848efb71629edd19aa77fd8cbc638ed543","3129","108","253","true","true","400","canonical_complete_reader_reachable","Reached by ordered depth-first replay from content/open-logic-about.tex then content/content.tex through uncommented olimport edges.","reader_unit","\L ukasiewicz logic","mvl","0","","","1","content/many-valued-logic/infinite-valued-logics/infinite-valued-logics.tex","0","","17","align*:1|cases:1|center:1|defn:1|document:1|editorial:1|enumerate:1|prob:2|proof:2|prop:2|tabular:4","0","0","1","1","0","2","0","0","0","2","2","0","0","0","5","0","75","locale/ar/content/many-valued-logic/infinite-valued-logics/lukasiewicz.tex","PENDING","","PENDING","locale/fa-IR/content/many-valued-logic/infinite-valued-logics/lukasiewicz.tex","PENDING","","PENDING","PENDING"
"OLP-0401","401","9620cc73f9c8e0ad003c514a5d3748f29611c4c0","content/many-valued-logic/infinite-valued-logics/goedel.tex","e763954137e0c3ed9e2ce32d0ed248bd50e922f7f147fc0506e482878932314b","3992","127","345","true","true","401","canonical_complete_reader_reachable","Reached by ordered depth-first replay from content/open-logic-about.tex then content/content.tex through uncommented olimport edges.","reader_unit","G\""odel logics","mvl","0","","","1","content/many-valued-logic/infinite-valued-logics/infinite-valued-logics.tex","0","","20","align*:2|cases:2|center:1|defn:1|document:1|editorial:1|enumerate:1|prob:3|proof:2|prop:2|tabular:4","0","0","1","1","0","2","0","0","0","3","2","0","0","0","5","0","91","locale/ar/content/many-valued-logic/infinite-valued-logics/goedel.tex","PENDING","","PENDING","locale/fa-IR/content/many-valued-logic/infinite-valued-logics/goedel.tex","PENDING","","PENDING","PENDING"
"OLP-0402","402","9620cc73f9c8e0ad003c514a5d3748f29611c4c0","content/many-valued-logic/sequent-calculus/sequent-calculus.tex","def8a764c8cb783a86a6704d96ae02529921a0bb30d118b4fe4cff4ac667cf19","348","21","19","true","true","402","canonical_complete_reader_reachable","Reached by ordered depth-first replay from content/open-logic-about.tex then content/content.tex through uncommented olimport edges.","chapter_driver","Sequent Calculus","","4","content/many-valued-logic/sequent-calculus/introduction.tex|content/many-valued-logic/sequent-calculus/rules-and-proofs.tex|content/many-valued-logic/sequent-calculus/structural-rules.tex|content/many-valued-logic/sequent-calculus/propositional-rules.tex","","1","content/many-valued-logic/many-valued-logic.tex","0","","1","document:1","0","1","0","0","0","0","0","0","0","0","0","0","0","0","0","0","0","locale/ar/content/many-valued-logic/sequent-calculus/sequent-calculus.tex","PENDING","","PENDING","locale/fa-IR/content/many-valued-logic/sequent-calculus/sequent-calculus.tex","PENDING","","PENDING","PENDING"
"OLP-0403","403","9620cc73f9c8e0ad003c514a5d3748f29611c4c0","content/many-valued-logic/sequent-calculus/introduction.tex","4077eee65fb505ab3b97ebfc37616593b555252fafbbbebe0413981e0988bbe3","3193","84","330","true","true","403","canonical_complete_reader_reachable","Reached by ordered depth-first replay from content/open-logic-about.tex then content/content.tex through uncommented olimport edges.","reader_unit","Introduction","mvl","0","","","1","content/many-valued-logic/sequent-calculus/sequent-calculus.tex","0","","4","align*:1|defish:2|document:1","0","0","1","0","0","0","0","0","0","0","0","0","0","0","0","0","45","locale/ar/content/many-valued-logic/sequent-calculus/introduction.tex","PENDING","","PENDING","locale/fa-IR/content/many-valued-logic/sequent-calculus/introduction.tex","PENDING","","PENDING","PENDING"
"OLP-0404","404","9620cc73f9c8e0ad003c514a5d3748f29611c4c0","content/many-valued-logic/sequent-calculus/rules-and-proofs.tex","bc7f60e5e64ad1000db484141861723f90d7eee4316d1885263c3db652089972","3007","74","354","true","true","404","canonical_complete_reader_reachable","Reached by ordered depth-first replay from content/open-logic-about.tex then content/content.tex through uncommented olimport edges.","reader_unit","","mvl","0","","","1","content/many-valued-logic/sequent-calculus/sequent-calculus.tex","0","","5","defn:4|document:1","0","0","1","4","0","0","0","0","0","0","0","0","0","0","0","0","61","locale/ar/content/many-valued-logic/sequent-calculus/rules-and-proofs.tex","PENDING","","PENDING","locale/fa-IR/content/many-valued-logic/sequent-calculus/rules-and-proofs.tex","PENDING","","PENDING","PENDING"
"OLP-0405","405","9620cc73f9c8e0ad003c514a5d3748f29611c4c0","content/many-valued-logic/sequent-calculus/structural-rules.tex","56cff0e33dcc908b72e501cd49a7dd69f0a70e4b74dcd2b84e9a18494848af14","1834","53","110","true","true","405","canonical_complete_reader_reachable","Reached by ordered depth-first replay from content/open-logic-about.tex then content/content.tex through uncommented olimport edges.","reader_unit","Structural Rules","mvl","0","","","1","content/many-valued-logic/sequent-calculus/sequent-calculus.tex","0","","4","center:1|defish:2|document:1","0","0","1","0","0","0","0","0","0","0","0","0","0","0","0","0","17","locale/ar/content/many-valued-logic/sequent-calculus/structural-rules.tex","PENDING","","PENDING","locale/fa-IR/content/many-valued-logic/sequent-calculus/structural-rules.tex","PENDING","","PENDING","PENDING"
"OLP-0406","406","9620cc73f9c8e0ad003c514a5d3748f29611c4c0","content/many-valued-logic/sequent-calculus/propositional-rules.tex","0d74a6c4ba24d5178d205fd05971dd4684e3d8fcdae367878ab857e3a54513b6","8173","236","406","true","true","406","canonical_complete_reader_reachable","Reached by ordered depth-first replay from content/open-logic-about.tex then content/content.tex through uncommented olimport edges.","reader_unit","Propositional Rules for Selected Logics","mvl","0","","","1","content/many-valued-logic/sequent-calculus/sequent-calculus.tex","0","","16","center:7|defish:7|document:1|sidewaysfigure:1","0","0","5","0","0","0","0","0","0","0","0","0","0","0","0","0","110","locale/ar/content/many-valued-logic/sequent-calculus/propositional-rules.tex","PENDING","","PENDING","locale/fa-IR/content/many-valued-logic/sequent-calculus/propositional-rules.tex","PENDING","","PENDING","PENDING"
"OLP-0407","407","9620cc73f9c8e0ad003c514a5d3748f29611c4c0","content/normal-modal-logic/normal-modal-logic.tex","e388c5bd59b5f2ac9fee081e6645262cfd0361cdc72d3e1d6f51f07788f87077","706","32","61","true","true","407","canonical_complete_reader_reachable","Reached by ordered depth-first replay from content/open-logic-about.tex then content/content.tex through uncommented olimport edges.","part_driver","Normal Modal Logics","","7","content/normal-modal-logic/syntax-and-semantics/syntax-and-semantics.tex|content/normal-modal-logic/frame-definability/frame-definability.tex|content/normal-modal-logic/axioms-systems/axioms-systems.tex|content/normal-modal-logic/completeness/completeness.tex|content/normal-modal-logic/filtrations/filtrations.tex|content/normal-modal-logic/tableaux/tableaux.tex|content/normal-modal-logic/sequent-calculus/sequent-calculus.tex","","1","content/content.tex","0","","2","document:1|editorial:1","1","0","0","0","0","0","0","0","0","0","0","0","0","0","0","0","0","locale/ar/content/normal-modal-logic/normal-modal-logic.tex","PENDING","","PENDING","locale/fa-IR/content/normal-modal-logic/normal-modal-logic.tex","PENDING","","PENDING","PENDING"
"OLP-0408","408","9620cc73f9c8e0ad003c514a5d3748f29611c4c0","content/normal-modal-logic/syntax-and-semantics/syntax-and-semantics.tex","5e8e509437c77846b7ec17bdc55a8c960fcd45cffc363a55830ebc76ac6b03fe","503","25","31","true","true","408","canonical_complete_reader_reachable","Reached by ordered depth-first replay from content/open-logic-about.tex then content/content.tex through uncommented olimport edges.","chapter_driver","Syntax and Semantics","","10","content/normal-modal-logic/syntax-and-semantics/introduction.tex|content/normal-modal-logic/syntax-and-semantics/language-modal-logic.tex|content/normal-modal-logic/syntax-and-semantics/substitution.tex|content/normal-modal-logic/syntax-and-semantics/relational-models.tex|content/normal-modal-logic/syntax-and-semantics/truth-at-w.tex|content/normal-modal-logic/syntax-and-semantics/truth-in-model.tex|content/normal-modal-logic/syntax-and-semantics/modal-validity.tex|content/normal-modal-logic/syntax-and-semantics/tautological-instances.tex|content/normal-modal-logic/syntax-and-semantics/schemas.tex|content/normal-modal-logic/syntax-and-semantics/entailment.tex","","1","content/normal-modal-logic/normal-modal-logic.tex","0","","1","document:1","0","1","0","0","0","0","0","0","0","0","0","0","0","0","0","0","0","locale/ar/content/normal-modal-logic/syntax-and-semantics/syntax-and-semantics.tex","PENDING","","PENDING","locale/fa-IR/content/normal-modal-logic/syntax-and-semantics/syntax-and-semantics.tex","PENDING","","PENDING","PENDING"
"OLP-0409","409","9620cc73f9c8e0ad003c514a5d3748f29611c4c0","content/normal-modal-logic/syntax-and-semantics/introduction.tex","42c2f00e8f81aab33744c17ecd192e38262a12cffa935cabb079a56e541618e2","4962","98","723","true","true","409","canonical_complete_reader_reachable","Reached by ordered depth-first replay from content/open-logic-about.tex then content/content.tex through uncommented olimport edges.","reader_unit","Introduction","nml","0","","","1","content/normal-modal-logic/syntax-and-semantics/syntax-and-semantics.tex","0","","2","document:1|enumerate:1","0","0","1","0","0","0","0","0","0","0","0","0","0","0","0","0","35","locale/ar/content/normal-modal-logic/syntax-and-semantics/introduction.tex","PENDING","","PENDING","locale/fa-IR/content/normal-modal-logic/syntax-and-semantics/introduction.tex","PENDING","","PENDING","PENDING"
"OLP-0410","410","9620cc73f9c8e0ad003c514a5d3748f29611c4c0","content/normal-modal-logic/syntax-and-semantics/language-modal-logic.tex","adacd15035d83e6b193aef874044156015bf168e67966833d5cdb5c064bdce1d","3526","108","320","true","true","410","canonical_complete_reader_reachable","Reached by ordered depth-first replay from content/open-logic-about.tex then content/content.tex through uncommented olimport edges.","reader_unit","The Language of Basic Modal Logic","nml","0","","","1","content/normal-modal-logic/syntax-and-semantics/syntax-and-semantics.tex","0","","8","defn:3|document:1|enumerate:2|tagblock:1|tagenumerate:1","0","0","1","3","0","0","0","0","0","0","0","0","0","0","0","0","61","locale/ar/content/normal-modal-logic/syntax-and-semantics/language-modal-logic.tex","PENDING","","PENDING","locale/fa-IR/content/normal-modal-logic/syntax-and-semantics/language-modal-logic.tex","PENDING","","PENDING","PENDING"
"OLP-0411","411","9620cc73f9c8e0ad003c514a5d3748f29611c4c0","content/normal-modal-logic/syntax-and-semantics/substitution.tex","0bb0f93514ff2ac33a6a21dbbf58cbfdcba80f31440588d322ef2b74cb2920c8","4811","102","445","true","true","411","canonical_complete_reader_reachable","Reached by ordered depth-first replay from content/open-logic-about.tex then content/content.tex through uncommented olimport edges.","reader_unit","Simultaneous Substitution","nml","0","","","1","content/normal-modal-logic/syntax-and-semantics/syntax-and-semantics.tex","0","","5","align*:1|defn:1|document:1|enumerate:1|ex:1","0","0","1","1","0","0","0","0","1","0","0","0","0","0","0","0","51","locale/ar/content/normal-modal-logic/syntax-and-semantics/substitution.tex","PENDING","","PENDING","locale/fa-IR/content/normal-modal-logic/syntax-and-semantics/substitution.tex","PENDING","","PENDING","PENDING"
"OLP-0412","412","9620cc73f9c8e0ad003c514a5d3748f29611c4c0","content/normal-modal-logic/syntax-and-semantics/relational-models.tex","44275ea8cfe80a1e854fbc630dd3d5e37ead7e8b0223baa0fe6df4e23b806f77","2161","58","270","true","true","412","canonical_complete_reader_reachable","Reached by ordered depth-first replay from content/open-logic-about.tex then content/content.tex through uncommented olimport edges.","reader_unit","Relational Models","nml","0","","","1","content/normal-modal-logic/syntax-and-semantics/syntax-and-semantics.tex","0","","6","center:1|defn:1|document:1|enumerate:1|figure:1|tikzpicture:1","0","0","1","1","0","0","0","0","0","0","0","1","1","0","2","0","26","locale/ar/content/normal-modal-logic/syntax-and-semantics/relational-models.tex","PENDING","","PENDING","locale/fa-IR/content/normal-modal-logic/syntax-and-semantics/relational-models.tex","PENDING","","PENDING","PENDING"
"OLP-0413","413","9620cc73f9c8e0ad003c514a5d3748f29611c4c0","content/normal-modal-logic/syntax-and-semantics/truth-at-w.tex","082e6f52306e829ab4b612be9237998cf1d08bec190f972d849b8f6b5e74e8cc","5344","127","634","true","true","413","canonical_complete_reader_reachable","Reached by ordered depth-first replay from content/open-logic-about.tex then content/content.tex through uncommented olimport edges.","reader_unit","Truth at a World","nml","0","","","1","content/normal-modal-logic/syntax-and-semantics/syntax-and-semantics.tex","0","","14","defn:1|document:1|enumerate:5|prob:2|probtag:2|proof:1|prop:1|tagblock:1","0","0","1","1","0","1","0","0","0","2","1","0","0","0","3","0","118","locale/ar/content/normal-modal-logic/syntax-and-semantics/truth-at-w.tex","PENDING","","PENDING","locale/fa-IR/content/normal-modal-logic/syntax-and-semantics/truth-at-w.tex","PENDING","","PENDING","PENDING"
"OLP-0414","414","9620cc73f9c8e0ad003c514a5d3748f29611c4c0","content/normal-modal-logic/syntax-and-semantics/truth-in-model.tex","d5de1040475bc5914585dddbf1d0a6988b91b47370448007d5b8d6149b8155aa","3244","85","401","true","true","414","canonical_complete_reader_reachable","Reached by ordered depth-first replay from content/open-logic-about.tex then content/content.tex through uncommented olimport edges.","reader_unit","Truth in a Model","nml","0","","","1","content/normal-modal-logic/syntax-and-semantics/syntax-and-semantics.tex","0","","10","center:1|defn:1|document:1|enumerate:3|prob:1|proof:1|prop:1|tikzpicture:1","0","0","1","1","0","1","0","0","0","1","1","0","1","0","2","0","64","locale/ar/content/normal-modal-logic/syntax-and-semantics/truth-in-model.tex","PENDING","","PENDING","locale/fa-IR/content/normal-modal-logic/syntax-and-semantics/truth-in-model.tex","PENDING","","PENDING","PENDING"
"OLP-0415","415","9620cc73f9c8e0ad003c514a5d3748f29611c4c0","content/normal-modal-logic/syntax-and-semantics/modal-validity.tex","23df39bee4d4509f5b47252de718b4d838a2c05d92e7de008104b0bb5daa6a4f","2992","79","388","true","true","415","canonical_complete_reader_reachable","Reached by ordered depth-first replay from content/open-logic-about.tex then content/content.tex through uncommented olimport edges.","reader_unit","Validity","nml","0","","","1","content/normal-modal-logic/syntax-and-semantics/syntax-and-semantics.tex","0","","9","defn:1|document:1|enumerate:1|explain:1|prob:2|proof:1|prop:2","0","0","1","1","0","2","0","0","0","2","1","0","0","0","0","0","46","locale/ar/content/normal-modal-logic/syntax-and-semantics/modal-validity.tex","PENDING","","PENDING","locale/fa-IR/content/normal-modal-logic/syntax-and-semantics/modal-validity.tex","PENDING","","PENDING","PENDING"
"OLP-0416","416","9620cc73f9c8e0ad003c514a5d3748f29611c4c0","content/normal-modal-logic/syntax-and-semantics/tautological-instances.tex","66c19333c30bef87cdcab48001ee3ade880047253538863ba985d33ddbc34905","6893","161","651","true","true","416","canonical_complete_reader_reachable","Reached by ordered depth-first replay from content/open-logic-about.tex then content/content.tex through uncommented olimport edges.","reader_unit","Tautological Instances","nml","0","","","1","content/normal-modal-logic/syntax-and-semantics/syntax-and-semantics.tex","0","","14","align*:6|defn:1|document:1|enumerate:1|explain:1|lem:1|proof:2|prop:1","0","0","1","1","0","1","1","0","0","0","2","0","0","0","1","0","56","locale/ar/content/normal-modal-logic/syntax-and-semantics/tautological-instances.tex","PENDING","","PENDING","locale/fa-IR/content/normal-modal-logic/syntax-and-semantics/tautological-instances.tex","PENDING","","PENDING","PENDING"
"OLP-0417","417","9620cc73f9c8e0ad003c514a5d3748f29611c4c0","content/normal-modal-logic/syntax-and-semantics/schemas.tex","5c9f569fbee942e71c14aab2686c1d8034a553e2ae7c92b2afcaa1cebd66cef7","6644","183","812","true","true","417","canonical_complete_reader_reachable","Reached by ordered depth-first replay from content/open-logic-about.tex then content/content.tex through uncommented olimport edges.","reader_unit","Schemas and Validity","nml","0","","","1","content/normal-modal-logic/syntax-and-semantics/syntax-and-semantics.tex","0","","23","defn:2|document:1|enumerate:3|equation*:2|prob:6|proof:3|prop:4|table:1|tabular:1","0","0","1","2","0","4","0","0","0","6","3","0","0","0","3","0","89","locale/ar/content/normal-modal-logic/syntax-and-semantics/schemas.tex","PENDING","","PENDING","locale/fa-IR/content/normal-modal-logic/syntax-and-semantics/schemas.tex","PENDING","","PENDING","PENDING"
"OLP-0418","418","9620cc73f9c8e0ad003c514a5d3748f29611c4c0","content/normal-modal-logic/syntax-and-semantics/entailment.tex","101130800880b56a39c7d9dea583488c625739deceeaa402e90fd22d47962a05","3491","86","428","true","true","418","canonical_complete_reader_reachable","Reached by ordered depth-first replay from content/open-logic-about.tex then content/content.tex through uncommented olimport edges.","reader_unit","Entailment","nml","0","","","1","content/normal-modal-logic/syntax-and-semantics/syntax-and-semantics.tex","0","","9","center:1|defn:1|document:1|ex:1|explain:1|figure:1|prob:2|tikzpicture:1","0","0","1","1","0","0","0","0","1","2","0","1","1","0","1","0","63","locale/ar/content/normal-modal-logic/syntax-and-semantics/entailment.tex","PENDING","","PENDING","locale/fa-IR/content/normal-modal-logic/syntax-and-semantics/entailment.tex","PENDING","","PENDING","PENDING"
"OLP-0419","419","9620cc73f9c8e0ad003c514a5d3748f29611c4c0","content/normal-modal-logic/frame-definability/frame-definability.tex","8fa74ca1a369c2dbd54bf32a2f71f1568a5a4138f15378624998ce37e2a70153","439","22","24","true","true","419","canonical_complete_reader_reachable","Reached by ordered depth-first replay from content/open-logic-about.tex then content/content.tex through uncommented olimport edges.","chapter_driver","Frame Definability","","7","content/normal-modal-logic/frame-definability/introduction.tex|content/normal-modal-logic/frame-definability/properties-accessibility.tex|content/normal-modal-logic/frame-definability/frames.tex|content/normal-modal-logic/frame-definability/definability.tex|content/normal-modal-logic/frame-definability/first-order-definability.tex|content/normal-modal-logic/frame-definability/equivalence-S5.tex|content/normal-modal-logic/frame-definability/second-order-definability.tex","","1","content/normal-modal-logic/normal-modal-logic.tex","0","","1","document:1","0","1","0","0","0","0","0","0","0","0","0","0","0","0","0","0","0","locale/ar/content/normal-modal-logic/frame-definability/frame-definability.tex","PENDING","","PENDING","locale/fa-IR/content/normal-modal-logic/frame-definability/frame-definability.tex","PENDING","","PENDING","PENDING"
"OLP-0420","420","9620cc73f9c8e0ad003c514a5d3748f29611c4c0","content/normal-modal-logic/frame-definability/introduction.tex","9a12846cc6aec1571d7bea28a1006355fd1701ae4fee0118742210179589dfa9","2939","60","462","true","true","420","canonical_complete_reader_reachable","Reached by ordered depth-first replay from content/open-logic-about.tex then content/content.tex through uncommented olimport edges.","reader_unit","Introduction","nml","0","","","1","content/normal-modal-logic/frame-definability/frame-definability.tex","0","","1","document:1","0","0","1","0","0","0","0","0","0","0","0","0","0","0","0","0","51","locale/ar/content/normal-modal-logic/frame-definability/introduction.tex","PENDING","","PENDING","locale/fa-IR/content/normal-modal-logic/frame-definability/introduction.tex","PENDING","","PENDING","PENDING"
"OLP-0421","421","9620cc73f9c8e0ad003c514a5d3748f29611c4c0","content/normal-modal-logic/frame-definability/properties-accessibility.tex","6934aac16103b285862b4c8619a88082d92d60dfb66f0a5c93ed746b52316d20","8096","192","933","true","true","421","canonical_complete_reader_reachable","Reached by ordered depth-first replay from content/open-logic-about.tex then content/content.tex through uncommented olimport edges.","reader_unit","Properties of Accessibility Relations","nml","0","","","1","content/normal-modal-logic/frame-definability/frame-definability.tex","0","","16","array:1|center:1|document:1|enumerate:1|figure:1|prob:3|proof:1|prop:1|table:2|tabular:2|thm:1|tikzpicture:1","0","0","1","0","1","1","0","0","0","3","1","1","1","0","9","0","97","locale/ar/content/normal-modal-logic/frame-definability/properties-accessibility.tex","PENDING","","PENDING","locale/fa-IR/content/normal-modal-logic/frame-definability/properties-accessibility.tex","PENDING","","PENDING","PENDING"
"OLP-0422","422","9620cc73f9c8e0ad003c514a5d3748f29611c4c0","content/normal-modal-logic/frame-definability/frames.tex","e53b6addd368a8e69f4ca6df17fdc151634ef3b235c582f0195a453f0f35de27","1844","50","254","true","true","422","canonical_complete_reader_reachable","Reached by ordered depth-first replay from content/open-logic-about.tex then content/content.tex through uncommented olimport edges.","reader_unit","Frames","nml","0","","","1","content/normal-modal-logic/frame-definability/frame-definability.tex","0","","4","defn:2|document:1|rem:1","0","0","1","2","0","0","0","0","0","0","0","0","0","0","0","0","27","locale/ar/content/normal-modal-logic/frame-definability/frames.tex","PENDING","","PENDING","locale/fa-IR/content/normal-modal-logic/frame-definability/frames.tex","PENDING","","PENDING","PENDING"
"OLP-0423","423","9620cc73f9c8e0ad003c514a5d3748f29611c4c0","content/normal-modal-logic/frame-definability/definability.tex","072dfd4f743977f825a23d779ca9236013811255aee629948a92b96bfb4cbefd","7953","168","1149","true","true","423","canonical_complete_reader_reachable","Reached by ordered depth-first replay from content/open-logic-about.tex then content/content.tex through uncommented olimport edges.","reader_unit","Frame Definability","nml","0","","","1","content/normal-modal-logic/frame-definability/frame-definability.tex","0","","12","cor:2|defn:1|document:1|enumerate:2|prob:2|proof:2|prop:1|thm:1","0","0","1","1","1","1","0","2","0","2","2","0","0","0","9","0","141","locale/ar/content/normal-modal-logic/frame-definability/definability.tex","PENDING","","PENDING","locale/fa-IR/content/normal-modal-logic/frame-definability/definability.tex","PENDING","","PENDING","PENDING"
"OLP-0424","424","9620cc73f9c8e0ad003c514a5d3748f29611c4c0","content/normal-modal-logic/frame-definability/first-order-definability.tex","2c0b37bf344b0cd2841ca978e5f2999c1173694c45709dee037c887c5e91c5a1","3982","88","555","true","true","424","canonical_complete_reader_reachable","Reached by ordered depth-first replay from content/open-logic-about.tex then content/content.tex through uncommented olimport edges.","reader_unit","First-order Definability","nml","0","","","1","content/normal-modal-logic/frame-definability/frame-definability.tex","0","","3","defn:1|document:1|equation:1","0","0","1","1","0","0","0","0","0","0","0","0","0","0","0","0","53","locale/ar/content/normal-modal-logic/frame-definability/first-order-definability.tex","PENDING","","PENDING","locale/fa-IR/content/normal-modal-logic/frame-definability/first-order-definability.tex","PENDING","","PENDING","PENDING"
"OLP-0425","425","9620cc73f9c8e0ad003c514a5d3748f29611c4c0","content/normal-modal-logic/frame-definability/equivalence-S5.tex","8e65223dede5d8d51bcb8416f051f72b483f092fbc48a78f7039be70ee13935d","5886","144","737","true","true","425","canonical_complete_reader_reachable","Reached by ordered depth-first replay from content/open-logic-about.tex then content/content.tex through uncommented olimport edges.","reader_unit","","nml","0","","","1","content/normal-modal-logic/frame-definability/frame-definability.tex","0","","15","defn:1|document:1|enumerate:4|figure:1|prob:1|proof:2|prop:3|scope:1|tikzpicture:1","0","0","1","1","0","3","0","0","0","1","2","1","1","0","4","0","69","locale/ar/content/normal-modal-logic/frame-definability/equivalence-S5.tex","PENDING","","PENDING","locale/fa-IR/content/normal-modal-logic/frame-definability/equivalence-S5.tex","PENDING","","PENDING","PENDING"
"OLP-0426","426","9620cc73f9c8e0ad003c514a5d3748f29611c4c0","content/normal-modal-logic/frame-definability/second-order-definability.tex","94e8a7aa4e08b6783c65c18a10192dd49f82b14acbd1133dd3830abb6f324ce0","6831","156","903","true","true","426","canonical_complete_reader_reachable","Reached by ordered depth-first replay from content/open-logic-about.tex then content/content.tex through uncommented olimport edges.","reader_unit","Second-order Definability","nml","0","","","1","content/normal-modal-logic/frame-definability/frame-definability.tex","0","","10","cor:1|defn:2|document:1|enumerate:1|proof:3|prop:2","0","0","1","2","0","2","0","1","0","0","3","0","0","0","1","0","100","locale/ar/content/normal-modal-logic/frame-definability/second-order-definability.tex","PENDING","","PENDING","locale/fa-IR/content/normal-modal-logic/frame-definability/second-order-definability.tex","PENDING","","PENDING","PENDING"
"OLP-0427","427","9620cc73f9c8e0ad003c514a5d3748f29611c4c0","content/normal-modal-logic/axioms-systems/axioms-systems.tex","e914516589d120a2aa25bba0cb22c79853f972c93831ee984cf1c317a7f4e872","593","28","39","true","true","427","canonical_complete_reader_reachable","Reached by ordered depth-first replay from content/open-logic-about.tex then content/content.tex through uncommented olimport edges.","chapter_driver","","","13","content/normal-modal-logic/axioms-systems/introduction.tex|content/normal-modal-logic/axioms-systems/normal-logics.tex|content/normal-modal-logic/axioms-systems/logics-proofs.tex|content/normal-modal-logic/axioms-systems/proofs-in-K.tex|content/normal-modal-logic/axioms-systems/derived-rules.tex|content/normal-modal-logic/axioms-systems/more-proofs-in-K.tex|content/normal-modal-logic/axioms-systems/duals.tex|content/normal-modal-logic/axioms-systems/proofs-modal-systems.tex|content/normal-modal-logic/axioms-systems/soundness.tex|content/normal-modal-logic/axioms-systems/systems-distinct.tex|content/normal-modal-logic/axioms-systems/provability-from-set.tex|content/normal-modal-logic/axioms-systems/provability-properties.tex|content/normal-modal-logic/axioms-systems/consistency.tex","","1","content/normal-modal-logic/normal-modal-logic.tex","0","","1","document:1","0","1","0","0","0","0","0","0","0","0","0","0","0","0","0","0","0","locale/ar/content/normal-modal-logic/axioms-systems/axioms-systems.tex","PENDING","","PENDING","locale/fa-IR/content/normal-modal-logic/axioms-systems/axioms-systems.tex","PENDING","","PENDING","PENDING"
"OLP-0428","428","9620cc73f9c8e0ad003c514a5d3748f29611c4c0","content/normal-modal-logic/axioms-systems/introduction.tex","da7134ad2fb27e1b08c74d4e6286a6e6036e07e55b43f79c8e3be8b2c673a56c","3763","91","531","true","true","428","canonical_complete_reader_reachable","Reached by ordered depth-first replay from content/open-logic-about.tex then content/content.tex through uncommented olimport edges.","reader_unit","Introduction","nml","0","","","1","content/normal-modal-logic/axioms-systems/axioms-systems.tex","0","","7","defn:3|document:1|enumerate:1|prooftree:2","0","0","1","3","0","0","0","0","0","0","0","0","0","0","0","0","31","locale/ar/content/normal-modal-logic/axioms-systems/introduction.tex","PENDING","","PENDING","locale/fa-IR/content/normal-modal-logic/axioms-systems/introduction.tex","PENDING","","PENDING","PENDING"
"OLP-0429","429","9620cc73f9c8e0ad003c514a5d3748f29611c4c0","content/normal-modal-logic/axioms-systems/normal-logics.tex","26665f5c6237cf0fa90f5ca122fd38e0278de2eb3e385ceaf656e8119de0b746","4495","122","530","true","true","429","canonical_complete_reader_reachable","Reached by ordered depth-first replay from content/open-logic-about.tex then content/content.tex through uncommented olimport edges.","reader_unit","Normal Modal Logics","nml","0","","","1","content/normal-modal-logic/axioms-systems/axioms-systems.tex","0","","14","align*:2|defn:3|document:1|enumerate:1|prob:1|proof:2|prooftree:1|prop:3","0","0","1","3","0","3","0","0","0","1","2","0","0","0","1","0","41","locale/ar/content/normal-modal-logic/axioms-systems/normal-logics.tex","PENDING","","PENDING","locale/fa-IR/content/normal-modal-logic/axioms-systems/normal-logics.tex","PENDING","","PENDING","PENDING"
"OLP-0430","430","9620cc73f9c8e0ad003c514a5d3748f29611c4c0","content/normal-modal-logic/axioms-systems/logics-proofs.tex","391ec991c00e706de0b49ec44606bddc392109911138a3a506a611fd72548774","4539","97","596","true","true","430","canonical_complete_reader_reachable","Reached by ordered depth-first replay from content/open-logic-about.tex then content/content.tex through uncommented olimport edges.","reader_unit","","nml","0","","","1","content/normal-modal-logic/axioms-systems/axioms-systems.tex","0","","5","defn:1|document:1|enumerate:1|proof:1|prop:1","0","0","1","1","0","1","0","0","0","0","1","0","0","0","0","0","66","locale/ar/content/normal-modal-logic/axioms-systems/logics-proofs.tex","PENDING","","PENDING","locale/fa-IR/content/normal-modal-logic/axioms-systems/logics-proofs.tex","PENDING","","PENDING","PENDING"
"OLP-0431","431","9620cc73f9c8e0ad003c514a5d3748f29611c4c0","content/normal-modal-logic/axioms-systems/proofs-in-K.tex","2898ed73e8bfcfa8908ce113e21931f8d6f8f275e3bdfd0cb304aa907632d8dd","6606","160","435","true","true","431","canonical_complete_reader_reachable","Reached by ordered depth-first replay from content/open-logic-about.tex then content/content.tex through uncommented olimport edges.","reader_unit","","nml","0","","","1","content/normal-modal-logic/axioms-systems/axioms-systems.tex","0","","20","align*:3|derivation:6|document:1|enumerate:1|prob:1|proof:4|prop:4","0","0","1","0","0","4","0","0","0","1","4","0","0","0","1","0","82","locale/ar/content/normal-modal-logic/axioms-systems/proofs-in-K.tex","PENDING","","PENDING","locale/fa-IR/content/normal-modal-logic/axioms-systems/proofs-in-K.tex","PENDING","","PENDING","PENDING"
"OLP-0432","432","9620cc73f9c8e0ad003c514a5d3748f29611c4c0","content/normal-modal-logic/axioms-systems/derived-rules.tex","f1c5297ba77e51aa0d3311330a018d6e9edd0e002512f730ce32c18b75c47245","6335","168","654","true","true","432","canonical_complete_reader_reachable","Reached by ordered depth-first replay from content/open-logic-about.tex then content/content.tex through uncommented olimport edges.","reader_unit","Derived Rules","nml","0","","","1","content/normal-modal-logic/axioms-systems/axioms-systems.tex","0","","19","derivation:5|document:1|prob:1|proof:6|prop:6","0","0","1","0","0","6","0","0","0","1","6","0","0","0","7","0","90","locale/ar/content/normal-modal-logic/axioms-systems/derived-rules.tex","PENDING","","PENDING","locale/fa-IR/content/normal-modal-logic/axioms-systems/derived-rules.tex","PENDING","","PENDING","PENDING"
"OLP-0433","433","9620cc73f9c8e0ad003c514a5d3748f29611c4c0","content/normal-modal-logic/axioms-systems/more-proofs-in-K.tex","b9162a0c9f7c828fefb03d65e0f8385aa3bfd4391256b63547752aa1363f1bfb","3648","102","210","true","true","433","canonical_complete_reader_reachable","Reached by ordered depth-first replay from content/open-logic-about.tex then content/content.tex through uncommented olimport edges.","reader_unit","","nml","0","","","1","content/normal-modal-logic/axioms-systems/axioms-systems.tex","0","","15","derivation:4|document:1|enumerate:1|prob:1|proof:4|prop:4","0","0","1","0","0","4","0","0","0","1","4","0","0","0","1","0","37","locale/ar/content/normal-modal-logic/axioms-systems/more-proofs-in-K.tex","PENDING","","PENDING","locale/fa-IR/content/normal-modal-logic/axioms-systems/more-proofs-in-K.tex","PENDING","","PENDING","PENDING"
"OLP-0434","434","9620cc73f9c8e0ad003c514a5d3748f29611c4c0","content/normal-modal-logic/axioms-systems/duals.tex","4f0c9ac68870b3fdaea3140aece1216922a75856066ba1ff7fbd1a45e7372408","1250","43","112","true","true","434","canonical_complete_reader_reachable","Reached by ordered depth-first replay from content/open-logic-about.tex then content/content.tex through uncommented olimport edges.","reader_unit","","nml","0","","","1","content/normal-modal-logic/axioms-systems/axioms-systems.tex","0","","6","align:1|defn:1|document:1|prob:1|proof:1|prop:1","0","0","1","1","0","1","0","0","0","1","1","0","0","0","2","0","10","locale/ar/content/normal-modal-logic/axioms-systems/duals.tex","PENDING","","PENDING","locale/fa-IR/content/normal-modal-logic/axioms-systems/duals.tex","PENDING","","PENDING","PENDING"
"OLP-0435","435","9620cc73f9c8e0ad003c514a5d3748f29611c4c0","content/normal-modal-logic/axioms-systems/proofs-modal-systems.tex","3489600c68c1c7ba7ea7dd17e194f984626ac182c05f2cd541a89157eb4411ac","4089","108","254","true","true","435","canonical_complete_reader_reachable","Reached by ordered depth-first replay from content/open-logic-about.tex then content/content.tex through uncommented olimport edges.","reader_unit","Proofs in Modal Systems","nml","0","","","1","content/normal-modal-logic/axioms-systems/axioms-systems.tex","0","","15","defn:1|derivation:6|document:1|enumerate:2|prob:1|proof:2|prop:2","0","0","1","1","0","2","0","0","0","1","2","0","0","0","2","0","56","locale/ar/content/normal-modal-logic/axioms-systems/proofs-modal-systems.tex","PENDING","","PENDING","locale/fa-IR/content/normal-modal-logic/axioms-systems/proofs-modal-systems.tex","PENDING","","PENDING","PENDING"
"OLP-0436","436","9620cc73f9c8e0ad003c514a5d3748f29611c4c0","content/normal-modal-logic/axioms-systems/soundness.tex","89f0604c1941aba0796c9051f249e216020e9325c2ba134d6a6d8112cc717e16","2551","58","341","true","true","436","canonical_complete_reader_reachable","Reached by ordered depth-first replay from content/open-logic-about.tex then content/content.tex through uncommented olimport edges.","reader_unit","Soundness","nml","0","","","1","content/normal-modal-logic/axioms-systems/axioms-systems.tex","0","","4","document:1|enumerate:1|proof:1|thm:1","0","0","1","0","1","0","0","0","0","0","1","0","0","0","6","0","43","locale/ar/content/normal-modal-logic/axioms-systems/soundness.tex","PENDING","","PENDING","locale/fa-IR/content/normal-modal-logic/axioms-systems/soundness.tex","PENDING","","PENDING","PENDING"
"OLP-0437","437","9620cc73f9c8e0ad003c514a5d3748f29611c4c0","content/normal-modal-logic/axioms-systems/systems-distinct.tex","57c9746f7d2e1760bbe52ec023690e0c3c42a5e73e421bae868f29f1c804c9af","5795","154","650","true","true","437","canonical_complete_reader_reachable","Reached by ordered depth-first replay from content/open-logic-about.tex then content/content.tex through uncommented olimport edges.","reader_unit","Showing Systems are Distinct","nml","0","","","1","content/normal-modal-logic/axioms-systems/axioms-systems.tex","0","","17","document:1|figure:3|prob:2|proof:4|prop:2|thm:2|tikzpicture:3","0","0","1","0","2","2","0","0","0","2","4","3","3","0","15","0","47","locale/ar/content/normal-modal-logic/axioms-systems/systems-distinct.tex","PENDING","","PENDING","locale/fa-IR/content/normal-modal-logic/axioms-systems/systems-distinct.tex","PENDING","","PENDING","PENDING"
"OLP-0438","438","9620cc73f9c8e0ad003c514a5d3748f29611c4c0","content/normal-modal-logic/axioms-systems/provability-from-set.tex","79b830de121e4ee1530fc2597aeaa2f4982a77e9cba947daca4e9c1936217e27","827","26","84","true","true","438","canonical_complete_reader_reachable","Reached by ordered depth-first replay from content/open-logic-about.tex then content/content.tex through uncommented olimport edges.","reader_unit","","nml","0","","","1","content/normal-modal-logic/axioms-systems/axioms-systems.tex","0","","2","defn:1|document:1","0","0","1","1","0","0","0","0","0","0","0","0","0","0","1","0","10","locale/ar/content/normal-modal-logic/axioms-systems/provability-from-set.tex","PENDING","","PENDING","locale/fa-IR/content/normal-modal-logic/axioms-systems/provability-from-set.tex","PENDING","","PENDING","PENDING"
"OLP-0439","439","9620cc73f9c8e0ad003c514a5d3748f29611c4c0","content/normal-modal-logic/axioms-systems/provability-properties.tex","bebb71c5532f0a55e4defc889b06ef952a7685d85c3770956be02206cc85bf13","2004","51","152","true","true","439","canonical_complete_reader_reachable","Reached by ordered depth-first replay from content/open-logic-about.tex then content/content.tex through uncommented olimport edges.","reader_unit","","nml","0","","","1","content/normal-modal-logic/axioms-systems/axioms-systems.tex","0","","4","defn:1|document:1|enumerate:1|prop:1","0","0","1","1","0","1","0","0","0","0","0","0","0","0","2","0","25","locale/ar/content/normal-modal-logic/axioms-systems/provability-properties.tex","PENDING","","PENDING","locale/fa-IR/content/normal-modal-logic/axioms-systems/provability-properties.tex","PENDING","","PENDING","PENDING"
"OLP-0440","440","9620cc73f9c8e0ad003c514a5d3748f29611c4c0","content/normal-modal-logic/axioms-systems/consistency.tex","11aee245bd1a68ba94b144186fbed464bbad4ef44cd7b9571e8074873f673e29","2557","65","251","true","true","440","canonical_complete_reader_reachable","Reached by ordered depth-first replay from content/open-logic-about.tex then content/content.tex through uncommented olimport edges.","reader_unit","Consistency","nml","0","","","1","content/normal-modal-logic/axioms-systems/axioms-systems.tex","0","","5","defn:1|document:1|enumerate:1|proof:1|prop:1","0","0","1","1","0","1","0","0","0","0","1","0","0","0","4","0","31","locale/ar/content/normal-modal-logic/axioms-systems/consistency.tex","PENDING","","PENDING","locale/fa-IR/content/normal-modal-logic/axioms-systems/consistency.tex","PENDING","","PENDING","PENDING"
"OLP-0441","441","9620cc73f9c8e0ad003c514a5d3748f29611c4c0","content/normal-modal-logic/completeness/completeness.tex","17bd97fe5b7130afbc9fb23960172f806d216c7e3db0d10cb695bdb741f7da8e","470","23","29","true","true","441","canonical_complete_reader_reachable","Reached by ordered depth-first replay from content/open-logic-about.tex then content/content.tex through uncommented olimport edges.","chapter_driver","Completeness and Canonical Models","","8","content/normal-modal-logic/completeness/introduction.tex|content/normal-modal-logic/completeness/complete-consistent-sets.tex|content/normal-modal-logic/completeness/lindenbaums-lemma.tex|content/normal-modal-logic/completeness/modalities-ccs.tex|content/normal-modal-logic/completeness/canonical-models.tex|content/normal-modal-logic/completeness/truth-lemma.tex|content/normal-modal-logic/completeness/completeness-K.tex|content/normal-modal-logic/completeness/frame-completeness.tex","","1","content/normal-modal-logic/normal-modal-logic.tex","0","","1","document:1","0","1","0","0","0","0","0","0","0","0","0","0","0","0","0","0","0","locale/ar/content/normal-modal-logic/completeness/completeness.tex","PENDING","","PENDING","locale/fa-IR/content/normal-modal-logic/completeness/completeness.tex","PENDING","","PENDING","PENDING"
"OLP-0442","442","9620cc73f9c8e0ad003c514a5d3748f29611c4c0","content/normal-modal-logic/completeness/introduction.tex","d500fd6faf4d5c34b98fe64e568bfa8666cb6c740020c628f69b880ac4e5e222","3771","74","570","true","true","442","canonical_complete_reader_reachable","Reached by ordered depth-first replay from content/open-logic-about.tex then content/content.tex through uncommented olimport edges.","reader_unit","Introduction","nml","0","","","1","content/normal-modal-logic/completeness/completeness.tex","0","","1","document:1","0","0","1","0","0","0","0","0","0","0","0","0","0","0","0","0","60","locale/ar/content/normal-modal-logic/completeness/introduction.tex","PENDING","","PENDING","locale/fa-IR/content/normal-modal-logic/completeness/introduction.tex","PENDING","","PENDING","PENDING"
"OLP-0443","443","9620cc73f9c8e0ad003c514a5d3748f29611c4c0","content/normal-modal-logic/completeness/complete-consistent-sets.tex","ad1e90f6a43ee549d4093244ecfdaea486413da09e24c0912463823f5251d6ee","6272","138","569","true","true","443","canonical_complete_reader_reachable","Reached by ordered depth-first replay from content/open-logic-about.tex then content/content.tex through uncommented olimport edges.","reader_unit","Complete $\Sigma$-Consistent Sets","nml","0","","","1","content/normal-modal-logic/completeness/completeness.tex","0","","7","defn:1|document:1|enumerate:2|probtag:1|proof:1|prop:1","0","0","1","1","0","1","0","0","0","0","1","0","0","0","4","0","131","locale/ar/content/normal-modal-logic/completeness/complete-consistent-sets.tex","PENDING","","PENDING","locale/fa-IR/content/normal-modal-logic/completeness/complete-consistent-sets.tex","PENDING","","PENDING","PENDING"
"OLP-0444","444","9620cc73f9c8e0ad003c514a5d3748f29611c4c0","content/normal-modal-logic/completeness/lindenbaums-lemma.tex","3c6d6919faf4fad025e8dd5c44b280699e607071a49a03d24e7d9927b257ab50","5026","108","565","true","true","444","canonical_complete_reader_reachable","Reached by ordered depth-first replay from content/open-logic-about.tex then content/content.tex through uncommented olimport edges.","reader_unit","Lindenbaum's Lemma","nml","0","","","1","content/normal-modal-logic/completeness/completeness.tex","0","","6","cases:1|cor:1|document:1|proof:2|thm:1","0","0","1","0","1","0","0","1","0","0","2","0","0","0","2","0","116","locale/ar/content/normal-modal-logic/completeness/lindenbaums-lemma.tex","PENDING","","PENDING","locale/fa-IR/content/normal-modal-logic/completeness/lindenbaums-lemma.tex","PENDING","","PENDING","PENDING"
"OLP-0445","445","9620cc73f9c8e0ad003c514a5d3748f29611c4c0","content/normal-modal-logic/completeness/modalities-ccs.tex","91e1e53bf83994ee0fa725946f68747aa9124a7786295bcc75daf7c2f12e1382","10975","247","961","true","true","445","canonical_complete_reader_reachable","Reached by ordered depth-first replay from content/open-logic-about.tex then content/content.tex through uncommented olimport edges.","reader_unit","Modalities and Complete Consistent Sets","nml","0","","","1","content/normal-modal-logic/completeness/completeness.tex","0","","17","align*:1|defn:1|document:1|explain:1|lem:3|prob:1|proof:6|prop:3","0","0","1","1","0","3","3","0","0","1","6","0","0","0","14","0","215","locale/ar/content/normal-modal-logic/completeness/modalities-ccs.tex","PENDING","","PENDING","locale/fa-IR/content/normal-modal-logic/completeness/modalities-ccs.tex","PENDING","","PENDING","PENDING"
"OLP-0446","446","9620cc73f9c8e0ad003c514a5d3748f29611c4c0","content/normal-modal-logic/completeness/canonical-models.tex","cab236b83360cac46b744dae936e62e6e17148f2d848f7dadc5cfd7f75242eef","1139","36","95","true","true","446","canonical_complete_reader_reachable","Reached by ordered depth-first replay from content/open-logic-about.tex then content/content.tex through uncommented olimport edges.","reader_unit","Canonical Models","nml","0","","","1","content/normal-modal-logic/completeness/completeness.tex","0","","3","defn:1|document:1|enumerate:1","0","0","1","1","0","0","0","0","0","0","0","0","0","0","0","0","16","locale/ar/content/normal-modal-logic/completeness/canonical-models.tex","PENDING","","PENDING","locale/fa-IR/content/normal-modal-logic/completeness/canonical-models.tex","PENDING","","PENDING","PENDING"
"OLP-0447","447","9620cc73f9c8e0ad003c514a5d3748f29611c4c0","content/normal-modal-logic/completeness/truth-lemma.tex","003bd77d987951f490d9cd42859c27156f89a86f69f97d63f9d39ddc88dda3ad","7120","148","586","true","true","447","canonical_complete_reader_reachable","Reached by ordered depth-first replay from content/open-logic-about.tex then content/content.tex through uncommented olimport edges.","reader_unit","The Truth Lemma","nml","0","","","1","content/normal-modal-logic/completeness/completeness.tex","0","","5","document:1|enumerate:1|probtag:1|proof:1|prop:1","0","0","1","0","0","1","0","0","0","0","1","0","0","0","33","0","106","locale/ar/content/normal-modal-logic/completeness/truth-lemma.tex","PENDING","","PENDING","locale/fa-IR/content/normal-modal-logic/completeness/truth-lemma.tex","PENDING","","PENDING","PENDING"
"OLP-0448","448","9620cc73f9c8e0ad003c514a5d3748f29611c4c0","content/normal-modal-logic/completeness/completeness-K.tex","ad393ad7918804ede4435932bea73f1a318fee474f96d849320cf5310ba9ed00","2440","66","284","true","true","448","canonical_complete_reader_reachable","Reached by ordered depth-first replay from content/open-logic-about.tex then content/content.tex through uncommented olimport edges.","reader_unit","","nml","0","","","1","content/normal-modal-logic/completeness/completeness.tex","0","","6","cor:1|defn:1|document:1|proof:2|thm:1","0","0","1","1","1","0","0","1","0","0","2","0","0","0","3","0","33","locale/ar/content/normal-modal-logic/completeness/completeness-K.tex","PENDING","","PENDING","locale/fa-IR/content/normal-modal-logic/completeness/completeness-K.tex","PENDING","","PENDING","PENDING"
"OLP-0449","449","9620cc73f9c8e0ad003c514a5d3748f29611c4c0","content/normal-modal-logic/completeness/frame-completeness.tex","43e245d167b811ab17e3c1cd194073aa4b5acd12a65a54dff2fd93189ae8ddab","10958","234","976","true","true","449","canonical_complete_reader_reachable","Reached by ordered depth-first replay from content/open-logic-about.tex then content/content.tex through uncommented olimport edges.","reader_unit","Frame Completeness","nml","0","","","1","content/normal-modal-logic/completeness/completeness.tex","0","","11","align*:1|document:1|enumerate:2|proof:2|prop:1|table:1|tabular:1|thm:2","0","0","1","0","2","1","0","0","0","0","2","0","0","0","22","0","147","locale/ar/content/normal-modal-logic/completeness/frame-completeness.tex","PENDING","","PENDING","locale/fa-IR/content/normal-modal-logic/completeness/frame-completeness.tex","PENDING","","PENDING","PENDING"
"OLP-0450","450","9620cc73f9c8e0ad003c514a5d3748f29611c4c0","content/normal-modal-logic/filtrations/filtrations.tex","b5c5d2f26dae0bc648c203384de840efd27c552a21e4f738487eb5ed7acfa3c9","468","24","28","true","true","450","canonical_complete_reader_reachable","Reached by ordered depth-first replay from content/open-logic-about.tex then content/content.tex through uncommented olimport edges.","chapter_driver","Filtrations and Decidability","","9","content/normal-modal-logic/filtrations/introduction.tex|content/normal-modal-logic/filtrations/preliminaries.tex|content/normal-modal-logic/filtrations/filtrations-def.tex|content/normal-modal-logic/filtrations/examples-of-filtrations.tex|content/normal-modal-logic/filtrations/finite.tex|content/normal-modal-logic/filtrations/S5-fmp.tex|content/normal-modal-logic/filtrations/S5-decidable.tex|content/normal-modal-logic/filtrations/more-filtrations.tex|content/normal-modal-logic/filtrations/euclidean-filtrations.tex","","1","content/normal-modal-logic/normal-modal-logic.tex","0","","1","document:1","0","1","0","0","0","0","0","0","0","0","0","0","0","0","0","0","0","locale/ar/content/normal-modal-logic/filtrations/filtrations.tex","PENDING","","PENDING","locale/fa-IR/content/normal-modal-logic/filtrations/filtrations.tex","PENDING","","PENDING","PENDING"
"OLP-0451","451","9620cc73f9c8e0ad003c514a5d3748f29611c4c0","content/normal-modal-logic/filtrations/introduction.tex","aa693a25d6c6149a595cbf49f3969d3d32a9c58a6124d9b4b550dde35b1bb276","7387","132","1225","true","true","451","canonical_complete_reader_reachable","Reached by ordered depth-first replay from content/open-logic-about.tex then content/content.tex through uncommented olimport edges.","reader_unit","Introduction","nml","0","","","1","content/normal-modal-logic/filtrations/filtrations.tex","0","","1","document:1","0","0","1","0","0","0","0","0","0","0","0","0","0","0","0","0","84","locale/ar/content/normal-modal-logic/filtrations/introduction.tex","PENDING","","PENDING","locale/fa-IR/content/normal-modal-logic/filtrations/introduction.tex","PENDING","","PENDING","PENDING"
"OLP-0452","452","9620cc73f9c8e0ad003c514a5d3748f29611c4c0","content/normal-modal-logic/filtrations/preliminaries.tex","ca2f0116347a7f85bddced81bbc5607d64388f81bf9555b058c2eaf888163ebd","3034","77","426","true","true","452","canonical_complete_reader_reachable","Reached by ordered depth-first replay from content/open-logic-about.tex then content/content.tex through uncommented olimport edges.","reader_unit","Preliminaries","nml","0","","","1","content/normal-modal-logic/filtrations/filtrations.tex","0","","5","defn:2|document:1|proof:1|prop:1","0","0","1","2","0","1","0","0","0","0","1","0","0","0","0","0","56","locale/ar/content/normal-modal-logic/filtrations/preliminaries.tex","PENDING","","PENDING","locale/fa-IR/content/normal-modal-logic/filtrations/preliminaries.tex","PENDING","","PENDING","PENDING"
"OLP-0453","453","9620cc73f9c8e0ad003c514a5d3748f29611c4c0","content/normal-modal-logic/filtrations/filtrations-def.tex","4544284c0506689d6ae806c8466d29e143908faaeccc4381fbb1820c98e8a955","8128","175","939","true","true","453","canonical_complete_reader_reachable","Reached by ordered depth-first replay from content/open-logic-about.tex then content/content.tex through uncommented olimport edges.","reader_unit","Filtrations","nml","0","","","1","content/normal-modal-logic/filtrations/filtrations.tex","0","","10","cor:1|defn:1|document:1|enumerate:4|prob:1|proof:1|thm:1","0","0","1","1","1","0","0","1","0","1","1","0","0","0","9","0","173","locale/ar/content/normal-modal-logic/filtrations/filtrations-def.tex","PENDING","","PENDING","locale/fa-IR/content/normal-modal-logic/filtrations/filtrations-def.tex","PENDING","","PENDING","PENDING"
"OLP-0454","454","9620cc73f9c8e0ad003c514a5d3748f29611c4c0","content/normal-modal-logic/filtrations/examples-of-filtrations.tex","12e9c2d37f31bd1989dbcacd02ac23ce26ea95f12eb4e79f33fb9d64b8edaff5","9839","229","1030","true","true","454","canonical_complete_reader_reachable","Reached by ordered depth-first replay from content/open-logic-about.tex then content/content.tex through uncommented olimport edges.","reader_unit","Examples of Filtrations","nml","0","","","1","content/normal-modal-logic/filtrations/filtrations.tex","0","","16","center:1|defn:2|document:1|ex:1|figure:1|prob:1|probtag:1|proof:2|prop:2|tagenumerate:1|tikzpicture:3","0","0","1","2","0","2","0","0","1","1","2","1","3","0","15","0","153","locale/ar/content/normal-modal-logic/filtrations/examples-of-filtrations.tex","PENDING","","PENDING","locale/fa-IR/content/normal-modal-logic/filtrations/examples-of-filtrations.tex","PENDING","","PENDING","PENDING"
"OLP-0455","455","9620cc73f9c8e0ad003c514a5d3748f29611c4c0","content/normal-modal-logic/filtrations/finite.tex","a0c695c86cbdec8bc0b0de88bc3b9b773ae5342917faab46096e36228d7b6e21","1838","46","257","true","true","455","canonical_complete_reader_reachable","Reached by ordered depth-first replay from content/open-logic-about.tex then content/content.tex through uncommented olimport edges.","reader_unit","Filtrations are Finite","nml","0","","","1","content/normal-modal-logic/filtrations/filtrations.tex","0","","3","document:1|proof:1|prop:1","0","0","1","0","0","1","0","0","0","0","1","0","0","0","0","0","45","locale/ar/content/normal-modal-logic/filtrations/finite.tex","PENDING","","PENDING","locale/fa-IR/content/normal-modal-logic/filtrations/finite.tex","PENDING","","PENDING","PENDING"
"OLP-0456","456","9620cc73f9c8e0ad003c514a5d3748f29611c4c0","content/normal-modal-logic/filtrations/S5-fmp.tex","ecc76c904a30e63e01617cc1f14f419d3b0a3f32095a51a60479439a093b66a4","3428","90","490","true","true","456","canonical_complete_reader_reachable","Reached by ordered depth-first replay from content/open-logic-about.tex then content/content.tex through uncommented olimport edges.","reader_unit","","nml","0","","","1","content/normal-modal-logic/filtrations/filtrations.tex","0","","10","cor:1|defn:1|document:1|prob:2|proof:3|prop:2","0","0","1","1","0","2","0","1","0","2","3","0","0","0","9","0","40","locale/ar/content/normal-modal-logic/filtrations/S5-fmp.tex","PENDING","","PENDING","locale/fa-IR/content/normal-modal-logic/filtrations/S5-fmp.tex","PENDING","","PENDING","PENDING"
"OLP-0457","457","9620cc73f9c8e0ad003c514a5d3748f29611c4c0","content/normal-modal-logic/filtrations/S5-decidable.tex","2b2a88ecdba3655c22f703cc0b879ed425f002c816bd776a08a29a8cc46121f4","1458","39","197","true","true","457","canonical_complete_reader_reachable","Reached by ordered depth-first replay from content/open-logic-about.tex then content/content.tex through uncommented olimport edges.","reader_unit","","nml","0","","","1","content/normal-modal-logic/filtrations/filtrations.tex","0","","3","document:1|proof:1|thm:1","0","0","1","0","1","0","0","0","0","0","1","0","0","0","2","0","12","locale/ar/content/normal-modal-logic/filtrations/S5-decidable.tex","PENDING","","PENDING","locale/fa-IR/content/normal-modal-logic/filtrations/S5-decidable.tex","PENDING","","PENDING","PENDING"
"OLP-0458","458","9620cc73f9c8e0ad003c514a5d3748f29611c4c0","content/normal-modal-logic/filtrations/more-filtrations.tex","f210bbacff9f50e2c73f1496399316684eacdf3084c25177c7c99afb17c9fc76","5796","136","695","true","true","458","canonical_complete_reader_reachable","Reached by ordered depth-first replay from content/open-logic-about.tex then content/content.tex through uncommented olimport edges.","reader_unit","Filtrations and Properties of Accessibility","nml","0","","","1","content/normal-modal-logic/filtrations/filtrations.tex","0","","8","document:1|enumerate:2|prob:1|proof:1|table:1|tabular:1|thm:1","0","0","1","0","1","0","0","0","0","1","1","0","0","0","12","0","100","locale/ar/content/normal-modal-logic/filtrations/more-filtrations.tex","PENDING","","PENDING","locale/fa-IR/content/normal-modal-logic/filtrations/more-filtrations.tex","PENDING","","PENDING","PENDING"
"OLP-0459","459","9620cc73f9c8e0ad003c514a5d3748f29611c4c0","content/normal-modal-logic/filtrations/euclidean-filtrations.tex","0fa161e75ec1d79490dd372c9b0dd1b85f737bc91eb0aeb026d6bb01109691bb","5355","134","607","true","true","459","canonical_complete_reader_reachable","Reached by ordered depth-first replay from content/open-logic-about.tex then content/content.tex through uncommented olimport edges.","reader_unit","Filtrations of Euclidean Models","nml","0","","","1","content/normal-modal-logic/filtrations/filtrations.tex","0","","10","document:1|enumerate:2|figure:2|prob:1|proof:1|thm:1|tikzpicture:2","0","0","1","0","1","0","0","0","0","1","1","2","2","0","6","0","70","locale/ar/content/normal-modal-logic/filtrations/euclidean-filtrations.tex","PENDING","","PENDING","locale/fa-IR/content/normal-modal-logic/filtrations/euclidean-filtrations.tex","PENDING","","PENDING","PENDING"
"OLP-0460","460","9620cc73f9c8e0ad003c514a5d3748f29611c4c0","content/normal-modal-logic/tableaux/tableaux.tex","79ca081b2f14126ce017a6d3b8defda2ff12d3b00aa27ea162a7eba5995dcf40","692","30","57","true","true","460","canonical_complete_reader_reachable","Reached by ordered depth-first replay from content/open-logic-about.tex then content/content.tex through uncommented olimport edges.","chapter_driver","","","9","content/normal-modal-logic/tableaux/introduction.tex|content/normal-modal-logic/tableaux/rules-for-K.tex|content/normal-modal-logic/tableaux/proofs-in-K.tex|content/normal-modal-logic/tableaux/soundness.tex|content/normal-modal-logic/tableaux/more-rules.tex|content/normal-modal-logic/tableaux/more-soundness.tex|content/normal-modal-logic/tableaux/simple-S5.tex|content/normal-modal-logic/tableaux/completeness.tex|content/normal-modal-logic/tableaux/countermodels.tex","","1","content/normal-modal-logic/normal-modal-logic.tex","0","","2","document:1|editorial:1","0","1","0","0","0","0","0","0","0","0","0","0","0","0","0","0","0","locale/ar/content/normal-modal-logic/tableaux/tableaux.tex","PENDING","","PENDING","locale/fa-IR/content/normal-modal-logic/tableaux/tableaux.tex","PENDING","","PENDING","PENDING"
"OLP-0461","461","9620cc73f9c8e0ad003c514a5d3748f29611c4c0","content/normal-modal-logic/tableaux/introduction.tex","bbd3ee3259bbdf70dffc210de4e2f37a1c1ba82af976bd83ffe25122ca5950ad","2590","62","323","true","true","461","canonical_complete_reader_reachable","Reached by ordered depth-first replay from content/open-logic-about.tex then content/content.tex through uncommented olimport edges.","reader_unit","Introduction","nml","0","","","1","content/normal-modal-logic/tableaux/tableaux.tex","0","","1","document:1","0","0","1","0","0","0","0","0","0","0","0","0","0","0","0","0","29","locale/ar/content/normal-modal-logic/tableaux/introduction.tex","PENDING","","PENDING","locale/fa-IR/content/normal-modal-logic/tableaux/introduction.tex","PENDING","","PENDING","PENDING"
"OLP-0462","462","9620cc73f9c8e0ad003c514a5d3748f29611c4c0","content/normal-modal-logic/tableaux/rules-for-K.tex","0c6acbc7f6f35c263e0d8fba2b8349160d594013c1c1a1e2182182705665311e","9832","274","606","true","true","462","canonical_complete_reader_reachable","Reached by ordered depth-first replay from content/open-logic-about.tex then content/content.tex through uncommented olimport edges.","reader_unit","","nml","0","","","1","content/normal-modal-logic/tableaux/tableaux.tex","0","","12","array:1|center:1|document:1|oltableau:6|table:2|tabular:1","0","0","1","0","0","0","0","0","0","0","0","0","0","0","2","0","45","locale/ar/content/normal-modal-logic/tableaux/rules-for-K.tex","PENDING","","PENDING","locale/fa-IR/content/normal-modal-logic/tableaux/rules-for-K.tex","PENDING","","PENDING","PENDING"
"OLP-0463","463","9620cc73f9c8e0ad003c514a5d3748f29611c4c0","content/normal-modal-logic/tableaux/proofs-in-K.tex","52457e85fa8c243deb71975c98d0f2065b4f4ca97e789d919c626242233e47d8","3353","98","130","true","true","463","canonical_complete_reader_reachable","Reached by ordered depth-first replay from content/open-logic-about.tex then content/content.tex through uncommented olimport edges.","reader_unit","","nml","0","","","1","content/normal-modal-logic/tableaux/tableaux.tex","0","","7","document:1|enumerate:1|ex:2|oltableau:2|prob:1","0","0","1","0","0","0","0","0","2","1","0","0","0","0","0","0","7","locale/ar/content/normal-modal-logic/tableaux/proofs-in-K.tex","PENDING","","PENDING","locale/fa-IR/content/normal-modal-logic/tableaux/proofs-in-K.tex","PENDING","","PENDING","PENDING"
"OLP-0464","464","9620cc73f9c8e0ad003c514a5d3748f29611c4c0","content/normal-modal-logic/tableaux/soundness.tex","b3a655bec656a3f82a1006299ae5504ebfa769f8d3c9b5f45482a824df34d9c7","12970","270","1517","true","true","464","canonical_complete_reader_reachable","Reached by ordered depth-first replay from content/open-logic-about.tex then content/content.tex through uncommented olimport edges.","reader_unit","","nml","0","","","1","content/normal-modal-logic/tableaux/tableaux.tex","0","","16","cor:2|defn:2|document:1|editorial:1|enumerate:3|explain:1|prob:1|proof:3|prop:1|thm:1","0","0","1","2","1","1","0","2","0","1","3","0","0","0","2","0","226","locale/ar/content/normal-modal-logic/tableaux/soundness.tex","PENDING","","PENDING","locale/fa-IR/content/normal-modal-logic/tableaux/soundness.tex","PENDING","","PENDING","PENDING"
"OLP-0465","465","9620cc73f9c8e0ad003c514a5d3748f29611c4c0","content/normal-modal-logic/tableaux/more-rules.tex","ce3fa1be78da101bfc043015b365dd3d0487e8455179b26d3bf2aa4991bf8519","6238","199","292","true","true","465","canonical_complete_reader_reachable","Reached by ordered depth-first replay from content/open-logic-about.tex then content/content.tex through uncommented olimport edges.","reader_unit","Rules for Other Accessibility Relations","nml","0","","","1","content/normal-modal-logic/tableaux/tableaux.tex","0","","12","center:2|document:1|enumerate:1|ex:1|oltableau:1|prob:1|table:2|tabular:3","0","0","1","0","0","0","0","0","1","1","0","0","0","0","2","0","49","locale/ar/content/normal-modal-logic/tableaux/more-rules.tex","PENDING","","PENDING","locale/fa-IR/content/normal-modal-logic/tableaux/more-rules.tex","PENDING","","PENDING","PENDING"
"OLP-0466","466","9620cc73f9c8e0ad003c514a5d3748f29611c4c0","content/normal-modal-logic/tableaux/more-soundness.tex","c14dabbd9555ee487e6226321348935dfcf8aba0459fb5f8c0544be9ae8e1ef4","9612","229","980","true","true","466","canonical_complete_reader_reachable","Reached by ordered depth-first replay from content/open-logic-about.tex then content/content.tex through uncommented olimport edges.","reader_unit","Soundness for Additional Rules","nml","0","","","1","content/normal-modal-logic/tableaux/tableaux.tex","0","","22","cor:1|document:1|prob:5|proof:5|prop:5|tagenumerate:5","0","0","1","0","0","5","0","1","0","5","5","0","0","0","6","0","152","locale/ar/content/normal-modal-logic/tableaux/more-soundness.tex","PENDING","","PENDING","locale/fa-IR/content/normal-modal-logic/tableaux/more-soundness.tex","PENDING","","PENDING","PENDING"
"OLP-0467","467","9620cc73f9c8e0ad003c514a5d3748f29611c4c0","content/normal-modal-logic/tableaux/simple-S5.tex","9c1e1d4b8416a069d786669d67a508fbbca7bae64c410e1a6ceb273d6f32b21a","3029","89","251","true","true","467","canonical_complete_reader_reachable","Reached by ordered depth-first replay from content/open-logic-about.tex then content/content.tex through uncommented olimport edges.","reader_unit","","nml","0","","","1","content/normal-modal-logic/tableaux/tableaux.tex","0","","6","center:1|document:1|ex:1|oltableau:1|table:1|tabular:1","0","0","1","0","0","0","0","0","1","0","0","0","0","0","1","0","13","locale/ar/content/normal-modal-logic/tableaux/simple-S5.tex","PENDING","","PENDING","locale/fa-IR/content/normal-modal-logic/tableaux/simple-S5.tex","PENDING","","PENDING","PENDING"
"OLP-0468","468","9620cc73f9c8e0ad003c514a5d3748f29611c4c0","content/normal-modal-logic/tableaux/completeness.tex","228f8da4bd27b3d80700eb6306c9a1bbf1e8f1253e7252fb92f678e3a4f3622e","10378","231","983","true","true","468","canonical_complete_reader_reachable","Reached by ordered depth-first replay from content/open-logic-about.tex then content/content.tex through uncommented olimport edges.","reader_unit","","nml","0","","","1","content/normal-modal-logic/tableaux/tableaux.tex","0","","13","cor:2|defn:1|document:1|enumerate:2|explain:2|prob:1|proof:2|prop:1|thm:1","0","0","1","1","1","1","0","2","0","1","2","0","0","0","1","0","132","locale/ar/content/normal-modal-logic/tableaux/completeness.tex","PENDING","","PENDING","locale/fa-IR/content/normal-modal-logic/tableaux/completeness.tex","PENDING","","PENDING","PENDING"
"OLP-0469","469","9620cc73f9c8e0ad003c514a5d3748f29611c4c0","content/normal-modal-logic/tableaux/countermodels.tex","83566084b28a72febbb584c4f23b0a3047b5eaced35fc063402df7b7649a993b","13181","308","924","true","true","469","canonical_complete_reader_reachable","Reached by ordered depth-first replay from content/open-logic-about.tex then content/content.tex through uncommented olimport edges.","reader_unit","","nml","0","","","1","content/normal-modal-logic/tableaux/tableaux.tex","0","","16","center:2|document:1|ex:2|explain:1|figure:2|oltableau:6|tikzpicture:2","0","0","1","0","0","0","0","0","2","0","0","2","2","0","4","0","51","locale/ar/content/normal-modal-logic/tableaux/countermodels.tex","PENDING","","PENDING","locale/fa-IR/content/normal-modal-logic/tableaux/countermodels.tex","PENDING","","PENDING","PENDING"
"OLP-0470","470","9620cc73f9c8e0ad003c514a5d3748f29611c4c0","content/normal-modal-logic/sequent-calculus/sequent-calculus.tex","79b83081634ef4076da10bb045e228b7d85d3d4f6b96cf71ae68f7610f59ea2e","582","27","38","true","true","470","canonical_complete_reader_reachable","Reached by ordered depth-first replay from content/open-logic-about.tex then content/content.tex through uncommented olimport edges.","chapter_driver","Modal Sequent Calculus","","4","content/normal-modal-logic/sequent-calculus/introduction.tex|content/normal-modal-logic/sequent-calculus/rules-for-K.tex|content/normal-modal-logic/sequent-calculus/proofs-in-K.tex|content/normal-modal-logic/sequent-calculus/more-rules.tex","","1","content/normal-modal-logic/normal-modal-logic.tex","0","","2","document:1|editorial:1","0","1","0","0","0","0","0","0","0","0","0","0","0","0","0","0","0","locale/ar/content/normal-modal-logic/sequent-calculus/sequent-calculus.tex","PENDING","","PENDING","locale/fa-IR/content/normal-modal-logic/sequent-calculus/sequent-calculus.tex","PENDING","","PENDING","PENDING"
"OLP-0471","471","9620cc73f9c8e0ad003c514a5d3748f29611c4c0","content/normal-modal-logic/sequent-calculus/introduction.tex","d3612957dd1bda16feeb6492a907ff1f74f309be4a2033901df72655a0492ae2","1556","52","112","true","true","471","canonical_complete_reader_reachable","Reached by ordered depth-first replay from content/open-logic-about.tex then content/content.tex through uncommented olimport edges.","reader_unit","Introduction","nml","0","","","1","content/normal-modal-logic/sequent-calculus/sequent-calculus.tex","0","","1","document:1","0","0","1","0","0","0","0","0","0","0","0","0","0","0","0","0","19","locale/ar/content/normal-modal-logic/sequent-calculus/introduction.tex","PENDING","","PENDING","locale/fa-IR/content/normal-modal-logic/sequent-calculus/introduction.tex","PENDING","","PENDING","PENDING"
"OLP-0472","472","9620cc73f9c8e0ad003c514a5d3748f29611c4c0","content/normal-modal-logic/sequent-calculus/rules-for-K.tex","4606b89ce8e80f68570cb3a4f7127ae001407503757e6a12f927fd61d8ab299c","4981","130","364","true","true","472","canonical_complete_reader_reachable","Reached by ordered depth-first replay from content/open-logic-about.tex then content/content.tex through uncommented olimport edges.","reader_unit","","nml","0","","","1","content/normal-modal-logic/sequent-calculus/sequent-calculus.tex","0","","1","document:1","0","0","1","0","0","0","0","0","0","0","0","0","0","0","0","0","80","locale/ar/content/normal-modal-logic/sequent-calculus/rules-for-K.tex","PENDING","","PENDING","locale/fa-IR/content/normal-modal-logic/sequent-calculus/rules-for-K.tex","PENDING","","PENDING","PENDING"
"OLP-0473","473","9620cc73f9c8e0ad003c514a5d3748f29611c4c0","content/normal-modal-logic/sequent-calculus/proofs-in-K.tex","ad4e6505acb27ac32066fc9db60be9aadb5508713d237bc6720db3253230c023","4221","129","196","true","true","473","canonical_complete_reader_reachable","Reached by ordered depth-first replay from content/open-logic-about.tex then content/content.tex through uncommented olimport edges.","reader_unit","","nml","0","","","1","content/normal-modal-logic/sequent-calculus/sequent-calculus.tex","0","","8","document:1|enumerate:1|ex:2|prob:1|prooftree:3","0","0","1","0","0","0","0","0","2","1","0","0","0","0","0","0","46","locale/ar/content/normal-modal-logic/sequent-calculus/proofs-in-K.tex","PENDING","","PENDING","locale/fa-IR/content/normal-modal-logic/sequent-calculus/proofs-in-K.tex","PENDING","","PENDING","PENDING"
"OLP-0474","474","9620cc73f9c8e0ad003c514a5d3748f29611c4c0","content/normal-modal-logic/sequent-calculus/more-rules.tex","d64fed4c7e8009fe3e860b1e7c9ffdea99fdf665bb10245f56b1d39616729665","11297","365","472","true","true","474","canonical_complete_reader_reachable","Reached by ordered depth-first replay from content/open-logic-about.tex then content/content.tex through uncommented olimport edges.","reader_unit","Rules for Other Accessibility Relations","nml","0","","","1","content/normal-modal-logic/sequent-calculus/sequent-calculus.tex","0","","27","center:4|document:1|enumerate:1|ex:6|prob:1|prooftree:6|table:4|tabular:4","0","0","1","0","0","0","0","0","6","1","0","0","0","0","2","0","160","locale/ar/content/normal-modal-logic/sequent-calculus/more-rules.tex","PENDING","","PENDING","locale/fa-IR/content/normal-modal-logic/sequent-calculus/more-rules.tex","PENDING","","PENDING","PENDING"
"OLP-0475","475","9620cc73f9c8e0ad003c514a5d3748f29611c4c0","content/applied-modal-logic/applied-modal-logic.tex","43d91b586d09ec42918d7f9ec426eeb054691f9848388e0758b5e13c4b8c90d0","436","21","39","true","true","475","canonical_complete_reader_reachable","Reached by ordered depth-first replay from content/open-logic-about.tex then content/content.tex through uncommented olimport edges.","part_driver","Applied Modal Logic","","2","content/applied-modal-logic/temporal-logic/temporal-logic.tex|content/applied-modal-logic/epistemic-logic/epistemic-logic.tex","","1","content/content.tex","0","","2","document:1|editorial:1","1","0","0","0","0","0","0","0","0","0","0","0","0","0","0","0","0","locale/ar/content/applied-modal-logic/applied-modal-logic.tex","PENDING","","PENDING","locale/fa-IR/content/applied-modal-logic/applied-modal-logic.tex","PENDING","","PENDING","PENDING"
"OLP-0476","476","9620cc73f9c8e0ad003c514a5d3748f29611c4c0","content/applied-modal-logic/temporal-logic/temporal-logic.tex","00aa71c0830bf893ca99cd14696619cfd9c958189f9b8d1dffd8ae2f90688378","465","23","29","true","true","476","canonical_complete_reader_reachable","Reached by ordered depth-first replay from content/open-logic-about.tex then content/content.tex through uncommented olimport edges.","chapter_driver","Temporal Logics","","5","content/applied-modal-logic/temporal-logic/introduction.tex|content/applied-modal-logic/temporal-logic/temporal-logic-semantics.tex|content/applied-modal-logic/temporal-logic/properties-accessibility.tex|content/applied-modal-logic/temporal-logic/extra-temporal-operators.tex|content/applied-modal-logic/temporal-logic/possible-histories.tex","","1","content/applied-modal-logic/applied-modal-logic.tex","0","","2","document:1|editorial:1","0","1","0","0","0","0","0","0","0","0","0","0","0","0","0","0","0","locale/ar/content/applied-modal-logic/temporal-logic/temporal-logic.tex","PENDING","","PENDING","locale/fa-IR/content/applied-modal-logic/temporal-logic/temporal-logic.tex","PENDING","","PENDING","PENDING"
"OLP-0477","477","9620cc73f9c8e0ad003c514a5d3748f29611c4c0","content/applied-modal-logic/temporal-logic/introduction.tex","499adc08c8da0fee513c93ad96c49089288c84e132b736ea37baf5e46ba175db","2653","54","418","true","true","477","canonical_complete_reader_reachable","Reached by ordered depth-first replay from content/open-logic-about.tex then content/content.tex through uncommented olimport edges.","reader_unit","Introduction","aml","0","","","1","content/applied-modal-logic/temporal-logic/temporal-logic.tex","0","","1","document:1","0","0","1","0","0","0","0","0","0","0","0","0","0","0","0","0","0","locale/ar/content/applied-modal-logic/temporal-logic/introduction.tex","PENDING","","PENDING","locale/fa-IR/content/applied-modal-logic/temporal-logic/introduction.tex","PENDING","","PENDING","PENDING"
"OLP-0478","478","9620cc73f9c8e0ad003c514a5d3748f29611c4c0","content/applied-modal-logic/temporal-logic/temporal-logic-semantics.tex","a19bba5d1553ac0da8957d76ddf35ed446d2a6e272e353d7afed799bf30cb9c9","5419","126","634","true","true","478","canonical_complete_reader_reachable","Reached by ordered depth-first replay from content/open-logic-about.tex then content/content.tex through uncommented olimport edges.","reader_unit","Semantics for Temporal Logic","aml","0","","","1","content/applied-modal-logic/temporal-logic/temporal-logic.tex","0","","9","defn:4|document:1|enumerate:4","0","0","1","4","0","0","0","0","0","0","0","0","0","0","0","0","101","locale/ar/content/applied-modal-logic/temporal-logic/temporal-logic-semantics.tex","PENDING","","PENDING","locale/fa-IR/content/applied-modal-logic/temporal-logic/temporal-logic-semantics.tex","PENDING","","PENDING","PENDING"
"OLP-0479","479","9620cc73f9c8e0ad003c514a5d3748f29611c4c0","content/applied-modal-logic/temporal-logic/properties-accessibility.tex","202de38cfbdd9ea55dcfe80c25651bcd40e7a238337a530b4227d357f32dbb31","2459","65","244","true","true","479","canonical_complete_reader_reachable","Reached by ordered depth-first replay from content/open-logic-about.tex then content/content.tex through uncommented olimport edges.","reader_unit","Properties of Temporal Frames","aml","0","","","1","content/applied-modal-logic/temporal-logic/temporal-logic.tex","0","","4","align*:1|document:1|table:1|tabular:1","0","0","1","0","0","0","0","0","0","0","0","0","0","0","1","0","22","locale/ar/content/applied-modal-logic/temporal-logic/properties-accessibility.tex","PENDING","","PENDING","locale/fa-IR/content/applied-modal-logic/temporal-logic/properties-accessibility.tex","PENDING","","PENDING","PENDING"
"OLP-0480","480","9620cc73f9c8e0ad003c514a5d3748f29611c4c0","content/applied-modal-logic/temporal-logic/extra-temporal-operators.tex","65bfca4a9ad6ff771149a267e0850f2c8aad73c96a48ca86339312c69cf28604","1652","45","205","true","true","480","canonical_complete_reader_reachable","Reached by ordered depth-first replay from content/open-logic-about.tex then content/content.tex through uncommented olimport edges.","reader_unit","Additional Operators for Temporal Logic","aml","0","","","1","content/applied-modal-logic/temporal-logic/temporal-logic.tex","0","","4","defn:1|document:1|enumerate:1|itemize:1","0","0","1","1","0","0","0","0","0","0","0","0","0","0","0","0","31","locale/ar/content/applied-modal-logic/temporal-logic/extra-temporal-operators.tex","PENDING","","PENDING","locale/fa-IR/content/applied-modal-logic/temporal-logic/extra-temporal-operators.tex","PENDING","","PENDING","PENDING"
"OLP-0481","481","9620cc73f9c8e0ad003c514a5d3748f29611c4c0","content/applied-modal-logic/temporal-logic/possible-histories.tex","3a5d0f0f6639f30f41cb2d4214c957504d174d253a8fe6faaa5c3798f2facf2b","3487","76","489","true","true","481","canonical_complete_reader_reachable","Reached by ordered depth-first replay from content/open-logic-about.tex then content/content.tex through uncommented olimport edges.","reader_unit","Possible Histories","aml","0","","","1","content/applied-modal-logic/temporal-logic/temporal-logic.tex","0","","5","defn:2|document:1|enumerate:2","0","0","1","2","0","0","0","0","0","0","0","0","0","0","1","0","53","locale/ar/content/applied-modal-logic/temporal-logic/possible-histories.tex","PENDING","","PENDING","locale/fa-IR/content/applied-modal-logic/temporal-logic/possible-histories.tex","PENDING","","PENDING","PENDING"
"OLP-0482","482","9620cc73f9c8e0ad003c514a5d3748f29611c4c0","content/applied-modal-logic/epistemic-logic/epistemic-logic.tex","5e9d6f04523eec2e5823238e246f5c2091fc0a36644ac3741ed1571a5d3b014c","791","27","75","true","true","482","canonical_complete_reader_reachable","Reached by ordered depth-first replay from content/open-logic-about.tex then content/content.tex through uncommented olimport edges.","chapter_driver","Epistemic Logics","","8","content/applied-modal-logic/epistemic-logic/introduction.tex|content/applied-modal-logic/epistemic-logic/language-epistemic-logic.tex|content/applied-modal-logic/epistemic-logic/relational-models.tex|content/applied-modal-logic/epistemic-logic/truth-at-w.tex|content/applied-modal-logic/epistemic-logic/properties-accessibility.tex|content/applied-modal-logic/epistemic-logic/bisimulations.tex|content/applied-modal-logic/epistemic-logic/public-announcement-logic-lang.tex|content/applied-modal-logic/epistemic-logic/public-announcement-logic-semantics.tex","","1","content/applied-modal-logic/applied-modal-logic.tex","0","","2","document:1|editorial:1","0","1","0","0","0","0","0","0","0","0","0","0","0","0","0","0","0","locale/ar/content/applied-modal-logic/epistemic-logic/epistemic-logic.tex","PENDING","","PENDING","locale/fa-IR/content/applied-modal-logic/epistemic-logic/epistemic-logic.tex","PENDING","","PENDING","PENDING"
"OLP-0483","483","9620cc73f9c8e0ad003c514a5d3748f29611c4c0","content/applied-modal-logic/epistemic-logic/introduction.tex","8771ed657ab24531e8693089adafc736c301192bcff03b4f53dc596afb3a318e","2048","24","281","true","true","483","canonical_complete_reader_reachable","Reached by ordered depth-first replay from content/open-logic-about.tex then content/content.tex through uncommented olimport edges.","reader_unit","Introduction","aml","0","","","1","content/applied-modal-logic/epistemic-logic/epistemic-logic.tex","0","","2","document:1|enumerate:1","0","0","1","0","0","0","0","0","0","0","0","0","0","0","0","0","0","locale/ar/content/applied-modal-logic/epistemic-logic/introduction.tex","PENDING","","PENDING","locale/fa-IR/content/applied-modal-logic/epistemic-logic/introduction.tex","PENDING","","PENDING","PENDING"
"OLP-0484","484","9620cc73f9c8e0ad003c514a5d3748f29611c4c0","content/applied-modal-logic/epistemic-logic/language-epistemic-logic.tex","832931542ab74e91167af68186f69c447200fbc3072a2943f05a9bebc34d3dbe","3231","88","383","true","true","484","canonical_complete_reader_reachable","Reached by ordered depth-first replay from content/open-logic-about.tex then content/content.tex through uncommented olimport edges.","reader_unit","The Language of Epistemic Logic","aml","0","","","1","content/applied-modal-logic/epistemic-logic/epistemic-logic.tex","0","","6","defn:3|document:1|enumerate:2","0","0","1","3","0","0","0","0","0","0","0","0","0","0","0","0","46","locale/ar/content/applied-modal-logic/epistemic-logic/language-epistemic-logic.tex","PENDING","","PENDING","locale/fa-IR/content/applied-modal-logic/epistemic-logic/language-epistemic-logic.tex","PENDING","","PENDING","PENDING"
"OLP-0485","485","9620cc73f9c8e0ad003c514a5d3748f29611c4c0","content/applied-modal-logic/epistemic-logic/relational-models.tex","2ddcdcac88f10c6acda13986fe198ead98c80a307450499833945fe89826b0a2","2061","50","295","true","true","485","canonical_complete_reader_reachable","Reached by ordered depth-first replay from content/open-logic-about.tex then content/content.tex through uncommented olimport edges.","reader_unit","Relational Models","aml","0","","","1","content/applied-modal-logic/epistemic-logic/epistemic-logic.tex","0","","3","defn:1|document:1|enumerate:1","0","0","1","1","0","0","0","0","0","0","0","0","0","0","0","0","23","locale/ar/content/applied-modal-logic/epistemic-logic/relational-models.tex","PENDING","","PENDING","locale/fa-IR/content/applied-modal-logic/epistemic-logic/relational-models.tex","PENDING","","PENDING","PENDING"
"OLP-0486","486","9620cc73f9c8e0ad003c514a5d3748f29611c4c0","content/applied-modal-logic/epistemic-logic/truth-at-w.tex","61cb128ebc89ac2765431783810aed843c0872b6e06839b4244ad18111f48dbb","5065","116","648","true","true","486","canonical_complete_reader_reachable","Reached by ordered depth-first replay from content/open-logic-about.tex then content/content.tex through uncommented olimport edges.","reader_unit","Truth at a World","aml","0","","","1","content/applied-modal-logic/epistemic-logic/epistemic-logic.tex","0","","10","align*:1|center:1|defn:2|document:1|enumerate:2|figure:1|prob:1|tikzpicture:1","0","0","1","2","0","0","0","0","0","1","0","1","1","0","3","0","65","locale/ar/content/applied-modal-logic/epistemic-logic/truth-at-w.tex","PENDING","","PENDING","locale/fa-IR/content/applied-modal-logic/epistemic-logic/truth-at-w.tex","PENDING","","PENDING","PENDING"
"OLP-0487","487","9620cc73f9c8e0ad003c514a5d3748f29611c4c0","content/applied-modal-logic/epistemic-logic/properties-accessibility.tex","d368726af3967552ecfe660e9151cf29d60d41da5af58a5d4a625bd577e3310a","3337","79","398","true","true","487","canonical_complete_reader_reachable","Reached by ordered depth-first replay from content/open-logic-about.tex then content/content.tex through uncommented olimport edges.","reader_unit","Accessibility Relations and Epistemic Principles","aml","0","","","1","content/applied-modal-logic/epistemic-logic/epistemic-logic.tex","0","","3","document:1|table:1|tabular:1","0","0","1","0","0","0","0","0","0","0","0","0","0","0","0","0","11","locale/ar/content/applied-modal-logic/epistemic-logic/properties-accessibility.tex","PENDING","","PENDING","locale/fa-IR/content/applied-modal-logic/epistemic-logic/properties-accessibility.tex","PENDING","","PENDING","PENDING"
"OLP-0488","488","9620cc73f9c8e0ad003c514a5d3748f29611c4c0","content/applied-modal-logic/epistemic-logic/bisimulations.tex","d350f9e32fa4ff1681662fd634591c1f05eb369dde6779e0ecb81cc2d5e13641","4206","104","563","true","true","488","canonical_complete_reader_reachable","Reached by ordered depth-first replay from content/open-logic-about.tex then content/content.tex through uncommented olimport edges.","reader_unit","Bisimulations","aml","0","","","1","content/applied-modal-logic/epistemic-logic/epistemic-logic.tex","0","","7","center:1|defn:1|document:1|enumerate:1|figure:1|thm:1|tikzpicture:1","0","0","1","1","1","0","0","0","0","0","0","1","1","0","1","0","52","locale/ar/content/applied-modal-logic/epistemic-logic/bisimulations.tex","PENDING","","PENDING","locale/fa-IR/content/applied-modal-logic/epistemic-logic/bisimulations.tex","PENDING","","PENDING","PENDING"
"OLP-0489","489","9620cc73f9c8e0ad003c514a5d3748f29611c4c0","content/applied-modal-logic/epistemic-logic/public-announcement-logic-lang.tex","40a35caaa740f576e6192564fb1906090d5a9dedc0d89a9c47f9be6e0d235ceb","3062","84","356","true","true","489","canonical_complete_reader_reachable","Reached by ordered depth-first replay from content/open-logic-about.tex then content/content.tex through uncommented olimport edges.","reader_unit","Public Announcement Logic","aml","0","","","1","content/applied-modal-logic/epistemic-logic/epistemic-logic.tex","0","","5","defn:2|document:1|enumerate:2","0","0","1","2","0","0","0","0","0","0","0","0","0","0","0","0","41","locale/ar/content/applied-modal-logic/epistemic-logic/public-announcement-logic-lang.tex","PENDING","","PENDING","locale/fa-IR/content/applied-modal-logic/epistemic-logic/public-announcement-logic-lang.tex","PENDING","","PENDING","PENDING"
"OLP-0490","490","9620cc73f9c8e0ad003c514a5d3748f29611c4c0","content/applied-modal-logic/epistemic-logic/public-announcement-logic-semantics.tex","a41c3518a6fbf6efb2ef00d6d42d37472dc117013df751d78d985d80469baee0","5842","126","754","true","true","490","canonical_complete_reader_reachable","Reached by ordered depth-first replay from content/open-logic-about.tex then content/content.tex through uncommented olimport edges.","reader_unit","Semantics of Public Announcement Logic","aml","0","","","1","content/applied-modal-logic/epistemic-logic/epistemic-logic.tex","0","","7","center:1|defn:1|document:1|enumerate:2|figure:1|tikzpicture:1","0","0","1","1","0","0","0","0","0","0","0","1","1","0","2","0","86","locale/ar/content/applied-modal-logic/epistemic-logic/public-announcement-logic-semantics.tex","PENDING","","PENDING","locale/fa-IR/content/applied-modal-logic/epistemic-logic/public-announcement-logic-semantics.tex","PENDING","","PENDING","PENDING"
"OLP-0491","491","9620cc73f9c8e0ad003c514a5d3748f29611c4c0","content/intuitionistic-logic/intuitionistic-logic.tex","792dd6ea7e00ce89e6f8bddec8402783ede177d7fe6e4aea2f0d9daa34c25050","353","20","20","true","true","491","canonical_complete_reader_reachable","Reached by ordered depth-first replay from content/open-logic-about.tex then content/content.tex through uncommented olimport edges.","part_driver","Intuitionistic Logic","","4","content/intuitionistic-logic/introduction/introduction.tex|content/intuitionistic-logic/semantics/semantics.tex|content/intuitionistic-logic/soundness-completeness/soundness-completeness.tex|content/intuitionistic-logic/tableaux/tableaux.tex","","1","content/content.tex","0","","1","document:1","1","0","0","0","0","0","0","0","0","0","0","0","0","0","0","0","0","locale/ar/content/intuitionistic-logic/intuitionistic-logic.tex","PENDING","","PENDING","locale/fa-IR/content/intuitionistic-logic/intuitionistic-logic.tex","PENDING","","PENDING","PENDING"
"OLP-0492","492","9620cc73f9c8e0ad003c514a5d3748f29611c4c0","content/intuitionistic-logic/introduction/introduction.tex","c4ab088d9971d886cc71ee0775849d9ef76ba8d33d08377ca1231b33ef4bfcdf","378","24","19","true","true","492","canonical_complete_reader_reachable","Reached by ordered depth-first replay from content/open-logic-about.tex then content/content.tex through uncommented olimport edges.","chapter_driver","Introduction","","5","content/intuitionistic-logic/introduction/constructive-reasoning.tex|content/intuitionistic-logic/introduction/syntax.tex|content/intuitionistic-logic/introduction/bhk-interpretation.tex|content/intuitionistic-logic/introduction/natural-deduction.tex|content/intuitionistic-logic/introduction/axiomatic-derivations.tex","","1","content/intuitionistic-logic/intuitionistic-logic.tex","0","","1","document:1","0","1","0","0","0","0","0","0","0","0","0","0","0","0","0","0","0","locale/ar/content/intuitionistic-logic/introduction/introduction.tex","PENDING","","PENDING","locale/fa-IR/content/intuitionistic-logic/introduction/introduction.tex","PENDING","","PENDING","PENDING"
"OLP-0493","493","9620cc73f9c8e0ad003c514a5d3748f29611c4c0","content/intuitionistic-logic/introduction/constructive-reasoning.tex","cbd1823c3841f569dd1c77a92da6072579b93ae7d9da89dcc8c6b681dff3d383","4286","98","625","true","true","493","canonical_complete_reader_reachable","Reached by ordered depth-first replay from content/open-logic-about.tex then content/content.tex through uncommented olimport edges.","reader_unit","","int","0","","","1","content/intuitionistic-logic/introduction/introduction.tex","0","","3","document:1|proof:1|thm:1","0","0","1","0","1","0","0","0","0","0","1","0","0","0","0","0","32","locale/ar/content/intuitionistic-logic/introduction/constructive-reasoning.tex","PENDING","","PENDING","locale/fa-IR/content/intuitionistic-logic/introduction/constructive-reasoning.tex","PENDING","","PENDING","PENDING"
"OLP-0494","494","9620cc73f9c8e0ad003c514a5d3748f29611c4c0","content/intuitionistic-logic/introduction/syntax.tex","cce052537333228e96694ff7d88d44d983d3d051d6382419cf2dfb8618638d20","2767","77","317","true","true","494","canonical_complete_reader_reachable","Reached by ordered depth-first replay from content/open-logic-about.tex then content/content.tex through uncommented olimport edges.","reader_unit","Syntax of Intuitionistic Logic","int","0","","","1","content/intuitionistic-logic/introduction/introduction.tex","0","","5","defn:1|document:1|enumerate:3","0","0","1","1","0","0","0","0","0","0","0","0","0","0","0","0","37","locale/ar/content/intuitionistic-logic/introduction/syntax.tex","PENDING","","PENDING","locale/fa-IR/content/intuitionistic-logic/introduction/syntax.tex","PENDING","","PENDING","PENDING"
"OLP-0495","495","9620cc73f9c8e0ad003c514a5d3748f29611c4c0","content/intuitionistic-logic/introduction/bhk-interpretation.tex","65d9400a12dbea107a30f52435c642448a88e796e3dc6d5929e4a3a46209993b","7881","159","1141","true","true","495","canonical_complete_reader_reachable","Reached by ordered depth-first replay from content/open-logic-about.tex then content/content.tex through uncommented olimport edges.","reader_unit","The Brouwer--Heyting--Kolmogorov Interpretation","int","0","","","1","content/intuitionistic-logic/introduction/introduction.tex","0","","9","align*:1|document:1|editorial:1|enumerate:1|ex:5","0","0","1","0","0","0","0","0","5","0","0","0","0","0","0","0","194","locale/ar/content/intuitionistic-logic/introduction/bhk-interpretation.tex","PENDING","","PENDING","locale/fa-IR/content/intuitionistic-logic/introduction/bhk-interpretation.tex","PENDING","","PENDING","PENDING"
"OLP-0496","496","9620cc73f9c8e0ad003c514a5d3748f29611c4c0","content/intuitionistic-logic/introduction/natural-deduction.tex","ea21debccb1eb7c0cd694d8f1a44b26cc60933b041ecc9fb63d028c017baff93","8644","262","765","true","true","496","canonical_complete_reader_reachable","Reached by ordered depth-first replay from content/open-logic-about.tex then content/content.tex through uncommented olimport edges.","reader_unit","Natural Deduction","int","0","","","1","content/intuitionistic-logic/introduction/introduction.tex","0","","17","defish:5|document:1|enumerate:2|prob:1|proof:1|prooftree:4|prop:1|tabular:2","0","0","7","0","0","1","0","0","0","1","1","0","0","0","0","0","158","locale/ar/content/intuitionistic-logic/introduction/natural-deduction.tex","PENDING","","PENDING","locale/fa-IR/content/intuitionistic-logic/introduction/natural-deduction.tex","PENDING","","PENDING","PENDING"
"OLP-0497","497","9620cc73f9c8e0ad003c514a5d3748f29611c4c0","content/intuitionistic-logic/introduction/axiomatic-derivations.tex","d07d3e6bb6c45c75f0a94d1b7e46efd1cfd7dfeef44f4c8fc07361939872db2b","2499","72","294","true","true","497","canonical_complete_reader_reachable","Reached by ordered depth-first replay from content/open-logic-about.tex then content/content.tex through uncommented olimport edges.","reader_unit","","int","0","","","1","content/intuitionistic-logic/introduction/introduction.tex","0","","9","align:1|defn:4|document:1|enumerate:1|proof:1|prop:1","0","0","1","4","0","1","0","0","0","0","1","0","0","0","0","0","29","locale/ar/content/intuitionistic-logic/introduction/axiomatic-derivations.tex","PENDING","","PENDING","locale/fa-IR/content/intuitionistic-logic/introduction/axiomatic-derivations.tex","PENDING","","PENDING","PENDING"
"OLP-0498","498","9620cc73f9c8e0ad003c514a5d3748f29611c4c0","content/intuitionistic-logic/semantics/semantics.tex","f8e6ddcce0a8cd8c728fc2c080c4f9290a3512eb79abd3c205cd38548e6b05a3","618","25","56","true","true","498","canonical_complete_reader_reachable","Reached by ordered depth-first replay from content/open-logic-about.tex then content/content.tex through uncommented olimport edges.","chapter_driver","Semantics","","4","content/intuitionistic-logic/semantics/introduction.tex|content/intuitionistic-logic/semantics/relational-models.tex|content/intuitionistic-logic/semantics/semantic-notions.tex|content/intuitionistic-logic/semantics/topological-semantics.tex","","1","content/intuitionistic-logic/intuitionistic-logic.tex","0","","2","document:1|editorial:1","0","1","0","0","0","0","0","0","0","0","0","0","0","0","0","0","0","locale/ar/content/intuitionistic-logic/semantics/semantics.tex","PENDING","","PENDING","locale/fa-IR/content/intuitionistic-logic/semantics/semantics.tex","PENDING","","PENDING","PENDING"
"OLP-0499","499","9620cc73f9c8e0ad003c514a5d3748f29611c4c0","content/intuitionistic-logic/semantics/introduction.tex","cc25fce6b185a9b406b156bcaca5f097e2b09b629092cfc2f803d7fdef4a81bc","3541","74","553","true","true","499","canonical_complete_reader_reachable","Reached by ordered depth-first replay from content/open-logic-about.tex then content/content.tex through uncommented olimport edges.","reader_unit","Introduction","int","0","","","1","content/intuitionistic-logic/semantics/semantics.tex","0","","1","document:1","0","0","1","0","0","0","0","0","0","0","0","0","0","0","0","0","59","locale/ar/content/intuitionistic-logic/semantics/introduction.tex","PENDING","","PENDING","locale/fa-IR/content/intuitionistic-logic/semantics/introduction.tex","PENDING","","PENDING","PENDING"
"OLP-0500","500","9620cc73f9c8e0ad003c514a5d3748f29611c4c0","content/intuitionistic-logic/semantics/relational-models.tex","7bb9be4fdc50b55259d2ef4b2b1f5ac84432bed84d4c442097dc2327adee63e2","2636","73","337","true","true","500","canonical_complete_reader_reachable","Reached by ordered depth-first replay from content/open-logic-about.tex then content/content.tex through uncommented olimport edges.","reader_unit","","int","0","","","1","content/intuitionistic-logic/semantics/semantics.tex","0","","9","defn:2|document:1|enumerate:2|prob:2|proof:1|prop:1","0","0","1","2","0","1","0","0","0","2","1","0","0","0","2","0","46","locale/ar/content/intuitionistic-logic/semantics/relational-models.tex","PENDING","","PENDING","locale/fa-IR/content/intuitionistic-logic/semantics/relational-models.tex","PENDING","","PENDING","PENDING"
"OLP-0501","501","9620cc73f9c8e0ad003c514a5d3748f29611c4c0","content/intuitionistic-logic/semantics/semantic-notions.tex","8fc3f75d83f575678fe70e461aa68cd26f4bdef975b9f62f2156c2243b715b7f","2311","74","257","true","true","501","canonical_complete_reader_reachable","Reached by ordered depth-first replay from content/open-logic-about.tex then content/content.tex through uncommented olimport edges.","reader_unit","Semantic Notions","int","0","","","1","content/intuitionistic-logic/semantics/semantics.tex","0","","12","align*:1|defn:2|document:1|enumerate:2|prob:1|proof:2|prop:3","0","0","1","2","0","3","0","0","0","1","2","0","0","0","4","0","45","locale/ar/content/intuitionistic-logic/semantics/semantic-notions.tex","PENDING","","PENDING","locale/fa-IR/content/intuitionistic-logic/semantics/semantic-notions.tex","PENDING","","PENDING","PENDING"
"OLP-0502","502","9620cc73f9c8e0ad003c514a5d3748f29611c4c0","content/intuitionistic-logic/semantics/topological-semantics.tex","3078580dcb65b948d24f6f4340b10b5ebf7e29eb1abe8387a6c41effec581fe1","4254","96","573","true","true","502","canonical_complete_reader_reachable","Reached by ordered depth-first replay from content/open-logic-about.tex then content/content.tex through uncommented olimport edges.","reader_unit","Topological Semantics","int","0","","","1","content/intuitionistic-logic/semantics/semantics.tex","0","","5","defn:2|document:1|enumerate:2","0","0","1","2","0","0","0","0","0","0","0","0","0","0","0","0","78","locale/ar/content/intuitionistic-logic/semantics/topological-semantics.tex","PENDING","","PENDING","locale/fa-IR/content/intuitionistic-logic/semantics/topological-semantics.tex","PENDING","","PENDING","PENDING"
"OLP-0503","503","9620cc73f9c8e0ad003c514a5d3748f29611c4c0","content/intuitionistic-logic/soundness-completeness/soundness-completeness.tex","f130188a9d189c8f5c860543dbe27ab46311c4e205533ef12064a9370569b726","710","28","58","true","true","503","canonical_complete_reader_reachable","Reached by ordered depth-first replay from content/open-logic-about.tex then content/content.tex through uncommented olimport edges.","chapter_driver","Soundness and Completeness","","7","content/intuitionistic-logic/soundness-completeness/soundness-axd.tex|content/intuitionistic-logic/soundness-completeness/soundness-nd.tex|content/intuitionistic-logic/soundness-completeness/lindenbaum.tex|content/intuitionistic-logic/soundness-completeness/canonical-model.tex|content/intuitionistic-logic/soundness-completeness/truth-lemma.tex|content/intuitionistic-logic/soundness-completeness/completeness-thm.tex|content/intuitionistic-logic/soundness-completeness/decidability.tex","","1","content/intuitionistic-logic/intuitionistic-logic.tex","0","","2","document:1|editorial:1","0","1","0","0","0","0","0","0","0","0","0","0","0","0","0","0","0","locale/ar/content/intuitionistic-logic/soundness-completeness/soundness-completeness.tex","PENDING","","PENDING","locale/fa-IR/content/intuitionistic-logic/soundness-completeness/soundness-completeness.tex","PENDING","","PENDING","PENDING"
"OLP-0504","504","9620cc73f9c8e0ad003c514a5d3748f29611c4c0","content/intuitionistic-logic/soundness-completeness/soundness-axd.tex","c098b162be9c90f34df44e95295f67035e2e90a3371ed21c0d3ccc5aef4d54e6","2336","60","299","true","true","504","canonical_complete_reader_reachable","Reached by ordered depth-first replay from content/open-logic-about.tex then content/content.tex through uncommented olimport edges.","reader_unit","","int","0","","","1","content/intuitionistic-logic/soundness-completeness/soundness-completeness.tex","0","","5","document:1|editorial:1|enumerate:1|proof:1|thm:1","0","0","1","0","1","0","0","0","0","0","1","0","0","0","0","0","56","locale/ar/content/intuitionistic-logic/soundness-completeness/soundness-axd.tex","PENDING","","PENDING","locale/fa-IR/content/intuitionistic-logic/soundness-completeness/soundness-axd.tex","PENDING","","PENDING","PENDING"
"OLP-0505","505","9620cc73f9c8e0ad003c514a5d3748f29611c4c0","content/intuitionistic-logic/soundness-completeness/soundness-nd.tex","980a33d9bb02f5b61c2e2e345fac6c86f6943984cde99eb504e1685927c98de9","7460","154","789","true","true","505","canonical_complete_reader_reachable","Reached by ordered depth-first replay from content/open-logic-about.tex then content/content.tex through uncommented olimport edges.","reader_unit","Soundness of Natural Deduction","int","0","","","1","content/intuitionistic-logic/soundness-completeness/soundness-completeness.tex","0","","7","document:1|enumerate:2|prob:2|proof:1|thm:1","0","0","1","0","1","0","0","0","0","2","1","0","0","0","3","0","157","locale/ar/content/intuitionistic-logic/soundness-completeness/soundness-nd.tex","PENDING","","PENDING","locale/fa-IR/content/intuitionistic-logic/soundness-completeness/soundness-nd.tex","PENDING","","PENDING","PENDING"
"OLP-0506","506","9620cc73f9c8e0ad003c514a5d3748f29611c4c0","content/intuitionistic-logic/soundness-completeness/lindenbaum.tex","ff9909c36e376dd22f5e0c3267081dae3d0ca453d59cb8e87cb942e894c7bd77","6624","143","811","true","true","506","canonical_complete_reader_reachable","Reached by ordered depth-first replay from content/open-logic-about.tex then content/content.tex through uncommented olimport edges.","reader_unit","Lindenbaum's Lemma","int","0","","","1","content/intuitionistic-logic/soundness-completeness/soundness-completeness.tex","0","","8","cases:1|defn:1|document:1|enumerate:2|lem:1|prob:1|proof:1","0","0","1","1","0","0","1","0","0","1","1","0","0","0","10","0","131","locale/ar/content/intuitionistic-logic/soundness-completeness/lindenbaum.tex","PENDING","","PENDING","locale/fa-IR/content/intuitionistic-logic/soundness-completeness/lindenbaum.tex","PENDING","","PENDING","PENDING"
"OLP-0507","507","9620cc73f9c8e0ad003c514a5d3748f29611c4c0","content/intuitionistic-logic/soundness-completeness/canonical-model.tex","98e97822db2c920aa5e908f233ff1335995e2ddf265be315d8d3e2843f24182c","2583","66","242","true","true","507","canonical_complete_reader_reachable","Reached by ordered depth-first replay from content/open-logic-about.tex then content/content.tex through uncommented olimport edges.","reader_unit","The Canonical Model","int","0","","","1","content/intuitionistic-logic/soundness-completeness/soundness-completeness.tex","0","","6","cases:1|defn:1|document:1|enumerate:3","0","0","1","1","0","0","0","0","0","0","0","0","0","0","1","0","50","locale/ar/content/intuitionistic-logic/soundness-completeness/canonical-model.tex","PENDING","","PENDING","locale/fa-IR/content/intuitionistic-logic/soundness-completeness/canonical-model.tex","PENDING","","PENDING","PENDING"
"OLP-0508","508","9620cc73f9c8e0ad003c514a5d3748f29611c4c0","content/intuitionistic-logic/soundness-completeness/truth-lemma.tex","806055576b4e9617fe36eb669231381dac5c5b8a7eef98ece5b350b639fefaea","3217","73","248","true","true","508","canonical_complete_reader_reachable","Reached by ordered depth-first replay from content/open-logic-about.tex then content/content.tex through uncommented olimport edges.","reader_unit","The Truth Lemma","int","0","","","1","content/intuitionistic-logic/soundness-completeness/soundness-completeness.tex","0","","4","document:1|enumerate:1|lem:1|proof:1","0","0","1","0","0","0","1","0","0","0","1","0","0","0","0","0","53","locale/ar/content/intuitionistic-logic/soundness-completeness/truth-lemma.tex","PENDING","","PENDING","locale/fa-IR/content/intuitionistic-logic/soundness-completeness/truth-lemma.tex","PENDING","","PENDING","PENDING"
"OLP-0509","509","9620cc73f9c8e0ad003c514a5d3748f29611c4c0","content/intuitionistic-logic/soundness-completeness/completeness-thm.tex","69539adf0a8b6d121ba810f2a1779191b382f96d874a9cb256aedfcc78ba5a65","1678","49","163","true","true","509","canonical_complete_reader_reachable","Reached by ordered depth-first replay from content/open-logic-about.tex then content/content.tex through uncommented olimport edges.","reader_unit","The Completeness Theorem","int","0","","","1","content/intuitionistic-logic/soundness-completeness/soundness-completeness.tex","0","","6","document:1|prob:3|proof:1|thm:1","0","0","1","0","1","0","0","0","0","3","1","0","0","0","3","0","30","locale/ar/content/intuitionistic-logic/soundness-completeness/completeness-thm.tex","PENDING","","PENDING","locale/fa-IR/content/intuitionistic-logic/soundness-completeness/completeness-thm.tex","PENDING","","PENDING","PENDING"
"OLP-0510","510","9620cc73f9c8e0ad003c514a5d3748f29611c4c0","content/intuitionistic-logic/soundness-completeness/decidability.tex","876f8ec6c5ebc2f8589ef6d9f31fb2e4976b0c09f7dae3c47dd872fe8c8e9cb2","1759","50","233","true","true","510","canonical_complete_reader_reachable","Reached by ordered depth-first replay from content/open-logic-about.tex then content/content.tex through uncommented olimport edges.","reader_unit","Decidability","int","0","","","1","content/intuitionistic-logic/soundness-completeness/soundness-completeness.tex","0","","4","document:1|prob:1|proof:1|thm:1","0","0","1","0","1","0","0","0","0","1","1","0","0","0","2","0","26","locale/ar/content/intuitionistic-logic/soundness-completeness/decidability.tex","PENDING","","PENDING","locale/fa-IR/content/intuitionistic-logic/soundness-completeness/decidability.tex","PENDING","","PENDING","PENDING"
"OLP-0511","511","9620cc73f9c8e0ad003c514a5d3748f29611c4c0","content/intuitionistic-logic/tableaux/tableaux.tex","8f7eddd5ebaac84f329f186e68f83b98668940935893bcfdf2fe7c8b4ee1bcc9","625","27","45","true","true","511","canonical_complete_reader_reachable","Reached by ordered depth-first replay from content/open-logic-about.tex then content/content.tex through uncommented olimport edges.","chapter_driver","","","4","content/intuitionistic-logic/tableaux/introduction.tex|content/intuitionistic-logic/tableaux/rules.tex|content/intuitionistic-logic/tableaux/proofs.tex|content/intuitionistic-logic/tableaux/soundness.tex","","1","content/intuitionistic-logic/intuitionistic-logic.tex","0","","2","document:1|editorial:1","0","1","0","0","0","0","0","0","0","0","0","0","0","0","0","0","0","locale/ar/content/intuitionistic-logic/tableaux/tableaux.tex","PENDING","","PENDING","locale/fa-IR/content/intuitionistic-logic/tableaux/tableaux.tex","PENDING","","PENDING","PENDING"
"OLP-0512","512","9620cc73f9c8e0ad003c514a5d3748f29611c4c0","content/intuitionistic-logic/tableaux/introduction.tex","a154a373bb89fcbee83ddc4ebb71f180293ec9084b76dcd3524205fe339c0f59","3007","69","386","true","true","512","canonical_complete_reader_reachable","Reached by ordered depth-first replay from content/open-logic-about.tex then content/content.tex through uncommented olimport edges.","reader_unit","Introduction","int","0","","","1","content/intuitionistic-logic/tableaux/tableaux.tex","0","","1","document:1","0","0","1","0","0","0","0","0","0","0","0","0","0","0","0","0","34","locale/ar/content/intuitionistic-logic/tableaux/introduction.tex","PENDING","","PENDING","locale/fa-IR/content/intuitionistic-logic/tableaux/introduction.tex","PENDING","","PENDING","PENDING"
"OLP-0513","513","9620cc73f9c8e0ad003c514a5d3748f29611c4c0","content/intuitionistic-logic/tableaux/rules.tex","0481c2158cc439e61b9ec7c95ecdba761045da55886db862cdf2425d05d1e715","5285","146","468","true","true","513","canonical_complete_reader_reachable","Reached by ordered depth-first replay from content/open-logic-about.tex then content/content.tex through uncommented olimport edges.","reader_unit","Rules for Intuitionistic Logic","int","0","","","1","content/intuitionistic-logic/tableaux/tableaux.tex","0","","5","array:2|document:1|table:2","0","0","1","0","0","0","0","0","0","0","0","0","0","0","2","0","55","locale/ar/content/intuitionistic-logic/tableaux/rules.tex","PENDING","","PENDING","locale/fa-IR/content/intuitionistic-logic/tableaux/rules.tex","PENDING","","PENDING","PENDING"
"OLP-0514","514","9620cc73f9c8e0ad003c514a5d3748f29611c4c0","content/intuitionistic-logic/tableaux/proofs.tex","10d9d4cd6d2ad3aa846946cffbc30ae21a0007ecc86a9e7863a2854460c79f39","1890","58","89","true","true","514","canonical_complete_reader_reachable","Reached by ordered depth-first replay from content/open-logic-about.tex then content/content.tex through uncommented olimport edges.","reader_unit","","int","0","","","1","content/intuitionistic-logic/tableaux/tableaux.tex","0","","5","document:1|enumerate:1|ex:1|oltableau:1|prob:1","0","0","1","0","0","0","0","0","1","1","0","0","0","0","0","0","5","locale/ar/content/intuitionistic-logic/tableaux/proofs.tex","PENDING","","PENDING","locale/fa-IR/content/intuitionistic-logic/tableaux/proofs.tex","PENDING","","PENDING","PENDING"
"OLP-0515","515","9620cc73f9c8e0ad003c514a5d3748f29611c4c0","content/intuitionistic-logic/tableaux/soundness.tex","1961509cba1d253f52f6b490b934912b5c5e8c77e0b9e41d0e164922911ec41e","10031","214","1198","true","true","515","canonical_complete_reader_reachable","Reached by ordered depth-first replay from content/open-logic-about.tex then content/content.tex through uncommented olimport edges.","reader_unit","","int","0","","","1","content/intuitionistic-logic/tableaux/tableaux.tex","0","","15","cor:2|defn:2|document:1|enumerate:3|explain:1|prob:1|proof:3|prop:1|thm:1","0","0","1","2","1","1","0","2","0","1","3","0","0","0","3","0","175","locale/ar/content/intuitionistic-logic/tableaux/soundness.tex","PENDING","","PENDING","locale/fa-IR/content/intuitionistic-logic/tableaux/soundness.tex","PENDING","","PENDING","PENDING"
"OLP-0516","516","9620cc73f9c8e0ad003c514a5d3748f29611c4c0","content/counterfactuals/counterfactuals.tex","5dbd266013ebcb57f350f7c6a5485f2758e25016aa0f057bb06660bac4fedbe9","281","16","18","true","true","516","canonical_complete_reader_reachable","Reached by ordered depth-first replay from content/open-logic-about.tex then content/content.tex through uncommented olimport edges.","part_driver","Counter\-factuals","","2","content/counterfactuals/introduction/introduction.tex|content/counterfactuals/minimal-change-semantics/minimal-change-semantics.tex","","1","content/content.tex","0","","1","document:1","1","0","0","0","0","0","0","0","0","0","0","0","0","0","0","0","0","locale/ar/content/counterfactuals/counterfactuals.tex","PENDING","","PENDING","locale/fa-IR/content/counterfactuals/counterfactuals.tex","PENDING","","PENDING","PENDING"
"OLP-0517","517","9620cc73f9c8e0ad003c514a5d3748f29611c4c0","content/counterfactuals/introduction/introduction.tex","1667c115e826177f9b4381db7ba35fd1a69447a972962acd7267378f324a181e","345","22","17","true","true","517","canonical_complete_reader_reachable","Reached by ordered depth-first replay from content/open-logic-about.tex then content/content.tex through uncommented olimport edges.","chapter_driver","Introduction","","4","content/counterfactuals/introduction/material-conditional.tex|content/counterfactuals/introduction/paradoxes-material.tex|content/counterfactuals/introduction/strict-conditional.tex|content/counterfactuals/introduction/counterfactuals.tex","","1","content/counterfactuals/counterfactuals.tex","0","","1","document:1","0","1","0","0","0","0","0","0","0","0","0","0","0","0","0","0","0","locale/ar/content/counterfactuals/introduction/introduction.tex","PENDING","","PENDING","locale/fa-IR/content/counterfactuals/introduction/introduction.tex","PENDING","","PENDING","PENDING"
"OLP-0518","518","9620cc73f9c8e0ad003c514a5d3748f29611c4c0","content/counterfactuals/introduction/material-conditional.tex","7addc0caaa159238e22de165e0375a276b7fcb5d8be789a63daa22eaba5a6b76","3184","72","381","true","true","518","canonical_complete_reader_reachable","Reached by ordered depth-first replay from content/open-logic-about.tex then content/content.tex through uncommented olimport edges.","reader_unit","The Material Conditional","cnt","0","","","1","content/counterfactuals/introduction/introduction.tex","0","","3","align:2|document:1","0","0","1","0","0","0","0","0","0","0","0","0","0","0","0","0","25","locale/ar/content/counterfactuals/introduction/material-conditional.tex","PENDING","","PENDING","locale/fa-IR/content/counterfactuals/introduction/material-conditional.tex","PENDING","","PENDING","PENDING"
"OLP-0519","519","9620cc73f9c8e0ad003c514a5d3748f29611c4c0","content/counterfactuals/introduction/paradoxes-material.tex","d75d1f0b2c77259206ab1948473115b609152a36d81bd43b71cae87e45bc4c3b","2454","58","345","true","true","519","canonical_complete_reader_reachable","Reached by ordered depth-first replay from content/open-logic-about.tex then content/content.tex through uncommented olimport edges.","reader_unit","Paradoxes of the Material Conditional","cnt","0","","","1","content/counterfactuals/introduction/introduction.tex","0","","3","document:1|quote:2","0","0","1","0","0","0","0","0","0","0","0","0","0","0","0","0","33","locale/ar/content/counterfactuals/introduction/paradoxes-material.tex","PENDING","","PENDING","locale/fa-IR/content/counterfactuals/introduction/paradoxes-material.tex","PENDING","","PENDING","PENDING"
"OLP-0520","520","9620cc73f9c8e0ad003c514a5d3748f29611c4c0","content/counterfactuals/introduction/strict-conditional.tex","d7161a0cc90eb727ddcb99de1f20d04a13cd0c34c1813d6ff12a1ecbf41c4c34","4576","110","479","true","true","520","canonical_complete_reader_reachable","Reached by ordered depth-first replay from content/open-logic-about.tex then content/content.tex through uncommented olimport edges.","reader_unit","The Strict Conditional","cnt","0","","","1","content/counterfactuals/introduction/introduction.tex","0","","9","align:2|document:1|enumerate:3|prob:3","0","0","1","0","0","0","0","0","0","3","0","0","0","0","0","0","26","locale/ar/content/counterfactuals/introduction/strict-conditional.tex","PENDING","","PENDING","locale/fa-IR/content/counterfactuals/introduction/strict-conditional.tex","PENDING","","PENDING","PENDING"
"OLP-0521","521","9620cc73f9c8e0ad003c514a5d3748f29611c4c0","content/counterfactuals/introduction/counterfactuals.tex","20de6e9cc105e205958b4abb362b888c56d20609d88ecac96b3864f82059d748","4171","80","610","true","true","521","canonical_complete_reader_reachable","Reached by ordered depth-first replay from content/open-logic-about.tex then content/content.tex through uncommented olimport edges.","reader_unit","Counterfactuals","cnt","0","","","1","content/counterfactuals/introduction/introduction.tex","0","","2","document:1|quote:1","0","0","1","0","0","0","0","0","0","0","0","0","0","0","0","0","6","locale/ar/content/counterfactuals/introduction/counterfactuals.tex","PENDING","","PENDING","locale/fa-IR/content/counterfactuals/introduction/counterfactuals.tex","PENDING","","PENDING","PENDING"
"OLP-0522","522","9620cc73f9c8e0ad003c514a5d3748f29611c4c0","content/counterfactuals/minimal-change-semantics/minimal-change-semantics.tex","f2ad4262465a16344451aa261c436f8f2c3cf8a0481c2016aa9a8f0b22f1daee","413","26","21","true","true","522","canonical_complete_reader_reachable","Reached by ordered depth-first replay from content/open-logic-about.tex then content/content.tex through uncommented olimport edges.","chapter_driver","Minimal Change Semantics","","6","content/counterfactuals/minimal-change-semantics/introduction.tex|content/counterfactuals/minimal-change-semantics/sphere-models.tex|content/counterfactuals/minimal-change-semantics/true-false.tex|content/counterfactuals/minimal-change-semantics/antecedent-strengthening.tex|content/counterfactuals/minimal-change-semantics/transitivity.tex|content/counterfactuals/minimal-change-semantics/contraposition.tex","","1","content/counterfactuals/counterfactuals.tex","0","","1","document:1","0","1","0","0","0","0","0","0","0","0","0","0","0","0","0","0","0","locale/ar/content/counterfactuals/minimal-change-semantics/minimal-change-semantics.tex","PENDING","","PENDING","locale/fa-IR/content/counterfactuals/minimal-change-semantics/minimal-change-semantics.tex","PENDING","","PENDING","PENDING"
"OLP-0523","523","9620cc73f9c8e0ad003c514a5d3748f29611c4c0","content/counterfactuals/minimal-change-semantics/introduction.tex","bd79d8fa12d43ef404edd3268935d99446e2922f240437a705074700f482ca9d","3365","69","484","true","true","523","canonical_complete_reader_reachable","Reached by ordered depth-first replay from content/open-logic-about.tex then content/content.tex through uncommented olimport edges.","reader_unit","Introduction","cnt","0","","","1","content/counterfactuals/minimal-change-semantics/minimal-change-semantics.tex","0","","3","center:1|document:1|tikzpicture:1","0","0","1","0","0","0","0","0","0","0","0","0","1","0","0","0","23","locale/ar/content/counterfactuals/minimal-change-semantics/introduction.tex","PENDING","","PENDING","locale/fa-IR/content/counterfactuals/minimal-change-semantics/introduction.tex","PENDING","","PENDING","PENDING"
"OLP-0524","524","9620cc73f9c8e0ad003c514a5d3748f29611c4c0","content/counterfactuals/minimal-change-semantics/sphere-models.tex","333280dba059087e245770e7a8fae001bda0ed63ca91077c41aae401d28c5ed6","4834","114","670","true","true","524","canonical_complete_reader_reachable","Reached by ordered depth-first replay from content/open-logic-about.tex then content/content.tex through uncommented olimport edges.","reader_unit","Sphere Models","con","0","","","1","content/counterfactuals/minimal-change-semantics/minimal-change-semantics.tex","0","","9","center:1|defn:2|document:1|enumerate:3|figure:1|tikzpicture:1","0","0","1","2","0","0","0","0","0","0","0","1","1","0","2","0","98","locale/ar/content/counterfactuals/minimal-change-semantics/sphere-models.tex","PENDING","","PENDING","locale/fa-IR/content/counterfactuals/minimal-change-semantics/sphere-models.tex","PENDING","","PENDING","PENDING"
"OLP-0525","525","9620cc73f9c8e0ad003c514a5d3748f29611c4c0","content/counterfactuals/minimal-change-semantics/true-false.tex","37483de6242c07808fa9148cfb737f59c9177bb7ede484b6b5e30a6dead2e4a2","3758","113","320","true","true","525","canonical_complete_reader_reachable","Reached by ordered depth-first replay from content/open-logic-about.tex then content/content.tex through uncommented olimport edges.","reader_unit","Truth and Falsity of Counterfactuals","con","0","","","1","content/counterfactuals/minimal-change-semantics/minimal-change-semantics.tex","0","","17","center:5|document:1|figure:5|scope:1|tikzpicture:5","0","0","1","0","0","0","0","0","0","0","0","5","5","0","5","0","39","locale/ar/content/counterfactuals/minimal-change-semantics/true-false.tex","PENDING","","PENDING","locale/fa-IR/content/counterfactuals/minimal-change-semantics/true-false.tex","PENDING","","PENDING","PENDING"
"OLP-0526","526","9620cc73f9c8e0ad003c514a5d3748f29611c4c0","content/counterfactuals/minimal-change-semantics/antecedent-strengthening.tex","925fbba079157d175979dd48087562767fe501828cf7c03bbee892a3f07e6bbd","2718","71","325","true","true","526","canonical_complete_reader_reachable","Reached by ordered depth-first replay from content/open-logic-about.tex then content/content.tex through uncommented olimport edges.","reader_unit","Antecedent Strengthening","cnt","0","","","1","content/counterfactuals/minimal-change-semantics/minimal-change-semantics.tex","0","","7","center:1|document:1|ex:1|figure:1|quote:1|scope:1|tikzpicture:1","0","0","1","0","0","0","0","0","1","0","0","1","1","0","1","0","22","locale/ar/content/counterfactuals/minimal-change-semantics/antecedent-strengthening.tex","PENDING","","PENDING","locale/fa-IR/content/counterfactuals/minimal-change-semantics/antecedent-strengthening.tex","PENDING","","PENDING","PENDING"
"OLP-0527","527","9620cc73f9c8e0ad003c514a5d3748f29611c4c0","content/counterfactuals/minimal-change-semantics/transitivity.tex","21f925395bcf6a63cb7f6e3241ed3aba231a0d80d03a602f21296d0b09e9342a","3683","82","578","true","true","527","canonical_complete_reader_reachable","Reached by ordered depth-first replay from content/open-logic-about.tex then content/content.tex through uncommented olimport edges.","reader_unit","Transitivity","cnt","0","","","1","content/counterfactuals/minimal-change-semantics/minimal-change-semantics.tex","0","","6","document:1|ex:1|prob:3|quote:1","0","0","1","0","0","0","0","0","1","3","0","0","0","0","2","0","25","locale/ar/content/counterfactuals/minimal-change-semantics/transitivity.tex","PENDING","","PENDING","locale/fa-IR/content/counterfactuals/minimal-change-semantics/transitivity.tex","PENDING","","PENDING","PENDING"
"OLP-0528","528","9620cc73f9c8e0ad003c514a5d3748f29611c4c0","content/counterfactuals/minimal-change-semantics/contraposition.tex","8ab8545a49a4e08b79bfd89ad3a11c7302a6cbc5fc9d1181feb0da59ad05c8a4","2409","65","271","true","true","528","canonical_complete_reader_reachable","Reached by ordered depth-first replay from content/open-logic-about.tex then content/content.tex through uncommented olimport edges.","reader_unit","Contraposition","cnt","0","","","1","content/counterfactuals/minimal-change-semantics/minimal-change-semantics.tex","0","","7","center:1|document:1|ex:1|figure:1|quote:1|scope:1|tikzpicture:1","0","0","1","0","0","0","0","0","1","0","0","1","1","0","0","0","28","locale/ar/content/counterfactuals/minimal-change-semantics/contraposition.tex","PENDING","","PENDING","locale/fa-IR/content/counterfactuals/minimal-change-semantics/contraposition.tex","PENDING","","PENDING","PENDING"
"OLP-0529","529","9620cc73f9c8e0ad003c514a5d3748f29611c4c0","content/set-theory/set-theory.tex","c80ddaf36848c1f5df3bf8643d7b1170dcbc9020cc80a172b3112cb9adba11c2","428","19","32","true","true","529","canonical_complete_reader_reachable","Reached by ordered depth-first replay from content/open-logic-about.tex then content/content.tex through uncommented olimport edges.","part_driver","Set Theory","","9","content/set-theory/story/story.tex|content/set-theory/z/z.tex|content/set-theory/ordinals/ordinals.tex|content/set-theory/spine/spine.tex|content/set-theory/replacement/replacement.tex|content/set-theory/ord-arithmetic/ord-arithmetic.tex|content/set-theory/cardinals/cardinals.tex|content/set-theory/card-arithmetic/card-arithmetic.tex|content/set-theory/choice/choice.tex","","1","content/content.tex","0","","1","document:1","1","0","0","0","0","0","0","0","0","0","0","0","0","0","0","0","0","locale/ar/content/set-theory/set-theory.tex","PENDING","","PENDING","locale/fa-IR/content/set-theory/set-theory.tex","PENDING","","PENDING","PENDING"
"OLP-0530","530","9620cc73f9c8e0ad003c514a5d3748f29611c4c0","content/set-theory/story/story.tex","46bf28e1370ba921b6faea67256f661bb1802b095941f909c03cb643efcf5019","362","18","21","true","true","530","canonical_complete_reader_reachable","Reached by ordered depth-first replay from content/open-logic-about.tex then content/content.tex through uncommented olimport edges.","chapter_driver","The Iterative Conception","","6","content/set-theory/story/extensionality.tex|content/set-theory/story/russells-paradox-again.tex|content/set-theory/story/predicativity.tex|content/set-theory/story/cumulative-approach.tex|content/set-theory/story/urelements.tex|content/set-theory/story/grundgesetze.tex","","1","content/set-theory/set-theory.tex","0","","1","document:1","0","1","0","0","0","0","0","0","0","0","0","0","0","0","0","0","0","locale/ar/content/set-theory/story/story.tex","PENDING","","PENDING","locale/fa-IR/content/set-theory/story/story.tex","PENDING","","PENDING","PENDING"
"OLP-0531","531","9620cc73f9c8e0ad003c514a5d3748f29611c4c0","content/set-theory/story/extensionality.tex","d70f6b437cb7f29b4e9ef5bcc1ab66c3021ea6f57d1b2fdf5aaea5b51bdb81c9","1271","36","178","true","true","531","canonical_complete_reader_reachable","Reached by ordered depth-first replay from content/open-logic-about.tex then content/content.tex through uncommented olimport edges.","reader_unit","Extensionality","sth","0","","","1","content/set-theory/story/story.tex","0","","2","axiom:1|document:1","0","0","1","0","0","0","0","0","0","0","0","0","0","0","2","0","5","locale/ar/content/set-theory/story/extensionality.tex","PENDING","","PENDING","locale/fa-IR/content/set-theory/story/extensionality.tex","PENDING","","PENDING","PENDING"
"OLP-0532","532","9620cc73f9c8e0ad003c514a5d3748f29611c4c0","content/set-theory/story/russells-paradox-again.tex","c468df1becf253ceb2c82540f2ec7e5112fa07bf649119e120184b4593f23b7d","3092","64","462","true","true","532","canonical_complete_reader_reachable","Reached by ordered depth-first replay from content/open-logic-about.tex then content/content.tex through uncommented olimport edges.","reader_unit","Russell's Paradox (again)","sth","0","","","1","content/set-theory/story/story.tex","0","","4","defish:1|document:1|proof:1|thm:1","0","0","1","0","1","0","0","0","0","0","1","0","0","0","3","1","11","locale/ar/content/set-theory/story/russells-paradox-again.tex","PENDING","","PENDING","locale/fa-IR/content/set-theory/story/russells-paradox-again.tex","PENDING","","PENDING","PENDING"
"OLP-0533","533","9620cc73f9c8e0ad003c514a5d3748f29611c4c0","content/set-theory/story/predicativity.tex","c5cedcd2a3116e12338c7eb16e4704c2b9bb1eb6c93d9754585dbe8ba45912aa","5441","108","788","true","true","533","canonical_complete_reader_reachable","Reached by ordered depth-first replay from content/open-logic-about.tex then content/content.tex through uncommented olimport edges.","reader_unit","Predicative and Impredicative","sth","0","","","1","content/set-theory/story/story.tex","0","","4","defish:1|document:1|quote:2","0","0","1","0","0","0","0","0","0","0","0","0","0","0","1","4","26","locale/ar/content/set-theory/story/predicativity.tex","PENDING","","PENDING","locale/fa-IR/content/set-theory/story/predicativity.tex","PENDING","","PENDING","PENDING"
"OLP-0534","534","9620cc73f9c8e0ad003c514a5d3748f29611c4c0","content/set-theory/story/cumulative-approach.tex","86099ec03bf39142ceb2d76826a796a91731caa5eae0cd35d74b6c1a7fe2f798","5055","90","494","true","true","534","canonical_complete_reader_reachable","Reached by ordered depth-first replay from content/open-logic-about.tex then content/content.tex through uncommented olimport edges.","reader_unit","The Cumulative-Iterative Approach","sth","0","","","1","content/set-theory/story/story.tex","0","","4","center:1|document:1|quote:1|tikzpicture:1","0","0","1","0","0","0","0","0","0","0","0","0","1","0","2","1","18","locale/ar/content/set-theory/story/cumulative-approach.tex","PENDING","","PENDING","locale/fa-IR/content/set-theory/story/cumulative-approach.tex","PENDING","","PENDING","PENDING"
"OLP-0535","535","9620cc73f9c8e0ad003c514a5d3748f29611c4c0","content/set-theory/story/urelements.tex","61419cd0dbc03cdf569c7350b028da4daac493e5815f8bf43381544758587b31","3780","82","493","true","true","535","canonical_complete_reader_reachable","Reached by ordered depth-first replay from content/open-logic-about.tex then content/content.tex through uncommented olimport edges.","reader_unit","Urelements or Not?","sth","0","","","1","content/set-theory/story/story.tex","0","","4","center:1|document:1|quote:1|tikzpicture:1","0","0","1","0","0","0","0","0","0","0","0","0","1","0","2","2","5","locale/ar/content/set-theory/story/urelements.tex","PENDING","","PENDING","locale/fa-IR/content/set-theory/story/urelements.tex","PENDING","","PENDING","PENDING"
"OLP-0536","536","9620cc73f9c8e0ad003c514a5d3748f29611c4c0","content/set-theory/story/grundgesetze.tex","d5b70cb63a142ee49c968e41a593dd7c6131d35817afcc6fda2321fa07162cd5","2767","62","371","true","true","536","canonical_complete_reader_reachable","Reached by ordered depth-first replay from content/open-logic-about.tex then content/content.tex through uncommented olimport edges.","reader_unit","Appendix: Frege's Basic Law V","sth","0","","","1","content/set-theory/story/story.tex","0","","5","document:1|lem:2|proof:2","0","0","1","0","0","0","2","0","0","0","2","0","0","0","2","1","26","locale/ar/content/set-theory/story/grundgesetze.tex","PENDING","","PENDING","locale/fa-IR/content/set-theory/story/grundgesetze.tex","PENDING","","PENDING","PENDING"
"OLP-0537","537","9620cc73f9c8e0ad003c514a5d3748f29611c4c0","content/set-theory/z/z.tex","ddf31239f65871a55a15098fecaa3f710e5108f4dab62771cfe2229c2eecf807","392","22","21","true","true","537","canonical_complete_reader_reachable","Reached by ordered depth-first replay from content/open-logic-about.tex then content/content.tex through uncommented olimport edges.","chapter_driver","Steps towards $\Z$","","9","content/set-theory/z/story.tex|content/set-theory/z/separation.tex|content/set-theory/z/union.tex|content/set-theory/z/pairs.tex|content/set-theory/z/powerset.tex|content/set-theory/z/infinity-again.tex|content/set-theory/z/milestone.tex|content/set-theory/z/nat.tex|content/set-theory/z/arbintersections.tex","","1","content/set-theory/set-theory.tex","0","","1","document:1","0","1","0","0","0","0","0","0","0","0","0","0","0","0","0","0","1","locale/ar/content/set-theory/z/z.tex","PENDING","","PENDING","locale/fa-IR/content/set-theory/z/z.tex","PENDING","","PENDING","PENDING"
"OLP-0538","538","9620cc73f9c8e0ad003c514a5d3748f29611c4c0","content/set-theory/z/story.tex","675bc77160d15d826fc2960c15764275f12e8ef2450e121d6f34981d7af64a99","1611","33","231","true","true","538","canonical_complete_reader_reachable","Reached by ordered depth-first replay from content/open-logic-about.tex then content/content.tex through uncommented olimport edges.","reader_unit","The Story in More Detail","sth","0","","","1","content/set-theory/z/z.tex","0","","2","document:1|enumerate:1","0","0","1","0","0","0","0","0","0","0","0","0","0","0","2","2","4","locale/ar/content/set-theory/z/story.tex","PENDING","","PENDING","locale/fa-IR/content/set-theory/z/story.tex","PENDING","","PENDING","PENDING"
"OLP-0539","539","9620cc73f9c8e0ad003c514a5d3748f29611c4c0","content/set-theory/z/separation.tex","5e4a9611823aa454b51908d88aa15f3fd4ee41af84f847a98e1c8a003a9b7a0b","4310","110","615","true","true","539","canonical_complete_reader_reachable","Reached by ordered depth-first replay from content/open-logic-about.tex then content/content.tex through uncommented olimport edges.","reader_unit","Separation","sth","0","","","1","content/set-theory/z/z.tex","0","","11","axiom:1|defish:1|document:1|proof:4|prop:3|thm:1","0","0","1","0","1","3","0","0","0","0","4","0","0","0","4","0","42","locale/ar/content/set-theory/z/separation.tex","PENDING","","PENDING","locale/fa-IR/content/set-theory/z/separation.tex","PENDING","","PENDING","PENDING"
"OLP-0540","540","9620cc73f9c8e0ad003c514a5d3748f29611c4c0","content/set-theory/z/union.tex","5cd50b70d0d606fa557040cfa94f3b34303bd1f5ac56c1ed03cb23ed4520fdc4","922","27","129","true","true","540","canonical_complete_reader_reachable","Reached by ordered depth-first replay from content/open-logic-about.tex then content/content.tex through uncommented olimport edges.","reader_unit","Union","sth","0","","","1","content/set-theory/z/z.tex","0","","2","axiom:1|document:1","0","0","1","0","0","0","0","0","0","0","0","0","0","0","1","0","13","locale/ar/content/set-theory/z/union.tex","PENDING","","PENDING","locale/fa-IR/content/set-theory/z/union.tex","PENDING","","PENDING","PENDING"
"OLP-0541","541","9620cc73f9c8e0ad003c514a5d3748f29611c4c0","content/set-theory/z/pairs.tex","6e386f6c7bb1e2a08dd198e5ad421083df93eb4273efa9370d92b5432d11843f","2590","67","336","true","true","541","canonical_complete_reader_reachable","Reached by ordered depth-first replay from content/open-logic-about.tex then content/content.tex through uncommented olimport edges.","reader_unit","Pairs","sth","0","","","1","content/set-theory/z/z.tex","0","","8","axiom:1|document:1|enumerate:2|prob:2|proof:1|prop:1","0","0","1","0","0","1","0","0","0","2","1","0","0","0","5","0","32","locale/ar/content/set-theory/z/pairs.tex","PENDING","","PENDING","locale/fa-IR/content/set-theory/z/pairs.tex","PENDING","","PENDING","PENDING"
"OLP-0542","542","9620cc73f9c8e0ad003c514a5d3748f29611c4c0","content/set-theory/z/powerset.tex","e4189963f1fa098226ec3ae72a660f56882350d3d8be819b6c5232663261e722","2221","63","319","true","true","542","canonical_complete_reader_reachable","Reached by ordered depth-first replay from content/open-logic-about.tex then content/content.tex through uncommented olimport edges.","reader_unit","Powersets","sth","0","","","1","content/set-theory/z/z.tex","0","","6","axiom:1|document:1|prob:2|proof:1|prop:1","0","0","1","0","0","1","0","0","0","2","1","0","0","1","2","0","34","locale/ar/content/set-theory/z/powerset.tex","PENDING","","PENDING","locale/fa-IR/content/set-theory/z/powerset.tex","PENDING","","PENDING","PENDING"
"OLP-0543","543","9620cc73f9c8e0ad003c514a5d3748f29611c4c0","content/set-theory/z/infinity-again.tex","29267a484b8628ec7cafd50d87dac4a0f6650914c625dec7dd06ac0e79aa3f91","6335","137","895","true","true","543","canonical_complete_reader_reachable","Reached by ordered depth-first replay from content/open-logic-about.tex then content/content.tex through uncommented olimport edges.","reader_unit","Infinity","sth","0","","","1","content/set-theory/z/z.tex","0","","9","align*:1|axiom:1|cases:1|defn:1|document:1|enumerate:2|proof:1|prop:1","0","0","1","1","0","1","0","0","0","0","1","0","0","0","7","0","60","locale/ar/content/set-theory/z/infinity-again.tex","PENDING","","PENDING","locale/fa-IR/content/set-theory/z/infinity-again.tex","PENDING","","PENDING","PENDING"
"OLP-0544","544","9620cc73f9c8e0ad003c514a5d3748f29611c4c0","content/set-theory/z/milestone.tex","15127543e5463e6dc278ab5cb43c4127fe55a54696e9b076d77c053608a5ff40","1360","32","179","true","true","544","canonical_complete_reader_reachable","Reached by ordered depth-first replay from content/open-logic-about.tex then content/content.tex through uncommented olimport edges.","reader_unit","$\Z^-$: a Milestone","sth","0","","","1","content/set-theory/z/z.tex","0","","2","defn:1|document:1","0","0","1","1","0","0","0","0","0","0","0","0","0","0","2","2","5","locale/ar/content/set-theory/z/milestone.tex","PENDING","","PENDING","locale/fa-IR/content/set-theory/z/milestone.tex","PENDING","","PENDING","PENDING"
"OLP-0545","545","9620cc73f9c8e0ad003c514a5d3748f29611c4c0","content/set-theory/z/nat.tex","33f3b77912ba9c7217893e6a0e9f59c16b2ca51e5b0652f99850bed6aeb8f12c","2773","57","355","true","true","545","canonical_complete_reader_reachable","Reached by ordered depth-first replay from content/open-logic-about.tex then content/content.tex through uncommented olimport edges.","reader_unit","Selecting our Natural Numbers","sth","0","","","1","content/set-theory/z/z.tex","0","","2","defish:1|document:1","0","0","1","0","0","0","0","0","0","0","0","0","0","0","5","3","11","locale/ar/content/set-theory/z/nat.tex","PENDING","","PENDING","locale/fa-IR/content/set-theory/z/nat.tex","PENDING","","PENDING","PENDING"
"OLP-0546","546","9620cc73f9c8e0ad003c514a5d3748f29611c4c0","content/set-theory/z/arbintersections.tex","866857905e11e5f329a248326ba04ba14f293b388bd8e3573caaf05fb2b7d56d","2979","63","345","true","true","546","canonical_complete_reader_reachable","Reached by ordered depth-first replay from content/open-logic-about.tex then content/content.tex through uncommented olimport edges.","reader_unit","Appendix: Closure, Comprehension, and Intersection","sth","0","","","1","content/set-theory/z/z.tex","0","","3","align*:1|document:1|equation:1","0","0","1","0","0","0","0","0","0","0","0","0","0","0","7","0","21","locale/ar/content/set-theory/z/arbintersections.tex","PENDING","","PENDING","locale/fa-IR/content/set-theory/z/arbintersections.tex","PENDING","","PENDING","PENDING"
"OLP-0547","547","9620cc73f9c8e0ad003c514a5d3748f29611c4c0","content/set-theory/ordinals/ordinals.tex","3d6d008e92ebe4566a0a4b90857b224aae85c637e8fc8f87457a2e6202247bf3","370","22","20","true","true","547","canonical_complete_reader_reachable","Reached by ordered depth-first replay from content/open-logic-about.tex then content/content.tex through uncommented olimport edges.","chapter_driver","Ordinals","","10","content/set-theory/ordinals/introduction.tex|content/set-theory/ordinals/idea.tex|content/set-theory/ordinals/wo.tex|content/set-theory/ordinals/iso.tex|content/set-theory/ordinals/vn.tex|content/set-theory/ordinals/basic.tex|content/set-theory/ordinals/replacement.tex|content/set-theory/ordinals/milestone.tex|content/set-theory/ordinals/ordtype.tex|content/set-theory/ordinals/opps.tex","","1","content/set-theory/set-theory.tex","0","","1","document:1","0","1","0","0","0","0","0","0","0","0","0","0","0","0","0","0","0","locale/ar/content/set-theory/ordinals/ordinals.tex","PENDING","","PENDING","locale/fa-IR/content/set-theory/ordinals/ordinals.tex","PENDING","","PENDING","PENDING"
"OLP-0548","548","9620cc73f9c8e0ad003c514a5d3748f29611c4c0","content/set-theory/ordinals/introduction.tex","9db6acb08fc7abc9fe527932e10e04bfc71e548e642c624e824aaa2f041dc50c","1106","29","153","true","true","548","canonical_complete_reader_reachable","Reached by ordered depth-first replay from content/open-logic-about.tex then content/content.tex through uncommented olimport edges.","reader_unit","Introduction","sth","0","","","1","content/set-theory/ordinals/ordinals.tex","0","","1","document:1","0","0","1","0","0","0","0","0","0","0","0","0","0","0","1","0","0","locale/ar/content/set-theory/ordinals/introduction.tex","PENDING","","PENDING","locale/fa-IR/content/set-theory/ordinals/introduction.tex","PENDING","","PENDING","PENDING"
"OLP-0549","549","9620cc73f9c8e0ad003c514a5d3748f29611c4c0","content/set-theory/ordinals/idea.tex","69629365d22ecab6b74fa4d3896d24ad71371c5f9c079fc79ac18f4655c63c11","2384","67","232","true","true","549","canonical_complete_reader_reachable","Reached by ordered depth-first replay from content/open-logic-about.tex then content/content.tex through uncommented olimport edges.","reader_unit","The General Idea of an Ordinal","sth","0","","","1","content/set-theory/ordinals/ordinals.tex","0","","7","center:3|document:1|tikzpicture:3","0","0","1","0","0","0","0","0","0","0","0","0","3","0","0","0","29","locale/ar/content/set-theory/ordinals/idea.tex","PENDING","","PENDING","locale/fa-IR/content/set-theory/ordinals/idea.tex","PENDING","","PENDING","PENDING"
"OLP-0550","550","9620cc73f9c8e0ad003c514a5d3748f29611c4c0","content/set-theory/ordinals/wo.tex","31ff99cf24d9c18e905626855bdb8c9bfeb7c2a5c2814387a6c36ccf54df0313","2511","65","325","true","true","550","canonical_complete_reader_reachable","Reached by ordered depth-first replay from content/open-logic-about.tex then content/content.tex through uncommented olimport edges.","reader_unit","Well-Orderings","sth","0","","","1","content/set-theory/ordinals/ordinals.tex","0","","8","defn:1|document:1|enumerate:1|prob:1|proof:2|prop:2","0","0","1","1","0","2","0","0","0","1","2","0","0","0","0","0","48","locale/ar/content/set-theory/ordinals/wo.tex","PENDING","","PENDING","locale/fa-IR/content/set-theory/ordinals/wo.tex","PENDING","","PENDING","PENDING"
"OLP-0551","551","9620cc73f9c8e0ad003c514a5d3748f29611c4c0","content/set-theory/ordinals/iso.tex","eb57a72aed6e4ff2398fe8d9c52239c79d2578df37c5e4bb891568381a41cb39","6759","165","893","true","true","551","canonical_complete_reader_reachable","Reached by ordered depth-first replay from content/open-logic-about.tex then content/content.tex through uncommented olimport edges.","reader_unit","Order-Isomorphisms","sth","0","","","1","content/set-theory/ordinals/ordinals.tex","0","","18","align*:1|cor:1|defn:2|document:1|lem:4|prob:1|proof:6|prop:1|thm:1","0","0","1","2","1","1","4","1","0","1","6","0","0","0","10","0","117","locale/ar/content/set-theory/ordinals/iso.tex","PENDING","","PENDING","locale/fa-IR/content/set-theory/ordinals/iso.tex","PENDING","","PENDING","PENDING"
"OLP-0552","552","9620cc73f9c8e0ad003c514a5d3748f29611c4c0","content/set-theory/ordinals/vn.tex","1a1ffe53bdfd51d0ee3ad7a818981d6cc2b54405c92a219a4295fa48b1393529","2730","61","352","true","true","552","canonical_complete_reader_reachable","Reached by ordered depth-first replay from content/open-logic-about.tex then content/content.tex through uncommented olimport edges.","reader_unit","Von Neumann's Construction of the Ordinals","sth","0","","","1","content/set-theory/ordinals/ordinals.tex","0","","3","align*:1|defn:1|document:1","0","0","1","1","0","0","0","0","0","0","0","0","0","0","6","0","14","locale/ar/content/set-theory/ordinals/vn.tex","PENDING","","PENDING","locale/fa-IR/content/set-theory/ordinals/vn.tex","PENDING","","PENDING","PENDING"
"OLP-0553","553","9620cc73f9c8e0ad003c514a5d3748f29611c4c0","content/set-theory/ordinals/basic.tex","7a9d1d198227e2de1a2af719417ae7d81ffc2c727e6da7d992b194f44a7f19c1","8434","211","836","true","true","553","canonical_complete_reader_reachable","Reached by ordered depth-first replay from content/open-logic-about.tex then content/content.tex through uncommented olimport edges.","reader_unit","Basic Properties of the Ordinals","sth","0","","","1","content/set-theory/ordinals/ordinals.tex","0","","24","cor:3|document:1|lem:1|prob:2|proof:10|prop:3|quote:1|thm:3","0","0","1","0","3","3","1","3","0","2","10","0","0","0","25","2","105","locale/ar/content/set-theory/ordinals/basic.tex","PENDING","","PENDING","locale/fa-IR/content/set-theory/ordinals/basic.tex","PENDING","","PENDING","PENDING"
"OLP-0554","554","9620cc73f9c8e0ad003c514a5d3748f29611c4c0","content/set-theory/ordinals/replacement.tex","c081b7ac20726b738ce2fb496ad29e836a72883160c847b828582e4de0218523","3453","74","495","true","true","554","canonical_complete_reader_reachable","Reached by ordered depth-first replay from content/open-logic-about.tex then content/content.tex through uncommented olimport edges.","reader_unit","Replacement","sth","0","","","1","content/set-theory/ordinals/ordinals.tex","0","","6","axiom:1|cor:1|defish:1|document:1|proof:1|quote:1","0","0","1","0","0","0","0","1","0","0","1","0","0","0","4","0","37","locale/ar/content/set-theory/ordinals/replacement.tex","PENDING","","PENDING","locale/fa-IR/content/set-theory/ordinals/replacement.tex","PENDING","","PENDING","PENDING"
"OLP-0555","555","9620cc73f9c8e0ad003c514a5d3748f29611c4c0","content/set-theory/ordinals/milestone.tex","3f99ff5c244929fec27396ee3ff21b3b2bb76a56cada018c045a5d5459e6f289","1023","26","123","true","true","555","canonical_complete_reader_reachable","Reached by ordered depth-first replay from content/open-logic-about.tex then content/content.tex through uncommented olimport edges.","reader_unit","$\ZFminus$: a milestone","sth","0","","","1","content/set-theory/ordinals/ordinals.tex","0","","2","defn:1|document:1","0","0","1","1","0","0","0","0","0","0","0","0","0","0","1","2","5","locale/ar/content/set-theory/ordinals/milestone.tex","PENDING","","PENDING","locale/fa-IR/content/set-theory/ordinals/milestone.tex","PENDING","","PENDING","PENDING"
"OLP-0556","556","9620cc73f9c8e0ad003c514a5d3748f29611c4c0","content/set-theory/ordinals/ordtype.tex","9a123198cbfcd0000eb27804a39148d5ee5fb7ad41cf7cff04ad78ea320dfcd6","3273","79","354","true","true","556","canonical_complete_reader_reachable","Reached by ordered depth-first replay from content/open-logic-about.tex then content/content.tex through uncommented olimport edges.","reader_unit","Ordinals as Order-Types","sth","0","","","1","content/set-theory/ordinals/ordinals.tex","0","","8","align*:2|cor:1|defn:1|document:1|proof:2|thm:1","0","0","1","1","1","0","0","1","0","0","2","0","0","0","9","0","39","locale/ar/content/set-theory/ordinals/ordtype.tex","PENDING","","PENDING","locale/fa-IR/content/set-theory/ordinals/ordtype.tex","PENDING","","PENDING","PENDING"
"OLP-0557","557","9620cc73f9c8e0ad003c514a5d3748f29611c4c0","content/set-theory/ordinals/opps.tex","f53aa4197833752c4ecdd3d7755c8e13cdec164fd68d0261dac26290a95cd171","3774","101","383","true","true","557","canonical_complete_reader_reachable","Reached by ordered depth-first replay from content/open-logic-about.tex then content/content.tex through uncommented olimport edges.","reader_unit","Successor and Limit Ordinals","sth","0","","","1","content/set-theory/ordinals/ordinals.tex","0","","11","defn:2|document:1|enumerate:2|proof:3|prop:2|thm:1","0","0","1","2","1","2","0","0","0","0","3","0","0","0","3","0","61","locale/ar/content/set-theory/ordinals/opps.tex","PENDING","","PENDING","locale/fa-IR/content/set-theory/ordinals/opps.tex","PENDING","","PENDING","PENDING"
"OLP-0558","558","9620cc73f9c8e0ad003c514a5d3748f29611c4c0","content/set-theory/spine/spine.tex","32d16adc1a044fcba0b5dfe250d9cb82e5f63ecdd15bcc8489599d94dbe77b50","325","19","18","true","true","558","canonical_complete_reader_reachable","Reached by ordered depth-first replay from content/open-logic-about.tex then content/content.tex through uncommented olimport edges.","chapter_driver","Stages and Ranks","","6","content/set-theory/spine/idea.tex|content/set-theory/spine/recursion.tex|content/set-theory/spine/stagesbasics.tex|content/set-theory/spine/foundation.tex|content/set-theory/spine/zf.tex|content/set-theory/spine/rank.tex","","1","content/set-theory/set-theory.tex","0","","1","document:1","0","1","0","0","0","0","0","0","0","0","0","0","0","0","0","0","0","locale/ar/content/set-theory/spine/spine.tex","PENDING","","PENDING","locale/fa-IR/content/set-theory/spine/spine.tex","PENDING","","PENDING","PENDING"
"OLP-0559","559","9620cc73f9c8e0ad003c514a5d3748f29611c4c0","content/set-theory/spine/idea.tex","72e78cfef1d30e6a2e097f398dd5f502654f906c855dc226b9f616947a2b6955","1750","43","219","true","true","559","canonical_complete_reader_reachable","Reached by ordered depth-first replay from content/open-logic-about.tex then content/content.tex through uncommented olimport edges.","reader_unit","Defining the Stages as the $V_\alpha$s","sth","0","","","1","content/set-theory/spine/spine.tex","0","","3","align*:1|defn:1|document:1","0","0","1","1","0","0","0","0","0","0","0","0","0","0","3","0","4","locale/ar/content/set-theory/spine/idea.tex","PENDING","","PENDING","locale/fa-IR/content/set-theory/spine/idea.tex","PENDING","","PENDING","PENDING"
"OLP-0560","560","9620cc73f9c8e0ad003c514a5d3748f29611c4c0","content/set-theory/spine/recursion.tex","e9b5fe7b4ab133bc97d234aabd8dae2412e91bbeeb9c785b4a8112ba1e1a0510","6139","132","569","true","true","560","canonical_complete_reader_reachable","Reached by ordered depth-first replay from content/open-logic-about.tex then content/content.tex through uncommented olimport edges.","reader_unit","The Transfinite Recursion Theorem(s)","sth","0","","","1","content/set-theory/spine/spine.tex","0","","11","align*:2|cases:1|defn:1|document:1|lem:1|proof:3|thm:2","0","0","1","1","2","0","1","0","0","0","3","0","0","0","10","0","77","locale/ar/content/set-theory/spine/recursion.tex","PENDING","","PENDING","locale/fa-IR/content/set-theory/spine/recursion.tex","PENDING","","PENDING","PENDING"
"OLP-0561","561","9620cc73f9c8e0ad003c514a5d3748f29611c4c0","content/set-theory/spine/stagesbasics.tex","055948a696b012f7bf5b0a6e9ac39297a0a910f6c17ca9580782e9795e87def6","4444","95","466","true","true","561","canonical_complete_reader_reachable","Reached by ordered depth-first replay from content/open-logic-about.tex then content/content.tex through uncommented olimport edges.","reader_unit","Basic Properties of Stages","sth","0","","","1","content/set-theory/spine/spine.tex","0","","9","cor:1|defn:1|document:1|enumerate:1|lem:2|proof:3","0","0","1","1","0","0","2","1","0","0","3","0","0","0","14","1","66","locale/ar/content/set-theory/spine/stagesbasics.tex","PENDING","","PENDING","locale/fa-IR/content/set-theory/spine/stagesbasics.tex","PENDING","","PENDING","PENDING"
"OLP-0562","562","9620cc73f9c8e0ad003c514a5d3748f29611c4c0","content/set-theory/spine/foundation.tex","18d5d41a2becf13c6d5221d1c3504ea8300d96d85572c8848ed22bfc7ea321a5","4349","105","501","true","true","562","canonical_complete_reader_reachable","Reached by ordered depth-first replay from content/open-logic-about.tex then content/content.tex through uncommented olimport edges.","reader_unit","Foundation","sth","0","","","1","content/set-theory/spine/spine.tex","0","","12","align*:2|axiom:1|defish:1|defn:1|document:1|lem:1|proof:3|prop:1|thm:1","0","0","1","1","1","1","1","0","0","0","3","0","0","0","6","0","51","locale/ar/content/set-theory/spine/foundation.tex","PENDING","","PENDING","locale/fa-IR/content/set-theory/spine/foundation.tex","PENDING","","PENDING","PENDING"
"OLP-0563","563","9620cc73f9c8e0ad003c514a5d3748f29611c4c0","content/set-theory/spine/zf.tex","94df3fb797ff5d12ce812c586f3dd8211fd7972ebaf25d3363bb135ad7686d73","1969","46","265","true","true","563","canonical_complete_reader_reachable","Reached by ordered depth-first replay from content/open-logic-about.tex then content/content.tex through uncommented olimport edges.","reader_unit","$\Z$ and $\ZF$: A Milestone","sth","0","","","1","content/set-theory/spine/spine.tex","0","","2","defn:1|document:1","0","0","1","1","0","0","0","0","0","0","0","0","0","0","1","0","19","locale/ar/content/set-theory/spine/zf.tex","PENDING","","PENDING","locale/fa-IR/content/set-theory/spine/zf.tex","PENDING","","PENDING","PENDING"
"OLP-0564","564","9620cc73f9c8e0ad003c514a5d3748f29611c4c0","content/set-theory/spine/rank.tex","fa9b9faa09478d4d5d6e510c52a2d5752fa72985db8efaff4a432a0e24d81dd0","5018","128","480","true","true","564","canonical_complete_reader_reachable","Reached by ordered depth-first replay from content/open-logic-about.tex then content/content.tex through uncommented olimport edges.","reader_unit","Rank","sth","0","","","1","content/set-theory/spine/spine.tex","0","","18","cor:1|defn:1|document:1|prob:2|proof:7|prop:5|thm:1","0","0","1","1","1","5","0","1","0","2","7","0","0","0","12","0","64","locale/ar/content/set-theory/spine/rank.tex","PENDING","","PENDING","locale/fa-IR/content/set-theory/spine/rank.tex","PENDING","","PENDING","PENDING"
"OLP-0565","565","9620cc73f9c8e0ad003c514a5d3748f29611c4c0","content/set-theory/replacement/replacement.tex","9b8a0eea8d3b6ccfe4c3ca2658bc31f418daff6744994b7a56e47e44d7784839","395","21","18","true","true","565","canonical_complete_reader_reachable","Reached by ordered depth-first replay from content/open-logic-about.tex then content/content.tex through uncommented olimport edges.","chapter_driver","Replacement","","8","content/set-theory/replacement/introduction.tex|content/set-theory/replacement/strength.tex|content/set-theory/replacement/extrinsic.tex|content/set-theory/replacement/limofsize.tex|content/set-theory/replacement/absinf.tex|content/set-theory/replacement/ref.tex|content/set-theory/replacement/refproofs.tex|content/set-theory/replacement/finiteaxiomatizability.tex","","1","content/set-theory/set-theory.tex","0","","1","document:1","0","1","0","0","0","0","0","0","0","0","0","0","0","0","0","0","0","locale/ar/content/set-theory/replacement/replacement.tex","PENDING","","PENDING","locale/fa-IR/content/set-theory/replacement/replacement.tex","PENDING","","PENDING","PENDING"
"OLP-0566","566","9620cc73f9c8e0ad003c514a5d3748f29611c4c0","content/set-theory/replacement/introduction.tex","f05b94bc04e2c2110bb8ec5147e5c377c7e6908b9b65b1fae22ea62c6f2fa196","1201","18","169","true","true","566","canonical_complete_reader_reachable","Reached by ordered depth-first replay from content/open-logic-about.tex then content/content.tex through uncommented olimport edges.","reader_unit","Introduction","sth","0","","","1","content/set-theory/replacement/replacement.tex","0","","1","document:1","0","0","1","0","0","0","0","0","0","0","0","0","0","0","1","3","2","locale/ar/content/set-theory/replacement/introduction.tex","PENDING","","PENDING","locale/fa-IR/content/set-theory/replacement/introduction.tex","PENDING","","PENDING","PENDING"
"OLP-0567","567","9620cc73f9c8e0ad003c514a5d3748f29611c4c0","content/set-theory/replacement/strength.tex","4f3e4108f3ab822b38f880ddcade17b6e270a0f0272d9b0c40e9a9a389911301","2769","53","359","true","true","567","canonical_complete_reader_reachable","Reached by ordered depth-first replay from content/open-logic-about.tex then content/content.tex through uncommented olimport edges.","reader_unit","The Strength of Replacement","sth","0","","","1","content/set-theory/replacement/replacement.tex","0","","3","align*:1|defn:1|document:1","0","0","1","1","0","0","0","0","0","0","0","0","0","0","7","0","32","locale/ar/content/set-theory/replacement/strength.tex","PENDING","","PENDING","locale/fa-IR/content/set-theory/replacement/strength.tex","PENDING","","PENDING","PENDING"
"OLP-0568","568","9620cc73f9c8e0ad003c514a5d3748f29611c4c0","content/set-theory/replacement/extrinsic.tex","004138bef28268b2a7f9547172634b404d5bcd15716839e7822f4cccc6126c30","5943","93","846","true","true","568","canonical_complete_reader_reachable","Reached by ordered depth-first replay from content/open-logic-about.tex then content/content.tex through uncommented olimport edges.","reader_unit","Extrinsic Considerations about Replacement","sth","0","","","1","content/set-theory/replacement/replacement.tex","0","","2","document:1|quote:1","0","0","1","0","0","0","0","0","0","0","0","0","0","0","0","8","38","locale/ar/content/set-theory/replacement/extrinsic.tex","PENDING","","PENDING","locale/fa-IR/content/set-theory/replacement/extrinsic.tex","PENDING","","PENDING","PENDING"
"OLP-0569","569","9620cc73f9c8e0ad003c514a5d3748f29611c4c0","content/set-theory/replacement/limofsize.tex","579ce35979a90771bcf225ff54b688aa34c19a88bd46fd5b51256f5ab2e68d49","3221","64","474","true","true","569","canonical_complete_reader_reachable","Reached by ordered depth-first replay from content/open-logic-about.tex then content/content.tex through uncommented olimport edges.","reader_unit","Limitation-of-size","sth","0","","","1","content/set-theory/replacement/replacement.tex","0","","2","document:1|enumerate:1","0","0","1","0","0","0","0","0","0","0","0","0","0","0","1","1","5","locale/ar/content/set-theory/replacement/limofsize.tex","PENDING","","PENDING","locale/fa-IR/content/set-theory/replacement/limofsize.tex","PENDING","","PENDING","PENDING"
"OLP-0570","570","9620cc73f9c8e0ad003c514a5d3748f29611c4c0","content/set-theory/replacement/absinf.tex","fd6cb8f41f12694c74f9cc52336851f0b04eee98efbcdad5b60300c2de0ebea2","5832","109","822","true","true","570","canonical_complete_reader_reachable","Reached by ordered depth-first replay from content/open-logic-about.tex then content/content.tex through uncommented olimport edges.","reader_unit","Replacement and ``Absolute Infinity''","sth","0","","","1","content/set-theory/replacement/replacement.tex","0","","4","document:1|enumerate:2|prob:1","0","0","1","0","0","0","0","0","0","1","0","0","0","0","6","5","35","locale/ar/content/set-theory/replacement/absinf.tex","PENDING","","PENDING","locale/fa-IR/content/set-theory/replacement/absinf.tex","PENDING","","PENDING","PENDING"
"OLP-0571","571","9620cc73f9c8e0ad003c514a5d3748f29611c4c0","content/set-theory/replacement/ref.tex","fbdfc9b85a4c276113f81e9a1ba5a20f59930a75175e43a1e11a6d9bee57644e","2075","40","246","true","true","571","canonical_complete_reader_reachable","Reached by ordered depth-first replay from content/open-logic-about.tex then content/content.tex through uncommented olimport edges.","reader_unit","Replacement and Reflection","sth","0","","","1","content/set-theory/replacement/replacement.tex","0","","2","document:1|thm:1","0","0","1","0","1","0","0","0","0","0","0","0","0","0","2","3","10","locale/ar/content/set-theory/replacement/ref.tex","PENDING","","PENDING","locale/fa-IR/content/set-theory/replacement/ref.tex","PENDING","","PENDING","PENDING"
"OLP-0572","572","9620cc73f9c8e0ad003c514a5d3748f29611c4c0","content/set-theory/replacement/refproofs.tex","4abcc3ffaeb815555332b98949519f6567b6f0ae857799da8789ec7a3e48e5ff","8051","178","948","true","true","572","canonical_complete_reader_reachable","Reached by ordered depth-first replay from content/open-logic-about.tex then content/content.tex through uncommented olimport edges.","reader_unit","Appendix: Results surrounding Replacement","sth","0","","","1","content/set-theory/replacement/replacement.tex","0","","16","align:1|align*:6|defish:1|document:1|lem:2|proof:4|thm:1","0","0","1","0","1","0","2","0","0","0","4","0","0","2","5","4","114","locale/ar/content/set-theory/replacement/refproofs.tex","PENDING","","PENDING","locale/fa-IR/content/set-theory/replacement/refproofs.tex","PENDING","","PENDING","PENDING"
"OLP-0573","573","9620cc73f9c8e0ad003c514a5d3748f29611c4c0","content/set-theory/replacement/finiteaxiomatizability.tex","52bd181678b672d154c59992f6be199144558fb717349a847ab6646b1accea44","5143","73","504","true","true","573","canonical_complete_reader_reachable","Reached by ordered depth-first replay from content/open-logic-about.tex then content/content.tex through uncommented olimport edges.","reader_unit","Appendix: Finite axiomatizability","sth","0","","","1","content/set-theory/replacement/replacement.tex","0","","10","align*:1|document:1|equation:1|prob:3|proof:2|prop:1|thm:1","0","0","1","0","1","1","0","0","0","3","2","0","0","1","13","2","52","locale/ar/content/set-theory/replacement/finiteaxiomatizability.tex","PENDING","","PENDING","locale/fa-IR/content/set-theory/replacement/finiteaxiomatizability.tex","PENDING","","PENDING","PENDING"
"OLP-0574","574","9620cc73f9c8e0ad003c514a5d3748f29611c4c0","content/set-theory/ord-arithmetic/ord-arithmetic.tex","3444e989471ca24a662c616de80e6c1b2c5cbad814f89bc4132c778e59f6812f","353","18","18","true","true","574","canonical_complete_reader_reachable","Reached by ordered depth-first replay from content/open-logic-about.tex then content/content.tex through uncommented olimport edges.","chapter_driver","Ordinal Arithmetic","","5","content/set-theory/ord-arithmetic/introduction.tex|content/set-theory/ord-arithmetic/addition.tex|content/set-theory/ord-arithmetic/using-addition.tex|content/set-theory/ord-arithmetic/multiplication.tex|content/set-theory/ord-arithmetic/exponentiation.tex","","1","content/set-theory/set-theory.tex","0","","1","document:1","0","1","0","0","0","0","0","0","0","0","0","0","0","0","0","0","0","locale/ar/content/set-theory/ord-arithmetic/ord-arithmetic.tex","PENDING","","PENDING","locale/fa-IR/content/set-theory/ord-arithmetic/ord-arithmetic.tex","PENDING","","PENDING","PENDING"
"OLP-0575","575","9620cc73f9c8e0ad003c514a5d3748f29611c4c0","content/set-theory/ord-arithmetic/introduction.tex","0a366104099a83d5c40566852278f806c0bdea2fbdc8729e6b1d1db38e1637dc","907","22","128","true","true","575","canonical_complete_reader_reachable","Reached by ordered depth-first replay from content/open-logic-about.tex then content/content.tex through uncommented olimport edges.","reader_unit","Introduction","sth","0","","","1","content/set-theory/ord-arithmetic/ord-arithmetic.tex","0","","1","document:1","0","0","1","0","0","0","0","0","0","0","0","0","0","0","3","0","3","locale/ar/content/set-theory/ord-arithmetic/introduction.tex","PENDING","","PENDING","locale/fa-IR/content/set-theory/ord-arithmetic/introduction.tex","PENDING","","PENDING","PENDING"
"OLP-0576","576","9620cc73f9c8e0ad003c514a5d3748f29611c4c0","content/set-theory/ord-arithmetic/addition.tex","e812adca016fb2b68daed98ef2bc27f45e48a57ceeeb27d244ad5c92a453a6e6","9309","206","777","true","true","576","canonical_complete_reader_reachable","Reached by ordered depth-first replay from content/open-logic-about.tex then content/content.tex through uncommented olimport edges.","reader_unit","Ordinal Addition","sth","0","","","1","content/set-theory/ord-arithmetic/ord-arithmetic.tex","0","","21","align*:5|defn:3|document:1|enumerate:1|lem:3|prob:1|proof:5|prop:2","0","0","1","3","0","2","3","0","0","1","5","0","0","0","11","0","86","locale/ar/content/set-theory/ord-arithmetic/addition.tex","PENDING","","PENDING","locale/fa-IR/content/set-theory/ord-arithmetic/addition.tex","PENDING","","PENDING","PENDING"
"OLP-0577","577","9620cc73f9c8e0ad003c514a5d3748f29611c4c0","content/set-theory/ord-arithmetic/using-addition.tex","9641a137f0347689fad7fc04337f8889991e482c6179513c19a0bfbc619eaff1","4730","116","387","true","true","577","canonical_complete_reader_reachable","Reached by ordered depth-first replay from content/open-logic-about.tex then content/content.tex through uncommented olimport edges.","reader_unit","Using Ordinal Addition","sth","0","","","1","content/set-theory/ord-arithmetic/ord-arithmetic.tex","0","","8","document:1|enumerate:2|lem:2|prob:1|proof:2","0","0","1","0","0","0","2","0","0","1","2","0","0","0","24","0","64","locale/ar/content/set-theory/ord-arithmetic/using-addition.tex","PENDING","","PENDING","locale/fa-IR/content/set-theory/ord-arithmetic/using-addition.tex","PENDING","","PENDING","PENDING"
"OLP-0578","578","9620cc73f9c8e0ad003c514a5d3748f29611c4c0","content/set-theory/ord-arithmetic/multiplication.tex","eade2bc67a7dede697f1a89e0359c3ef4a1c52154bbcf4b1b45176f5d3742abb","4066","111","365","true","true","578","canonical_complete_reader_reachable","Reached by ordered depth-first replay from content/open-logic-about.tex then content/content.tex through uncommented olimport edges.","reader_unit","Ordinal Multiplication","sth","0","","","1","content/set-theory/ord-arithmetic/ord-arithmetic.tex","0","","13","align*:1|defn:1|document:1|enumerate:1|lem:3|prob:1|proof:4|prop:1","0","0","1","1","0","1","3","0","0","1","4","0","0","0","5","0","38","locale/ar/content/set-theory/ord-arithmetic/multiplication.tex","PENDING","","PENDING","locale/fa-IR/content/set-theory/ord-arithmetic/multiplication.tex","PENDING","","PENDING","PENDING"
"OLP-0579","579","9620cc73f9c8e0ad003c514a5d3748f29611c4c0","content/set-theory/ord-arithmetic/exponentiation.tex","965be29d6ab8e9aad3e56b319cc8ddfb3cd212e836092f061198fafb561ae6fc","2721","59","269","true","true","579","canonical_complete_reader_reachable","Reached by ordered depth-first replay from content/open-logic-about.tex then content/content.tex through uncommented olimport edges.","reader_unit","Ordinal Exponentiation","sth","0","","","1","content/set-theory/ord-arithmetic/ord-arithmetic.tex","0","","5","align*:1|defn:1|document:1|prob:1|quote:1","0","0","1","1","0","0","0","0","0","1","0","0","0","0","1","1","21","locale/ar/content/set-theory/ord-arithmetic/exponentiation.tex","PENDING","","PENDING","locale/fa-IR/content/set-theory/ord-arithmetic/exponentiation.tex","PENDING","","PENDING","PENDING"
"OLP-0580","580","9620cc73f9c8e0ad003c514a5d3748f29611c4c0","content/set-theory/cardinals/cardinals.tex","ac78463f4fc8fedda04f3c0fddcd4c74d11e9c838194beb7927b55b733008ef5","304","18","15","true","true","580","canonical_complete_reader_reachable","Reached by ordered depth-first replay from content/open-logic-about.tex then content/content.tex through uncommented olimport edges.","chapter_driver","Cardinals","","5","content/set-theory/cardinals/cp.tex|content/set-theory/cardinals/cardsasords.tex|content/set-theory/cardinals/milestone.tex|content/set-theory/cardinals/classing.tex|content/set-theory/cardinals/hp.tex","","1","content/set-theory/set-theory.tex","0","","1","document:1","0","1","0","0","0","0","0","0","0","0","0","0","0","0","0","0","0","locale/ar/content/set-theory/cardinals/cardinals.tex","PENDING","","PENDING","locale/fa-IR/content/set-theory/cardinals/cardinals.tex","PENDING","","PENDING","PENDING"
"OLP-0581","581","9620cc73f9c8e0ad003c514a5d3748f29611c4c0","content/set-theory/cardinals/cp.tex","950307ddcd75e93c0cb6aeaeb8f969f17e519027f1ff3672f433552edd519fae","1893","44","272","true","true","581","canonical_complete_reader_reachable","Reached by ordered depth-first replay from content/open-logic-about.tex then content/content.tex through uncommented olimport edges.","reader_unit","Cantor's Principle","sth","0","","","1","content/set-theory/cardinals/cardinals.tex","0","","1","document:1","0","0","1","0","0","0","0","0","0","0","0","0","0","0","4","0","8","locale/ar/content/set-theory/cardinals/cp.tex","PENDING","","PENDING","locale/fa-IR/content/set-theory/cardinals/cp.tex","PENDING","","PENDING","PENDING"
"OLP-0582","582","9620cc73f9c8e0ad003c514a5d3748f29611c4c0","content/set-theory/cardinals/cardsasords.tex","76eb33836f0e2c21be7701b157030b8465ac08daccf532eeb5fa74dc8110100d","6005","128","725","true","true","582","canonical_complete_reader_reachable","Reached by ordered depth-first replay from content/open-logic-about.tex then content/content.tex through uncommented olimport edges.","reader_unit","Cardinals as Ordinals","sth","0","","","1","content/set-theory/cardinals/cardinals.tex","0","","12","align*:1|axiom:1|center:1|defn:1|document:1|enumerate:1|lem:2|proof:3|tikzpicture:1","0","0","1","1","0","0","2","0","0","0","3","0","1","0","19","0","61","locale/ar/content/set-theory/cardinals/cardsasords.tex","PENDING","","PENDING","locale/fa-IR/content/set-theory/cardinals/cardsasords.tex","PENDING","","PENDING","PENDING"
"OLP-0583","583","9620cc73f9c8e0ad003c514a5d3748f29611c4c0","content/set-theory/cardinals/milestone.tex","50f4f989834763156b2d27822acd03201532846baa243a8f97d6b3fa299a54fd","1056","27","134","true","true","583","canonical_complete_reader_reachable","Reached by ordered depth-first replay from content/open-logic-about.tex then content/content.tex through uncommented olimport edges.","reader_unit","$\ZFC$: A Milestone","sth","0","","","1","content/set-theory/cardinals/cardinals.tex","0","","2","defn:1|document:1","0","0","1","1","0","0","0","0","0","0","0","0","0","0","1","0","8","locale/ar/content/set-theory/cardinals/milestone.tex","PENDING","","PENDING","locale/fa-IR/content/set-theory/cardinals/milestone.tex","PENDING","","PENDING","PENDING"
"OLP-0584","584","9620cc73f9c8e0ad003c514a5d3748f29611c4c0","content/set-theory/cardinals/classing.tex","facf3eb5d19661a660d1c6441f09c0acc909f944253f4c7fe129048f8ea35bc6","7093","186","781","true","true","584","canonical_complete_reader_reachable","Reached by ordered depth-first replay from content/open-logic-about.tex then content/content.tex through uncommented olimport edges.","reader_unit","","sth","0","","","1","content/set-theory/cardinals/cardinals.tex","0","","24","cor:4|defn:1|document:1|enumerate:2|proof:10|prop:3|thm:3","0","0","1","1","3","3","0","4","0","0","10","0","0","0","24","0","81","locale/ar/content/set-theory/cardinals/classing.tex","PENDING","","PENDING","locale/fa-IR/content/set-theory/cardinals/classing.tex","PENDING","","PENDING","PENDING"
"OLP-0585","585","9620cc73f9c8e0ad003c514a5d3748f29611c4c0","content/set-theory/cardinals/hp.tex","b4c06d8cd04558e99e48c018a170bef91763b86b74ef03b260282ea5eae5b09e","4988","99","709","true","true","585","canonical_complete_reader_reachable","Reached by ordered depth-first replay from content/open-logic-about.tex then content/content.tex through uncommented olimport edges.","reader_unit","Appendix: Hume's Principle","sth","0","","","1","content/set-theory/cardinals/cardinals.tex","0","","4","align*:2|document:1|quote:1","0","0","1","0","0","0","0","0","0","0","0","0","0","0","4","2","41","locale/ar/content/set-theory/cardinals/hp.tex","PENDING","","PENDING","locale/fa-IR/content/set-theory/cardinals/hp.tex","PENDING","","PENDING","PENDING"
"OLP-0586","586","9620cc73f9c8e0ad003c514a5d3748f29611c4c0","content/set-theory/card-arithmetic/card-arithmetic.tex","26eb9336173a6c4a121b0ac9b3052123f74dbc187365ff2a9a2cd23e96982423","316","18","17","true","true","586","canonical_complete_reader_reachable","Reached by ordered depth-first replay from content/open-logic-about.tex then content/content.tex through uncommented olimport edges.","chapter_driver","Cardinal Arithmetic","","5","content/set-theory/card-arithmetic/opps.tex|content/set-theory/card-arithmetic/simp.tex|content/set-theory/card-arithmetic/expotough.tex|content/set-theory/card-arithmetic/ch.tex|content/set-theory/card-arithmetic/fix.tex","","1","content/set-theory/set-theory.tex","0","","1","document:1","0","1","0","0","0","0","0","0","0","0","0","0","0","0","0","0","0","locale/ar/content/set-theory/card-arithmetic/card-arithmetic.tex","PENDING","","PENDING","locale/fa-IR/content/set-theory/card-arithmetic/card-arithmetic.tex","PENDING","","PENDING","PENDING"
"OLP-0587","587","9620cc73f9c8e0ad003c514a5d3748f29611c4c0","content/set-theory/card-arithmetic/opps.tex","fe59199062c34a36e296a777ee0da52721751686f202735791a472d0a0906872","5892","151","626","true","true","587","canonical_complete_reader_reachable","Reached by ordered depth-first replay from content/open-logic-about.tex then content/content.tex through uncommented olimport edges.","reader_unit","Defining the Basic Operations","sth","0","","","1","content/set-theory/card-arithmetic/card-arithmetic.tex","0","","18","align*:2|cases:1|cor:1|defn:1|document:1|lem:1|prob:3|proof:5|prop:2|thm:1","0","0","1","1","1","2","1","1","0","3","5","0","0","0","15","0","61","locale/ar/content/set-theory/card-arithmetic/opps.tex","PENDING","","PENDING","locale/fa-IR/content/set-theory/card-arithmetic/opps.tex","PENDING","","PENDING","PENDING"
"OLP-0588","588","9620cc73f9c8e0ad003c514a5d3748f29611c4c0","content/set-theory/card-arithmetic/simp.tex","a606bab065a11c689b655ff8053e3e77894decb42b88e70605a981c129148da0","5779","137","431","true","true","588","canonical_complete_reader_reachable","Reached by ordered depth-first replay from content/open-logic-about.tex then content/content.tex through uncommented olimport edges.","reader_unit","Simplifying Addition and Multiplication","sth","0","","","1","content/set-theory/card-arithmetic/card-arithmetic.tex","0","","15","align*:2|defn:1|document:1|enumerate:1|lem:2|proof:5|prop:2|thm:1","0","0","1","1","1","2","2","0","0","0","5","0","0","0","7","0","71","locale/ar/content/set-theory/card-arithmetic/simp.tex","PENDING","","PENDING","locale/fa-IR/content/set-theory/card-arithmetic/simp.tex","PENDING","","PENDING","PENDING"
"OLP-0589","589","9620cc73f9c8e0ad003c514a5d3748f29611c4c0","content/set-theory/card-arithmetic/expotough.tex","3c24595966608c406bd3b8f2eec62edc0476017588fee15ec14ba64798b208ec","4360","104","376","true","true","589","canonical_complete_reader_reachable","Reached by ordered depth-first replay from content/open-logic-about.tex then content/content.tex through uncommented olimport edges.","reader_unit","Some Simplification with Cardinal Exponentiation","sth","0","","","1","content/set-theory/card-arithmetic/card-arithmetic.tex","0","","10","align*:1|document:1|proof:4|prop:4","0","0","1","0","0","4","0","0","0","0","4","0","0","0","7","0","37","locale/ar/content/set-theory/card-arithmetic/expotough.tex","PENDING","","PENDING","locale/fa-IR/content/set-theory/card-arithmetic/expotough.tex","PENDING","","PENDING","PENDING"
"OLP-0590","590","9620cc73f9c8e0ad003c514a5d3748f29611c4c0","content/set-theory/card-arithmetic/ch.tex","b1bdee185ce2a21eeba54cce52ebec13154b54b77a6652820ad4f7ac61e8b212","6837","150","745","true","true","590","canonical_complete_reader_reachable","Reached by ordered depth-first replay from content/open-logic-about.tex then content/content.tex through uncommented olimport edges.","reader_unit","The Continuum Hypothesis","sth","0","","","1","content/set-theory/card-arithmetic/card-arithmetic.tex","0","","9","align*:1|defish:2|defn:1|document:1|proof:2|prop:2","0","0","1","1","0","2","0","0","0","0","2","0","0","0","5","3","59","locale/ar/content/set-theory/card-arithmetic/ch.tex","PENDING","","PENDING","locale/fa-IR/content/set-theory/card-arithmetic/ch.tex","PENDING","","PENDING","PENDING"
"OLP-0591","591","9620cc73f9c8e0ad003c514a5d3748f29611c4c0","content/set-theory/card-arithmetic/fix.tex","cc111d7d7472b0e7ef940196977faef0f1b2867feaab0a74843e9d39077f5074","7091","164","795","true","true","591","canonical_complete_reader_reachable","Reached by ordered depth-first replay from content/open-logic-about.tex then content/content.tex through uncommented olimport edges.","reader_unit","$\aleph$-Fixed Points","sth","0","","","1","content/set-theory/card-arithmetic/card-arithmetic.tex","0","","13","align*:2|cor:1|document:1|proof:4|prop:3|quote:2","0","0","1","0","0","3","0","1","0","0","4","0","0","0","8","2","63","locale/ar/content/set-theory/card-arithmetic/fix.tex","PENDING","","PENDING","locale/fa-IR/content/set-theory/card-arithmetic/fix.tex","PENDING","","PENDING","PENDING"
"OLP-0592","592","9620cc73f9c8e0ad003c514a5d3748f29611c4c0","content/set-theory/choice/choice.tex","bddc53f49700d259464fa1b29d61287f56edb76a85c73239b0c9ce78b2d88e5e","392","21","18","true","true","592","canonical_complete_reader_reachable","Reached by ordered depth-first replay from content/open-logic-about.tex then content/content.tex through uncommented olimport edges.","chapter_driver","Choice","","8","content/set-theory/choice/introduction.tex|content/set-theory/choice/tarskiscott.tex|content/set-theory/choice/hartogs.tex|content/set-theory/choice/wellorderingproblem.tex|content/set-theory/choice/countablechoice.tex|content/set-theory/choice/justifications.tex|content/set-theory/choice/banach.tex|content/set-theory/choice/vitali.tex","","1","content/set-theory/set-theory.tex","0","","1","document:1","0","1","0","0","0","0","0","0","0","0","0","0","0","0","0","0","0","locale/ar/content/set-theory/choice/choice.tex","PENDING","","PENDING","locale/fa-IR/content/set-theory/choice/choice.tex","PENDING","","PENDING","PENDING"
"OLP-0593","593","9620cc73f9c8e0ad003c514a5d3748f29611c4c0","content/set-theory/choice/introduction.tex","882c4a2b41ba6d2ddddc357d8522e3b30d02a7e1312786293bc1ce5c03922a4d","605","17","80","true","true","593","canonical_complete_reader_reachable","Reached by ordered depth-first replay from content/open-logic-about.tex then content/content.tex through uncommented olimport edges.","reader_unit","Introduction","sth","0","","","1","content/set-theory/choice/choice.tex","0","","1","document:1","0","0","1","0","0","0","0","0","0","0","0","0","0","0","0","0","0","locale/ar/content/set-theory/choice/introduction.tex","PENDING","","PENDING","locale/fa-IR/content/set-theory/choice/introduction.tex","PENDING","","PENDING","PENDING"
"OLP-0594","594","9620cc73f9c8e0ad003c514a5d3748f29611c4c0","content/set-theory/choice/tarskiscott.tex","2cf102fa76c9cb3c1080901967626539d8da1aa6dda38dddbbc743ae5e883579","3324","74","457","true","true","594","canonical_complete_reader_reachable","Reached by ordered depth-first replay from content/open-logic-about.tex then content/content.tex through uncommented olimport edges.","reader_unit","The Tarski--Scott Trick","sth","0","","","1","content/set-theory/choice/choice.tex","0","","3","defn:2|document:1","0","0","1","2","0","0","0","0","0","0","0","0","0","0","7","1","28","locale/ar/content/set-theory/choice/tarskiscott.tex","PENDING","","PENDING","locale/fa-IR/content/set-theory/choice/tarskiscott.tex","PENDING","","PENDING","PENDING"
"OLP-0595","595","9620cc73f9c8e0ad003c514a5d3748f29611c4c0","content/set-theory/choice/hartogs.tex","ffe4c3f0a800bd7893a39e68d109ca1eb9662b5f29cda42393cbc5777cf557c4","3605","86","408","true","true","595","canonical_complete_reader_reachable","Reached by ordered depth-first replay from content/open-logic-about.tex then content/content.tex through uncommented olimport edges.","reader_unit","Comparability and Hartogs' Lemma","sth","0","","","1","content/set-theory/choice/choice.tex","0","","7","align*:1|document:1|enumerate:1|lem:1|proof:2|thm:1","0","0","1","0","1","0","1","0","0","0","2","0","0","0","14","1","57","locale/ar/content/set-theory/choice/hartogs.tex","PENDING","","PENDING","locale/fa-IR/content/set-theory/choice/hartogs.tex","PENDING","","PENDING","PENDING"
"OLP-0596","596","9620cc73f9c8e0ad003c514a5d3748f29611c4c0","content/set-theory/choice/wellorderingproblem.tex","9ca7bb6570d323e7caebb910c975827a9411c1bbe2b4dabd6d41f9ebe2f04fa4","3686","81","492","true","true","596","canonical_complete_reader_reachable","Reached by ordered depth-first replay from content/open-logic-about.tex then content/content.tex through uncommented olimport edges.","reader_unit","The Well-Ordering Problem","sth","0","","","1","content/set-theory/choice/choice.tex","0","","7","align*:1|axiom:1|cases:1|defn:1|document:1|proof:1|thm:1","0","0","1","1","1","0","0","0","0","0","1","0","0","0","2","4","46","locale/ar/content/set-theory/choice/wellorderingproblem.tex","PENDING","","PENDING","locale/fa-IR/content/set-theory/choice/wellorderingproblem.tex","PENDING","","PENDING","PENDING"
"OLP-0597","597","9620cc73f9c8e0ad003c514a5d3748f29611c4c0","content/set-theory/choice/countablechoice.tex","37ed80e497f07f2c96db1a56b8573d90a6d8421e119f0bc7a2865fa2f534b994","7098","162","1022","true","true","597","canonical_complete_reader_reachable","Reached by ordered depth-first replay from content/open-logic-about.tex then content/content.tex through uncommented olimport edges.","reader_unit","Countable Choice","sth","0","","","1","content/set-theory/choice/choice.tex","0","","12","align*:1|defish:1|document:1|ex:2|lem:1|proof:3|quote:1|thm:2","0","0","1","0","2","0","1","0","2","0","3","0","0","0","5","6","69","locale/ar/content/set-theory/choice/countablechoice.tex","PENDING","","PENDING","locale/fa-IR/content/set-theory/choice/countablechoice.tex","PENDING","","PENDING","PENDING"
"OLP-0598","598","9620cc73f9c8e0ad003c514a5d3748f29611c4c0","content/set-theory/choice/justifications.tex","4ad40cf83f5d5fe896183b2bdeb7c9cb2d3879aeb4b1bb4192607241e95c4ed8","2735","64","411","true","true","598","canonical_complete_reader_reachable","Reached by ordered depth-first replay from content/open-logic-about.tex then content/content.tex through uncommented olimport edges.","reader_unit","Intrinsic Considerations about Choice","sth","0","","","1","content/set-theory/choice/choice.tex","0","","4","document:1|enumerate:1|prob:1|thm:1","0","0","1","0","1","0","0","0","0","1","0","0","0","0","3","2","22","locale/ar/content/set-theory/choice/justifications.tex","PENDING","","PENDING","locale/fa-IR/content/set-theory/choice/justifications.tex","PENDING","","PENDING","PENDING"
"OLP-0599","599","9620cc73f9c8e0ad003c514a5d3748f29611c4c0","content/set-theory/choice/banach.tex","51f2d8e142b4bccd21bc0aa06330ecff874360d32005b34c415955eaaa24943a","3942","82","545","true","true","599","canonical_complete_reader_reachable","Reached by ordered depth-first replay from content/open-logic-about.tex then content/content.tex through uncommented olimport edges.","reader_unit","The Banach--Tarski Paradox","sth","0","","","1","content/set-theory/choice/choice.tex","0","","4","document:1|enumerate:2|thm:1","0","0","1","0","1","0","0","0","0","0","0","0","0","0","5","8","5","locale/ar/content/set-theory/choice/banach.tex","PENDING","","PENDING","locale/fa-IR/content/set-theory/choice/banach.tex","PENDING","","PENDING","PENDING"
"OLP-0600","600","9620cc73f9c8e0ad003c514a5d3748f29611c4c0","content/set-theory/choice/vitali.tex","e9ae48138df4af723de80b69d70d43e2a77f3cc9c0ec680eded3a333c0892b32","12889","271","1562","true","true","600","canonical_complete_reader_reachable","Reached by ordered depth-first replay from content/open-logic-about.tex then content/content.tex through uncommented olimport edges.","reader_unit","Appendix: Vitali's Paradox","sth","0","","","1","content/set-theory/choice/choice.tex","0","","19","align*:1|cor:1|document:1|lem:6|proof:7|quote:1|thm:2","0","0","1","0","2","0","6","1","0","0","7","0","0","0","16","10","135","locale/ar/content/set-theory/choice/vitali.tex","PENDING","","PENDING","locale/fa-IR/content/set-theory/choice/vitali.tex","PENDING","","PENDING","PENDING"
"OLP-0601","601","9620cc73f9c8e0ad003c514a5d3748f29611c4c0","content/methods/methods.tex","bed9153f391e0937825c1f86e9d808ef90aa3cb93eb33f0ee1a632a4d13aa2b6","619","25","66","true","true","601","canonical_complete_reader_reachable","Reached by ordered depth-first replay from content/open-logic-about.tex then content/content.tex through uncommented olimport edges.","part_driver","Methods","","2","content/methods/proofs/proofs.tex|content/methods/induction/induction.tex","","1","content/content.tex","0","","2","document:1|editorial:1","1","0","0","0","0","0","0","0","0","0","0","0","0","0","0","0","0","locale/ar/content/methods/methods.tex","PENDING","","PENDING","locale/fa-IR/content/methods/methods.tex","PENDING","","PENDING","PENDING"
"OLP-0602","602","9620cc73f9c8e0ad003c514a5d3748f29611c4c0","content/methods/proofs/proofs.tex","26a34bb3d34de40ca0d16d8f1b88d156d3c694d1c7c6e9147454fcc5144c65f6","477","33","28","true","true","602","canonical_complete_reader_reachable","Reached by ordered depth-first replay from content/open-logic-about.tex then content/content.tex through uncommented olimport edges.","chapter_driver","Proofs","","10","content/methods/proofs/introduction.tex|content/methods/proofs/starting-proofs.tex|content/methods/proofs/using-definitions.tex|content/methods/proofs/inference-patterns.tex|content/methods/proofs/example-1.tex|content/methods/proofs/example-2.tex|content/methods/proofs/proof-by-contradiction.tex|content/methods/proofs/reading-proofs.tex|content/methods/proofs/cant-do-it.tex|content/methods/proofs/resources.tex","","1","content/methods/methods.tex","0","","1","document:1","0","1","0","0","0","0","0","0","0","0","0","0","0","0","0","0","0","locale/ar/content/methods/proofs/proofs.tex","PENDING","","PENDING","locale/fa-IR/content/methods/proofs/proofs.tex","PENDING","","PENDING","PENDING"
"OLP-0603","603","9620cc73f9c8e0ad003c514a5d3748f29611c4c0","content/methods/proofs/introduction.tex","ae06d0471d8f4c8565a11f9dbd7bb77513f837bb495032b6356cafbaa319ad83","3735","71","588","true","true","603","canonical_complete_reader_reachable","Reached by ordered depth-first replay from content/open-logic-about.tex then content/content.tex through uncommented olimport edges.","reader_unit","Introduction","mth","0","","","1","content/methods/proofs/proofs.tex","0","","1","document:1","0","0","1","0","0","0","0","0","0","0","0","0","0","0","0","0","6","locale/ar/content/methods/proofs/introduction.tex","PENDING","","PENDING","locale/fa-IR/content/methods/proofs/introduction.tex","PENDING","","PENDING","PENDING"
"OLP-0604","604","9620cc73f9c8e0ad003c514a5d3748f29611c4c0","content/methods/proofs/starting-proofs.tex","84908cb7ef78b1ec62e2ccc41376d5bc039c6e44e1855c386d7b112c69d5ce64","1448","37","234","true","true","604","canonical_complete_reader_reachable","Reached by ordered depth-first replay from content/open-logic-about.tex then content/content.tex through uncommented olimport edges.","reader_unit","Starting a Proof","mth","0","","","1","content/methods/proofs/proofs.tex","0","","1","document:1","0","0","1","0","0","0","0","0","0","0","0","0","0","0","0","0","3","locale/ar/content/methods/proofs/starting-proofs.tex","PENDING","","PENDING","locale/fa-IR/content/methods/proofs/starting-proofs.tex","PENDING","","PENDING","PENDING"
"OLP-0605","605","9620cc73f9c8e0ad003c514a5d3748f29611c4c0","content/methods/proofs/using-definitions.tex","0496b9489f10eb402e2eb91b503c7b522c2e73349e1481ceb9781f2e191a3bce","5369","110","886","true","true","605","canonical_complete_reader_reachable","Reached by ordered depth-first replay from content/open-logic-about.tex then content/content.tex through uncommented olimport edges.","reader_unit","Using Definitions","mod","0","","","1","content/methods/proofs/proofs.tex","0","","5","defn:1|document:1|prob:1|prop:2","0","0","1","1","0","2","0","0","0","1","0","0","0","0","0","0","71","locale/ar/content/methods/proofs/using-definitions.tex","PENDING","","PENDING","locale/fa-IR/content/methods/proofs/using-definitions.tex","PENDING","","PENDING","PENDING"
"OLP-0606","606","9620cc73f9c8e0ad003c514a5d3748f29611c4c0","content/methods/proofs/inference-patterns.tex","dec51f23018334023107ecfaa7a2f31fdf964b2b0cb7aebaeeb4e1688ed6dd31","17286","354","2795","true","true","606","canonical_complete_reader_reachable","Reached by ordered depth-first replay from content/open-logic-about.tex then content/content.tex through uncommented olimport edges.","reader_unit","Inference Patterns","mth","0","","","1","content/methods/proofs/proofs.tex","0","","18","document:1|proof:4|prop:4|quote:9","0","0","9","0","0","4","0","0","0","0","4","0","0","0","0","0","301","locale/ar/content/methods/proofs/inference-patterns.tex","PENDING","","PENDING","locale/fa-IR/content/methods/proofs/inference-patterns.tex","PENDING","","PENDING","PENDING"
"OLP-0607","607","9620cc73f9c8e0ad003c514a5d3748f29611c4c0","content/methods/proofs/example-1.tex","d9536cc5ffc9bcaa7dee417fe8bbfb1c7f7dc99a5abec3fdf5fd58ea4593922a","7955","178","1269","true","true","607","canonical_complete_reader_reachable","Reached by ordered depth-first replay from content/open-logic-about.tex then content/content.tex through uncommented olimport edges.","reader_unit","An Example","mth","0","","","1","content/methods/proofs/proofs.tex","0","","18","document:1|proof:1|prop:1|quote:15","0","0","1","0","0","1","0","0","0","0","1","0","0","0","0","0","134","locale/ar/content/methods/proofs/example-1.tex","PENDING","","PENDING","locale/fa-IR/content/methods/proofs/example-1.tex","PENDING","","PENDING","PENDING"
"OLP-0608","608","9620cc73f9c8e0ad003c514a5d3748f29611c4c0","content/methods/proofs/example-2.tex","cbef120cea559b153f4e6b828d2fe7942050d3534e3bb61e642fd467f897aa80","4828","105","720","true","true","608","canonical_complete_reader_reachable","Reached by ordered depth-first replay from content/open-logic-about.tex then content/content.tex through uncommented olimport edges.","reader_unit","Another Example","mth","0","","","1","content/methods/proofs/proofs.tex","0","","10","document:1|proof:1|prop:1|quote:7","0","0","1","0","0","1","0","0","0","0","1","0","0","0","0","0","86","locale/ar/content/methods/proofs/example-2.tex","PENDING","","PENDING","locale/fa-IR/content/methods/proofs/example-2.tex","PENDING","","PENDING","PENDING"
"OLP-0609","609","9620cc73f9c8e0ad003c514a5d3748f29611c4c0","content/methods/proofs/proof-by-contradiction.tex","3eda384520d99069031c01f168564f639980118e7fd145ca105e8092fbe438dd","9908","221","1503","true","true","609","canonical_complete_reader_reachable","Reached by ordered depth-first replay from content/open-logic-about.tex then content/content.tex through uncommented olimport edges.","reader_unit","Proof by Contradiction","mth","0","","","1","content/methods/proofs/proofs.tex","0","","23","document:1|prob:1|proof:4|prop:4|quote:13","0","0","1","0","0","4","0","0","0","1","4","0","0","0","0","0","172","locale/ar/content/methods/proofs/proof-by-contradiction.tex","PENDING","","PENDING","locale/fa-IR/content/methods/proofs/proof-by-contradiction.tex","PENDING","","PENDING","PENDING"
"OLP-0610","610","9620cc73f9c8e0ad003c514a5d3748f29611c4c0","content/methods/proofs/reading-proofs.tex","e7c40a1f3481f3529d96e136191c8b9c98b27080ddae1a9cec732d0301775670","4996","112","809","true","true","610","canonical_complete_reader_reachable","Reached by ordered depth-first replay from content/open-logic-about.tex then content/content.tex through uncommented olimport edges.","reader_unit","Reading Proofs","mth","0","","","1","content/methods/proofs/proofs.tex","0","","8","document:1|prob:1|proof:3|prop:1|quote:2","0","0","1","0","0","1","0","0","0","1","3","0","0","0","0","0","85","locale/ar/content/methods/proofs/reading-proofs.tex","PENDING","","PENDING","locale/fa-IR/content/methods/proofs/reading-proofs.tex","PENDING","","PENDING","PENDING"
"OLP-0611","611","9620cc73f9c8e0ad003c514a5d3748f29611c4c0","content/methods/proofs/cant-do-it.tex","47c3b4332e0c28351984e78cba0008e54deb442704710bf7d4f2ffa34e4e6c5e","3042","65","500","true","true","611","canonical_complete_reader_reachable","Reached by ordered depth-first replay from content/open-logic-about.tex then content/content.tex through uncommented olimport edges.","reader_unit","","mth","0","","","1","content/methods/proofs/proofs.tex","0","","2","document:1|enumerate:1","0","0","1","0","0","0","0","0","0","0","0","0","0","0","0","0","0","locale/ar/content/methods/proofs/cant-do-it.tex","PENDING","","PENDING","locale/fa-IR/content/methods/proofs/cant-do-it.tex","PENDING","","PENDING","PENDING"
"OLP-0612","612","9620cc73f9c8e0ad003c514a5d3748f29611c4c0","content/methods/proofs/resources.tex","69bf95954428e38a55dfca85aa13d62ba2b9992afa406364da4a0b251d86fa44","1619","46","195","true","true","612","canonical_complete_reader_reachable","Reached by ordered depth-first replay from content/open-logic-about.tex then content/content.tex through uncommented olimport edges.","reader_unit","","mth","0","","","1","content/methods/proofs/proofs.tex","0","","2","document:1|itemize:1","0","0","2","0","0","0","0","0","0","0","0","0","0","0","0","7","0","locale/ar/content/methods/proofs/resources.tex","PENDING","","PENDING","locale/fa-IR/content/methods/proofs/resources.tex","PENDING","","PENDING","PENDING"
"OLP-0613","613","9620cc73f9c8e0ad003c514a5d3748f29611c4c0","content/methods/induction/induction.tex","fe221d57ce250433893679a71d00b74fbe41d562d29cd2299e40502df3271b16","381","25","21","true","true","613","canonical_complete_reader_reachable","Reached by ordered depth-first replay from content/open-logic-about.tex then content/content.tex through uncommented olimport edges.","chapter_driver","Induction","","6","content/methods/induction/introduction.tex|content/methods/induction/induction-on-N.tex|content/methods/induction/strong-induction.tex|content/methods/induction/inductive-definitions.tex|content/methods/induction/structural-induction.tex|content/methods/induction/relations.tex","","1","content/methods/methods.tex","0","","1","document:1","0","1","0","0","0","0","0","0","0","0","0","0","0","0","0","0","0","locale/ar/content/methods/induction/induction.tex","PENDING","","PENDING","locale/fa-IR/content/methods/induction/induction.tex","PENDING","","PENDING","PENDING"
"OLP-0614","614","9620cc73f9c8e0ad003c514a5d3748f29611c4c0","content/methods/induction/introduction.tex","7ed230622f1371a6fde2530a9f2037643ee3400ab429c488554f3f3d1a853d59","2327","52","337","true","true","614","canonical_complete_reader_reachable","Reached by ordered depth-first replay from content/open-logic-about.tex then content/content.tex through uncommented olimport edges.","reader_unit","Introduction","mth","0","","","1","content/methods/induction/induction.tex","0","","2","document:1|enumerate:1","0","0","1","0","0","0","0","0","0","0","0","0","0","0","0","0","6","locale/ar/content/methods/induction/introduction.tex","PENDING","","PENDING","locale/fa-IR/content/methods/induction/introduction.tex","PENDING","","PENDING","PENDING"
"OLP-0615","615","9620cc73f9c8e0ad003c514a5d3748f29611c4c0","content/methods/induction/induction-on-N.tex","3c0d810002766a55df30e29fe1ee6f71aee463a3562fa8590dc43bb7b5b8e072","5965","137","939","true","true","615","canonical_complete_reader_reachable","Reached by ordered depth-first replay from content/open-logic-about.tex then content/content.tex through uncommented olimport edges.","reader_unit","Induction on~$\Nat$","mth","0","","","1","content/methods/induction/induction.tex","0","","10","align*:3|document:1|enumerate:2|proof:2|prop:1|thm:1","0","0","1","0","1","1","0","0","0","0","2","0","0","0","0","0","131","locale/ar/content/methods/induction/induction-on-N.tex","PENDING","","PENDING","locale/fa-IR/content/methods/induction/induction-on-N.tex","PENDING","","PENDING","PENDING"
"OLP-0616","616","9620cc73f9c8e0ad003c514a5d3748f29611c4c0","content/methods/induction/strong-induction.tex","6bcb6eea209d16b55fcca74181bc548edf6978be7a3b7c48caeb15db712b5eec","2403","52","422","true","true","616","canonical_complete_reader_reachable","Reached by ordered depth-first replay from content/open-logic-about.tex then content/content.tex through uncommented olimport edges.","reader_unit","Strong Induction","mth","0","","","1","content/methods/induction/induction.tex","0","","1","document:1","0","0","1","0","0","0","0","0","0","0","0","0","0","0","0","0","57","locale/ar/content/methods/induction/strong-induction.tex","PENDING","","PENDING","locale/fa-IR/content/methods/induction/strong-induction.tex","PENDING","","PENDING","PENDING"
"OLP-0617","617","9620cc73f9c8e0ad003c514a5d3748f29611c4c0","content/methods/induction/inductive-definitions.tex","c9acf225c06feb663a8cc96b505782decfb70d12dd2f76d3cde0627a5b3ea8e1","7003","155","1033","true","true","617","canonical_complete_reader_reachable","Reached by ordered depth-first replay from content/open-logic-about.tex then content/content.tex through uncommented olimport edges.","reader_unit","Inductive Definitions","mth","0","","","1","content/methods/induction/induction.tex","0","","9","defn:1|document:1|enumerate:3|prob:1|proof:1|prop:1|quote:1","0","0","1","1","0","1","0","0","0","1","1","0","0","0","0","0","139","locale/ar/content/methods/induction/inductive-definitions.tex","PENDING","","PENDING","locale/fa-IR/content/methods/induction/inductive-definitions.tex","PENDING","","PENDING","PENDING"
"OLP-0618","618","9620cc73f9c8e0ad003c514a5d3748f29611c4c0","content/methods/induction/structural-induction.tex","b4cbd21821127a8c6d55063e229d17e4f3ee74b5208769f317192da94df54428","4589","108","686","true","true","618","canonical_complete_reader_reachable","Reached by ordered depth-first replay from content/open-logic-about.tex then content/content.tex through uncommented olimport edges.","reader_unit","Structural Induction","mth","0","","","1","content/methods/induction/induction.tex","0","","11","align*:1|document:1|enumerate:4|prob:1|proof:2|prop:2","0","0","1","0","0","2","0","0","0","1","2","0","0","0","0","0","104","locale/ar/content/methods/induction/structural-induction.tex","PENDING","","PENDING","locale/fa-IR/content/methods/induction/structural-induction.tex","PENDING","","PENDING","PENDING"
"OLP-0619","619","9620cc73f9c8e0ad003c514a5d3748f29611c4c0","content/methods/induction/relations.tex","7361c3481d3028c64b48e89a1b784e6cc827acd5aafc7273664ba999a9668c7e","7557","182","1012","true","true","619","canonical_complete_reader_reachable","Reached by ordered depth-first replay from content/open-logic-about.tex then content/content.tex through uncommented olimport edges.","reader_unit","Relations and Functions","mth","0","","","1","content/methods/induction/induction.tex","0","","17","align*:4|cases:2|center:1|defn:3|document:1|enumerate:2|prob:2|proof:1|prop:1","0","0","1","3","0","1","0","0","0","2","1","0","0","0","2","0","116","locale/ar/content/methods/induction/relations.tex","PENDING","","PENDING","locale/fa-IR/content/methods/induction/relations.tex","PENDING","","PENDING","PENDING"
"OLP-0620","620","9620cc73f9c8e0ad003c514a5d3748f29611c4c0","content/history/history.tex","f259aecdfd4ba07957fd0604ae81411ac215b6312f3c4008e4743636c0e4a06c","233","16","15","true","true","620","canonical_complete_reader_reachable","Reached by ordered depth-first replay from content/open-logic-about.tex then content/content.tex through uncommented olimport edges.","part_driver","History","","2","content/history/biographies/biographies.tex|content/history/set-theory/set-theory.tex","","1","content/content.tex","0","","1","document:1","1","0","0","0","0","0","0","0","0","0","0","0","0","0","0","0","0","locale/ar/content/history/history.tex","PENDING","","PENDING","locale/fa-IR/content/history/history.tex","PENDING","","PENDING","PENDING"
"OLP-0621","621","9620cc73f9c8e0ad003c514a5d3748f29611c4c0","content/history/biographies/biographies.tex","0edbf5468702cdce37345da1a3bd16e8674e66739b8d2af4aab25d507c9436b0","508","35","32","true","true","621","canonical_complete_reader_reachable","Reached by ordered depth-first replay from content/open-logic-about.tex then content/content.tex through uncommented olimport edges.","chapter_driver","Biographies","","11","content/history/biographies/georg-cantor.tex|content/history/biographies/alonzo-church.tex|content/history/biographies/gerhard-gentzen.tex|content/history/biographies/kurt-goedel.tex|content/history/biographies/emmy-noether.tex|content/history/biographies/rozsa-peter.tex|content/history/biographies/julia-robinson.tex|content/history/biographies/bertrand-russell.tex|content/history/biographies/alfred-tarski.tex|content/history/biographies/alan-turing.tex|content/history/biographies/ernst-zermelo.tex","","1","content/history/history.tex","0","","1","document:1","0","1","0","0","0","0","0","0","0","0","0","0","0","0","0","0","0","locale/ar/content/history/biographies/biographies.tex","PENDING","","PENDING","locale/fa-IR/content/history/biographies/biographies.tex","PENDING","","PENDING","PENDING"
"OLP-0622","622","9620cc73f9c8e0ad003c514a5d3748f29611c4c0","content/history/biographies/georg-cantor.tex","bbced7b9e0a88d802138fe1411686d8c8e94d54249eb7d769b5f5b8cec68257a","2026","50","277","true","true","622","canonical_complete_reader_reachable","Reached by ordered depth-first replay from content/open-logic-about.tex then content/content.tex through uncommented olimport edges.","reader_unit","Georg Cantor","his","0","","","1","content/history/biographies/biographies.tex","0","","2","document:1|reading:1","0","0","1","0","0","0","0","0","0","0","0","0","0","0","0","4","0","locale/ar/content/history/biographies/georg-cantor.tex","PENDING","","PENDING","locale/fa-IR/content/history/biographies/georg-cantor.tex","PENDING","","PENDING","PENDING"
"OLP-0623","623","9620cc73f9c8e0ad003c514a5d3748f29611c4c0","content/history/biographies/alonzo-church.tex","3709a815983eed2dc646d935097bc9e738ae4666be71eed90824e5ea8ecbfa53","2354","53","320","true","true","623","canonical_complete_reader_reachable","Reached by ordered depth-first replay from content/open-logic-about.tex then content/content.tex through uncommented olimport edges.","reader_unit","Alonzo Church","his","0","","","1","content/history/biographies/biographies.tex","0","","2","document:1|reading:1","0","0","1","0","0","0","0","0","0","0","0","0","0","0","0","4","0","locale/ar/content/history/biographies/alonzo-church.tex","PENDING","","PENDING","locale/fa-IR/content/history/biographies/alonzo-church.tex","PENDING","","PENDING","PENDING"
"OLP-0624","624","9620cc73f9c8e0ad003c514a5d3748f29611c4c0","content/history/biographies/gerhard-gentzen.tex","41ec3f95138582b671a3d9158ad12ddf9199d02ac16b838bb7ebf336b230fd87","3080","65","438","true","true","624","canonical_complete_reader_reachable","Reached by ordered depth-first replay from content/open-logic-about.tex then content/content.tex through uncommented olimport edges.","reader_unit","Gerhard Gentzen","his","0","","","1","content/history/biographies/biographies.tex","0","","2","document:1|reading:1","0","0","1","0","0","0","0","0","0","0","0","0","0","0","0","4","0","locale/ar/content/history/biographies/gerhard-gentzen.tex","PENDING","","PENDING","locale/fa-IR/content/history/biographies/gerhard-gentzen.tex","PENDING","","PENDING","PENDING"
"OLP-0625","625","9620cc73f9c8e0ad003c514a5d3748f29611c4c0","content/history/biographies/kurt-goedel.tex","774b6ae4b65b84158c18a0d1592e62253b88f8440456f2003df0111358975529","3719","81","536","true","true","625","canonical_complete_reader_reachable","Reached by ordered depth-first replay from content/open-logic-about.tex then content/content.tex through uncommented olimport edges.","reader_unit","Kurt G\""odel","his","0","","","1","content/history/biographies/biographies.tex","0","","2","document:1|reading:1","0","0","1","0","0","0","0","0","0","0","0","0","0","0","0","12","0","locale/ar/content/history/biographies/kurt-goedel.tex","PENDING","","PENDING","locale/fa-IR/content/history/biographies/kurt-goedel.tex","PENDING","","PENDING","PENDING"
"OLP-0626","626","9620cc73f9c8e0ad003c514a5d3748f29611c4c0","content/history/biographies/emmy-noether.tex","db8ba1078c0380309e686bb69373a26782ec90539880fff48d2cf4e08b89247b","3810","76","537","true","true","626","canonical_complete_reader_reachable","Reached by ordered depth-first replay from content/open-logic-about.tex then content/content.tex through uncommented olimport edges.","reader_unit","Emmy Noether","his","0","","","1","content/history/biographies/biographies.tex","0","","2","document:1|reading:1","0","0","1","0","0","0","0","0","0","0","0","0","0","0","0","5","3","locale/ar/content/history/biographies/emmy-noether.tex","PENDING","","PENDING","locale/fa-IR/content/history/biographies/emmy-noether.tex","PENDING","","PENDING","PENDING"
"OLP-0627","627","9620cc73f9c8e0ad003c514a5d3748f29611c4c0","content/history/biographies/rozsa-peter.tex","7f2a2184f5f6fef0e4b236ca0f55db386e9cdb3c241c6296d4ab4f31deff7955","3756","77","563","true","true","627","canonical_complete_reader_reachable","Reached by ordered depth-first replay from content/open-logic-about.tex then content/content.tex through uncommented olimport edges.","reader_unit","R\'ozsa P\'eter","his","0","","","1","content/history/biographies/biographies.tex","0","","2","document:1|reading:1","0","0","1","0","0","0","0","0","0","0","0","0","0","0","0","7","0","locale/ar/content/history/biographies/rozsa-peter.tex","PENDING","","PENDING","locale/fa-IR/content/history/biographies/rozsa-peter.tex","PENDING","","PENDING","PENDING"
"OLP-0628","628","9620cc73f9c8e0ad003c514a5d3748f29611c4c0","content/history/biographies/julia-robinson.tex","bf33d0298a815add622d73d8c7bab3431eca05379f56a570eb8834fe490b84f0","4861","93","696","true","true","628","canonical_complete_reader_reachable","Reached by ordered depth-first replay from content/open-logic-about.tex then content/content.tex through uncommented olimport edges.","reader_unit","Julia Robinson","his","0","","","1","content/history/biographies/biographies.tex","0","","2","document:1|reading:1","0","0","1","0","0","0","0","0","0","0","0","0","0","0","0","11","1","locale/ar/content/history/biographies/julia-robinson.tex","PENDING","","PENDING","locale/fa-IR/content/history/biographies/julia-robinson.tex","PENDING","","PENDING","PENDING"
"OLP-0629","629","9620cc73f9c8e0ad003c514a5d3748f29611c4c0","content/history/biographies/bertrand-russell.tex","26988d38ef22124806835047b5cf8155e76655d11c66a86158a14ed07519c081","3364","71","466","true","true","629","canonical_complete_reader_reachable","Reached by ordered depth-first replay from content/open-logic-about.tex then content/content.tex through uncommented olimport edges.","reader_unit","Bertrand Russell","his","0","","","1","content/history/biographies/biographies.tex","0","","2","document:1|reading:1","0","0","1","0","0","0","0","0","0","0","0","0","0","0","0","6","0","locale/ar/content/history/biographies/bertrand-russell.tex","PENDING","","PENDING","locale/fa-IR/content/history/biographies/bertrand-russell.tex","PENDING","","PENDING","PENDING"
"OLP-0630","630","9620cc73f9c8e0ad003c514a5d3748f29611c4c0","content/history/biographies/alfred-tarski.tex","8203154440eba980439cd72fbbcc3503654c4d023c1eb6721ce9f5120b73895f","2430","55","353","true","true","630","canonical_complete_reader_reachable","Reached by ordered depth-first replay from content/open-logic-about.tex then content/content.tex through uncommented olimport edges.","reader_unit","Alfred Tarski","his","0","","","1","content/history/biographies/biographies.tex","0","","2","document:1|reading:1","0","0","1","0","0","0","0","0","0","0","0","0","0","0","0","3","0","locale/ar/content/history/biographies/alfred-tarski.tex","PENDING","","PENDING","locale/fa-IR/content/history/biographies/alfred-tarski.tex","PENDING","","PENDING","PENDING"
"OLP-0631","631","9620cc73f9c8e0ad003c514a5d3748f29611c4c0","content/history/biographies/alan-turing.tex","ec91b61db399f1f5f6421f68bb095df943591c0f0d2428f3bedd36059397c1cd","3694","78","531","true","true","631","canonical_complete_reader_reachable","Reached by ordered depth-first replay from content/open-logic-about.tex then content/content.tex through uncommented olimport edges.","reader_unit","Alan Turing","his","0","","","1","content/history/biographies/biographies.tex","0","","2","document:1|reading:1","0","0","1","0","0","0","0","0","0","0","0","0","0","0","0","6","0","locale/ar/content/history/biographies/alan-turing.tex","PENDING","","PENDING","locale/fa-IR/content/history/biographies/alan-turing.tex","PENDING","","PENDING","PENDING"
"OLP-0632","632","9620cc73f9c8e0ad003c514a5d3748f29611c4c0","content/history/biographies/ernst-zermelo.tex","d8bfb0c221d8b32c6afd40006964d1e17c320e08b31ff915b1d2a9feb68c82ce","2703","60","375","true","true","632","canonical_complete_reader_reachable","Reached by ordered depth-first replay from content/open-logic-about.tex then content/content.tex through uncommented olimport edges.","reader_unit","Ernst Zermelo","his","0","","","1","content/history/biographies/biographies.tex","0","","2","document:1|reading:1","0","0","1","0","0","0","0","0","0","0","0","0","0","0","0","3","0","locale/ar/content/history/biographies/ernst-zermelo.tex","PENDING","","PENDING","locale/fa-IR/content/history/biographies/ernst-zermelo.tex","PENDING","","PENDING","PENDING"
"OLP-0633","633","9620cc73f9c8e0ad003c514a5d3748f29611c4c0","content/history/set-theory/set-theory.tex","82d3ad3c4515616475879c280ebe41e74667f20f6b5a2a055d5ebfed620ae66c","475","23","38","true","true","633","canonical_complete_reader_reachable","Reached by ordered depth-first replay from content/open-logic-about.tex then content/content.tex through uncommented olimport edges.","chapter_driver","History and Mythology of Set Theory","","6","content/history/set-theory/infinitesimals.tex|content/history/set-theory/limits.tex|content/history/set-theory/pathologies.tex|content/history/set-theory/mythology.tex|content/history/set-theory/cantor-plane.tex|content/history/set-theory/hilbert-curve.tex","","1","content/history/history.tex","0","","2","document:1|editorial:1","0","1","0","0","0","0","0","0","0","0","0","0","0","0","0","0","0","locale/ar/content/history/set-theory/set-theory.tex","PENDING","","PENDING","locale/fa-IR/content/history/set-theory/set-theory.tex","PENDING","","PENDING","PENDING"
"OLP-0634","634","9620cc73f9c8e0ad003c514a5d3748f29611c4c0","content/history/set-theory/infinitesimals.tex","3786a8e92d38becf74effa7b233c16f9bca37d5f6b0ac90d7049e71e77118436","4466","95","551","true","true","634","canonical_complete_reader_reachable","Reached by ordered depth-first replay from content/open-logic-about.tex then content/content.tex through uncommented olimport edges.","reader_unit","Infinitesimals and Differentiation","his","0","","","1","content/history/set-theory/set-theory.tex","0","","5","center:1|document:1|quote:2|tikzpicture:1","0","0","1","0","0","0","0","0","0","0","0","0","1","0","0","2","26","locale/ar/content/history/set-theory/infinitesimals.tex","PENDING","","PENDING","locale/fa-IR/content/history/set-theory/infinitesimals.tex","PENDING","","PENDING","PENDING"
"OLP-0635","635","9620cc73f9c8e0ad003c514a5d3748f29611c4c0","content/history/set-theory/limits.tex","df5d36d65e7abafe7503527229866dfc618527177e567b16ce33ec01c683783d","4097","94","558","true","true","635","canonical_complete_reader_reachable","Reached by ordered depth-first replay from content/open-logic-about.tex then content/content.tex through uncommented olimport edges.","reader_unit","Rigorous Definition of Limits","his","0","","","1","content/history/set-theory/set-theory.tex","0","","4","center:2|document:1|tikzpicture:1","0","0","1","0","0","0","0","0","0","0","0","0","1","0","0","0","53","locale/ar/content/history/set-theory/limits.tex","PENDING","","PENDING","locale/fa-IR/content/history/set-theory/limits.tex","PENDING","","PENDING","PENDING"
"OLP-0636","636","9620cc73f9c8e0ad003c514a5d3748f29611c4c0","content/history/set-theory/pathologies.tex","e48c454ab4d3058f89b6ce709da28387e9d633459425ffac9cd67b64d3de96e8","5672","109","792","true","true","636","canonical_complete_reader_reachable","Reached by ordered depth-first replay from content/open-logic-about.tex then content/content.tex through uncommented olimport edges.","reader_unit","Pathologies","his","0","","","1","content/history/set-theory/set-theory.tex","0","","10","center:1|document:1|quote:1|scope:6|tikzpicture:1","0","0","1","0","0","0","0","0","0","0","0","0","1","0","3","4","1","locale/ar/content/history/set-theory/pathologies.tex","PENDING","","PENDING","locale/fa-IR/content/history/set-theory/pathologies.tex","PENDING","","PENDING","PENDING"
"OLP-0637","637","9620cc73f9c8e0ad003c514a5d3748f29611c4c0","content/history/set-theory/mythology.tex","2ffceffef7cc6445f66391a252c598448190642ea60f60a748c6fe5e6a1ec55e","2243","50","341","true","true","637","canonical_complete_reader_reachable","Reached by ordered depth-first replay from content/open-logic-about.tex then content/content.tex through uncommented olimport edges.","reader_unit","More Myth than History?","his","0","","","1","content/history/set-theory/set-theory.tex","0","","2","document:1|quote:1","0","0","1","0","0","0","0","0","0","0","0","0","0","0","1","4","0","locale/ar/content/history/set-theory/mythology.tex","PENDING","","PENDING","locale/fa-IR/content/history/set-theory/mythology.tex","PENDING","","PENDING","PENDING"
"OLP-0638","638","9620cc73f9c8e0ad003c514a5d3748f29611c4c0","content/history/set-theory/cantor-plane.tex","6abfeede65f95ac668d6e679053e537b0beb2ffcd566c1cdbdc223b0b767c737","3408","80","448","true","true","638","canonical_complete_reader_reachable","Reached by ordered depth-first replay from content/open-logic-about.tex then content/content.tex through uncommented olimport edges.","reader_unit","Cantor on the Line and the Plane","his","0","","","1","content/history/set-theory/set-theory.tex","0","","6","align*:2|document:1|proof:2|thm:1","0","0","1","0","1","0","0","0","0","0","2","0","0","0","3","0","42","locale/ar/content/history/set-theory/cantor-plane.tex","PENDING","","PENDING","locale/fa-IR/content/history/set-theory/cantor-plane.tex","PENDING","","PENDING","PENDING"
"OLP-0639","639","9620cc73f9c8e0ad003c514a5d3748f29611c4c0","content/history/set-theory/hilbert-curve.tex","bda8e7a38876ea87b03d2564ab16b39e2b1d1d6ec75a73fae27ca1faa73ab832","8390","150","1192","true","true","639","canonical_complete_reader_reachable","Reached by ordered depth-first replay from content/open-logic-about.tex then content/content.tex through uncommented olimport edges.","reader_unit","Appendix: Hilbert's Space-filling Curves","his","0","","","1","content/history/set-theory/set-theory.tex","0","","18","align*:1|center:3|defn:1|document:1|scope:9|tikzpicture:3","0","0","1","1","0","0","0","0","0","0","0","0","3","0","3","1","89","locale/ar/content/history/set-theory/hilbert-curve.tex","PENDING","","PENDING","locale/fa-IR/content/history/set-theory/hilbert-curve.tex","PENDING","","PENDING","PENDING"
"OLP-0640","640","9620cc73f9c8e0ad003c514a5d3748f29611c4c0","content/reference/reference.tex","1e302b41c3baef0828d08807ae0e2d0579d07aeb7247a1dd2a6a8679a31208ed","426","21","37","true","true","640","canonical_complete_reader_reachable","Reached by ordered depth-first replay from content/open-logic-about.tex then content/content.tex through uncommented olimport edges.","part_driver","Reference","","2","content/reference/greek-alphabet/greek-alphabet.tex|content/reference/fraktur-alphabet/fraktur-alphabet.tex","","1","content/content.tex","0","","2","document:1|editorial:1","1","0","0","0","0","0","0","0","0","0","0","0","0","0","0","0","0","locale/ar/content/reference/reference.tex","PENDING","","PENDING","locale/fa-IR/content/reference/reference.tex","PENDING","","PENDING","PENDING"
"OLP-0641","641","9620cc73f9c8e0ad003c514a5d3748f29611c4c0","content/reference/greek-alphabet/greek-alphabet.tex","8f30ac2b643a8da42255f860baa3176b2ce87110d0f4a504cda6155c4b99c8c6","1017","39","56","true","true","641","canonical_complete_reader_reachable","Reached by ordered depth-first replay from content/open-logic-about.tex then content/content.tex through uncommented olimport edges.","chapter_driver","The Greek Alphabet","","0","","","1","content/reference/reference.tex","0","","3","center:1|document:1|tabular:1","0","1","0","0","0","0","0","0","0","0","0","0","0","0","0","0","48","locale/ar/content/reference/greek-alphabet/greek-alphabet.tex","PENDING","","PENDING","locale/fa-IR/content/reference/greek-alphabet/greek-alphabet.tex","PENDING","","PENDING","PENDING"
"OLP-0642","642","9620cc73f9c8e0ad003c514a5d3748f29611c4c0","content/reference/fraktur-alphabet/fraktur-alphabet.tex","746ec51566b461c16bdf153e75b4cac0655a5f34b21f17be95a878448a577e41","1527","41","122","true","true","642","canonical_complete_reader_reachable","Reached by ordered depth-first replay from content/open-logic-about.tex then content/content.tex through uncommented olimport edges.","chapter_driver","The Fraktur Alphabet","","0","","","1","content/reference/reference.tex","0","","3","center:1|document:1|tabular:1","0","1","0","0","0","0","0","0","0","0","0","0","0","0","0","0","52","locale/ar/content/reference/fraktur-alphabet/fraktur-alphabet.tex","PENDING","","PENDING","locale/fa-IR/content/reference/fraktur-alphabet/fraktur-alphabet.tex","PENDING","","PENDING","PENDING"
"OLP-0643","643","9620cc73f9c8e0ad003c514a5d3748f29611c4c0","content/first-order-logic/axiomatic-deduction/provability.tex","ce39569c807bdbe83a1d43638f94af123c5551e2c01487e7b38ef4c373d89022","12102","307","1216","true","false","","retained_english_content_other_not_imported_by_complete_reader","Retained because the controlling closure includes every tracked English content TeX file; reader reachability is scheduling metadata, not an exclusion rule.","reader_unit","","fol","0","","","0","","0","","34","derivation:9|document:1|enumerate:2|explain:1|itemize:1|lem:2|probtag:1|proof:8|prop:3|tagenumerate:2|thm:4","0","0","1","0","4","3","2","0","0","0","8","0","0","0","4","0","232","locale/ar/content/first-order-logic/axiomatic-deduction/provability.tex","PENDING","","PENDING","locale/fa-IR/content/first-order-logic/axiomatic-deduction/provability.tex","PENDING","","PENDING","PENDING"
"OLP-0644","644","9620cc73f9c8e0ad003c514a5d3748f29611c4c0","content/first-order-logic/completeness/maximally-consistent-sets.tex","c369885c6575d5106d042c4da0eca79b3bece0e49dcaf1e165d27691343ca82c","7179","168","765","true","false","","retained_english_content_other_not_imported_by_complete_reader","Retained because the controlling closure includes every tracked English content TeX file; reader reachability is scheduling metadata, not an exclusion rule.","reader_unit","","fol","0","","","0","","0","","11","defn:1|document:1|enumerate:4|explain:2|prob:1|proof:1|prop:1","0","0","1","1","0","1","0","0","0","1","1","0","0","0","8","0","118","locale/ar/content/first-order-logic/completeness/maximally-consistent-sets.tex","PENDING","","PENDING","locale/fa-IR/content/first-order-logic/completeness/maximally-consistent-sets.tex","PENDING","","PENDING","PENDING"
"OLP-0645","645","9620cc73f9c8e0ad003c514a5d3748f29611c4c0","content/first-order-logic/syntax-and-semantics/introduction.tex","88e9446773c05e0441662edac722b4bac4d10fc1793e0e924abc3488266b3c22","3648","71","541","true","false","","retained_english_content_other_not_imported_by_complete_reader","Retained because the controlling closure includes every tracked English content TeX file; reader reachability is scheduling metadata, not an exclusion rule.","reader_unit","Introduction","fol","0","","","1","content/first-order-logic/syntax-and-semantics/syntax-and-semantics.tex","0","","1","document:1","0","0","1","0","0","0","0","0","0","0","0","0","0","0","0","0","13","locale/ar/content/first-order-logic/syntax-and-semantics/introduction.tex","PENDING","","PENDING","locale/fa-IR/content/first-order-logic/syntax-and-semantics/introduction.tex","PENDING","","PENDING","PENDING"
"OLP-0646","646","9620cc73f9c8e0ad003c514a5d3748f29611c4c0","content/first-order-logic/syntax-and-semantics/syntax-and-semantics.tex","1880c6998c14e22cab80c82e365930f3d21a109bed8cbff73f0af1f493cfaa09","675","43","37","true","false","","retained_english_content_other_not_imported_by_complete_reader","Retained because the controlling closure includes every tracked English content TeX file; reader reachability is scheduling metadata, not an exclusion rule.","chapter_driver","Syntax and Semantics","","15","content/first-order-logic/syntax-and-semantics/introduction.tex|content/first-order-logic/syntax-and-semantics/first-order-languages.tex|content/first-order-logic/syntax-and-semantics/terms-formulas.tex|content/first-order-logic/syntax-and-semantics/unique-readability.tex|content/first-order-logic/syntax-and-semantics/main-operator.tex|content/first-order-logic/syntax-and-semantics/subformulas.tex|content/first-order-logic/syntax-and-semantics/formation-sequences.tex|content/first-order-logic/syntax-and-semantics/free-vars-sentences.tex|content/first-order-logic/syntax-and-semantics/substitution.tex|content/first-order-logic/syntax-and-semantics/structures.tex|content/first-order-logic/syntax-and-semantics/covered-structures.tex|content/first-order-logic/syntax-and-semantics/satisfaction.tex|content/first-order-logic/syntax-and-semantics/assignments.tex|content/first-order-logic/syntax-and-semantics/extensionality.tex|content/first-order-logic/syntax-and-semantics/semantic-notions.tex","","0","","0","","1","document:1","0","1","0","0","0","0","0","0","0","0","0","0","0","0","0","0","0","locale/ar/content/first-order-logic/syntax-and-semantics/syntax-and-semantics.tex","PENDING","","PENDING","locale/fa-IR/content/first-order-logic/syntax-and-semantics/syntax-and-semantics.tex","PENDING","","PENDING","PENDING"
"OLP-0647","647","9620cc73f9c8e0ad003c514a5d3748f29611c4c0","content/incompleteness/representability-in-q/c-representable.tex","0703dafc87bb4ccd5c6eeb697d51c70f9baac3cacca4d464f007210d9e873216","7773","189","1099","true","false","","retained_english_content_other_not_imported_by_complete_reader","Retained because the controlling closure includes every tracked English content TeX file; reader reachability is scheduling metadata, not an exclusion rule.","reader_unit","","inc","0","","","0","","0","","12","document:1|enumerate:1|eqnarray*:2|explain:1|lem:3|multline*:1|proof:3","0","0","1","0","0","0","3","0","0","0","3","0","0","0","0","0","132","locale/ar/content/incompleteness/representability-in-q/c-representable.tex","PENDING","","PENDING","locale/fa-IR/content/incompleteness/representability-in-q/c-representable.tex","PENDING","","PENDING","PENDING"
"OLP-0648","648","9620cc73f9c8e0ad003c514a5d3748f29611c4c0","content/incompleteness/representability-in-q/c.tex","6a6a1f8aaa86664555249c132e8ffc3b4d6cc1b3cccd1a71c3259410202b0752","1118","39","125","true","false","","retained_english_content_other_not_imported_by_complete_reader","Retained because the controlling closure includes every tracked English content TeX file; reader reachability is scheduling metadata, not an exclusion rule.","reader_unit","The Functions $C$","inc","0","","","0","","0","","3","document:1|enumerate:2","0","0","1","0","0","0","0","0","0","0","0","0","0","0","0","0","9","locale/ar/content/incompleteness/representability-in-q/c.tex","PENDING","","PENDING","locale/fa-IR/content/incompleteness/representability-in-q/c.tex","PENDING","","PENDING","PENDING"
"OLP-0649","649","9620cc73f9c8e0ad003c514a5d3748f29611c4c0","content/intuitionistic-logic/semantics/propositions.tex","2b6f494870916b37912a5208ed6e9203b0631f9538169a7e9a5a825e51802061","1407","53","140","true","false","","retained_english_content_other_not_imported_by_complete_reader","Retained because the controlling closure includes every tracked English content TeX file; reader reachability is scheduling metadata, not an exclusion rule.","reader_unit","Propositions","int","0","","","0","","0","","6","defn:1|document:1|enumerate:1|prob:1|proof:1|prop:1","0","0","1","1","0","1","0","0","0","1","1","0","0","0","1","0","23","locale/ar/content/intuitionistic-logic/semantics/propositions.tex","PENDING","","PENDING","locale/fa-IR/content/intuitionistic-logic/semantics/propositions.tex","PENDING","","PENDING","PENDING"
"OLP-0650","650","9620cc73f9c8e0ad003c514a5d3748f29611c4c0","content/lambda-calculus/lambda-definability/lists.tex","c7121718f9c43522034b81adec1250c53177131538ffcfc8aceca2762a17b1bd","1703","52","224","true","false","","retained_english_content_other_not_imported_by_complete_reader","Retained because the controlling closure includes every tracked English content TeX file; reader reachability is scheduling metadata, not an exclusion rule.","reader_unit","Lists","lam","0","","","0","","0","","5","align*:1|digress:1|document:1|prob:2","0","0","1","0","0","0","0","0","0","2","0","0","0","0","0","0","9","locale/ar/content/lambda-calculus/lambda-definability/lists.tex","PENDING","","PENDING","locale/fa-IR/content/lambda-calculus/lambda-definability/lists.tex","PENDING","","PENDING","PENDING"
"OLP-0651","651","9620cc73f9c8e0ad003c514a5d3748f29611c4c0","content/lambda-calculus/syntax/conversion.tex","fa3c320d448b1b0ae122af52bcd4db08771cb04568874d2e77e58f73345248d9","659","23","70","true","false","","retained_english_content_other_not_imported_by_complete_reader","Retained because the controlling closure includes every tracked English content TeX file; reader reachability is scheduling metadata, not an exclusion rule.","reader_unit","Conversion and Reduction","lam","0","","","0","","0","","1","document:1","0","0","1","0","0","0","0","0","0","0","0","0","0","0","0","0","3","locale/ar/content/lambda-calculus/syntax/conversion.tex","PENDING","","PENDING","locale/fa-IR/content/lambda-calculus/syntax/conversion.tex","PENDING","","PENDING","PENDING"
"OLP-0652","652","9620cc73f9c8e0ad003c514a5d3748f29611c4c0","content/many-valued-logic/sequent-calculus/proof-theoretic-notions.tex","932f852e0aa0fbcfeb0398de561bdcfab8be88a8865fdad6d54b68fdbe0d9ec0","5882","164","568","true","false","","retained_english_content_other_not_imported_by_complete_reader","Retained because the controlling closure includes every tracked English content TeX file; reader reachability is scheduling metadata, not an exclusion rule.","reader_unit","Proof-Theoretic Notions","mvl","0","","","0","","0","","20","defn:3|document:1|enumerate:2|explain:1|prob:1|proof:5|prooftree:2|prop:5","0","0","1","3","0","5","0","0","0","1","5","0","0","0","1","0","99","locale/ar/content/many-valued-logic/sequent-calculus/proof-theoretic-notions.tex","PENDING","","PENDING","locale/fa-IR/content/many-valued-logic/sequent-calculus/proof-theoretic-notions.tex","PENDING","","PENDING","PENDING"
"OLP-0653","653","9620cc73f9c8e0ad003c514a5d3748f29611c4c0","content/model-theory/basics/nonstandard-arithmetic.tex","dd7b887e3d6de8666302d81e5049e5de34c22701b3fbcc2ad33cb2f29a0b8948","11319","229","1570","true","false","","retained_english_content_other_not_imported_by_complete_reader","Retained because the controlling closure includes every tracked English content TeX file; reader reachability is scheduling metadata, not an exclusion rule.","reader_unit","","mod","0","","","0","","0","","10","defn:2|document:1|enumerate:2|prob:3|proof:1|thm:1","0","0","1","2","1","0","0","0","0","3","1","0","0","0","4","0","248","locale/ar/content/model-theory/basics/nonstandard-arithmetic.tex","PENDING","","PENDING","locale/fa-IR/content/model-theory/basics/nonstandard-arithmetic.tex","PENDING","","PENDING","PENDING"
"OLP-0654","654","9620cc73f9c8e0ad003c514a5d3748f29611c4c0","content/normal-modal-logic/syntax-and-semantics/normal-modal-logics.tex","fef4ca446bce14d7a56030aed9e59c929a7a3c262850b88077498beba1a856ef","2444","65","321","true","false","","retained_english_content_other_not_imported_by_complete_reader","Retained because the controlling closure includes every tracked English content TeX file; reader reachability is scheduling metadata, not an exclusion rule.","reader_unit","Normal Modal Logics","nml","0","","","0","","0","","8","align:1|defn:2|document:1|enumerate:3|ex:1","0","0","1","2","0","0","0","0","1","0","0","0","0","1","0","0","8","locale/ar/content/normal-modal-logic/syntax-and-semantics/normal-modal-logics.tex","PENDING","","PENDING","locale/fa-IR/content/normal-modal-logic/syntax-and-semantics/normal-modal-logics.tex","PENDING","","PENDING","PENDING"
"OLP-0655","655","9620cc73f9c8e0ad003c514a5d3748f29611c4c0","content/proof-theory/cut-elimination/ce-largest.tex","64ec0682ec49bb67f7e7078f615bf988dea82ff6061a577f8b8d2321480e340f","14795","340","1736","true","false","","retained_english_content_proof_theory_not_imported_by_complete_reader","Retained because the controlling closure includes every tracked English content TeX file; reader reachability is scheduling metadata, not an exclusion rule.","reader_unit","Removing Largest Cuts","pt","0","","","1","content/proof-theory/cut-elimination/cut-elimination.tex","0","","9","document:1|enumerate:1|lem:2|prob:1|proof:3|thm:1","0","0","1","0","1","0","2","0","0","1","3","0","0","0","20","0","256","locale/ar/content/proof-theory/cut-elimination/ce-largest.tex","PENDING","","PENDING","locale/fa-IR/content/proof-theory/cut-elimination/ce-largest.tex","PENDING","","PENDING","PENDING"
"OLP-0656","656","9620cc73f9c8e0ad003c514a5d3748f29611c4c0","content/proof-theory/cut-elimination/ce-topmost.tex","23f7c0ab26f8ab7c5db86c56f83287df46fc8dd6473632632b77ea59bfea7a80","23540","643","2334","true","false","","retained_english_content_proof_theory_not_imported_by_complete_reader","Retained because the controlling closure includes every tracked English content TeX file; reader reachability is scheduling metadata, not an exclusion rule.","reader_unit","Removing Topmost Cuts","pt","0","","","1","content/proof-theory/cut-elimination/cut-elimination.tex","0","","12","center:1|defn:1|document:1|enumerate:1|lem:1|prob:4|proof:2|thm:1","0","0","1","1","1","0","1","0","0","4","2","0","0","0","15","0","454","locale/ar/content/proof-theory/cut-elimination/ce-topmost.tex","PENDING","","PENDING","locale/fa-IR/content/proof-theory/cut-elimination/ce-topmost.tex","PENDING","","PENDING","PENDING"
"OLP-0657","657","9620cc73f9c8e0ad003c514a5d3748f29611c4c0","content/proof-theory/cut-elimination/cut-elimination.tex","e99ff46f34ae092bc70018d621f18bfc6b5b08957f62eb5a81ec2615c2fd8953","336","19","18","true","false","","retained_english_content_proof_theory_not_imported_by_complete_reader","Retained because the controlling closure includes every tracked English content TeX file; reader reachability is scheduling metadata, not an exclusion rule.","chapter_driver","Cut Elimination","","5","content/proof-theory/cut-elimination/introduction.tex|content/proof-theory/cut-elimination/ce-topmost.tex|content/proof-theory/cut-elimination/ce-largest.tex|content/proof-theory/cut-elimination/midsequent.tex|content/proof-theory/cut-elimination/interpolation.tex","","1","content/proof-theory/proof-theory.tex","0","","1","document:1","0","1","0","0","0","0","0","0","0","0","0","0","0","0","0","0","0","locale/ar/content/proof-theory/cut-elimination/cut-elimination.tex","PENDING","","PENDING","locale/fa-IR/content/proof-theory/cut-elimination/cut-elimination.tex","PENDING","","PENDING","PENDING"
"OLP-0658","658","9620cc73f9c8e0ad003c514a5d3748f29611c4c0","content/proof-theory/cut-elimination/interpolation.tex","bbc03497792453598681584f4aa58b8a9bbcac9c3fb288fd71c794e1cfed6a0c","26938","595","2597","true","false","","retained_english_content_proof_theory_not_imported_by_complete_reader","Retained because the controlling closure includes every tracked English content TeX file; reader reachability is scheduling metadata, not an exclusion rule.","reader_unit","Maehara's Lemma and Craig's Interpolation Theorem","pt","0","","","1","content/proof-theory/cut-elimination/cut-elimination.tex","0","","20","align*:8|document:1|enumerate:2|lem:2|prob:1|proof:4|thm:2","0","0","1","0","2","0","2","0","0","1","4","0","0","0","3","0","356","locale/ar/content/proof-theory/cut-elimination/interpolation.tex","PENDING","","PENDING","locale/fa-IR/content/proof-theory/cut-elimination/interpolation.tex","PENDING","","PENDING","PENDING"
"OLP-0659","659","9620cc73f9c8e0ad003c514a5d3748f29611c4c0","content/proof-theory/cut-elimination/introduction.tex","29f5d3373c0ead285b26a31c1349d79eadb0d871fdb8b9b2c8e4e7fcaa8f012c","5370","110","778","true","false","","retained_english_content_proof_theory_not_imported_by_complete_reader","Retained because the controlling closure includes every tracked English content TeX file; reader reachability is scheduling metadata, not an exclusion rule.","reader_unit","Introduction","pt","0","","","1","content/proof-theory/cut-elimination/cut-elimination.tex","0","","1","document:1","0","0","1","0","0","0","0","0","0","0","0","0","0","0","0","0","18","locale/ar/content/proof-theory/cut-elimination/introduction.tex","PENDING","","PENDING","locale/fa-IR/content/proof-theory/cut-elimination/introduction.tex","PENDING","","PENDING","PENDING"
"OLP-0660","660","9620cc73f9c8e0ad003c514a5d3748f29611c4c0","content/proof-theory/cut-elimination/intuitionistic.tex","860312dea2eabc1f0dad2257edf368b5a6f2202a4760401495485bf8d5299c25","2202","71","113","true","false","","retained_english_content_proof_theory_not_imported_by_complete_reader","Retained because the controlling closure includes every tracked English content TeX file; reader reachability is scheduling metadata, not an exclusion rule.","auxiliary_fragment","","","0","","","0","","0","","0","","0","0","0","0","0","0","0","0","0","0","0","0","0","0","1","0","44","locale/ar/content/proof-theory/cut-elimination/intuitionistic.tex","PENDING","","PENDING","locale/fa-IR/content/proof-theory/cut-elimination/intuitionistic.tex","PENDING","","PENDING","PENDING"
"OLP-0661","661","9620cc73f9c8e0ad003c514a5d3748f29611c4c0","content/proof-theory/cut-elimination/midsequent.tex","43256252e3edd0d03b8e10d16dc26bb972c63982700e939e92341e2cd4fb1714","11995","255","1442","true","false","","retained_english_content_proof_theory_not_imported_by_complete_reader","Retained because the controlling closure includes every tracked English content TeX file; reader reachability is scheduling metadata, not an exclusion rule.","reader_unit","The Midsequent Theorem and Herbrand's Theorem","pt","0","","","1","content/proof-theory/cut-elimination/cut-elimination.tex","0","","6","document:1|prob:1|proof:2|thm:2","0","0","1","0","2","0","0","0","0","1","2","0","0","0","2","0","169","locale/ar/content/proof-theory/cut-elimination/midsequent.tex","PENDING","","PENDING","locale/fa-IR/content/proof-theory/cut-elimination/midsequent.tex","PENDING","","PENDING","PENDING"
"OLP-0662","662","9620cc73f9c8e0ad003c514a5d3748f29611c4c0","content/proof-theory/natural-deduction/grafting.tex","36f20c49cf1442555849d58b691558280acacf07ed706376ca96b41fec5ce367","3259","84","409","true","false","","retained_english_content_proof_theory_not_imported_by_complete_reader","Retained because the controlling closure includes every tracked English content TeX file; reader reachability is scheduling metadata, not an exclusion rule.","reader_unit","","pt","0","","","1","content/proof-theory/natural-deduction/natural-deduction.tex","0","","5","defn:2|document:1|proof:1|prop:1","0","0","1","2","0","1","0","0","0","0","1","0","0","0","0","0","56","locale/ar/content/proof-theory/natural-deduction/grafting.tex","PENDING","","PENDING","locale/fa-IR/content/proof-theory/natural-deduction/grafting.tex","PENDING","","PENDING","PENDING"
"OLP-0663","663","9620cc73f9c8e0ad003c514a5d3748f29611c4c0","content/proof-theory/natural-deduction/introduction.tex","4a7afe4fd8c0f248d291ad17853b266b4150a6fd53a0635013c488aabbc7018b","5405","112","752","true","false","","retained_english_content_proof_theory_not_imported_by_complete_reader","Retained because the controlling closure includes every tracked English content TeX file; reader reachability is scheduling metadata, not an exclusion rule.","reader_unit","Introduction","pt","0","","","1","content/proof-theory/natural-deduction/natural-deduction.tex","0","","1","document:1","0","0","1","0","0","0","0","0","0","0","0","0","0","0","0","0","48","locale/ar/content/proof-theory/natural-deduction/introduction.tex","PENDING","","PENDING","locale/fa-IR/content/proof-theory/natural-deduction/introduction.tex","PENDING","","PENDING","PENDING"
"OLP-0664","664","9620cc73f9c8e0ad003c514a5d3748f29611c4c0","content/proof-theory/natural-deduction/natural-deduction.tex","3d1b130e65a4988520a1a0e0bfb1b72c140d5279b23cebd995f01d69755083f6","392","21","23","true","false","","retained_english_content_proof_theory_not_imported_by_complete_reader","Retained because the controlling closure includes every tracked English content TeX file; reader reachability is scheduling metadata, not an exclusion rule.","chapter_driver","Natural Deduction","","7","content/proof-theory/natural-deduction/introduction.tex|content/proof-theory/natural-deduction/rules-proofs.tex|content/proof-theory/natural-deduction/sequents.tex|content/proof-theory/natural-deduction/quantifiers.tex|content/proof-theory/natural-deduction/grafting.tex|content/proof-theory/natural-deduction/translation-G2i.tex|content/proof-theory/natural-deduction/translation-N2i.tex","","1","content/proof-theory/proof-theory.tex","0","","1","document:1","0","1","0","0","0","0","0","0","0","0","0","0","0","0","0","0","0","locale/ar/content/proof-theory/natural-deduction/natural-deduction.tex","PENDING","","PENDING","locale/fa-IR/content/proof-theory/natural-deduction/natural-deduction.tex","PENDING","","PENDING","PENDING"
"OLP-0665","665","9620cc73f9c8e0ad003c514a5d3748f29611c4c0","content/proof-theory/natural-deduction/quantifiers.tex","f659fa8c840e145231972ce409fbbde75eeb7e42ec4cefc4f4317b244c83a528","7437","192","839","true","false","","retained_english_content_proof_theory_not_imported_by_complete_reader","Retained because the controlling closure includes every tracked English content TeX file; reader reachability is scheduling metadata, not an exclusion rule.","reader_unit","","pt","0","","","1","content/proof-theory/natural-deduction/natural-deduction.tex","0","","9","defn:1|document:1|enumerate:2|lem:1|prob:1|proof:2|prop:1","0","0","1","1","0","1","1","0","0","1","2","0","0","0","3","0","131","locale/ar/content/proof-theory/natural-deduction/quantifiers.tex","PENDING","","PENDING","locale/fa-IR/content/proof-theory/natural-deduction/quantifiers.tex","PENDING","","PENDING","PENDING"
"OLP-0666","666","9620cc73f9c8e0ad003c514a5d3748f29611c4c0","content/proof-theory/natural-deduction/rules-N1.tex","235d43cc5cf2fb2c3730d1fdd08cebffa5a5c618ea4cf6e49dafec7a1782ee0c","2784","135","142","true","false","","retained_english_content_proof_theory_not_imported_by_complete_reader","Retained because the controlling closure includes every tracked English content TeX file; reader reachability is scheduling metadata, not an exclusion rule.","auxiliary_fragment","","","0","","","0","","0","","6","center:1|document:1|table:1|tabular:3","0","0","0","0","0","0","0","0","0","0","0","0","0","0","0","0","48","locale/ar/content/proof-theory/natural-deduction/rules-N1.tex","PENDING","","PENDING","locale/fa-IR/content/proof-theory/natural-deduction/rules-N1.tex","PENDING","","PENDING","PENDING"
"OLP-0667","667","9620cc73f9c8e0ad003c514a5d3748f29611c4c0","content/proof-theory/natural-deduction/rules-N2.tex","de8762e959e0af5bbe4408c47e504971dd708b417ae05b4d4d68a09a0f9491dd","2991","111","148","true","false","","retained_english_content_proof_theory_not_imported_by_complete_reader","Retained because the controlling closure includes every tracked English content TeX file; reader reachability is scheduling metadata, not an exclusion rule.","auxiliary_fragment","","","0","","","0","","0","","5","document:1|table:1|tabular:3","0","0","0","0","0","0","0","0","0","0","0","0","0","0","0","0","44","locale/ar/content/proof-theory/natural-deduction/rules-N2.tex","PENDING","","PENDING","locale/fa-IR/content/proof-theory/natural-deduction/rules-N2.tex","PENDING","","PENDING","PENDING"
"OLP-0668","668","9620cc73f9c8e0ad003c514a5d3748f29611c4c0","content/proof-theory/natural-deduction/rules-proofs.tex","401980e35bc8666a063fa4c30c545afd56cb0e5a95993c1c710e8e0cb15509e1","11080","293","1255","true","false","","retained_english_content_proof_theory_not_imported_by_complete_reader","Retained because the controlling closure includes every tracked English content TeX file; reader reachability is scheduling metadata, not an exclusion rule.","reader_unit","","pt","0","","","1","content/proof-theory/natural-deduction/natural-deduction.tex","1","rules-N1","6","defn:2|document:1|enumerate:2|ex:1","0","0","1","2","0","0","0","0","1","0","0","0","0","0","1","0","173","locale/ar/content/proof-theory/natural-deduction/rules-proofs.tex","PENDING","","PENDING","locale/fa-IR/content/proof-theory/natural-deduction/rules-proofs.tex","PENDING","","PENDING","PENDING"
"OLP-0669","669","9620cc73f9c8e0ad003c514a5d3748f29611c4c0","content/proof-theory/natural-deduction/sequents.tex","7bbcd1e76eea4d6e21e06a63ce38207f393e0e326d4a1c089f2ba2289cb2c865","5778","161","679","true","false","","retained_english_content_proof_theory_not_imported_by_complete_reader","Retained because the controlling closure includes every tracked English content TeX file; reader reachability is scheduling metadata, not an exclusion rule.","reader_unit","","pt","0","","","1","content/proof-theory/natural-deduction/natural-deduction.tex","1","rules-N2","5","document:1|proof:2|prop:2","0","0","1","0","0","2","0","0","0","0","2","0","0","0","1","0","98","locale/ar/content/proof-theory/natural-deduction/sequents.tex","PENDING","","PENDING","locale/fa-IR/content/proof-theory/natural-deduction/sequents.tex","PENDING","","PENDING","PENDING"
"OLP-0670","670","9620cc73f9c8e0ad003c514a5d3748f29611c4c0","content/proof-theory/natural-deduction/translation-G2i.tex","77ca62c0fbd87b5453d2e3684f3bc8fc4552267948dd31c62cd9093c77472393","8642","206","815","true","false","","retained_english_content_proof_theory_not_imported_by_complete_reader","Retained because the controlling closure includes every tracked English content TeX file; reader reachability is scheduling metadata, not an exclusion rule.","reader_unit","","pt","0","","","1","content/proof-theory/natural-deduction/natural-deduction.tex","0","","4","document:1|enumerate:1|proof:1|prop:1","0","0","1","0","0","1","0","0","0","0","1","0","0","0","0","0","210","locale/ar/content/proof-theory/natural-deduction/translation-G2i.tex","PENDING","","PENDING","locale/fa-IR/content/proof-theory/natural-deduction/translation-G2i.tex","PENDING","","PENDING","PENDING"
"OLP-0671","671","9620cc73f9c8e0ad003c514a5d3748f29611c4c0","content/proof-theory/natural-deduction/translation-N2i.tex","d86df7cf8214e1be21b79edb8b2403189d9e5aea9655c9d0a289f15a06f70085","4372","124","351","true","false","","retained_english_content_proof_theory_not_imported_by_complete_reader","Retained because the controlling closure includes every tracked English content TeX file; reader reachability is scheduling metadata, not an exclusion rule.","reader_unit","","pt","0","","","1","content/proof-theory/natural-deduction/natural-deduction.tex","0","","4","document:1|enumerate:1|proof:1|prop:1","0","0","1","0","0","1","0","0","0","0","1","0","0","0","0","0","93","locale/ar/content/proof-theory/natural-deduction/translation-N2i.tex","PENDING","","PENDING","locale/fa-IR/content/proof-theory/natural-deduction/translation-N2i.tex","PENDING","","PENDING","PENDING"
"OLP-0672","672","9620cc73f9c8e0ad003c514a5d3748f29611c4c0","content/proof-theory/normalization/introduction.tex","e7d822cb037c302eab15903e0b9111f4143cf9feab4dbb2e22e8c3411bc88f89","2448","61","333","true","false","","retained_english_content_proof_theory_not_imported_by_complete_reader","Retained because the controlling closure includes every tracked English content TeX file; reader reachability is scheduling metadata, not an exclusion rule.","reader_unit","Introduction","pt","0","","","1","content/proof-theory/normalization/normalization.tex","0","","1","document:1","0","0","1","0","0","0","0","0","0","0","0","0","0","0","0","0","21","locale/ar/content/proof-theory/normalization/introduction.tex","PENDING","","PENDING","locale/fa-IR/content/proof-theory/normalization/introduction.tex","PENDING","","PENDING","PENDING"
"OLP-0673","673","9620cc73f9c8e0ad003c514a5d3748f29611c4c0","content/proof-theory/normalization/normalization-thm.tex","9d53604ab4e2466f9f7494374dd967a9f267ea1cb1843860c088444af7b56862","2318","58","321","true","false","","retained_english_content_proof_theory_not_imported_by_complete_reader","Retained because the controlling closure includes every tracked English content TeX file; reader reachability is scheduling metadata, not an exclusion rule.","reader_unit","The Normalization Theorem","pt","0","","","1","content/proof-theory/normalization/normalization.tex","0","","4","document:1|proof:1|thm:2","0","0","1","0","2","0","0","0","0","0","1","0","0","0","0","0","11","locale/ar/content/proof-theory/normalization/normalization-thm.tex","PENDING","","PENDING","locale/fa-IR/content/proof-theory/normalization/normalization-thm.tex","PENDING","","PENDING","PENDING"
"OLP-0674","674","9620cc73f9c8e0ad003c514a5d3748f29611c4c0","content/proof-theory/normalization/normalization.tex","be1be227ff38872ed4194551daf55be05c765cf66e83498cc08d0d6c8844cd57","361","20","17","true","false","","retained_english_content_proof_theory_not_imported_by_complete_reader","Retained because the controlling closure includes every tracked English content TeX file; reader reachability is scheduling metadata, not an exclusion rule.","chapter_driver","Normalization","","6","content/proof-theory/normalization/introduction.tex|content/proof-theory/normalization/segments.tex|content/proof-theory/normalization/permutations.tex|content/proof-theory/normalization/reductions.tex|content/proof-theory/normalization/normalization-thm.tex|content/proof-theory/normalization/translations.tex","","1","content/proof-theory/proof-theory.tex","0","","1","document:1","0","1","0","0","0","0","0","0","0","0","0","0","0","0","0","0","0","locale/ar/content/proof-theory/normalization/normalization.tex","PENDING","","PENDING","locale/fa-IR/content/proof-theory/normalization/normalization.tex","PENDING","","PENDING","PENDING"
"OLP-0675","675","9620cc73f9c8e0ad003c514a5d3748f29611c4c0","content/proof-theory/normalization/permutations.tex","594005d50c359946d7ff673f0b6eb86dcf0c56e8cd9bd001a66981bdf6602310","12368","426","872","true","false","","retained_english_content_proof_theory_not_imported_by_complete_reader","Retained because the controlling closure includes every tracked English content TeX file; reader reachability is scheduling metadata, not an exclusion rule.","reader_unit","Permutation Conversions","pt","0","","","1","content/proof-theory/normalization/normalization.tex","0","","5","document:1|longtable:1|prob:3","0","0","1","0","0","0","0","0","0","3","0","0","0","0","1","0","160","locale/ar/content/proof-theory/normalization/permutations.tex","PENDING","","PENDING","locale/fa-IR/content/proof-theory/normalization/permutations.tex","PENDING","","PENDING","PENDING"
"OLP-0676","676","9620cc73f9c8e0ad003c514a5d3748f29611c4c0","content/proof-theory/normalization/reductions.tex","97d1a7e894ca1acaceafe77023cda83c19b85717dc5e97f5b5bd0ef751d0d419","10426","346","962","true","false","","retained_english_content_proof_theory_not_imported_by_complete_reader","Retained because the controlling closure includes every tracked English content TeX file; reader reachability is scheduling metadata, not an exclusion rule.","reader_unit","Reduction Conversions","pt","0","","","1","content/proof-theory/normalization/normalization.tex","0","","5","document:1|enumerate:1|multline*:1|prob:1|table:1","0","0","1","0","0","0","0","0","0","1","0","0","0","0","1","0","158","locale/ar/content/proof-theory/normalization/reductions.tex","PENDING","","PENDING","locale/fa-IR/content/proof-theory/normalization/reductions.tex","PENDING","","PENDING","PENDING"
"OLP-0677","677","9620cc73f9c8e0ad003c514a5d3748f29611c4c0","content/proof-theory/normalization/segments.tex","d010c5a559ecb648995f44d8a7da6150a6979e61f5ada1a10990fc149ddde243","3790","108","443","true","false","","retained_english_content_proof_theory_not_imported_by_complete_reader","Retained because the controlling closure includes every tracked English content TeX file; reader reachability is scheduling metadata, not an exclusion rule.","reader_unit","Segments and Cuts","pt","0","","","1","content/proof-theory/normalization/normalization.tex","0","","5","defn:3|document:1|enumerate:1","0","0","1","3","0","0","0","0","0","0","0","0","0","0","0","0","49","locale/ar/content/proof-theory/normalization/segments.tex","PENDING","","PENDING","locale/fa-IR/content/proof-theory/normalization/segments.tex","PENDING","","PENDING","PENDING"
"OLP-0678","678","9620cc73f9c8e0ad003c514a5d3748f29611c4c0","content/proof-theory/normalization/translations.tex","a4c49477d57cd7f79e43992953978e3c672db43ff1d0010edb42603665ba34f4","13305","328","1474","true","false","","retained_english_content_proof_theory_not_imported_by_complete_reader","Retained because the controlling closure includes every tracked English content TeX file; reader reachability is scheduling metadata, not an exclusion rule.","reader_unit","","pt","0","","","1","content/proof-theory/normalization/normalization.tex","0","","9","cor:2|document:1|enumerate:2|proof:3|prop:1","0","0","1","0","0","1","0","2","0","0","3","0","0","0","5","0","215","locale/ar/content/proof-theory/normalization/translations.tex","PENDING","","PENDING","locale/fa-IR/content/proof-theory/normalization/translations.tex","PENDING","","PENDING","PENDING"
"OLP-0679","679","9620cc73f9c8e0ad003c514a5d3748f29611c4c0","content/proof-theory/proof-search/completeness.tex","e5bb86c0415c28d010d433610349f0b1defa84eb33d80a5f8242dcb1c6308840","9192","195","1229","true","false","","retained_english_content_proof_theory_not_imported_by_complete_reader","Retained because the controlling closure includes every tracked English content TeX file; reader reachability is scheduling metadata, not an exclusion rule.","reader_unit","Completeness","pt","0","","","1","content/proof-theory/proof-search/proof-search.tex","0","","10","cor:2|document:1|enumerate:3|lem:1|proof:3","0","0","1","0","0","0","1","2","0","0","3","0","0","0","2","0","183","locale/ar/content/proof-theory/proof-search/completeness.tex","PENDING","","PENDING","locale/fa-IR/content/proof-theory/proof-search/completeness.tex","PENDING","","PENDING","PENDING"
"OLP-0680","680","9620cc73f9c8e0ad003c514a5d3748f29611c4c0","content/proof-theory/proof-search/introduction.tex","8f6b2e6c0ec8a7e1a00ef22d7f840643b6fa02aa8b7b9e2e09b40e6efd60933b","6621","120","1013","true","false","","retained_english_content_proof_theory_not_imported_by_complete_reader","Retained because the controlling closure includes every tracked English content TeX file; reader reachability is scheduling metadata, not an exclusion rule.","reader_unit","Introduction","pt","0","","","1","content/proof-theory/proof-search/proof-search.tex","0","","1","document:1","0","0","1","0","0","0","0","0","0","0","0","0","0","0","0","0","29","locale/ar/content/proof-theory/proof-search/introduction.tex","PENDING","","PENDING","locale/fa-IR/content/proof-theory/proof-search/introduction.tex","PENDING","","PENDING","PENDING"
"OLP-0681","681","9620cc73f9c8e0ad003c514a5d3748f29611c4c0","content/proof-theory/proof-search/proof-search.tex","034e18d6cebbf15dc804eb5bb383e4a989f2bba60613d5ec59668bb03c5075e8","309","18","16","true","false","","retained_english_content_proof_theory_not_imported_by_complete_reader","Retained because the controlling closure includes every tracked English content TeX file; reader reachability is scheduling metadata, not an exclusion rule.","chapter_driver","Proof Search","","4","content/proof-theory/proof-search/introduction.tex|content/proof-theory/proof-search/search-algorithm.tex|content/proof-theory/proof-search/completeness.tex|content/proof-theory/proof-search/tableaux.tex","","0","","0","","1","document:1","0","1","0","0","0","0","0","0","0","0","0","0","0","0","0","0","0","locale/ar/content/proof-theory/proof-search/proof-search.tex","PENDING","","PENDING","locale/fa-IR/content/proof-theory/proof-search/proof-search.tex","PENDING","","PENDING","PENDING"
"OLP-0682","682","9620cc73f9c8e0ad003c514a5d3748f29611c4c0","content/proof-theory/proof-search/rules-Tc.tex","c0938bb04a66e01c9abbe93289be6fce6c185cb032b1415b4a8a03d6fa542a38","2240","85","92","true","false","","retained_english_content_proof_theory_not_imported_by_complete_reader","Retained because the controlling closure includes every tracked English content TeX file; reader reachability is scheduling metadata, not an exclusion rule.","auxiliary_fragment","","","0","","","0","","0","","4","center:1|document:1|table:1|tabular:1","0","0","0","0","0","0","0","0","0","0","0","0","0","0","0","0","6","locale/ar/content/proof-theory/proof-search/rules-Tc.tex","PENDING","","PENDING","locale/fa-IR/content/proof-theory/proof-search/rules-Tc.tex","PENDING","","PENDING","PENDING"
"OLP-0683","683","9620cc73f9c8e0ad003c514a5d3748f29611c4c0","content/proof-theory/proof-search/search-algorithm.tex","cb91e07077ec7c1eccf4abef3ff86af7c4dd21838986adff2fac5037439be095","6758","150","945","true","false","","retained_english_content_proof_theory_not_imported_by_complete_reader","Retained because the controlling closure includes every tracked English content TeX file; reader reachability is scheduling metadata, not an exclusion rule.","reader_unit","","pt","0","","","1","content/proof-theory/proof-search/proof-search.tex","0","","3","document:1|enumerate:1|prop:1","0","0","1","0","0","1","0","0","0","0","0","0","0","0","0","0","81","locale/ar/content/proof-theory/proof-search/search-algorithm.tex","PENDING","","PENDING","locale/fa-IR/content/proof-theory/proof-search/search-algorithm.tex","PENDING","","PENDING","PENDING"
"OLP-0684","684","9620cc73f9c8e0ad003c514a5d3748f29611c4c0","content/proof-theory/proof-search/tableaux.tex","21be4b2a208c359f5fd90b18911e1363fbb03292d09a8d8a756707abae255884","8777","195","942","true","false","","retained_english_content_proof_theory_not_imported_by_complete_reader","Retained because the controlling closure includes every tracked English content TeX file; reader reachability is scheduling metadata, not an exclusion rule.","reader_unit","Tableaux","pt","0","","","1","content/proof-theory/proof-search/proof-search.tex","1","rules-Tc","2","document:1|oltableau:1","0","0","1","0","0","0","0","0","0","0","0","0","0","0","2","0","59","locale/ar/content/proof-theory/proof-search/tableaux.tex","PENDING","","PENDING","locale/fa-IR/content/proof-theory/proof-search/tableaux.tex","PENDING","","PENDING","PENDING"
"OLP-0685","685","9620cc73f9c8e0ad003c514a5d3748f29611c4c0","content/proof-theory/proof-theory.tex","8f25f4d43c10bb3ef51d57ee0e08d3d2ff2db67f55f94a0381fa2ce922b7f843","552","23","49","true","false","","retained_english_content_proof_theory_not_imported_by_complete_reader","Retained because the controlling closure includes every tracked English content TeX file; reader reachability is scheduling metadata, not an exclusion rule.","part_driver","Proof Theory","","5","content/proof-theory/sequent-calculus/sequent-calculus.tex|content/proof-theory/cut-elimination/cut-elimination.tex|content/proof-theory/natural-deduction/natural-deduction.tex|content/proof-theory/normalization/normalization.tex|content/proof-theory/propositions-as-types/propositions-as-types.tex","","0","","0","","2","document:1|editorial:1","1","0","0","0","0","0","0","0","0","0","0","0","0","0","0","0","0","locale/ar/content/proof-theory/proof-theory.tex","PENDING","","PENDING","locale/fa-IR/content/proof-theory/proof-theory.tex","PENDING","","PENDING","PENDING"
"OLP-0686","686","9620cc73f9c8e0ad003c514a5d3748f29611c4c0","content/proof-theory/propositions-as-types/introduction.tex","340db7b4220e6c9596deaeaa90c7091ac94cb43630d014e14012ab92bb26a15d","5941","143","792","true","false","","retained_english_content_proof_theory_not_imported_by_complete_reader","Retained because the controlling closure includes every tracked English content TeX file; reader reachability is scheduling metadata, not an exclusion rule.","reader_unit","Introduction","int","0","","","1","content/proof-theory/propositions-as-types/propositions-as-types.tex","0","","5","center:1|document:1|gather*:1|prooftree:1|tabular:1","0","0","1","0","0","0","0","0","0","0","0","0","0","0","0","0","118","locale/ar/content/proof-theory/propositions-as-types/introduction.tex","PENDING","","PENDING","locale/fa-IR/content/proof-theory/propositions-as-types/introduction.tex","PENDING","","PENDING","PENDING"
"OLP-0687","687","9620cc73f9c8e0ad003c514a5d3748f29611c4c0","content/proof-theory/propositions-as-types/normalization.tex","abb9f9bc4d5a50031e5db507cf7a164d07625cccefc98a9c2c90ae0eb03223cc","11252","256","1595","true","false","","retained_english_content_proof_theory_not_imported_by_complete_reader","Retained because the controlling closure includes every tracked English content TeX file; reader reachability is scheduling metadata, not an exclusion rule.","reader_unit","Normalization","int","0","","","1","content/proof-theory/propositions-as-types/propositions-as-types.tex","0","","20","align*:3|document:1|enumerate:6|lem:3|proof:5|prop:1|thm:1","0","0","1","0","1","1","3","0","0","0","5","0","0","0","0","0","206","locale/ar/content/proof-theory/propositions-as-types/normalization.tex","PENDING","","PENDING","locale/fa-IR/content/proof-theory/propositions-as-types/normalization.tex","PENDING","","PENDING","PENDING"
"OLP-0688","688","9620cc73f9c8e0ad003c514a5d3748f29611c4c0","content/proof-theory/propositions-as-types/proof-terms.tex","902be4badf2f41ac113c0ccc78f7e784149e151da319f7f9e5a95207471fa716","5960","133","831","true","false","","retained_english_content_proof_theory_not_imported_by_complete_reader","Retained because the controlling closure includes every tracked English content TeX file; reader reachability is scheduling metadata, not an exclusion rule.","reader_unit","Proof Terms","int","0","","","1","content/proof-theory/propositions-as-types/propositions-as-types.tex","1","rules-tN2","3","defn:1|document:1|enumerate:1","0","0","1","1","0","0","0","0","0","0","0","0","0","0","1","0","83","locale/ar/content/proof-theory/propositions-as-types/proof-terms.tex","PENDING","","PENDING","locale/fa-IR/content/proof-theory/propositions-as-types/proof-terms.tex","PENDING","","PENDING","PENDING"
"OLP-0689","689","9620cc73f9c8e0ad003c514a5d3748f29611c4c0","content/proof-theory/propositions-as-types/proofs-to-terms.tex","ef162d32fcfeba5dc884bba4bfb795d7e758d409741d6cc671eb189e3c6f4e63","3633","97","380","true","false","","retained_english_content_proof_theory_not_imported_by_complete_reader","Retained because the controlling closure includes every tracked English content TeX file; reader reachability is scheduling metadata, not an exclusion rule.","reader_unit","","int","0","","","1","content/proof-theory/propositions-as-types/propositions-as-types.tex","0","","4","document:1|ex:1|proof:1|prop:1","0","0","1","0","0","1","0","0","1","0","1","0","0","0","0","0","48","locale/ar/content/proof-theory/propositions-as-types/proofs-to-terms.tex","PENDING","","PENDING","locale/fa-IR/content/proof-theory/propositions-as-types/proofs-to-terms.tex","PENDING","","PENDING","PENDING"
"OLP-0690","690","9620cc73f9c8e0ad003c514a5d3748f29611c4c0","content/proof-theory/propositions-as-types/propositions-as-types.tex","8e9e7241ac6a83d5fc5f21742cf2b9e59451c7cbf3e8da324b3c1c3443501bc0","1034","34","105","true","false","","retained_english_content_proof_theory_not_imported_by_complete_reader","Retained because the controlling closure includes every tracked English content TeX file; reader reachability is scheduling metadata, not an exclusion rule.","chapter_driver","Propositions as Types","","8","content/proof-theory/propositions-as-types/introduction.tex|content/proof-theory/propositions-as-types/proof-terms.tex|content/proof-theory/propositions-as-types/proofs-to-terms.tex|content/proof-theory/propositions-as-types/terms-to-proofs.tex|content/proof-theory/propositions-as-types/types.tex|content/proof-theory/propositions-as-types/reduction.tex|content/proof-theory/propositions-as-types/type-preservation.tex|content/proof-theory/propositions-as-types/normalization.tex","","1","content/proof-theory/proof-theory.tex","0","","2","document:1|editorial:1","0","1","0","0","0","0","0","0","0","0","0","0","0","0","0","0","0","locale/ar/content/proof-theory/propositions-as-types/propositions-as-types.tex","PENDING","","PENDING","locale/fa-IR/content/proof-theory/propositions-as-types/propositions-as-types.tex","PENDING","","PENDING","PENDING"
"OLP-0691","691","9620cc73f9c8e0ad003c514a5d3748f29611c4c0","content/proof-theory/propositions-as-types/reduction.tex","2611124bd3d4c4a0028b4786ff23a9e773da2c59950678e08e4e4099c4dee705","6446","198","649","true","false","","retained_english_content_proof_theory_not_imported_by_complete_reader","Retained because the controlling closure includes every tracked English content TeX file; reader reachability is scheduling metadata, not an exclusion rule.","reader_unit","Reduction","int","0","","","1","content/proof-theory/propositions-as-types/propositions-as-types.tex","0","","7","document:1|gather*:5|multline*:1","0","0","1","0","0","0","0","0","0","0","0","0","0","0","0","0","122","locale/ar/content/proof-theory/propositions-as-types/reduction.tex","PENDING","","PENDING","locale/fa-IR/content/proof-theory/propositions-as-types/reduction.tex","PENDING","","PENDING","PENDING"
"OLP-0692","692","9620cc73f9c8e0ad003c514a5d3748f29611c4c0","content/proof-theory/propositions-as-types/rules-tN2.tex","f454a80ca9e593a7e2ff12db317e9830a63c603b4094d6cf9f8177a927bed044","2127","72","123","true","false","","retained_english_content_proof_theory_not_imported_by_complete_reader","Retained because the controlling closure includes every tracked English content TeX file; reader reachability is scheduling metadata, not an exclusion rule.","auxiliary_fragment","","","0","","","0","","0","","4","document:1|table:1|tabular:2","0","0","0","0","0","0","0","0","0","0","0","0","0","0","0","0","23","locale/ar/content/proof-theory/propositions-as-types/rules-tN2.tex","PENDING","","PENDING","locale/fa-IR/content/proof-theory/propositions-as-types/rules-tN2.tex","PENDING","","PENDING","PENDING"
"OLP-0693","693","9620cc73f9c8e0ad003c514a5d3748f29611c4c0","content/proof-theory/propositions-as-types/rules-tN3.tex","920460915c6fb200b4ab1a785aa84affce15e404b04512f11319b5976a2a66c0","2127","73","130","true","false","","retained_english_content_proof_theory_not_imported_by_complete_reader","Retained because the controlling closure includes every tracked English content TeX file; reader reachability is scheduling metadata, not an exclusion rule.","auxiliary_fragment","","","0","","","0","","0","","4","document:1|table:1|tabular:2","0","0","0","0","0","0","0","0","0","0","0","0","0","0","0","0","24","locale/ar/content/proof-theory/propositions-as-types/rules-tN3.tex","PENDING","","PENDING","locale/fa-IR/content/proof-theory/propositions-as-types/rules-tN3.tex","PENDING","","PENDING","PENDING"
"OLP-0694","694","9620cc73f9c8e0ad003c514a5d3748f29611c4c0","content/proof-theory/propositions-as-types/sequent-natural-deduction.tex","6fbab7c45c11e351116316cfcfd77f71931428c35c32303dbd93413235eb679a","4351","129","332","true","false","","retained_english_content_proof_theory_not_imported_by_complete_reader","Retained because the controlling closure includes every tracked English content TeX file; reader reachability is scheduling metadata, not an exclusion rule.","reader_unit","Sequent Natural Deduction","int","0","","","0","","0","","6","document:1|gather*:1|prooftree:4","0","0","1","0","0","0","0","0","0","0","0","0","0","0","0","0","81","locale/ar/content/proof-theory/propositions-as-types/sequent-natural-deduction.tex","PENDING","","PENDING","locale/fa-IR/content/proof-theory/propositions-as-types/sequent-natural-deduction.tex","PENDING","","PENDING","PENDING"
"OLP-0695","695","9620cc73f9c8e0ad003c514a5d3748f29611c4c0","content/proof-theory/propositions-as-types/terms-to-proofs.tex","cde54c448a688241f931d3d516a3cf7286a78fed2a11609b81471b1ab641cdf8","3929","98","427","true","false","","retained_english_content_proof_theory_not_imported_by_complete_reader","Retained because the controlling closure includes every tracked English content TeX file; reader reachability is scheduling metadata, not an exclusion rule.","reader_unit","","int","0","","","1","content/proof-theory/propositions-as-types/propositions-as-types.tex","0","","1","document:1","0","0","1","0","0","0","0","0","0","0","0","0","0","0","0","0","46","locale/ar/content/proof-theory/propositions-as-types/terms-to-proofs.tex","PENDING","","PENDING","locale/fa-IR/content/proof-theory/propositions-as-types/terms-to-proofs.tex","PENDING","","PENDING","PENDING"
"OLP-0696","696","9620cc73f9c8e0ad003c514a5d3748f29611c4c0","content/proof-theory/propositions-as-types/type-preservation.tex","75ba84fa67befc0aea744fd4094b0936dbd38c273dcb5e60919b123486a2cdf7","4751","115","529","true","false","","retained_english_content_proof_theory_not_imported_by_complete_reader","Retained because the controlling closure includes every tracked English content TeX file; reader reachability is scheduling metadata, not an exclusion rule.","reader_unit","Type Preservation","int","0","","","1","content/proof-theory/propositions-as-types/propositions-as-types.tex","0","","4","document:1|multline*:1|proof:1|prop:1","0","0","1","0","0","1","0","0","0","0","1","0","0","0","0","0","88","locale/ar/content/proof-theory/propositions-as-types/type-preservation.tex","PENDING","","PENDING","locale/fa-IR/content/proof-theory/propositions-as-types/type-preservation.tex","PENDING","","PENDING","PENDING"
"OLP-0697","697","9620cc73f9c8e0ad003c514a5d3748f29611c4c0","content/proof-theory/propositions-as-types/types.tex","0129408d5454176b6a10e8bd7cf503d66373d3d2fa13c9f3c2fb517de665b7c6","5132","110","791","true","false","","retained_english_content_proof_theory_not_imported_by_complete_reader","Retained because the controlling closure includes every tracked English content TeX file; reader reachability is scheduling metadata, not an exclusion rule.","reader_unit","Types","int","0","","","1","content/proof-theory/propositions-as-types/propositions-as-types.tex","1","rules-tN3","6","defn:2|document:1|enumerate:1|proof:1|prop:1","0","0","1","2","0","1","0","0","0","0","1","0","0","0","2","0","119","locale/ar/content/proof-theory/propositions-as-types/types.tex","PENDING","","PENDING","locale/fa-IR/content/proof-theory/propositions-as-types/types.tex","PENDING","","PENDING","PENDING"
"OLP-0698","698","9620cc73f9c8e0ad003c514a5d3748f29611c4c0","content/proof-theory/sequent-calculus/admissible-derivable.tex","42bd3c0e07c6be9b6c82e85adee3933c295c10411c3d60a4778221db0b864862","10251","262","1151","true","false","","retained_english_content_proof_theory_not_imported_by_complete_reader","Retained because the controlling closure includes every tracked English content TeX file; reader reachability is scheduling metadata, not an exclusion rule.","reader_unit","Admissible and Derivable Rules","pt","0","","","1","content/proof-theory/sequent-calculus/sequent-calculus.tex","0","","13","defn:3|document:1|enumerate:1|ex:2|prob:2|proof:2|prop:2","0","0","1","3","0","2","0","0","2","2","2","0","0","0","3","0","159","locale/ar/content/proof-theory/sequent-calculus/admissible-derivable.tex","PENDING","","PENDING","locale/fa-IR/content/proof-theory/sequent-calculus/admissible-derivable.tex","PENDING","","PENDING","PENDING"
"OLP-0699","699","9620cc73f9c8e0ad003c514a5d3748f29611c4c0","content/proof-theory/sequent-calculus/interpretation-rules.tex","54866e2d7c5736d5719a516e6193f8e805fb78504089ec01844d0b7cc5bd79db","6759","143","902","true","false","","retained_english_content_proof_theory_not_imported_by_complete_reader","Retained because the controlling closure includes every tracked English content TeX file; reader reachability is scheduling metadata, not an exclusion rule.","reader_unit","Interpretation of Rules","pt","0","","","1","content/proof-theory/sequent-calculus/sequent-calculus.tex","1","rules-G2c","3","align*:1|document:1|prob:1","0","0","1","0","0","0","0","0","0","1","0","0","0","0","1","0","67","locale/ar/content/proof-theory/sequent-calculus/interpretation-rules.tex","PENDING","","PENDING","locale/fa-IR/content/proof-theory/sequent-calculus/interpretation-rules.tex","PENDING","","PENDING","PENDING"
"OLP-0700","700","9620cc73f9c8e0ad003c514a5d3748f29611c4c0","content/proof-theory/sequent-calculus/introduction.tex","2d6db9e0bb62467e90e007ae01cdd74d16e48f0110fc332ccbe67b1b3c47ae0f","6403","130","919","true","false","","retained_english_content_proof_theory_not_imported_by_complete_reader","Retained because the controlling closure includes every tracked English content TeX file; reader reachability is scheduling metadata, not an exclusion rule.","reader_unit","Introduction","pt","0","","","1","content/proof-theory/sequent-calculus/sequent-calculus.tex","2","rules-G1c|rules-G3c","2","defn:1|document:1","0","0","1","1","0","0","0","0","0","0","0","0","0","0","2","0","61","locale/ar/content/proof-theory/sequent-calculus/introduction.tex","PENDING","","PENDING","locale/fa-IR/content/proof-theory/sequent-calculus/introduction.tex","PENDING","","PENDING","PENDING"
"OLP-0701","701","9620cc73f9c8e0ad003c514a5d3748f29611c4c0","content/proof-theory/sequent-calculus/invertibility.tex","6d33bf9ab5325569e7b97eb00221de556688ab8d64bedf39637bac5b57ebcd8c","15789","393","1569","true","false","","retained_english_content_proof_theory_not_imported_by_complete_reader","Retained because the controlling closure includes every tracked English content TeX file; reader reachability is scheduling metadata, not an exclusion rule.","reader_unit","Invertibility of Rules","pt","0","","","1","content/proof-theory/sequent-calculus/sequent-calculus.tex","0","","14","align*:1|defn:1|document:1|enumerate:2|lem:2|prob:3|proof:3|prop:1","0","0","1","1","0","1","2","0","0","3","3","0","0","0","11","0","303","locale/ar/content/proof-theory/sequent-calculus/invertibility.tex","PENDING","","PENDING","locale/fa-IR/content/proof-theory/sequent-calculus/invertibility.tex","PENDING","","PENDING","PENDING"
"OLP-0702","702","9620cc73f9c8e0ad003c514a5d3748f29611c4c0","content/proof-theory/sequent-calculus/proof-examples.tex","c519583876b9c2dd3f92f13417818e1254fc3de080535f3e2d5c35ddb759f605","13362","348","1473","true","false","","retained_english_content_proof_theory_not_imported_by_complete_reader","Retained because the controlling closure includes every tracked English content TeX file; reader reachability is scheduling metadata, not an exclusion rule.","reader_unit","Examples of Proofs","pt","0","","","1","content/proof-theory/sequent-calculus/sequent-calculus.tex","0","","10","align*:1|defn:1|document:1|enumerate:1|prob:2|proof:2|prop:2","0","0","1","1","0","2","0","0","0","2","2","0","0","0","3","0","220","locale/ar/content/proof-theory/sequent-calculus/proof-examples.tex","PENDING","","PENDING","locale/fa-IR/content/proof-theory/sequent-calculus/proof-examples.tex","PENDING","","PENDING","PENDING"
"OLP-0703","703","9620cc73f9c8e0ad003c514a5d3748f29611c4c0","content/proof-theory/sequent-calculus/quantifiers.tex","15c8fe5ebaeac187948c9c217934511e70735afdb4de68191355fb590b25287c","6808","161","775","true","false","","retained_english_content_proof_theory_not_imported_by_complete_reader","Retained because the controlling closure includes every tracked English content TeX file; reader reachability is scheduling metadata, not an exclusion rule.","reader_unit","Regular Proofs and Substitution","pt","0","","","1","content/proof-theory/sequent-calculus/sequent-calculus.tex","0","","8","defn:1|document:1|enumerate:2|lem:1|proof:2|prop:1","0","0","1","1","0","1","1","0","0","0","2","0","0","0","1","0","105","locale/ar/content/proof-theory/sequent-calculus/quantifiers.tex","PENDING","","PENDING","locale/fa-IR/content/proof-theory/sequent-calculus/quantifiers.tex","PENDING","","PENDING","PENDING"
"OLP-0704","704","9620cc73f9c8e0ad003c514a5d3748f29611c4c0","content/proof-theory/sequent-calculus/rules-G1c.tex","895b9680300186beb0a6df68e9556a1e8a1b00f8c63a866632c567e01ff3d93f","3333","118","131","true","false","","retained_english_content_proof_theory_not_imported_by_complete_reader","Retained because the controlling closure includes every tracked English content TeX file; reader reachability is scheduling metadata, not an exclusion rule.","auxiliary_fragment","","","0","","","0","","0","","5","document:1|table:1|tabular:3","0","0","0","0","0","0","0","0","0","0","0","0","0","0","0","0","46","locale/ar/content/proof-theory/sequent-calculus/rules-G1c.tex","PENDING","","PENDING","locale/fa-IR/content/proof-theory/sequent-calculus/rules-G1c.tex","PENDING","","PENDING","PENDING"
"OLP-0705","705","9620cc73f9c8e0ad003c514a5d3748f29611c4c0","content/proof-theory/sequent-calculus/rules-G1i.tex","0d23c141ee1f2cd75dd6eced909f5952ac2103ff49991cae288bd4da57be840b","3267","117","153","true","false","","retained_english_content_proof_theory_not_imported_by_complete_reader","Retained because the controlling closure includes every tracked English content TeX file; reader reachability is scheduling metadata, not an exclusion rule.","auxiliary_fragment","","","0","","","0","","0","","5","document:1|table:1|tabular:3","0","0","0","0","0","0","0","0","0","0","0","0","0","0","0","0","45","locale/ar/content/proof-theory/sequent-calculus/rules-G1i.tex","PENDING","","PENDING","locale/fa-IR/content/proof-theory/sequent-calculus/rules-G1i.tex","PENDING","","PENDING","PENDING"
"OLP-0706","706","9620cc73f9c8e0ad003c514a5d3748f29611c4c0","content/proof-theory/sequent-calculus/rules-G2c.tex","0258576664b34fc6c3f04233389e57ccaa5afc791dfcdf62d77c1f3dc9a967d1","3439","118","132","true","false","","retained_english_content_proof_theory_not_imported_by_complete_reader","Retained because the controlling closure includes every tracked English content TeX file; reader reachability is scheduling metadata, not an exclusion rule.","auxiliary_fragment","","","0","","","0","","0","","5","document:1|table:1|tabular:3","0","0","0","0","0","0","0","0","0","0","0","0","0","0","0","0","46","locale/ar/content/proof-theory/sequent-calculus/rules-G2c.tex","PENDING","","PENDING","locale/fa-IR/content/proof-theory/sequent-calculus/rules-G2c.tex","PENDING","","PENDING","PENDING"
"OLP-0707","707","9620cc73f9c8e0ad003c514a5d3748f29611c4c0","content/proof-theory/sequent-calculus/rules-G3c.tex","9b1dcced34fabc81925121e2696d8e1e027ade6caf3707ed2fb61155ef2faf79","2496","84","115","true","false","","retained_english_content_proof_theory_not_imported_by_complete_reader","Retained because the controlling closure includes every tracked English content TeX file; reader reachability is scheduling metadata, not an exclusion rule.","auxiliary_fragment","","","0","","","0","","0","","3","document:1|table:1|tabular:1","0","0","0","0","0","0","0","0","0","0","0","0","0","0","0","0","35","locale/ar/content/proof-theory/sequent-calculus/rules-G3c.tex","PENDING","","PENDING","locale/fa-IR/content/proof-theory/sequent-calculus/rules-G3c.tex","PENDING","","PENDING","PENDING"
"OLP-0708","708","9620cc73f9c8e0ad003c514a5d3748f29611c4c0","content/proof-theory/sequent-calculus/rules-G3i.tex","322da67057a42c3ebe53c965b06a4df8ae914b873779e9d7125546312f84fa6f","2513","87","134","true","false","","retained_english_content_proof_theory_not_imported_by_complete_reader","Retained because the controlling closure includes every tracked English content TeX file; reader reachability is scheduling metadata, not an exclusion rule.","auxiliary_fragment","","","0","","","0","","0","","3","document:1|table:1|tabular:1","0","0","0","0","0","0","0","0","0","0","0","0","0","0","0","0","36","locale/ar/content/proof-theory/sequent-calculus/rules-G3i.tex","PENDING","","PENDING","locale/fa-IR/content/proof-theory/sequent-calculus/rules-G3i.tex","PENDING","","PENDING","PENDING"
"OLP-0709","709","9620cc73f9c8e0ad003c514a5d3748f29611c4c0","content/proof-theory/sequent-calculus/rules-LK.tex","c4e853e27fbfcf7386dd22a73d10eac3c507c35016c4368bae72c5cd9edfa55d","3644","128","139","true","false","","retained_english_content_proof_theory_not_imported_by_complete_reader","Retained because the controlling closure includes every tracked English content TeX file; reader reachability is scheduling metadata, not an exclusion rule.","auxiliary_fragment","","","0","","","0","","0","","5","document:1|table:1|tabular:3","0","0","0","0","0","0","0","0","0","0","0","0","0","0","0","0","51","locale/ar/content/proof-theory/sequent-calculus/rules-LK.tex","PENDING","","PENDING","locale/fa-IR/content/proof-theory/sequent-calculus/rules-LK.tex","PENDING","","PENDING","PENDING"
"OLP-0710","710","9620cc73f9c8e0ad003c514a5d3748f29611c4c0","content/proof-theory/sequent-calculus/rules-mG3i.tex","a7b114259de1d1770b989ff4e9ad2d94f6cea2ebc8bd570ee25f35739b349a3c","2604","87","130","true","false","","retained_english_content_proof_theory_not_imported_by_complete_reader","Retained because the controlling closure includes every tracked English content TeX file; reader reachability is scheduling metadata, not an exclusion rule.","auxiliary_fragment","","","0","","","0","","0","","3","document:1|table:1|tabular:1","0","0","0","0","0","0","0","0","0","0","0","0","0","0","0","0","36","locale/ar/content/proof-theory/sequent-calculus/rules-mG3i.tex","PENDING","","PENDING","locale/fa-IR/content/proof-theory/sequent-calculus/rules-mG3i.tex","PENDING","","PENDING","PENDING"
"OLP-0711","711","9620cc73f9c8e0ad003c514a5d3748f29611c4c0","content/proof-theory/sequent-calculus/rules-proofs.tex","8eed76ae91f4518e1cdc5f7cdd36890e1c8004a7f2f94b263e7caa8f405e5c8a","8046","196","993","true","false","","retained_english_content_proof_theory_not_imported_by_complete_reader","Retained because the controlling closure includes every tracked English content TeX file; reader reachability is scheduling metadata, not an exclusion rule.","reader_unit","","pt","0","","","1","content/proof-theory/sequent-calculus/sequent-calculus.tex","0","","6","defn:2|document:1|enumerate:2|ex:1","0","0","1","2","0","0","0","0","1","0","0","0","0","0","5","0","129","locale/ar/content/proof-theory/sequent-calculus/rules-proofs.tex","PENDING","","PENDING","locale/fa-IR/content/proof-theory/sequent-calculus/rules-proofs.tex","PENDING","","PENDING","PENDING"
"OLP-0712","712","9620cc73f9c8e0ad003c514a5d3748f29611c4c0","content/proof-theory/sequent-calculus/sequent-calculus.tex","18040cb58699de518bd453b32faac3807c3fc62b9d2940dc344564c995dd7317","440","22","24","true","false","","retained_english_content_proof_theory_not_imported_by_complete_reader","Retained because the controlling closure includes every tracked English content TeX file; reader reachability is scheduling metadata, not an exclusion rule.","chapter_driver","The Sequent Calculus","","8","content/proof-theory/sequent-calculus/introduction.tex|content/proof-theory/sequent-calculus/rules-proofs.tex|content/proof-theory/sequent-calculus/proof-examples.tex|content/proof-theory/sequent-calculus/interpretation-rules.tex|content/proof-theory/sequent-calculus/quantifiers.tex|content/proof-theory/sequent-calculus/admissible-derivable.tex|content/proof-theory/sequent-calculus/invertibility.tex|content/proof-theory/sequent-calculus/translations.tex","","1","content/proof-theory/proof-theory.tex","0","","1","document:1","0","1","0","0","0","0","0","0","0","0","0","0","0","0","0","0","0","locale/ar/content/proof-theory/sequent-calculus/sequent-calculus.tex","PENDING","","PENDING","locale/fa-IR/content/proof-theory/sequent-calculus/sequent-calculus.tex","PENDING","","PENDING","PENDING"
"OLP-0713","713","9620cc73f9c8e0ad003c514a5d3748f29611c4c0","content/proof-theory/sequent-calculus/translations.tex","fe035ce79aae2c23f8756a69fc344736ff35e02f1ce9a40fe957ea55fab5b7d0","3844","101","439","true","false","","retained_english_content_proof_theory_not_imported_by_complete_reader","Retained because the controlling closure includes every tracked English content TeX file; reader reachability is scheduling metadata, not an exclusion rule.","reader_unit","","pt","0","","","1","content/proof-theory/sequent-calculus/sequent-calculus.tex","0","","5","document:1|proof:2|prop:2","0","0","1","0","0","2","0","0","0","0","2","0","0","0","4","0","42","locale/ar/content/proof-theory/sequent-calculus/translations.tex","PENDING","","PENDING","locale/fa-IR/content/proof-theory/sequent-calculus/translations.tex","PENDING","","PENDING","PENDING"
"OLP-0714","714","9620cc73f9c8e0ad003c514a5d3748f29611c4c0","content/propositional-logic/syntax-and-semantics/completeness.tex","15c4d35ccd3a79ae4e165ca8c5195d8190a81e7fff32cf12fdd8279a35d2336c","4133","124","428","true","false","","retained_english_content_other_not_imported_by_complete_reader","Retained because the controlling closure includes every tracked English content TeX file; reader reachability is scheduling metadata, not an exclusion rule.","reader_unit","Completeness of Propositional Logic","pl","0","","","0","","0","","17","align*:1|cases:1|cor:2|defn:1|document:1|enumerate:3|lem:1|prob:1|proof:4|prop:1|thm:1","0","0","1","1","1","1","1","2","0","1","4","0","0","0","7","0","76","locale/ar/content/propositional-logic/syntax-and-semantics/completeness.tex","PENDING","","PENDING","locale/fa-IR/content/propositional-logic/syntax-and-semantics/completeness.tex","PENDING","","PENDING","PENDING"
"OLP-0715","715","9620cc73f9c8e0ad003c514a5d3748f29611c4c0","content/propositional-logic/syntax-and-semantics/soundness.tex","e76bcb10a0a5ae28ffd1905cb127834d29995b886ed7faa87468449e41d84f12","963","34","99","true","false","","retained_english_content_other_not_imported_by_complete_reader","Retained because the controlling closure includes every tracked English content TeX file; reader reachability is scheduling metadata, not an exclusion rule.","reader_unit","Soundness of Propositional Logic","pl","0","","","0","","0","","4","cor:1|document:1|proof:1|thm:1","0","0","1","0","1","0","0","1","0","0","1","0","0","0","1","0","14","locale/ar/content/propositional-logic/syntax-and-semantics/soundness.tex","PENDING","","PENDING","locale/fa-IR/content/propositional-logic/syntax-and-semantics/soundness.tex","PENDING","","PENDING","PENDING"
"OLP-0716","716","9620cc73f9c8e0ad003c514a5d3748f29611c4c0","content/second-order-logic/syntax-and-semantics/language-of-sol.tex","b334d1a0decdc9ded917dc1b9b5e49dfafc14c67949233c912f7b19b432121d8","1747","41","230","true","false","","retained_english_content_other_not_imported_by_complete_reader","Retained because the controlling closure includes every tracked English content TeX file; reader reachability is scheduling metadata, not an exclusion rule.","reader_unit","The Language of Second-Order Logic","sol","0","","","0","","0","","2","document:1|enumerate:1","0","0","1","0","0","0","0","0","0","0","0","0","0","0","0","0","10","locale/ar/content/second-order-logic/syntax-and-semantics/language-of-sol.tex","PENDING","","PENDING","locale/fa-IR/content/second-order-logic/syntax-and-semantics/language-of-sol.tex","PENDING","","PENDING","PENDING"
"OLP-0717","717","9620cc73f9c8e0ad003c514a5d3748f29611c4c0","content/sets-functions-relations/functions/isomorphic-functions.tex","2b84ab8574d4edab2ff4cb52ab2af2cdd474060649326ad6d797b56b78419790","1590","43","227","true","false","","retained_english_content_other_not_imported_by_complete_reader","Retained because the controlling closure includes every tracked English content TeX file; reader reachability is scheduling metadata, not an exclusion rule.","reader_unit","Isomorphism","sfr","0","","","0","","0","","4","defn:1|document:1|ex:1|explain:1","0","0","1","1","0","0","0","0","1","0","0","0","0","0","0","0","37","locale/ar/content/sets-functions-relations/functions/isomorphic-functions.tex","PENDING","","PENDING","locale/fa-IR/content/sets-functions-relations/functions/isomorphic-functions.tex","PENDING","","PENDING","PENDING"
"OLP-0718","718","9620cc73f9c8e0ad003c514a5d3748f29611c4c0","content/sets-functions-relations/inductive-defs-proofs/introduction.tex","0a3327920db03385bcae0062435654fd82227d5e622e87f4194628de4fdbddda","5144","136","713","true","false","","retained_english_content_other_not_imported_by_complete_reader","Retained because the controlling closure includes every tracked English content TeX file; reader reachability is scheduling metadata, not an exclusion rule.","reader_unit","Introduction","sfr","0","","","0","","0","","12","align*:1|defn:4|document:1|ex:1|explain:5","0","0","1","4","0","0","0","0","1","0","0","0","0","0","0","0","80","locale/ar/content/sets-functions-relations/inductive-defs-proofs/introduction.tex","PENDING","","PENDING","locale/fa-IR/content/sets-functions-relations/inductive-defs-proofs/introduction.tex","PENDING","","PENDING","PENDING"
"OLP-0719","719","9620cc73f9c8e0ad003c514a5d3748f29611c4c0","content/sets-functions-relations/relations/relations.tex","69e7b017e60673c488d1ec98c186ed0986bc1489b8554f848c95c189af5c9e54","403","27","21","true","false","","retained_english_content_other_not_imported_by_complete_reader","Retained because the controlling closure includes every tracked English content TeX file; reader reachability is scheduling metadata, not an exclusion rule.","chapter_driver","Relations","","7","content/sets-functions-relations/relations/relations-as-sets.tex|content/sets-functions-relations/relations/special-properties.tex|content/sets-functions-relations/relations/equivalence-relations.tex|content/sets-functions-relations/relations/orders.tex|content/sets-functions-relations/relations/graphs.tex|content/sets-functions-relations/relations/trees.tex|content/sets-functions-relations/relations/operations.tex","","1","content/sets-functions-relations/sets-functions-relations.tex","0","","1","document:1","0","1","0","0","0","0","0","0","0","0","0","0","0","0","0","0","0","locale/ar/content/sets-functions-relations/relations/relations.tex","PENDING","","PENDING","locale/fa-IR/content/sets-functions-relations/relations/relations.tex","PENDING","","PENDING","PENDING"
"OLP-0720","720","9620cc73f9c8e0ad003c514a5d3748f29611c4c0","content/sets-functions-relations/sets-functions-relations.tex","62c683ba88df4742cbef61369a755fbae8dd53e2173d5f3d1b8a9fc675f27538","999","32","123","true","false","","retained_english_content_other_not_imported_by_complete_reader","Retained because the controlling closure includes every tracked English content TeX file; reader reachability is scheduling metadata, not an exclusion rule.","part_driver","Sets, Relations, Functions","","4","content/sets-functions-relations/sets/sets.tex|content/sets-functions-relations/relations/relations.tex|content/sets-functions-relations/functions/functions.tex|content/sets-functions-relations/size-of-sets/size-of-sets.tex","","0","","0","","2","document:1|editorial:1","1","0","0","0","0","0","0","0","0","0","0","0","0","0","0","0","0","locale/ar/content/sets-functions-relations/sets-functions-relations.tex","PENDING","","PENDING","locale/fa-IR/content/sets-functions-relations/sets-functions-relations.tex","PENDING","","PENDING","PENDING"
"OLP-0721","721","9620cc73f9c8e0ad003c514a5d3748f29611c4c0","content/sets-functions-relations/sets/proofs-about-sets.tex","394714c03cea3d400ca79ed47f0c4b47c496cb714a3fd8e5c03debec1ab55161","4325","103","676","true","false","","retained_english_content_other_not_imported_by_complete_reader","Retained because the controlling closure includes every tracked English content TeX file; reader reachability is scheduling metadata, not an exclusion rule.","reader_unit","Proofs about Sets","sfr","0","","","0","","0","","8","document:1|editorial:1|explain:1|prob:1|proof:1|prop:1|quote:2","0","0","1","0","0","1","0","0","0","1","1","0","0","0","0","0","62","locale/ar/content/sets-functions-relations/sets/proofs-about-sets.tex","PENDING","","PENDING","locale/fa-IR/content/sets-functions-relations/sets/proofs-about-sets.tex","PENDING","","PENDING","PENDING"
"OLP-0722","722","9620cc73f9c8e0ad003c514a5d3748f29611c4c0","content/sets-functions-relations/size-of-sets/size-of-sets.tex","877c8e21a7381df4092d6d61cba7384197674ec0e182bf1aeee56dff00109793","890","41","84","true","false","","retained_english_content_other_not_imported_by_complete_reader","Retained because the controlling closure includes every tracked English content TeX file; reader reachability is scheduling metadata, not an exclusion rule.","chapter_driver","The Size of Sets","","10","content/sets-functions-relations/size-of-sets/introduction.tex|content/sets-functions-relations/size-of-sets/enumerability.tex|content/sets-functions-relations/size-of-sets/zig-zag.tex|content/sets-functions-relations/size-of-sets/pairing.tex|content/sets-functions-relations/size-of-sets/pairing-alt.tex|content/sets-functions-relations/size-of-sets/non-enumerability.tex|content/sets-functions-relations/size-of-sets/reduction.tex|content/sets-functions-relations/size-of-sets/equinumerous-sets.tex|content/sets-functions-relations/size-of-sets/comparing-size.tex|content/sets-functions-relations/size-of-sets/schroder-bernstein.tex","","1","content/sets-functions-relations/sets-functions-relations.tex","0","","2","document:1|editorial:1","0","1","0","0","0","0","0","0","0","0","0","0","0","0","0","0","0","locale/ar/content/sets-functions-relations/size-of-sets/size-of-sets.tex","PENDING","","PENDING","locale/fa-IR/content/sets-functions-relations/size-of-sets/size-of-sets.tex","PENDING","","PENDING","PENDING"
