sha256	bytes	path
# Every source archive entry, including its own non-self-referential inventory file.
2F9179F2AB40944E9B0839B75E012829DDD20E7CCF3DE90286411A722DA84B4B	3278	.zenodo.json
8CFE02B657E0120BC98884F75CDFFBF3C0BFD6E572FDE5E67969EF795A51A879	896	00_control/fonts/scheherazade-2.100/FONT_RECEIPT.md
458314C1EBC013A6ED6055EC23ACB93C4EF54BC41D8BA35C0BBC232849D0D804	4324	00_control/fonts/scheherazade-2.100/OFL.txt
62DDE529B296DF074EFBF75B40A986E8FF82E997B98CEC9AD7AB6795BB17A622	547772	00_control/fonts/scheherazade-2.100/Scheherazade-Bold.ttf
034C3ED203CCF91E20A75181350759CC5878E0E369BB0E2E83ACEE15A829184F	500396	00_control/fonts/scheherazade-2.100/Scheherazade-Regular.ttf
E466052C45884001AF5AB248C8F62F27C58D0EBC693A7D0B2E0E3AEA7CA2200B	2851	CITATION.cff
1094A30E124027CB4CFF48D932F1A8673D1386682A475A0EDC811F2162241FEC	17227	LICENSE.md
A32BA6F9B7F41C8F336D25BB0DA38F10D197178B78423917255C3F185C1AD82D	5218	README.md
F901B9D02EACDFC976DD75200DB84D3A0F383A15038BAECCF036E360164D85C4	110854	SOURCE_CONTENT_SHA256.tsv
893A7830D8149C170706C5CCADB6E7ECC532201E225AD6F3ED69CDA0815D5450	7192	build/BUILD.ps1
D3EDF91E5856993B985189DD28FD3925ADE031F034BF5FD40BC6A79082AC1A1C	5421	build/BUILD_REQUIREMENTS.md
38DACD080B28790B24B343F2F2DA36602792609481BC5AC4059D949904BE7F2D	8026	source/assets/diagrams/bijective.tikz
AD4D91333BB7D95C341E168381965ADA603782BFBCAA2452096D8F1DDD78BE04	14084	source/assets/diagrams/composition.tikz
BDB3BEDE3E70DD888EFF930948DB4CD8615868A323F2CD4162B0CC6E954FE5EC	4703	source/assets/diagrams/difference.tikz
CB994564115F1E1F2BE0E184ABB7614989FD9D89C94CE9B99FC74A614A58260D	9944	source/assets/diagrams/function.tikz
6CB35D1950E2D1F34787EE0BDCC41FEE1678C8A9FC3DC910B10688C4EC2DCC21	9691	source/assets/diagrams/injective.tikz
56BCFA9DD91404E902B92526929B698D67FA635ACF956CCCA70732B56717A46B	4009	source/assets/diagrams/intersection.tikz
7083E6761874E930503FB0F9A4473A7177B65DA466B7AE5F443C86E53CD770A5	7386	source/assets/diagrams/surjective.tikz
95F2D3B39612C761F12C5F732D57825FBE12C9A0B3AA65E16DAD9EF9161BD1C6	32616	source/assets/diagrams/turing-machine.tikz
621F4F8FAC2F86282BECE8F499F5502A97BC40BC13A6FD36BF5D8A179C51F969	5125	source/assets/diagrams/union.tikz
C3CB1272AB13900BB117F9CC3BA4028EF9F40BCB4943CA852C569C7A2C31E733	31657	source/bib/natbib-oup.bst
4B4249139C74DE1DF579B77B29F6D8EDF087450CC05F03F771E3661F5EAEB54F	36023	source/bib/open-logic.bib
9BA016F2CA4D6ECA3B98C89E92821E66D609495551367B0FA112B5ABF0895077	4544	source/locale/fa-IR/ATTRIBUTION_AND_CHANGES.md
8B09B471F4DD74F2FFC61721DAFC951CDFBFF1CF346F4D3BDEC86BC7BD036EFE	513	source/locale/fa-IR/content/applied-modal-logic/applied-modal-logic.tex
2EBF94A3565A5DB499FD3FF9E1930E94820C71CAA7FB89B0D2459E7264A6C191	5376	source/locale/fa-IR/content/applied-modal-logic/epistemic-logic/bisimulations.tex
8C1861A6FC7C97C793C815B15075DD61CFDDF9C9EC21CC0E334B8A3DE511C62C	964	source/locale/fa-IR/content/applied-modal-logic/epistemic-logic/epistemic-logic.tex
DCDF793A1901CB5D8A936DD8616A9ADB600D80B6ADF441306D868022601E5DBC	3024	source/locale/fa-IR/content/applied-modal-logic/epistemic-logic/introduction.tex
C0E45C513FBA491DEE79B6686894FB29D37E42C8B63C18798BA9E57958AD0690	4062	source/locale/fa-IR/content/applied-modal-logic/epistemic-logic/language-epistemic-logic.tex
86EC6D378B19CB85D9A3445146373A62D6F3D548C98E4347172C7D499D68241B	4377	source/locale/fa-IR/content/applied-modal-logic/epistemic-logic/properties-accessibility.tex
FB25871D4CE440615E5FD09B238D8B9A99145EB2390384F53C78563731405EEE	3879	source/locale/fa-IR/content/applied-modal-logic/epistemic-logic/public-announcement-logic-lang.tex
2DDA523B8045DE39DC1A91650606F8B5BA9D24401ECC529A153D75F3ED701BF9	7422	source/locale/fa-IR/content/applied-modal-logic/epistemic-logic/public-announcement-logic-semantics.tex
A26172C18D140FECF82F7B320424AB9577CD0481C03BB7F26B5DD68EA16D09AA	3040	source/locale/fa-IR/content/applied-modal-logic/epistemic-logic/relational-models.tex
967122032AD5CA80DE1FE38AA745B79FE97087CB9C58D45966FE94ADA6CAC1BA	6569	source/locale/fa-IR/content/applied-modal-logic/epistemic-logic/truth-at-w.tex
879E205CAE89335335E380EF88F7ECF50686B3C19752C3625388AFAF7111DD2C	2022	source/locale/fa-IR/content/applied-modal-logic/temporal-logic/extra-temporal-operators.tex
BA283E9E8EE3B0D59B30B7ED289B35F23B6A6E4EB3926058D4E1A5C9FE38A825	3875	source/locale/fa-IR/content/applied-modal-logic/temporal-logic/introduction.tex
CE2D35BF756D7EAEBDFF27211C94358D178F1589F827065F5DF0256C4F24327E	4964	source/locale/fa-IR/content/applied-modal-logic/temporal-logic/possible-histories.tex
DB422E3A7BA781B676A662D2EBC31A7F6585A9C74353621E66B5795F60BBCE51	2844	source/locale/fa-IR/content/applied-modal-logic/temporal-logic/properties-accessibility.tex
C2694895FF1DAE0428EF7C3AD7A8CBAE3A954AAC40C836C19EB7EAED6271D050	6758	source/locale/fa-IR/content/applied-modal-logic/temporal-logic/temporal-logic-semantics.tex
A4A653931BB50C3F4ED778B68CCAEB1EDFEAFE772B2712B038466AC761953E4B	496	source/locale/fa-IR/content/applied-modal-logic/temporal-logic/temporal-logic.tex
6B2AD38B125B9FCCB6DDF4365F1AB55C15AD575EACCEF8EDBA73EB0005466B20	3752	source/locale/fa-IR/content/computability/computability-theory/application-fixed-point.tex
69EEC2CDBFC2B951C0666061191EC440B2BEF5EDBA6F141D0BAF00B7DF2BDAC1	4274	source/locale/fa-IR/content/computability/computability-theory/ce-closed-cup-cap.tex
EC89DA4C69664A8B2809A13859648E08CFFDB3DADA99F3E9667F3947010F938B	2174	source/locale/fa-IR/content/computability/computability-theory/ce-sets.tex
973C24A523D0AD5F4258E0FC1B8B526B4073AD5092E6AC134703FE0265B4A8AE	2858	source/locale/fa-IR/content/computability/computability-theory/coding-computations.tex
D0F221DC9709CD26BDFCB97B39FE6BACA18F3569FBC491E8258E7111B0DBF3A6	3067	source/locale/fa-IR/content/computability/computability-theory/complement-ce.tex
2BDB442E67811719C2407C24732BBE60A57EC1C8C3288AE9E83BAAA481090689	2888	source/locale/fa-IR/content/computability/computability-theory/complete-ce-sets.tex
13155707367177611693FABF6642D3D7B83AB1686516211E81820CD3EC3ECCFC	1037	source/locale/fa-IR/content/computability/computability-theory/computability-theory.tex
8E477D2C5E3A8B57457FC60A58D7A304C4CBDAA9ED547E512C656FF7B36E8CE5	2002	source/locale/fa-IR/content/computability/computability-theory/computable-sets.tex
A29832CA429E31878AAE03CDDEE1CCBD314D9737A97CC7DB189DEAE5D2B43369	2543	source/locale/fa-IR/content/computability/computability-theory/def-functions-self-reference.tex
1BB64B5B2C6736BF7F7299A10D5CF0BFDB0317B0518C187F848B8F1375F13743	8495	source/locale/fa-IR/content/computability/computability-theory/equiv-ce-defs.tex
22DE24DB7081692B17D3522BB0E5A8A4DCF1BCA4E0A44BB0C1063F5A56BAC24F	10578	source/locale/fa-IR/content/computability/computability-theory/fixed-point-thm.tex
DB1075C168225242B610E83A8F7A91E55F0106E2414F4946812ECFF01AECC34D	5233	source/locale/fa-IR/content/computability/computability-theory/halting-problem.tex
761B986B0EDABC6694B6986B231B65B008B71AE04007EF760A73887ACA1E2F00	4697	source/locale/fa-IR/content/computability/computability-theory/introduction.tex
DDD0FFBB62BF421A3D4895115B252E0B6A73561DE4AEEE5C4B8EF0523BF96F0F	3539	source/locale/fa-IR/content/computability/computability-theory/k-1.tex
7B682BDE8291CEBCCC6D03F71FAD80107D04CD3EB7FABD01411C4711AA4F4680	2424	source/locale/fa-IR/content/computability/computability-theory/no-universal-function.tex
FDF45CF5015B08AF350CC0673D7C37BE4B3E8172932DD3A4D470F2E15532DFC9	2934	source/locale/fa-IR/content/computability/computability-theory/non-comp-set.tex
B2D5A05F2429BB86C9EDAC51B180648612164C4DA182280585240B46F74F4F49	5476	source/locale/fa-IR/content/computability/computability-theory/normal-form.tex
EB8E051082A6EB1899E860427B1AA19A502D133222F41CA39C21CD2E5241267F	5676	source/locale/fa-IR/content/computability/computability-theory/prop-reduce.tex
89859FEA659ADDC9E6D07478210E185DED534EE90E703B114BD8D8387AA0D99A	4556	source/locale/fa-IR/content/computability/computability-theory/reducibility.tex
EF5748C43D0569AE370E38511B15830FE2F0E713BA9F531C2C2F6045781D6F73	7904	source/locale/fa-IR/content/computability/computability-theory/rice-theorem.tex
189B74A6F2ACBE1616267805D7628AF4CC84A8E1E8DF3238AE67F7E560B5D78C	3750	source/locale/fa-IR/content/computability/computability-theory/russells-paradox.tex
E9DE9A54785BE0B19AD2EE26CE8EBE6C13B01090C615A14D9DE69E0655C3B78F	1997	source/locale/fa-IR/content/computability/computability-theory/s-m-n.tex
AA229851DC8E25BB2F164724576BC82197536277DCA64B3E5AFCA06678B40C2E	2378	source/locale/fa-IR/content/computability/computability-theory/total.tex
ED6871309F516238636CA7331D4D804E9ED881F84265F97276C24DC194A7C779	2191	source/locale/fa-IR/content/computability/computability-theory/universal-part-function.tex
272E2E807A097483AD2353E50AB83442046746CF79DCB7FBC4A3A1639A3082A1	676	source/locale/fa-IR/content/computability/computability.tex
62460559B6C2CD32CB7914BA7E76846154FA6471DFC581732C82994772DA2B00	3582	source/locale/fa-IR/content/computability/recursive-functions/bounded-minimization.tex
6CA17AB59715FCF933D22C42E579B1C024965DF4D22C0AF4C1D6F721CD8C486A	4489	source/locale/fa-IR/content/computability/recursive-functions/composition.tex
C796F94FBACB739FACBC3F0433EEFFE7032777C8795E74665BB2809D78D21A30	7246	source/locale/fa-IR/content/computability/recursive-functions/examples.tex
A82DA196184999D8BA8043EE6C9CB5D7B8CEC417116146D96B33CA739BC5933D	2333	source/locale/fa-IR/content/computability/recursive-functions/general-recursive-functions.tex
56F67E1F0F3BB70829894E42D4B6D7629AC435FEA7D1EEE544BA5A4AE997B6A5	4416	source/locale/fa-IR/content/computability/recursive-functions/halting-problem.tex
96BC17103D9EB3CC7E9315F655D7BB804FC5A717C5E844030C51C08FD305D7D0	4147	source/locale/fa-IR/content/computability/recursive-functions/introduction.tex
10DCDAAB6EECB79858C6C2A12E051094F7A321E480BF7EE96E6BFC0686FFBB9E	6566	source/locale/fa-IR/content/computability/recursive-functions/non-pr-functions.tex
4354369F9C5DC03BDACAB16484C59CF13DDA5FD6F6D00EA38245F59BC4C78AC6	2662	source/locale/fa-IR/content/computability/recursive-functions/normal-form.tex
C2D66649E2C24A8670465F999E66C990D24BEA32CBFD29BFAF0CC3E5E69DB46E	2800	source/locale/fa-IR/content/computability/recursive-functions/notation-pr-functions.tex
8BBF43B9205F7ACB6542F6A29055F76B29B1AA654010A5E7F145713DB3F7F431	3623	source/locale/fa-IR/content/computability/recursive-functions/other-recursions.tex
36609ED052C67BB5A39DD41DB7D443224B39078BABC8A4B5367D2A35EB561BFF	7402	source/locale/fa-IR/content/computability/recursive-functions/partial-functions.tex
D127966C509381EEF04695D8AC3014EAA5C399B87D7267EC337956FA2C00E0AD	2336	source/locale/fa-IR/content/computability/recursive-functions/pr-functions-computable.tex
9C0C5996592A72B8B047118FE5FC6A99504020CD9881BC0BBFA3ED72826D89CE	7371	source/locale/fa-IR/content/computability/recursive-functions/pr-functions.tex
7B7E4EE0D26E2A0318BE6ED6782CD90899993F19B34C01139B0399C26826188B	7048	source/locale/fa-IR/content/computability/recursive-functions/pr-relations.tex
33F99186D0F56DCC8255C7D9DA09C7079FCCFE9920374CD7759574C3995CFC29	4887	source/locale/fa-IR/content/computability/recursive-functions/primes.tex
8B168F2E7D456E05C54241D66FAAD93D7B697E2A66E737C4BC3A58C9C2843093	7622	source/locale/fa-IR/content/computability/recursive-functions/primitive-recursion.tex
8D97A25EB315EDB04CEF0C65160F8D9800334D7DC2C3AA6D9F01A61CE0D9BD1E	1157	source/locale/fa-IR/content/computability/recursive-functions/recursive-functions.tex
BB59145B1E2AAEB2129422762FFCC5695CF46F532B7114049CB555179BDD2EF8	8901	source/locale/fa-IR/content/computability/recursive-functions/sequences.tex
BC2CC2543473D9C144BBB8D4FE66096BC47DE77B0337835F5BC40A2479BF3F55	4850	source/locale/fa-IR/content/computability/recursive-functions/trees.tex
8D9F043FC6A265C43981E51DDA87594D60A33C796FB2A613DFAAE4AF7A117636	3420	source/locale/fa-IR/content/content.tex
03D992E2BA8DE523BC30AD9C444F739EFBC2913B6EE2CBDB3232E1C72ABAC883	284	source/locale/fa-IR/content/counterfactuals/counterfactuals.tex
22AC60829025D988D588E7E25D12FBF52057BC21D7EB7E64B9294802F011F2C5	5926	source/locale/fa-IR/content/counterfactuals/introduction/counterfactuals.tex
77AE703FC3A50CB1C332ADF1D25EACBB2993269493001CAC3E1B437EF47127E8	322	source/locale/fa-IR/content/counterfactuals/introduction/introduction.tex
C2265B318497750070B52D3E6A0E179A95C3A1F79F2F47AE9BE7B37DF834617E	3857	source/locale/fa-IR/content/counterfactuals/introduction/material-conditional.tex
66998731652748BDC4081BDE5341099087710F82DFC45446DB42262524888646	3539	source/locale/fa-IR/content/counterfactuals/introduction/paradoxes-material.tex
71AF76DA0B9F89591900F8A93BB121A786DF1C187F6BFEB2D0FC8AE1FBD42485	5392	source/locale/fa-IR/content/counterfactuals/introduction/strict-conditional.tex
9012EE2FDB4513376BF00DAB86743B4558F46A59B8234BF8123E7E099285E895	3282	source/locale/fa-IR/content/counterfactuals/minimal-change-semantics/antecedent-strengthening.tex
15B9EA50C06DF28DB7630712782FA80C1E4ED5657E2421B0B75251AA61E9BF70	2985	source/locale/fa-IR/content/counterfactuals/minimal-change-semantics/contraposition.tex
3A3FFBD627874394B83E0B565AE099A1A1A02D5BBCE26F8F86B71147437F555D	4769	source/locale/fa-IR/content/counterfactuals/minimal-change-semantics/introduction.tex
B9379FA326273F61E1C314EB4FBF3C3B3EC7E845C1D3C45275A3FEA272FD5B73	406	source/locale/fa-IR/content/counterfactuals/minimal-change-semantics/minimal-change-semantics.tex
9861BD1B291996FA4376734F305491BFA1FA09FE58A2865E823B1EB76DA057B4	6482	source/locale/fa-IR/content/counterfactuals/minimal-change-semantics/sphere-models.tex
0CA04F829161D135BC9501A5213F8FC699FAEE387130EF9E06FC242E4DEA1A59	4684	source/locale/fa-IR/content/counterfactuals/minimal-change-semantics/transitivity.tex
A37383657387954A58E931E05E1C71D048F49AFFDDFCD83D5A26B142EDEE31DF	4540	source/locale/fa-IR/content/counterfactuals/minimal-change-semantics/true-false.tex
A3A6CD1E408FC5E256B9976184AD31959CAB46E8FCE19A73C15FF0F23C55A708	1448	source/locale/fa-IR/content/first-order-logic/axiomatic-deduction/axiomatic-deduction.tex
2A8EB49DA5DD1ECEDB43756BBD1501627AB03CB355D56CC7189647CA460AC6C4	1615	source/locale/fa-IR/content/first-order-logic/axiomatic-deduction/axioms-rules-propositional.tex
1266CC8835E3E9C58AFC762C0FF607528FB4127F39B34D6C92FA4817E155D72F	1198	source/locale/fa-IR/content/first-order-logic/axiomatic-deduction/axioms-rules-quantifiers.tex
30AFF66A0C7405DB6C69CC8DA6DC3FB4F30DAB4988D469B96808BD44DA4FA2B7	2591	source/locale/fa-IR/content/first-order-logic/axiomatic-deduction/deduction-theorem-quantifiers.tex
B44D955F9A58CFFD0508E3091D4E213E01C7CF894880396F671503AA8F4FF182	6012	source/locale/fa-IR/content/first-order-logic/axiomatic-deduction/deduction-theorem.tex
A88457F33DE295D546BDFFD829818C43FC184151C93847F1C0FECAE7DA4923E1	1622	source/locale/fa-IR/content/first-order-logic/axiomatic-deduction/identity.tex
890CB4B76F37FFE75457DE8E79DADF4C53832328FD559EB48A6C1AAF8EAC6829	5569	source/locale/fa-IR/content/first-order-logic/axiomatic-deduction/proof-theoretic-notions.tex
E452738A23AD1F13856418FF1AF21664C87BB55712BABD11C55FDA6B6AC6DD03	3425	source/locale/fa-IR/content/first-order-logic/axiomatic-deduction/provability-consistency.tex
D8644212E9278E70655644BC29ADCB8844708DBA5FD12BE6CCBFEA8D813DF56F	2886	source/locale/fa-IR/content/first-order-logic/axiomatic-deduction/provability-propositional.tex
83DC878D1C13093178AA3334D249525501B9854046D38E4AE8680B8D495F6A32	1749	source/locale/fa-IR/content/first-order-logic/axiomatic-deduction/provability-quantifiers.tex
E977D88B17F59CF6F111256C53965AF5909A2F7AB545E3C6392ADF73D3146693	15505	source/locale/fa-IR/content/first-order-logic/axiomatic-deduction/provability.tex
DC5E71EC64EB760B136BFC4FC428079EA814740DC351BDBB0A925B160B0990C2	1746	source/locale/fa-IR/content/first-order-logic/axiomatic-deduction/proving-things-quant.tex
4E1C3A6EC76EAD1EF3713AA83D826F68B098161DCE6444C6B0616ACE3DA6EA69	6905	source/locale/fa-IR/content/first-order-logic/axiomatic-deduction/proving-things.tex
D362DBE9F54278ACCE5C4C58C2B39EA7EE865884C322D82552F38CA504CFFFE1	4961	source/locale/fa-IR/content/first-order-logic/axiomatic-deduction/rules-and-proofs.tex
AA4EA2313DDDD1C5CF237046E68E9AF7CFF9BF798E26AC191307978C027F9051	7631	source/locale/fa-IR/content/first-order-logic/axiomatic-deduction/soundness.tex
73917DEC0502537EF092E2A6158CD75021B4B21A6AD28CB34AFBBFDFE1B3F44D	1106	source/locale/fa-IR/content/first-order-logic/beyond/beyond.tex
85D2552B53010A9177AE220BD3BD5A63B6F0495B9EA8EA939481B3EBCE59CA9F	9397	source/locale/fa-IR/content/first-order-logic/beyond/higher-order-logic.tex
D4C00E78875870B9981C4309D0415A019167E46872D93F3F93CB1F82AC431E2E	3907	source/locale/fa-IR/content/first-order-logic/beyond/introduction.tex
FF0733F6AA24EEBEB90981C6C6A4CCBD878FC197C2ABB79649ADB5B082824F91	15694	source/locale/fa-IR/content/first-order-logic/beyond/intuitionistic-logic.tex
835F4106B594BA45FF929DC02F7798A050F9B819485B312C0D39E8BBD307BC76	5097	source/locale/fa-IR/content/first-order-logic/beyond/many-sorted-logic.tex
47B263BCF4DA43C9F390B7E5A8C8C285F5EBB7B91E17B4E7FDB92DB62F9A8929	6250	source/locale/fa-IR/content/first-order-logic/beyond/modal-logics.tex
C81AEBE121D32FEB1812037903EFDA2E9146BA1AFFB5673C68BB8956BAB7F410	2842	source/locale/fa-IR/content/first-order-logic/beyond/other-logics.tex
74CF9B96CD1E84594F586BCFFC5DCE4D9E88D6DADAD7DF1A9D77E80944F3CFD2	17898	source/locale/fa-IR/content/first-order-logic/beyond/second-order-logic.tex
89A5D444F688876A8A77ED8610586A50E4B8B58CBC3904FDB653C1F9DBF40CED	7882	source/locale/fa-IR/content/first-order-logic/completeness/compactness-direct.tex
D191EB1CEDB1055F29A3298F21BA9C75205870AB231C535053DE116421841E8D	12337	source/locale/fa-IR/content/first-order-logic/completeness/compactness.tex
766C98FBCDC6280B96B0E0281DA04953E5839C5FD97D589F725F467846F20B62	10533	source/locale/fa-IR/content/first-order-logic/completeness/complete-consistent-sets.tex
4370050417C2FF10046B2BE295AC534A39B47B25D583B1465ED8C5A6F5901EDC	6215	source/locale/fa-IR/content/first-order-logic/completeness/completeness-thm.tex
A021DCFDBF602B261291F5BED4CB653C76ED6306FFCB1AB8477397509D5AC2CE	651	source/locale/fa-IR/content/first-order-logic/completeness/completeness.tex
E6BD9A7E7492AAAA2A6FC35833FAD1EAF873BA9234A6943DC4E465E37BD8E7F4	13972	source/locale/fa-IR/content/first-order-logic/completeness/construction-of-model.tex
6A1709967D160DCD4C35F7ED299B73E31BBC1E85DA5413EE359C472BBC881174	3632	source/locale/fa-IR/content/first-order-logic/completeness/downward-ls.tex
E02505784EF885510484AC52AA50E6381EAC989EA7D10794CFE6768846DCD09B	11159	source/locale/fa-IR/content/first-order-logic/completeness/henkin-expansions.tex
C3731EEAF405D2703C54D6EC9D8CE460404DC07F4EA814A0E9E264F9F4BD2FEE	9773	source/locale/fa-IR/content/first-order-logic/completeness/identity.tex
4670CF4F21AC98DCB0914F10C75FE9F8EC49AD362C1A4F41112C2C9A7D1EA005	5320	source/locale/fa-IR/content/first-order-logic/completeness/introduction.tex
A1374177D35F044BFC14B559BC1E8A57F814A6F15D34EE0A7965B1840D1EEA76	5465	source/locale/fa-IR/content/first-order-logic/completeness/lindenbaums-lemma.tex
0B29553BE9F530E57EA08005F08F64017D4D5D1E3BE6904E6187A71A4130D1D0	8698	source/locale/fa-IR/content/first-order-logic/completeness/maximally-consistent-sets.tex
F9BC98BF385B5A1EB10472506A8C881A14CA8301738022D22AD83D5FE56FEA40	13453	source/locale/fa-IR/content/first-order-logic/completeness/outline.tex
390270E5899A03858EA0F46BB7B8AAEC0338BB59D13504C61D27DC298B83F3FC	2010	source/locale/fa-IR/content/first-order-logic/first-order-logic.tex
B5BCC7D0F7378F67E5C18B658A47955C8D6FE8A82ABEE009BB5552A3CC7BF58F	6627	source/locale/fa-IR/content/first-order-logic/introduction/first-order-logic.tex
A0F564B6E27EEB89615AC982FB2FE84158D980EDC577A630D1B08CA683D25BB1	5719	source/locale/fa-IR/content/first-order-logic/introduction/formulas.tex
736354C6BCBB1D0750E7C1D707F769E640FCCD4342986300E7C565AED1ECCF5E	475	source/locale/fa-IR/content/first-order-logic/introduction/introduction.tex
785C099EE144DC8011FD0A3FB26BFD8A344119E4FDC68B30B2DBBAE9A74FF482	5463	source/locale/fa-IR/content/first-order-logic/introduction/models-theories.tex
6F2AD0F414F468507F6039FDA3E53C45D60F1DCB7396AE378C99E2F79FEF56A4	8398	source/locale/fa-IR/content/first-order-logic/introduction/satisfaction.tex
CCD05A5730BC15E42CBCC2EEDB5D1549C46365E559CCE32E23C660141E3592A4	3426	source/locale/fa-IR/content/first-order-logic/introduction/semantic-notions.tex
D0E136FF972DDA6D236CE9F0CB19A6FDA0C1C9A1F28C5A430F18825538E61D41	3521	source/locale/fa-IR/content/first-order-logic/introduction/sentences.tex
E96790B68F4107021B6F191571C06E59C884504876AC4CD7342671A38A3666C6	5124	source/locale/fa-IR/content/first-order-logic/introduction/soundness-completeness.tex
1A03079F16D6DFCF3D6484F3227B6C579C33B566BF182E4A16FF43B0B0C7C4B0	3378	source/locale/fa-IR/content/first-order-logic/introduction/substitution.tex
6A3A75004962D96B7C5780375172B77B08085E1C59E56ECF04B9B9C1C925FB7D	4029	source/locale/fa-IR/content/first-order-logic/introduction/syntax.tex
1303434A2ED9B15AA74A35667F5334E85954DB5E185714ACF5A285CBD189578F	4009	source/locale/fa-IR/content/first-order-logic/models-theories/expressing-props-of-structures.tex
6B1F3C7E68F8982B6EAA7CE2624BA78BBB35D8B4431151E56F2F9CE9131C75E9	6935	source/locale/fa-IR/content/first-order-logic/models-theories/expressing-relations.tex
B616E41522DB10BB608059DB8437B73A1FDCA53C378368F68F422132D8AA8D90	7843	source/locale/fa-IR/content/first-order-logic/models-theories/introduction.tex
3AFC84B92344EBD8F553D92358BBBA4B96F76A82EEDFFB96BB9BB4D95E508144	411	source/locale/fa-IR/content/first-order-logic/models-theories/models-theories.tex
94CF2F819DD22C26AD605696CDC88469DC835A0936AD61F2F1583B1EF7A81F8E	12194	source/locale/fa-IR/content/first-order-logic/models-theories/set-theory.tex
BE3EFCE0DEA9703D56A920BA383016124725084CEC7A6610315805A0B86E09FE	3034	source/locale/fa-IR/content/first-order-logic/models-theories/size-of-structures.tex
7F02B5BDE82EFAC75E0B3FB8B9DC80A7633C831EB0B7EDB5617560F18254AF8A	8611	source/locale/fa-IR/content/first-order-logic/models-theories/theories.tex
6D266E20619E05B57728F444F423E3534B1AB49F5AB092A084AC8E6D91F00800	4708	source/locale/fa-IR/content/first-order-logic/natural-deduction/derivations.tex
C0D6D04938EF423560D0AD51D007AE755938A8A76DF71D4762DEFCFED3F0C971	4349	source/locale/fa-IR/content/first-order-logic/natural-deduction/identity.tex
A5954C4BA585A21437FA635124CD7C37C619C0CE41EBF1868605CCD1751C2E3F	1130	source/locale/fa-IR/content/first-order-logic/natural-deduction/natural-deduction.tex
462E7EAE7F7167718D48DBEAA322F31D2D13A0372B71EA169812A9F284DCA178	6435	source/locale/fa-IR/content/first-order-logic/natural-deduction/proof-theoretic-notions.tex
D3480EA7393C831980EAD2A134F42863C365822A34E506AADAA19227BBCBD8A4	2580	source/locale/fa-IR/content/first-order-logic/natural-deduction/propositional-rules.tex
4E280645E06A2DFCBFD741CA05A27C5EAB7341A2428018653BDEC075BD63C550	4644	source/locale/fa-IR/content/first-order-logic/natural-deduction/provability-consistency.tex
FE7466AB8C8514C5883D892F0186A6811EB07FE0CC497E97772F5724786554FA	4260	source/locale/fa-IR/content/first-order-logic/natural-deduction/provability-propositional.tex
5B3EA2C46B53E6B79000EF01DE7A608570185A3039D070060C1A76DDB44978D0	1958	source/locale/fa-IR/content/first-order-logic/natural-deduction/provability-quantifiers.tex
657CF2D6DFFF89560F4D9A126B33EFA64542D01E5FFF1E751414F99936BE2269	11551	source/locale/fa-IR/content/first-order-logic/natural-deduction/proving-things-quant.tex
8583B8E3C176624DA9E4CD1171DCF82970E8014820DFD47BD3B6C0CE38BE48D0	13115	source/locale/fa-IR/content/first-order-logic/natural-deduction/proving-things.tex
6E2F721BDC197B7742E7C9924584A77A19D4186B643F67653F4B88EE3A35F9AF	4897	source/locale/fa-IR/content/first-order-logic/natural-deduction/quantifier-rules.tex
886EAEC9D5CB226E7D5D80948F6D1DEB0534B0186C81C5E6AA78E0794555B2ED	2836	source/locale/fa-IR/content/first-order-logic/natural-deduction/rules-and-proofs.tex
1BDC02B846BD03477F7381F09B00C0962B57A5B3950B97C8EA25C48438066FDD	1919	source/locale/fa-IR/content/first-order-logic/natural-deduction/soundness-identity.tex
4A62C60D2275696BDF949D3400F9606A6BD667CA6D85A00AD5C8437790B453AD	15783	source/locale/fa-IR/content/first-order-logic/natural-deduction/soundness.tex
CFEDDBEB375B15D8B4B4877DFDB52BB671903C7BD9C3F71EF49EB81CE0964C07	5878	source/locale/fa-IR/content/first-order-logic/proof-systems/axiomatic-deduction.tex
7B377BBBC1CEAF6425C40BABC049FB64062838141D90942D50B3B130C9DDD6DA	7679	source/locale/fa-IR/content/first-order-logic/proof-systems/introduction.tex
59F9E5A8D19ED71360FB6F390DB1EF879202B2F103A6C89172773604975934F9	6547	source/locale/fa-IR/content/first-order-logic/proof-systems/natural-deduction.tex
BE1A796B2A322770B31CED8EDCC433EA81C942DA228CA885A0723943E9CCADE1	876	source/locale/fa-IR/content/first-order-logic/proof-systems/proof-systems.tex
0AFFBF237858364E6D9D43A4BB4E3F96E3DD75900DAC09DFBB1D58233E8E94A7	4181	source/locale/fa-IR/content/first-order-logic/proof-systems/sequent-calculus.tex
8B0C9612925183362216762724E997BDEE55F573731962F932E654B54CD61F8F	5506	source/locale/fa-IR/content/first-order-logic/proof-systems/tableaux.tex
959271E2F62F0B98DABD63011F7828C3B141DADD3EB825C654EC4A23B7A01465	5388	source/locale/fa-IR/content/first-order-logic/sequent-calculus/derivations.tex
89F7496404633EFE040F868D1E8625D00E1D0F4D5449A987DF60F12B001F9AAB	2679	source/locale/fa-IR/content/first-order-logic/sequent-calculus/identity.tex
49F7EA9F8349BA91C15A5ED230EB3CFC5DDA995379F27D859E16823118456A6C	7801	source/locale/fa-IR/content/first-order-logic/sequent-calculus/proof-theoretic-notions.tex
0640A671BFA8355711E3C3C503FE1F7907CDB69E1F1DAF899F931E219FA372FE	2029	source/locale/fa-IR/content/first-order-logic/sequent-calculus/propositional-rules.tex
3C040F1A671B9E146BF34747B3983106B9F1179D9ED0A604FF0729F24E93A397	4675	source/locale/fa-IR/content/first-order-logic/sequent-calculus/provability-consistency.tex
2D2E0FDE230C6252FF69410A6BFB53348E2655992AC8903F2784DE09DEE17D31	4860	source/locale/fa-IR/content/first-order-logic/sequent-calculus/provability-propositional.tex
AF7F1E07C7B056DFC9585B36F5CE54141C0660D597698C242E7612F47C1AC6EB	2030	source/locale/fa-IR/content/first-order-logic/sequent-calculus/provability-quantifiers.tex
22AD66FBD91AD7DC65801023BA17D2EBEE8A1FD7A69751406F09186E6F34AACD	5349	source/locale/fa-IR/content/first-order-logic/sequent-calculus/proving-things-quant.tex
E45B54F0A030D794B057D4D76A57A77344A9BE44EF418DA82FFC2A5DCB189337	14793	source/locale/fa-IR/content/first-order-logic/sequent-calculus/proving-things.tex
0C48FAD412D4DE51BCE447AF9D804901ED0692C99ECBC5732260560593F21264	4656	source/locale/fa-IR/content/first-order-logic/sequent-calculus/quantifier-rules.tex
939BE6234F8E8C71C2E26E44B3AB9E6EDF24C7853856F46474675685BF60FAAB	3817	source/locale/fa-IR/content/first-order-logic/sequent-calculus/rules-and-proofs.tex
5F366B189D8A52F3F1D5977C673969A62F4D0EB479141132AC63DB20544E88EE	1307	source/locale/fa-IR/content/first-order-logic/sequent-calculus/sequent-calculus.tex
FA225FA22E09086F6BA11FFDD7C9F79A936C7B5244D9C51AA39CDFDA1914CAB2	2149	source/locale/fa-IR/content/first-order-logic/sequent-calculus/soundness-identity.tex
71CDE0AACAC177C5E25265E7C5871034DFB742DF4F6F70B2330511A5B139F16E	22520	source/locale/fa-IR/content/first-order-logic/sequent-calculus/soundness.tex
75D939EA6CE4DA4EEA6DC992A37BCE2B47DEBFACA6B9E8150E15627E2DF4DAB7	2587	source/locale/fa-IR/content/first-order-logic/sequent-calculus/structural-rules.tex
B177DA8800CBD10172D1174075C55A2F5ECD68B6231451CA4847F785B8F4DEA7	17601	source/locale/fa-IR/content/first-order-logic/syntax-and-semantics/assignments.tex
1C1118B5651B0549084629D8FB3DF4E86CE0194CA47C10645E0B9B6ED0C0E446	3222	source/locale/fa-IR/content/first-order-logic/syntax-and-semantics/covered-structures.tex
D74041167152DA05317CB088D33AAFB03D596909D59147BC747951EBED3A5F81	6423	source/locale/fa-IR/content/first-order-logic/syntax-and-semantics/extensionality.tex
B08F0854B691D0690FA52BB51A4954184489D5C4E4CE689EC5AAC2F590A2F29D	8716	source/locale/fa-IR/content/first-order-logic/syntax-and-semantics/first-order-languages.tex
F92273F0AB7F884FF144D45A6E0173E8F1C787CE180A6E9E16CE85E3B5C8E6CE	12982	source/locale/fa-IR/content/first-order-logic/syntax-and-semantics/formation-sequences.tex
A6365FD9C663F0AC7806A6EA46E95693BFB25F932540617B0F0103374F2944B4	4651	source/locale/fa-IR/content/first-order-logic/syntax-and-semantics/free-vars-sentences.tex
F5818A7E1B2840834CE4624E15D08F91EA00598DF228757967F3507C7B266B4A	3488	source/locale/fa-IR/content/first-order-logic/syntax-and-semantics/intro-semantics.tex
6AC0FB1D18A9E04A8D495A0B95E54E0685C50DE6743C8767732D12798A4ADBCC	2342	source/locale/fa-IR/content/first-order-logic/syntax-and-semantics/intro-syntax.tex
ECAC36657A5AAD36DD111AAC296348B867D6F5E28E67746A0CEB9F97E2AFEFBD	5415	source/locale/fa-IR/content/first-order-logic/syntax-and-semantics/introduction.tex
078C098AE970335BABB46498F6B4A5023C4CFEA364095A24C6E220C182DA19CE	4439	source/locale/fa-IR/content/first-order-logic/syntax-and-semantics/main-operator.tex
EE9B249B60C839E0C0487DC9A5B458F6591DCE7208914174489477E0185104A7	21026	source/locale/fa-IR/content/first-order-logic/syntax-and-semantics/satisfaction.tex
EE80EF2D2079DF8BCC00CD2D46EC4302F89BCF0EFD65B7C0CDB05DC12ACB5108	7559	source/locale/fa-IR/content/first-order-logic/syntax-and-semantics/semantic-notions.tex
4D191A2F113881DEFFF354FCC290A0D9E3CC0350C3DFF7AA0FB8AAB2E7D29369	421	source/locale/fa-IR/content/first-order-logic/syntax-and-semantics/semantics.tex
A4CFF7A52E193A272B30D56FA26E26FBDACB939AA74308D8BDD529F0227C2772	6632	source/locale/fa-IR/content/first-order-logic/syntax-and-semantics/structures.tex
D36687D1B561EAEFFC6B0649260C2AB9689AF61D9A18546CA53BFC52DE30199D	5093	source/locale/fa-IR/content/first-order-logic/syntax-and-semantics/subformulas.tex
63862EAA9F38BDEE154389573296EE06B3DE4FB91E3C4549D2B95C81AB3735B1	6331	source/locale/fa-IR/content/first-order-logic/syntax-and-semantics/substitution.tex
3131155556801ED043E7B9A1897F893D1D431F6CC6521768198C1CAE6969211B	641	source/locale/fa-IR/content/first-order-logic/syntax-and-semantics/syntax-and-semantics.tex
6919315189E5E7AC9B32859100DF6652C0B246C9E83F34C124E3607A4CDF70C4	475	source/locale/fa-IR/content/first-order-logic/syntax-and-semantics/syntax.tex
FA873263331B17F84C71C7A96204D66FD8D336234E8A2A08CA2C9687ADA42DF1	12009	source/locale/fa-IR/content/first-order-logic/syntax-and-semantics/terms-formulas.tex
2DFBE7997A1E0D50CF005E31636BA58AFB5370B689DD8B55CEFA024D80BC6B8E	10060	source/locale/fa-IR/content/first-order-logic/syntax-and-semantics/unique-readability.tex
481C35900852E58833349B0A736C9150EEF3BB11778F2EA325D91F088804A452	4775	source/locale/fa-IR/content/first-order-logic/tableaux/derivations.tex
627F86EDAD933B05BB55C55EBBC0F98FAFA3E62B42464C4E697688569FC68218	3918	source/locale/fa-IR/content/first-order-logic/tableaux/identity.tex
D921970AAA7B0A33B669FCBB7BD4DEDCDD54AD04EF681FBD7EB4377280B1E404	7243	source/locale/fa-IR/content/first-order-logic/tableaux/proof-theoretic-notions.tex
8B69FD7A187E321921C8594BEB76C23A95861D3AC339C87525840E8756A3957E	2487	source/locale/fa-IR/content/first-order-logic/tableaux/propositional-rules.tex
E05CBDF3F35B9367F47773895B77EC5C61AFB2BAF3E23B26F6560D5190027E9E	7817	source/locale/fa-IR/content/first-order-logic/tableaux/provability-consistency.tex
B7110DFF4CA5B89500A40E7665AEC3137B2149E74A3852B121AD443BE4F28C10	6555	source/locale/fa-IR/content/first-order-logic/tableaux/provability-propositional.tex
EB81682546E501D319932946DF0F2EE7C703E9211BF54B5C06CE4541F75600EF	3484	source/locale/fa-IR/content/first-order-logic/tableaux/provability-quantifiers.tex
71FDDDEACE5622577C0963FBDB4294E21D9E11FFDBB5F72DDCF786A82F8BAD7D	14942	source/locale/fa-IR/content/first-order-logic/tableaux/proving-things-quant.tex
F5B95D8113D697E8882AD76D5280651168D9853217EB3E84B0416D03E93F5FDA	20295	source/locale/fa-IR/content/first-order-logic/tableaux/proving-things.tex
BDC939F7895AA3924BD0766F06425B5036A68A2E4E8384C5CF6CEC14127921F6	4536	source/locale/fa-IR/content/first-order-logic/tableaux/quantifier-rules.tex
BD436E054EAC88B52269B302FC7AD5B18DB92C96189AED4323A421B27B97F566	3456	source/locale/fa-IR/content/first-order-logic/tableaux/rules-and-proofs.tex
BF597E9A0B2B5D2FAA2735364A41AC7906D9921A247E3697EEFAE405387E4F4D	2180	source/locale/fa-IR/content/first-order-logic/tableaux/soundness-identity.tex
9A2D673754F37E524141382606B5BB854EAF9A9B495D451442AB078BB3D996D5	14412	source/locale/fa-IR/content/first-order-logic/tableaux/soundness.tex
EFBE140738A1D8F8F8A54DA278E22C1535D82166FB0799C995AFAD86AB99BD39	1073	source/locale/fa-IR/content/first-order-logic/tableaux/tableaux.tex
617A13593717E80A2AF24CA32439FAB3AE81FF1619D72373F772D691E61A521E	5432	source/locale/fa-IR/content/history/biographies/alan-turing.tex
81CC43EE3162460CF3428EAB8E7F6B49451BC1E40B26061F3E51BBF61F70BEDD	3348	source/locale/fa-IR/content/history/biographies/alfred-tarski.tex
917A6046BAF2EC56D52153259FC35AA0C268807B373CAA66AF499DE0032C2441	3391	source/locale/fa-IR/content/history/biographies/alonzo-church.tex
FF4291B1DA5E64FF94547C15BC7762DE7F1DEC6045A0F423A68F2D4E4A1C7A6F	4847	source/locale/fa-IR/content/history/biographies/bertrand-russell.tex
A4BDB702B76587600759BB0B7773458D077D438825CBBFCBB88EF571E2439D3F	491	source/locale/fa-IR/content/history/biographies/biographies.tex
265BC94061CB4C39D8D3BBD9C4B56B81D73E0906C1DBF43AAB4D05BD844D4011	5552	source/locale/fa-IR/content/history/biographies/emmy-noether.tex
4A9A5C618DB61B82E23EEC4DFAF8232391717B6C40E5AA0DB16AC59878B0C291	3741	source/locale/fa-IR/content/history/biographies/ernst-zermelo.tex
6372B5E9D613727BE5E5D35B430F1BFD63A08FF60ECF8B41F7D8DC01BB5948FF	3097	source/locale/fa-IR/content/history/biographies/georg-cantor.tex
12C16C507C423CBA24C061B14E6157EECF5DAD26A2F56774F3A8F4EAECB95C4C	4235	source/locale/fa-IR/content/history/biographies/gerhard-gentzen.tex
106855A07DD7D398303645E17E9236EB6B9F577F0CDF5ECAFC0013E7B57C1E5F	6792	source/locale/fa-IR/content/history/biographies/julia-robinson.tex
6785D4C8FC1A36A4C01376BC70E4DC188B361774CD05A2E7DF944FAE3D24076B	5205	source/locale/fa-IR/content/history/biographies/kurt-goedel.tex
65039AEBA35785B906256409F64840F3063A7264DCD8589358BB78F38224231E	5414	source/locale/fa-IR/content/history/biographies/rozsa-peter.tex
DCAE6A0B89B6427CCE338DE133EE11E9E95CA672410A0E274366CB7FF9B6627D	221	source/locale/fa-IR/content/history/history.tex
A6A08CC59C00F690979925A45FBFC712B6F8FAA3F1257DC8E4A91DE311C60ECF	4592	source/locale/fa-IR/content/history/set-theory/cantor-plane.tex
F443CA96FED3E5016F6167997D7847715E89BA9D400D8A08A1873C3A616B2FBE	9039	source/locale/fa-IR/content/history/set-theory/hilbert-curve.tex
B0572C2AEFF97F2AE87FD09B034B329B2D61A87652A22D0C56A3C2A999081460	5799	source/locale/fa-IR/content/history/set-theory/infinitesimals.tex
896DD86FF4BA5D71F3CB1E7229AF4E0274CBE1FD05C82FA037EF004B369F0CB7	5345	source/locale/fa-IR/content/history/set-theory/limits.tex
934858B0E6A62640C60A5B6D96C5EBC39ADFEA52897692072DDD811C071E8C05	3386	source/locale/fa-IR/content/history/set-theory/mythology.tex
3AF7B2C89BCE1F87BAC0DFADEE956770D304934E7477C0704F8F46BCD5D75EC7	7356	source/locale/fa-IR/content/history/set-theory/pathologies.tex
F71C623BA266B788D89BB82394964587C374DEA62965E57E424338EC9781E335	564	source/locale/fa-IR/content/history/set-theory/set-theory.tex
02D37F9CCDDC197D9612DB54AEE0A58B6FB7924B9848C513D9BAC1DFF5D77953	648	source/locale/fa-IR/content/incompleteness/arithmetization-syntax/arithmetization-syntax.tex
564514FAB13436AE5BCF7486EFEA4BAF41E89E4FE38A09292AD0961BC8A9E9A2	3907	source/locale/fa-IR/content/incompleteness/arithmetization-syntax/coding-formulas.tex
F6BDF57E5F5BF78A54D0816D89DD364D85FA19D9CEA1E9EE180F684942AF2742	5338	source/locale/fa-IR/content/incompleteness/arithmetization-syntax/coding-symbols.tex
A794ACC7B1905B5983870348B77C97679385125D3CB207A76837D28B14C5F737	6258	source/locale/fa-IR/content/incompleteness/arithmetization-syntax/coding-terms.tex
EB45894E0621D5A5DE30C0D88D67ACED24BDB8F15D86213B25CBD762EAFFAA5F	7220	source/locale/fa-IR/content/incompleteness/arithmetization-syntax/introduction.tex
4D0A05852C8077EE95202BAEFBC335F80FB923436313507A7012EC041954A798	11952	source/locale/fa-IR/content/incompleteness/arithmetization-syntax/proofs-in-ax.tex
4823606ADA159FFD5E68E9B9680761B0674FEC0A79CF3570FB2D58DEA3C6D7CD	14072	source/locale/fa-IR/content/incompleteness/arithmetization-syntax/proofs-in-lk.tex
6A7E2A9B12BCB590D1A1F5BEC2F54842C9D04247675E791CC70B2C1FA12C1A50	17120	source/locale/fa-IR/content/incompleteness/arithmetization-syntax/proofs-in-nd.tex
3A9EE368453AE5D89590F3CFF63500B263CCE449A6FE18775F7746F97D28ED9F	1871	source/locale/fa-IR/content/incompleteness/arithmetization-syntax/substitution.tex
54EF263C5D8DC91E53548DD1530EB7DA280481BD20A5F0186438956223E0992B	8106	source/locale/fa-IR/content/incompleteness/incompleteness-provability/first-incompleteness-thm.tex
5D1229B302AB31AE19654D4FEF9A1466B8CE706125F893F7C55D70925427DAC5	8443	source/locale/fa-IR/content/incompleteness/incompleteness-provability/fixed-point-lemma.tex
8FBA5B50F8FDBBAAF018EF5D556336DF2DB77B7099DBD2AEC53820B5664E50D9	1990	source/locale/fa-IR/content/incompleteness/incompleteness-provability/godels-paper.tex
D5145D5638CFAE39D13BAC52386C356F549495AFE1AE15D41C8CFD6F3272B39E	500	source/locale/fa-IR/content/incompleteness/incompleteness-provability/incompleteness-provability.tex
617763E16AC185726F5D88967F723591B6D458E433B5718D14A4C593C04A5386	6392	source/locale/fa-IR/content/incompleteness/incompleteness-provability/introduction.tex
7DE9E6C9821EEC39F81D072107F4ECFD94853A028D56D55405262D04D5BDF2AC	9470	source/locale/fa-IR/content/incompleteness/incompleteness-provability/lob-thm.tex
262537842844F0B6FCEABB585D668A9C515D1B03FDAC1701EEEDE1676172E758	4780	source/locale/fa-IR/content/incompleteness/incompleteness-provability/provability-conditions.tex
5E7D1B9EB630878E149850FBD13C7315C3E2EBF130D34459F64AC3E9C637CBBF	8959	source/locale/fa-IR/content/incompleteness/incompleteness-provability/rosser-thm.tex
6044D8CB00A56A3FCF3AFB51F479943558418A128F040AAC5E58FF5863A8689B	7503	source/locale/fa-IR/content/incompleteness/incompleteness-provability/second-incompleteness-thm.tex
36206ACDF6DD46566650C43F1B07039570502791951F7511FE821D8880D59338	6212	source/locale/fa-IR/content/incompleteness/incompleteness-provability/tarski-thm.tex
0128BCC3C86EAFEDA9DDFDE23593FF6BBB670AE980948B2F87A6C33776E5A970	912	source/locale/fa-IR/content/incompleteness/incompleteness.tex
1DDFA34E9B61E179ACB60AECA32D5E52176ABCBC54ABFA72D0DA7A0473D2FB23	19349	source/locale/fa-IR/content/incompleteness/introduction/definitions.tex
6A938EF3055C91E4FF5943939092EF4A1617179B500AC51A1F8E111CFF3D3F35	17990	source/locale/fa-IR/content/incompleteness/introduction/historical-background.tex
E8BCE321C72F5818324B78E38FF9F6AE84C5652C5EA4D91F4EC0F5E4823BC05E	340	source/locale/fa-IR/content/incompleteness/introduction/introduction.tex
8E8D3EC5A5F690A0FB6E4B0601DF147775F3B3390D0767633E9B72222C76BA4D	7724	source/locale/fa-IR/content/incompleteness/introduction/overview.tex
FE90031B66183182292F9A6586A9AE39311AFA39AAB9DB7FC36B1EA7E0B61176	8276	source/locale/fa-IR/content/incompleteness/introduction/undecidability.tex
34B3EB41B35B143139FA2C4338532628A5D08C88BD8901AC8B55F7FC2B36BF76	10492	source/locale/fa-IR/content/incompleteness/representability-in-q/basic-representable.tex
0EFC06CEE0FC6D80AD78C585DA032351E8277B88E5832BDD739ED5E8143C57E6	9550	source/locale/fa-IR/content/incompleteness/representability-in-q/beta-function.tex
10AF15322F8DDE85398297415CF35FE655D250A89AE1CF34DBA465891C6FCA67	10736	source/locale/fa-IR/content/incompleteness/representability-in-q/c-representable.tex
D9329584EE4E35DB77B8E877AF0909386AFABEF086F0F1D4C4774FC2E7F310E2	1526	source/locale/fa-IR/content/incompleteness/representability-in-q/c.tex
F5DC89DAC4247A1F53922183B72D749ABB70408820DEA8766E1EC60C83FB1863	4067	source/locale/fa-IR/content/incompleteness/representability-in-q/comp-representable.tex
AB093FEC3DE76C31B117E2FA0B20ACE643055FC8D447C2D006BB63C3D78B4B8C	4403	source/locale/fa-IR/content/incompleteness/representability-in-q/composition-representable.tex
E91A08D4BA60BE3E529A76218E521F12E8255EC6716A62DFC341BDA9373FD820	8485	source/locale/fa-IR/content/incompleteness/representability-in-q/introduction.tex
939CEFECA82C50FF7791C4566171FF203ACFC0607212A95C48D2E2A5C984B4DC	13124	source/locale/fa-IR/content/incompleteness/representability-in-q/minimization-representable.tex
BE8ABAEF20AEB9FA9E785D82F6247863CC5948C2DDA6062FBDA2EF0EE32D9140	2801	source/locale/fa-IR/content/incompleteness/representability-in-q/prim-rec.tex
093C373F0A8B03826F6A7DCB4CB2F1B5BD1230DCA104495F0323BBCA95C8D43A	576	source/locale/fa-IR/content/incompleteness/representability-in-q/representability-in-q.tex
B26D7D621222BDE6E68EEEE0E192970AF22ED81AAE50EBB4208DC20632BF8EFE	6362	source/locale/fa-IR/content/incompleteness/representability-in-q/representable-comp.tex
B94111C7BFA00CA1687557C320D139262DF53D29F4FD7B82222F64BA93FB7753	3335	source/locale/fa-IR/content/incompleteness/representability-in-q/representing-relations.tex
636A5B5A500510A2FAE4F7589582B44512A298FF66E7FDA31123BE32039CFF86	14768	source/locale/fa-IR/content/incompleteness/representability-in-q/sigma1-completeness.tex
C11A11B1ABB9FCEC8D40EC270F958589A0CF02C77824690E8992E5324D783A86	4063	source/locale/fa-IR/content/incompleteness/representability-in-q/undecidability.tex
442B6224E1EF20B50C253C97780062EBE6501F0BF0F41E3DE65A07CB0997ED1E	1937	source/locale/fa-IR/content/incompleteness/theories-computability/complete-decidable.tex
9722D7BB7927448A7F2339AD2AB33222E8DAE0C36FD9BF95DE3306A2D7F9C419	1880	source/locale/fa-IR/content/incompleteness/theories-computability/computably-axiomatizable.tex
5502412FE505E7CA0CE3166579B6E7E46B3C0205F1C4FE5BE7B496F5E5DD076A	2995	source/locale/fa-IR/content/incompleteness/theories-computability/consis-with-q.tex
D87120C8B52C8830321C5B9534B7B3C208A6DFB631435DBB0C9AB1D529B88EDE	4059	source/locale/fa-IR/content/incompleteness/theories-computability/extensions-of-q-not-decidable.tex
BCC4191358571D0F0092F40209B3176C992C7E76CDCE494B15CDC7EF830CDA30	2387	source/locale/fa-IR/content/incompleteness/theories-computability/first-incompleteness.tex
270C6AED627BA77C32F1CEA5C5D4CB9C8121422421CB2F4348EA5CA93EB7E325	1996	source/locale/fa-IR/content/incompleteness/theories-computability/inseparability.tex
2545E6427166F9D0C65CE4E6BC3153265584B435D8E6951B0B4FE80CAB8243CD	3930	source/locale/fa-IR/content/incompleteness/theories-computability/interpretability.tex
9D2E877522B4D6E348DBA998BEF2EC8A1A1732B410B48A2FBDFA7F1794F2E2E9	2290	source/locale/fa-IR/content/incompleteness/theories-computability/introduction.tex
359857E7986F7FF49E145EE51F4A945C2D46285A4707B79C0B561926A79CA9EF	2859	source/locale/fa-IR/content/incompleteness/theories-computability/oconsis-ext-of-q-undec.tex
3C07987AB2421E398A72A7FF05C0677BA31A4B97E9E1358372D8EBBDAAEA3DDB	2497	source/locale/fa-IR/content/incompleteness/theories-computability/q-is-ce.tex
B96F2DECFA098DF4656466655134943F806EAA438E38E35B4C2F2B93124E1987	968	source/locale/fa-IR/content/incompleteness/theories-computability/theories-computability.tex
4BCD3365C8C43DC9E1EEFA3DBD4CC397A86EE783A8168E6F7A1CBAE15309B370	3098	source/locale/fa-IR/content/intuitionistic-logic/introduction/axiomatic-derivations.tex
D67462250945CA07DDAB1222BF9F76B197CD44D747AB2FEBE977B4A05E199420	9686	source/locale/fa-IR/content/intuitionistic-logic/introduction/bhk-interpretation.tex
55A0D459A75FD0B8F90D5967939743B40A350C304397C6F5778B5D0D7CEB4034	6056	source/locale/fa-IR/content/intuitionistic-logic/introduction/constructive-reasoning.tex
3D5065939B5536D7068D7EFD8D24633B8C3708E5D9C586DDEC2F0A4510EEABCD	353	source/locale/fa-IR/content/intuitionistic-logic/introduction/introduction.tex
719ACA296B0F36838718051EF6569643B072C56C94AE6C826188C93EFE58A890	9647	source/locale/fa-IR/content/intuitionistic-logic/introduction/natural-deduction.tex
170A571A3BE72DB6A25737BD46ECCDDBE8C9798E671E440ACA5683DD7224295D	3575	source/locale/fa-IR/content/intuitionistic-logic/introduction/syntax.tex
A5DEEA0C9A45F3DCEE2C26F9DF6904B6D672026D0702635720D425035B514E75	345	source/locale/fa-IR/content/intuitionistic-logic/intuitionistic-logic.tex
1995108F3DFFFA6C35829073304B8C82F962BDFEAD021A942B3EDF6377070200	5267	source/locale/fa-IR/content/intuitionistic-logic/semantics/introduction.tex
72E35CD3F9A42CDF9E98E97F992742622D0C3F3CDC816F1134454A3C7227B422	1598	source/locale/fa-IR/content/intuitionistic-logic/semantics/propositions.tex
B011641C622C166FB07BCC51E0E1E07FAF4D4A1438DED4D1414D0CB5A3D09BF3	3312	source/locale/fa-IR/content/intuitionistic-logic/semantics/relational-models.tex
0F4750C749AB0D380A19D930BAB9C838136C33365494B7139E80FD974E507351	2812	source/locale/fa-IR/content/intuitionistic-logic/semantics/semantic-notions.tex
3DAFC28C37C4F3DEFEF18FA6828A19F621B71CA74CE684DF9CD15E1EB3DFDC73	805	source/locale/fa-IR/content/intuitionistic-logic/semantics/semantics.tex
8915F87BA338CED43CD2230E0F9F52C5979C4785817BAA6981B10624563598D4	5811	source/locale/fa-IR/content/intuitionistic-logic/semantics/topological-semantics.tex
2FCA8D829DD395ED340DDDC7C694008B8392F60B917A817E67A4749E3DD1F2C3	3199	source/locale/fa-IR/content/intuitionistic-logic/soundness-completeness/canonical-model.tex
D3D9744731C15B7659800AF616573531F760845F28A42E56B99E91EDC44CA244	1977	source/locale/fa-IR/content/intuitionistic-logic/soundness-completeness/completeness-thm.tex
F1384AA813F29E01231B7B7041A362CB4B14FE111ABE99455444360D6669B153	4693	source/locale/fa-IR/content/intuitionistic-logic/soundness-completeness/decidability.tex
9582DC129917202458B34A52E518C7D22DFAEBC6149C7799341C90039D7004C0	8381	source/locale/fa-IR/content/intuitionistic-logic/soundness-completeness/lindenbaum.tex
7660FBED2E94E9C2313BDE1082BD2218804B38AA2615A2C4B168540B0E76D84B	2837	source/locale/fa-IR/content/intuitionistic-logic/soundness-completeness/soundness-axd.tex
0412D5EC7077CFCA9021B90CE64B0ED835379D949C9807725B3A4AC2F7B77E54	813	source/locale/fa-IR/content/intuitionistic-logic/soundness-completeness/soundness-completeness.tex
3BC426B826F9DEDFA9C66501AB65DA9BAD6CC133FB1207921C2E9FF88099DF25	8600	source/locale/fa-IR/content/intuitionistic-logic/soundness-completeness/soundness-nd.tex
6F09CC07897836F990D551F09CF7418A93E81091D4DD5D7B4682C6D4C3BE9487	4451	source/locale/fa-IR/content/intuitionistic-logic/soundness-completeness/truth-lemma.tex
B55B435C9D2CC3F27F031E92C6C7F644AD3DD7107DA5249A63309B309403FC44	4122	source/locale/fa-IR/content/intuitionistic-logic/tableaux/introduction.tex
12A593F261B90CC504B02009F02FDC922EE2D60AD62D371950CFEDBD3E40B2DC	1942	source/locale/fa-IR/content/intuitionistic-logic/tableaux/proofs.tex
3B9D9F2FCAF8FD536F5CDC3917BFD7EF1451FE430304EF604157C5D6F42B0530	6519	source/locale/fa-IR/content/intuitionistic-logic/tableaux/rules.tex
07985B9E971EE503B3D1CECF84A0135104ADBF738D68737366A2ECCC68B76AE1	12924	source/locale/fa-IR/content/intuitionistic-logic/tableaux/soundness.tex
93F06EA4A5FB5C3F8B1E18700B39E220AE740D1869930CCF18A11A0A14C5E56B	745	source/locale/fa-IR/content/intuitionistic-logic/tableaux/tableaux.tex
0FD413495865935EEA74D82C151DCC8E559FB12E899DC24FEF5A5A5FA973ABB1	2020	source/locale/fa-IR/content/lambda-calculus/church-rosser/beta-eta-reduction.tex
2472A45CAE1D6845326635C5D944DB0671B1E831C627E030EE4FD734B10F3221	3446	source/locale/fa-IR/content/lambda-calculus/church-rosser/beta-reduction.tex
E215A5B817D6652F441DB6EB649000A27F0C086DD5DF32BECFE1883CC37A2114	385	source/locale/fa-IR/content/lambda-calculus/church-rosser/church-rosser.tex
FD5CB8A496C5B97C9A82643CD57272D416171E8A77CBE5FE97C438FB337744A4	4812	source/locale/fa-IR/content/lambda-calculus/church-rosser/definitions-and-properties.tex
9E04A817C2D0B41E1ED2464A25A1E87CE46EED6AFF7C82BB4C29957E33E61663	4301	source/locale/fa-IR/content/lambda-calculus/church-rosser/parallel-beta-eta-reduction.tex
D8539B44192B84CF8397E0A693FC83DAFFFF0010DDB586C27D49B27E23894632	8039	source/locale/fa-IR/content/lambda-calculus/church-rosser/parallel-beta-reduction.tex
26611CBC112C39BA2F8228498ACB18BB205CB7BBFA29AF664FA0493F9A3C2F13	1294	source/locale/fa-IR/content/lambda-calculus/introduction/basic-pr-lambda.tex
4BACDE14FF03D6B0088B2D30CDFB448AE4B345FDDAB3EEB77DFBF24BF14EAB96	1824	source/locale/fa-IR/content/lambda-calculus/introduction/church-rosser.tex
E3CD120745D4EB47A1B421CF890BD34C16963E714028E0D2A7C9C12AEA7C096B	1038	source/locale/fa-IR/content/lambda-calculus/introduction/composition.tex
C063344201FC96A6321906E74B55C3B860875D9A3F71D482194433AFE660F416	2311	source/locale/fa-IR/content/lambda-calculus/introduction/computable-lambda.tex
B6FAA5CD6B6FDB09BE5D6A2FB39CEE07B40496C6A7136E9EC8F6A9BCEB59CA4E	4525	source/locale/fa-IR/content/lambda-calculus/introduction/currying.tex
701E46BD66F856DD8B27897BDFBCEADAF57D8CFE31E96EC9A48970DF78F15F1D	1421	source/locale/fa-IR/content/lambda-calculus/introduction/fixed-point-combinator.tex
BF8B3D9FB3BF6571E05CA673DB799A154660F2191CDE8A09D5B237FEB94E7C9F	953	source/locale/fa-IR/content/lambda-calculus/introduction/introduction.tex
1C45CB3BCF38CDFFA74149FDF2485D1A2F776E3A530E225DA1B8A2DCC94DAFAD	2356	source/locale/fa-IR/content/lambda-calculus/introduction/lambda-computable.tex
068D59BF595202950F9B76E0FC192F49709DF40CC96679EF45C58613475A7685	2644	source/locale/fa-IR/content/lambda-calculus/introduction/lambda-definability.tex
294AF6B9C432FB2359897538C47365CCD0E55F00941595AC13FDF1C25CFA1DBC	3093	source/locale/fa-IR/content/lambda-calculus/introduction/minimization.tex
872B53D2264393B52567EAA61FE232B4965E779BD173432C94700E66C6550C8A	4816	source/locale/fa-IR/content/lambda-calculus/introduction/overview.tex
7A089C8EBF638033BC1C1A9510857236D5640680D8CDC6354AF4875724525F02	6713	source/locale/fa-IR/content/lambda-calculus/introduction/primitive-recursion.tex
39F6C15C5DF5663CCDC7B4969E6E561A1F8962F674519E10DD32288FF3A66D80	3690	source/locale/fa-IR/content/lambda-calculus/introduction/reduction.tex
07488722013E4657D1CB090D50203E4496735E1C4046BC98341A88E21916BC24	3457	source/locale/fa-IR/content/lambda-calculus/introduction/syntax.tex
E5A0484B68D46B0B4ECCE078FDDEA69A25BD537A9D12B1E0ABF12B71FC09C637	905	source/locale/fa-IR/content/lambda-calculus/lambda-calculus.tex
BD5DA75129802BB64FDA1AFAB90442C9DFFCFB485D448060729264F1814974EC	6292	source/locale/fa-IR/content/lambda-calculus/lambda-definability/arithmetical-functions.tex
11298B621B02AC40E7E3F3962FC57BFA690F21DAF6F7E5FEB9A57078991428C7	9093	source/locale/fa-IR/content/lambda-calculus/lambda-definability/fixpoints.tex
E9DED12EF7CB9F37DEA73B6EEEE9C94132DA209D12EF72066BEB3C386DA407D5	5074	source/locale/fa-IR/content/lambda-calculus/lambda-definability/introduction.tex
36F63D74E3DF0888386EB99A358AB7754DD56995652A552819C26B5AB39BB141	829	source/locale/fa-IR/content/lambda-calculus/lambda-definability/lambda-definability.tex
FB9423D471CD344C78D8F4AB534FACE2E99DF7EDDF6DEBBFB6FC9E35E10D5936	2789	source/locale/fa-IR/content/lambda-calculus/lambda-definability/lambda-definable-recursive.tex
8DF0B98AC355BCD5EDAD644D53FA4ECD27A82DCBB6010C5ED2859288D671D387	2302	source/locale/fa-IR/content/lambda-calculus/lambda-definability/lists.tex
1C835F8D09C927A6B696026E38CD15EA1535E4C3571DBFD357891727702E992E	3215	source/locale/fa-IR/content/lambda-calculus/lambda-definability/minimization.tex
C0BD269F2EEF41A584F4BB93D03A4F6D0B097571CBAA23648D17E9B46C6AF0E5	2367	source/locale/fa-IR/content/lambda-calculus/lambda-definability/pairs.tex
CF4E4A71E39B24E5B763ED1833584CAEB33508D25D8F99F421EE46B24E412CF7	2665	source/locale/fa-IR/content/lambda-calculus/lambda-definability/partial-recursive-functions.tex
7548B2A664632857C11AF48703B0E8964D813766A75C245EE05AEA1B04709C7D	7191	source/locale/fa-IR/content/lambda-calculus/lambda-definability/primitive-recursive-functions.tex
01B98B004A7BB208AF47B7614D95CC72E98EF27D16484EB8CAEF2EA974F4AF83	4602	source/locale/fa-IR/content/lambda-calculus/lambda-definability/truth-values.tex
662D0B2A58BDD6A6D9ABC089C727FE6E0A0082F5711B5E5868AA142FD5A27DA1	1714	source/locale/fa-IR/content/lambda-calculus/syntax/abbreviated-syntax.tex
7DD420912E869E9AA49C71D390C687AB7270025B8B1069A6B292547AA6EC638B	12883	source/locale/fa-IR/content/lambda-calculus/syntax/alpha.tex
BB820DA23FE7E626B43C6895D390F540A9A8E0701989543EC6A0E0AE23301F67	6578	source/locale/fa-IR/content/lambda-calculus/syntax/beta.tex
B8F59A70D3D011388B09FCCA994460F7D4C72C214B0E68A5973B9D5E520E2E44	1010	source/locale/fa-IR/content/lambda-calculus/syntax/conversion.tex
AA14EBD9254704A068F6734E8B0E8EE9F84E803E72819F43404537B642100981	4212	source/locale/fa-IR/content/lambda-calculus/syntax/de-bruijn.tex
B2AC5BD54A12CAF488A5078C22A8E06A910818B7A820B54798617C2BB9F17E5C	4094	source/locale/fa-IR/content/lambda-calculus/syntax/eta.tex
06330D912A59185DAB0BA7C17983399C62F6D285FE2386B12C3FD1FF3E32996C	5905	source/locale/fa-IR/content/lambda-calculus/syntax/free-variables.tex
00090E9E2E8C56B3CC8ACAACD84BF17EC4C9662A4017E4119C0604756A73A965	8071	source/locale/fa-IR/content/lambda-calculus/syntax/substitution.tex
012E3104A1B3B4FB7E1DCC181ADC233CB2783381AE6AD01BC88C0B79D09403F8	420	source/locale/fa-IR/content/lambda-calculus/syntax/syntax.tex
6FC7BF0399E40AD65F489A70104684D1B51CE0F82668DD64B992E13665B4D8A2	5424	source/locale/fa-IR/content/lambda-calculus/syntax/term-revisited.tex
AD6C8941E1F4888ABA00FFA7EE697700CA0DF0F0B5133C82C6219B4EBA2F7FCB	2571	source/locale/fa-IR/content/lambda-calculus/syntax/terms.tex
FAB1029D696EA61EAE73E4137A0F01DD0A0BABD744A625387F2A3BCF2E773629	4927	source/locale/fa-IR/content/lambda-calculus/syntax/unique-readability.tex
142948DFFA9692AC4518AE67C360F676B75F32F042561182D09D7463170C0531	4590	source/locale/fa-IR/content/many-valued-logic/infinite-valued-logics/goedel.tex
AD4399CF262A391DAD6B05A2F72623BB29F1E11DA9BC332CFE313684ADBB7390	316	source/locale/fa-IR/content/many-valued-logic/infinite-valued-logics/infinite-valued-logics.tex
063C46242EBE7EA14BD791CC1A9E11B853DCF29B39DB037BECF66E36A3CEC05C	1844	source/locale/fa-IR/content/many-valued-logic/infinite-valued-logics/introduction.tex
8B470101E82CF7D03F8940DDBCDBD5DF16CCE2B353F4C0C5B88139524B0CD0AA	3552	source/locale/fa-IR/content/many-valued-logic/infinite-valued-logics/lukasiewicz.tex
3346263E4C033C0D6C7124F938CA7A776837FD0B4609A72AB38D758EFC5BE6BF	553	source/locale/fa-IR/content/many-valued-logic/many-valued-logic.tex
40255A02DE20DAF36B34C1491A46F64DC3BFB66CBB37A2636FBE8E4B9CF73DF2	3922	source/locale/fa-IR/content/many-valued-logic/sequent-calculus/introduction.tex
C6B8D12F3130C0A6DB246D7AEFD7364FB650650F5E97ADA06AB3AF83DABD5650	7357	source/locale/fa-IR/content/many-valued-logic/sequent-calculus/proof-theoretic-notions.tex
B557C5A5D70AB08804E51EA39BDF696E9652F077C69CB153AFC6D53D26FE3257	8376	source/locale/fa-IR/content/many-valued-logic/sequent-calculus/propositional-rules.tex
1D88521F5DD3A4126C7CF48B53EBC7656D1970A5393BBCBF19D44A1C16EFBEE0	4192	source/locale/fa-IR/content/many-valued-logic/sequent-calculus/rules-and-proofs.tex
1ECE71C78EE94F4957C3C0F29474D4EEC0EF8A63FD248083C0FDDDA46B77C0CA	337	source/locale/fa-IR/content/many-valued-logic/sequent-calculus/sequent-calculus.tex
782C09D1811C2CB22D63AFB926EA21D897B6872366F81846476E52A3BBC6FA88	1988	source/locale/fa-IR/content/many-valued-logic/sequent-calculus/structural-rules.tex
058A10FD3F5C72CFFA9949FF1C9EA993042982C45863BF93CF5DB23815D6B57F	3663	source/locale/fa-IR/content/many-valued-logic/syntax-and-semantics/connectives.tex
AB975CBFD98026CAE599B9E55FF45CE54B6A13AB495B2D053FDC3C7F529F5102	1924	source/locale/fa-IR/content/many-valued-logic/syntax-and-semantics/formulas.tex
E7C9BE5502AB416EA7617A39A8750925CC21DDD6B5B05665765A3A2A9962FFDE	4639	source/locale/fa-IR/content/many-valued-logic/syntax-and-semantics/introduction.tex
B8467282137850BEDC673B466819DB63C13FEC635B5D7D2DEC1EA009CE2CAB02	2765	source/locale/fa-IR/content/many-valued-logic/syntax-and-semantics/matrices.tex
A9F14E1575CEE3D4DED0B1DB8267FA4A9CA2080556BDC4D1047715CA7530ADEF	3084	source/locale/fa-IR/content/many-valued-logic/syntax-and-semantics/semantic-notions.tex
3517F9BBAFCB11B51143FB2C6AD4977004CBF838C50B20E7B74AA3A30491FA92	4846	source/locale/fa-IR/content/many-valued-logic/syntax-and-semantics/sublogics.tex
AED49FBB3CE661A90A3984B0148C931A49D22D4FF7455638CADAAA851C74D40D	395	source/locale/fa-IR/content/many-valued-logic/syntax-and-semantics/syntax-and-semantics.tex
BFA3432D7A56E53A09133981E61EC549F49A3894CC9B8FC74972F894DFA26E8B	2048	source/locale/fa-IR/content/many-valued-logic/syntax-and-semantics/valuations-sat.tex
B10F79BE19A3EA0F576ACC9FFB40D9E1842D15B8883E1ED1C315B451BD63207B	4848	source/locale/fa-IR/content/many-valued-logic/three-valued-logics/goedel.tex
E98A1B4C361F02A9CD6554D16ECBD2EFD9D25573C80A07E824A0FF2B568296CD	1022	source/locale/fa-IR/content/many-valued-logic/three-valued-logics/introduction.tex
D555E6A93EC6A711A3F2B36688D72EE7913DAAEDB78AEF8F2E63B5172F097BD4	8669	source/locale/fa-IR/content/many-valued-logic/three-valued-logics/kleene.tex
06A61A20946F0AA52833B28B64BC06088A3DA5DC1056C1BB2229226DD7176191	12507	source/locale/fa-IR/content/many-valued-logic/three-valued-logics/lukasiewicz.tex
03CD087819CF1B43BC73467DF7E0646674BDE8C01D99B72EAD20A112D43CEBA0	10705	source/locale/fa-IR/content/many-valued-logic/three-valued-logics/multiple-designation.tex
C2608529D61E22C948711F833539DA9E542F50ADBD2B91070F024B9C68BDB62C	352	source/locale/fa-IR/content/many-valued-logic/three-valued-logics/three-valued-logics.tex
86573CCFA26F0E77AE693858DD7905312FDF63F8915E91345EAFBB33218FFAD5	8209	source/locale/fa-IR/content/methods/induction/induction-on-N.tex
139A2581CC60B1748459B989ADE86F7F7829450B637FE2DF78FDC87849CDFDA1	359	source/locale/fa-IR/content/methods/induction/induction.tex
8E92921FB13C97E958508AEBEE93704E353B7B33891C88A47F914D5DD2420084	10523	source/locale/fa-IR/content/methods/induction/inductive-definitions.tex
E9C448A8A0C9E46CF511B3ED2B6CBC693B7DA9073A2ED9C5DCB85F38D866C08C	3484	source/locale/fa-IR/content/methods/induction/introduction.tex
F5CFC9B567995CA3543631DAFF386315FB464B5D4846048B3C2E7C913226283B	10374	source/locale/fa-IR/content/methods/induction/relations.tex
FEBA5411F0044A77C178A46736B6F51CA658BF18F42DAFEF26F4F36AA8DFDB0D	3886	source/locale/fa-IR/content/methods/induction/strong-induction.tex
2F1F9FB27841775E3C465284725D2547D36B55CCF7538139214429DDC1D01CE0	6576	source/locale/fa-IR/content/methods/induction/structural-induction.tex
9F676B634FD73070A5F2E88CC4E4527BCC5BCE4F69A7FB96F05C2651A5F87666	870	source/locale/fa-IR/content/methods/methods.tex
5D5ADFAA6CF5EC50FA7B6FC6312B7B494F4B8C5AE269DF8BC010E5A51145B182	4953	source/locale/fa-IR/content/methods/proofs/cant-do-it.tex
F707FB67AEF20B2CD7ABC58B89748B3D2B2F45A79AC1A6E8A688F0489B9B2B3E	10505	source/locale/fa-IR/content/methods/proofs/example-1.tex
7C1EDCE49CD1F9B630689ED9D0C2C9F727179008588113ABE68DD55693636EE8	6200	source/locale/fa-IR/content/methods/proofs/example-2.tex
2A89B901AA8B16B1A6D9E6822F67FF9EDEBCFC7BB3B02B5910716F31E9C0A31C	24864	source/locale/fa-IR/content/methods/proofs/inference-patterns.tex
94A6A77204D603300B4BAD2149D2F810B9C2214C68E063DC99991A01C3C217D6	5524	source/locale/fa-IR/content/methods/proofs/introduction.tex
3F1C8A8F5C6F4D9CF9965493231BC854555B8FED4DD4A9FE3BF009A0CF9280CA	13420	source/locale/fa-IR/content/methods/proofs/proof-by-contradiction.tex
54880A99B31EFE922D88B5ABA258C52E5FE877D5618486216255C5B9C748F692	474	source/locale/fa-IR/content/methods/proofs/proofs.tex
07770FDD810CDBCDA7AC6F0BFBA2F8EBF9EA5BB99917136E7A6C451D0A818731	6869	source/locale/fa-IR/content/methods/proofs/reading-proofs.tex
2D78F4E9E0BAA49619CE4A3D8307E1030FD629395FF01BD19F82E3D4EEAB6920	1939	source/locale/fa-IR/content/methods/proofs/resources.tex
0EB00EA7195B67D8B39CF5D595640F6F1FA8A3BF75483F0F6C4B4B3103271972	1947	source/locale/fa-IR/content/methods/proofs/starting-proofs.tex
04CA9419D02A3D9F30D08B91847ACEB0FD74CEBDA93ECE08D50A179164F71E9E	7519	source/locale/fa-IR/content/methods/proofs/using-definitions.tex
D74C4F9EB0BF8BBE29A624C0F766EB04B210B11DCBDE4D932C361314A7DA07F8	416	source/locale/fa-IR/content/model-theory/basics/basics.tex
EF8AB626BA913BC841F4F043B941DDD0C9B07A1544821740CECCE509CE17187F	4702	source/locale/fa-IR/content/model-theory/basics/dlo.tex
9F8C3E0407DC2D588AE249D5671432D863567DB5624BDE79495DF33FC870B290	6543	source/locale/fa-IR/content/model-theory/basics/isomorphism.tex
04DB9DC857AE14A07351E0BA3E6C9419BF668AEB0044EFC63FD0A2F37746D039	15087	source/locale/fa-IR/content/model-theory/basics/nonstandard-arithmetic.tex
BAD6CCC14DB2A2B95F864CBBE4C48FFBEFF0C9892440F3746CA5278F7884085D	2049	source/locale/fa-IR/content/model-theory/basics/overspill.tex
AA71FC106040223B8424224C94BA01FE26A823916C0DD7C46873FBD8F469D43C	13531	source/locale/fa-IR/content/model-theory/basics/partial-iso.tex
F291C4BBD1E778A492AEA7D23DA8D754115E56540DE279B48555B00FE75D153D	2852	source/locale/fa-IR/content/model-theory/basics/reducts-and-expansions.tex
A5B52AEB08638212671375D67A4F8BA272A5DF43D15164B80AC082A468340998	2205	source/locale/fa-IR/content/model-theory/basics/substructures.tex
7B88FE442DC2F487068241AE49548C1FE2766F74A4F9D9EDD28CB93CD74D3B1A	2954	source/locale/fa-IR/content/model-theory/basics/theory-of-m.tex
354ED83A47752F447F9C3FC6CAACD655FC6C8383F052828DD636DC57A01223EC	6196	source/locale/fa-IR/content/model-theory/interpolation/definability.tex
61469442A6F5653F8F43B90521F70921417344D06EA7E7CCBC9415D58786ADB2	12022	source/locale/fa-IR/content/model-theory/interpolation/interpolation-proof.tex
455D8331CF22546AB13E090A9E13398F8629EAC4F5579E9EC91DD48D7AD06C1B	321	source/locale/fa-IR/content/model-theory/interpolation/interpolation.tex
F33D4D6C0018EF5ED4E73E486018821891CE9694A0A23818A7DE02BEBC6BF679	1278	source/locale/fa-IR/content/model-theory/interpolation/introduction.tex
74EC326B0BFCB84EF0D36D0736729E911E773AC44AEF7817CBB0B0DC56519C98	6134	source/locale/fa-IR/content/model-theory/interpolation/separation.tex
1B4FB6F802862BCC7F938CE41982B95583258E5B5493A4F4C36268A49E45013A	8899	source/locale/fa-IR/content/model-theory/lindstrom/abstract-logics.tex
66E2ACF05006D28EA7B1DABD92BE49CD8A305D2A90741954464A57E5479939DB	1062	source/locale/fa-IR/content/model-theory/lindstrom/introduction.tex
3ECB1CC1AC3BF6FD8C6F5B8DD4C495E3FE49735F585B0BFF8F27E9FC0BC75749	8853	source/locale/fa-IR/content/model-theory/lindstrom/lindstrom-proof.tex
472F5F1DCBDFA64E8F0D0339C210B9EE054F13C909052634DEFEFBE63E0DEF30	316	source/locale/fa-IR/content/model-theory/lindstrom/lindstrom.tex
21040A57FA83DF913783EF3A9E69825B1CE6F84E14E985199C886D073C7039D3	7531	source/locale/fa-IR/content/model-theory/lindstrom/ls-property.tex
5D69DF84023CAF1403778DC3C097C923D688F6FBCC265B09C0B24B710E66AAE7	1109	source/locale/fa-IR/content/model-theory/model-theory.tex
6BA0AB922C81F21A79549B1EDFF715201B34B159D2861ECB8E01D2CCEC263279	6348	source/locale/fa-IR/content/model-theory/models-of-arithmetic/computable-models.tex
D857C9B0C951169E1D11530DC5CFE21070B312AF5BB0AC179B6D229421DE04ED	4217	source/locale/fa-IR/content/model-theory/models-of-arithmetic/introduction.tex
36486380BB559CFFAA2A1A8459F4208CB09DC9A633414CB5F2A9DFB3FA7B739F	381	source/locale/fa-IR/content/model-theory/models-of-arithmetic/models-of-arithmetic.tex
0CEF62E066F5F1F253ED9027286AC24B25101D958FE06272643558D64C14BF17	14117	source/locale/fa-IR/content/model-theory/models-of-arithmetic/models-of-pa.tex
23B0E7CDD99B5B71E5F0702FCA5BFD3852D264AD13F6F393B7FE43A2A93F2BE8	9680	source/locale/fa-IR/content/model-theory/models-of-arithmetic/models-of-q.tex
FCB2C4C768C455E74FA9DB9D6E570727E94D8724A418661C42CEBBC59D23860B	7223	source/locale/fa-IR/content/model-theory/models-of-arithmetic/non-standard-models.tex
F5D94A2DFF491CC5F6D8A6BB3869EA96E1ABE7AC5B3A8125461E482A1FEEE039	9925	source/locale/fa-IR/content/model-theory/models-of-arithmetic/standard-models.tex
4527DB3584D7B920240661B6370EBC7DCD6ADACCC723C22B1DB9F6C5388A9B00	577	source/locale/fa-IR/content/normal-modal-logic/axioms-systems/axioms-systems.tex
49E4D773677BA0C44C97A53A78622F024B5E1E78869DAD18ECDB9665CB21AEC1	3158	source/locale/fa-IR/content/normal-modal-logic/axioms-systems/consistency.tex
9B26B66D90B0F0440FED831AF38389ECAE64997625B247756CBD8662D103A92F	7732	source/locale/fa-IR/content/normal-modal-logic/axioms-systems/derived-rules.tex
02C70974DAB1FF60E43569B5938782F4BBFE10F3DAF4C4B88E47AFD316F158DD	1385	source/locale/fa-IR/content/normal-modal-logic/axioms-systems/duals.tex
CFEFEF17DF743D23E2B224F1A9F8EA9482A452DA359F24814C4564AB2B5511FD	5298	source/locale/fa-IR/content/normal-modal-logic/axioms-systems/introduction.tex
5EA476D0614ACE3289F29B4F248ED893436FAA5B3781E4FC9A759CFCBD901B41	5736	source/locale/fa-IR/content/normal-modal-logic/axioms-systems/logics-proofs.tex
88FE9DE59523385DD822B0EB899A60A4FD83018BCA62E0A37228306AA2B38C04	3732	source/locale/fa-IR/content/normal-modal-logic/axioms-systems/more-proofs-in-K.tex
6BB32BC7ECC9E8DDF99AD94A4E63541C691328522F9695EFCD94E0592E013395	6082	source/locale/fa-IR/content/normal-modal-logic/axioms-systems/normal-logics.tex
58F71F63D643AC3B1F4078372133E54CBD6FA9FF2154C2974353BD9863975812	6710	source/locale/fa-IR/content/normal-modal-logic/axioms-systems/proofs-in-K.tex
C67806EF0A3689CE1C38FBCA2B6CE1BECAB51864BEA061582086D4DB24A4394F	4347	source/locale/fa-IR/content/normal-modal-logic/axioms-systems/proofs-modal-systems.tex
C515026213F3C3EA9103C0C1160ACE5208AA4D88BEE877CAA88DC6C2C42C5B74	985	source/locale/fa-IR/content/normal-modal-logic/axioms-systems/provability-from-set.tex
155A1300376A530399DF54365BF7B10F13D6DBA0999D7973A1B6AD6F9013B0F8	2246	source/locale/fa-IR/content/normal-modal-logic/axioms-systems/provability-properties.tex
F3BCED8AF77C92E04050D537D4550A442ADE2A70436E5C523178C476738F12C3	3363	source/locale/fa-IR/content/normal-modal-logic/axioms-systems/soundness.tex
60781B81DCD7F8A1344789B3B59E442EF6C51F38C516FDCD19705DC5F595DA96	6752	source/locale/fa-IR/content/normal-modal-logic/axioms-systems/systems-distinct.tex
ABC860482C22B34B7E6592938937A25B043DBD0636A4CDEED816ECD2F2D6DC5A	1388	source/locale/fa-IR/content/normal-modal-logic/completeness/canonical-models.tex
34243B2487B658287862A58CAD3C83F9D660DBB56D55D0171C770974718876AA	7906	source/locale/fa-IR/content/normal-modal-logic/completeness/complete-consistent-sets.tex
7DAF5551509D03766CCC5EFC127076BFE0A8C5680D3B4C8C0C645D597E2FC21D	3095	source/locale/fa-IR/content/normal-modal-logic/completeness/completeness-K.tex
53FE88FB26A1EA87C08C25B20C94F8217DDA332184E4CEC157B05D9CFE8F5D3F	458	source/locale/fa-IR/content/normal-modal-logic/completeness/completeness.tex
05F30BB98EFDBD552246D18311A75E4D5100E21B81C8A4DB948AE3D1E8ACD336	13042	source/locale/fa-IR/content/normal-modal-logic/completeness/frame-completeness.tex
74AF95492247F7E1E91496131136BC967F5551F07813700848F2ED5F978E9C69	5372	source/locale/fa-IR/content/normal-modal-logic/completeness/introduction.tex
6076AE37AA3436EE6B00381B6642504F707EF83416FA286DBB341DF331B0DDBB	6653	source/locale/fa-IR/content/normal-modal-logic/completeness/lindenbaums-lemma.tex
AA2641FCCAB7A6D60555FD1A4BDD5C4DB4CC0C9A670917FD33A72BF3B7E5C86C	13697	source/locale/fa-IR/content/normal-modal-logic/completeness/modalities-ccs.tex
FE286011F75A37A5F1EDAB6F9D3EE325A692C1D1FB8610220119DEFFE1551A15	8396	source/locale/fa-IR/content/normal-modal-logic/completeness/truth-lemma.tex
14E909737D20A75C44623C0ADE73A0FE438C059A90CB6385BE4FE643D7694B1C	2177	source/locale/fa-IR/content/normal-modal-logic/filtrations/S5-decidable.tex
CB44A8142DAD2E1E47D3D54288F87429733BD3C4A7BA92ED62B4A8B7F5856192	4542	source/locale/fa-IR/content/normal-modal-logic/filtrations/S5-fmp.tex
B599BB81C69C3AEF4FBB75B27CC1B176EF6EEBC349FB93724A58F9265FF37C15	6666	source/locale/fa-IR/content/normal-modal-logic/filtrations/euclidean-filtrations.tex
4ED39EDAE258CDB11FFBB94EC270F78CB23C28880E05B8F5CAF994FF9F45C556	11545	source/locale/fa-IR/content/normal-modal-logic/filtrations/examples-of-filtrations.tex
12D41153792430E45996A2FC8E025AA677A77858FC10219B685754B7A3980AA9	10062	source/locale/fa-IR/content/normal-modal-logic/filtrations/filtrations-def.tex
5ACFD698C5B830BEEAB3584FED3CBDB17329C365EFBF21019DB825663DC8328B	467	source/locale/fa-IR/content/normal-modal-logic/filtrations/filtrations.tex
50F1882B11462CDD930931CEA372D50B1332CCB4BDDC39CA21CF73184F978D89	2542	source/locale/fa-IR/content/normal-modal-logic/filtrations/finite.tex
2B0557836DCDC230C25CD3616BC145BC1D46D1DBF775CD96C1DC1071D3B5B1E7	11110	source/locale/fa-IR/content/normal-modal-logic/filtrations/introduction.tex
FBF8365C53544DC02446031253064562B06E074D785C06A0FC3004FE62ADA193	7273	source/locale/fa-IR/content/normal-modal-logic/filtrations/more-filtrations.tex
EF7417A24B706E261A984DD931646FCEA01927083A05236CBEF1B888A4BEFDD5	4234	source/locale/fa-IR/content/normal-modal-logic/filtrations/preliminaries.tex
DF223D69EFFB6E686C02A9BBC44B11F706EE7FE546B4B3705E06F08CF164FD50	10550	source/locale/fa-IR/content/normal-modal-logic/frame-definability/definability.tex
6285999D22ECCF3A7CA86EB93728EA58A0B17E912F846FECF7895E1D642F3CF2	7574	source/locale/fa-IR/content/normal-modal-logic/frame-definability/equivalence-S5.tex
FD165BCCE88ECA3DC6BB24696AAA35F0514EA9CE99E7C7AA53564A712893A8BA	5628	source/locale/fa-IR/content/normal-modal-logic/frame-definability/first-order-definability.tex
C28E0D96819EC0088854DE3E289F747A5AC2E3653EFCAAA43015A3D770C44CAF	429	source/locale/fa-IR/content/normal-modal-logic/frame-definability/frame-definability.tex
CCA5FCC0176239E2EE7FEA40A7A9AA0A1D15326AEDB52304EA02ACD824100C13	2454	source/locale/fa-IR/content/normal-modal-logic/frame-definability/frames.tex
394D3C5FCBBC1190790FD53451E827259E56A12DB421DEEBD608F7716E9BF2E4	4145	source/locale/fa-IR/content/normal-modal-logic/frame-definability/introduction.tex
864162301140174D43F9E6CEDD1DF13FC31648C25E56E2088D727017B7D836C6	9737	source/locale/fa-IR/content/normal-modal-logic/frame-definability/properties-accessibility.tex
F9E98D3772669AA36E9483807D8C52125721265EF916C6A730B2DB21C8351E1D	8683	source/locale/fa-IR/content/normal-modal-logic/frame-definability/second-order-definability.tex
B1FD84E929510654B164EC94C145FA0A5B5B2E2AB85125566C91813579F63753	815	source/locale/fa-IR/content/normal-modal-logic/normal-modal-logic.tex
CE5305A67FAA5670B63417C3561A598CB7E73ABECE8646420875D1AAB082F060	1831	source/locale/fa-IR/content/normal-modal-logic/sequent-calculus/introduction.tex
4D7B3A1F8CB7E2B92812C1F2D206873AE5EB7F0212FE057743E54B49672E3708	11648	source/locale/fa-IR/content/normal-modal-logic/sequent-calculus/more-rules.tex
9593950BF423BDD938259B6CB15962D714541D7B0C51DF599546F217D463A303	4259	source/locale/fa-IR/content/normal-modal-logic/sequent-calculus/proofs-in-K.tex
B8B994A2C013268257AB90044184D2C758BC1D250837EA0FF10DBDB2DD9534A3	5670	source/locale/fa-IR/content/normal-modal-logic/sequent-calculus/rules-for-K.tex
C2F9F9948A4C69CB4B0C1F1C22A1FEB2F3436F1377386BA53187269A169AA814	675	source/locale/fa-IR/content/normal-modal-logic/sequent-calculus/sequent-calculus.tex
F4218D393E0F4C4E5736C217BA8CDE7E4CF5DD7D0671114590F9E03B346F99B6	4243	source/locale/fa-IR/content/normal-modal-logic/syntax-and-semantics/entailment.tex
97061A7E6658111B0327B31EBD80CA2D2B7D543EAC46FBB313084C781F454DD5	7210	source/locale/fa-IR/content/normal-modal-logic/syntax-and-semantics/introduction.tex
43BB49EF7E1126ED594AA8343AED0082B2557A4619A77B4180BB41AE7560554F	3931	source/locale/fa-IR/content/normal-modal-logic/syntax-and-semantics/language-modal-logic.tex
2D656B719E5B5DD39BE9A7EC428315F5D340C8EF5A7C4F8C33AB31F195DDDCAC	3920	source/locale/fa-IR/content/normal-modal-logic/syntax-and-semantics/modal-validity.tex
88E57CF4843487EA59075E3F41A73F2311FD85CCE6C4300B5FF8961735A1E346	3482	source/locale/fa-IR/content/normal-modal-logic/syntax-and-semantics/normal-modal-logics.tex
F789447449E4043B349105CA84A9F9C6631C407D2CFFF664CE0401BFB3BF5DA5	2829	source/locale/fa-IR/content/normal-modal-logic/syntax-and-semantics/relational-models.tex
615C3CA4DCF8050AB85BDF94966BEB2568D11F96ACB11E21D9F5D8B9F17D3C35	8062	source/locale/fa-IR/content/normal-modal-logic/syntax-and-semantics/schemas.tex
1D4E87EBFC632CB221C1285EA8EA30D15049AD2834E576FAB7B8ECCA002B10F4	5529	source/locale/fa-IR/content/normal-modal-logic/syntax-and-semantics/substitution.tex
6F563F8DA0586F34AEE52C701E33702D67BAEC7D86990EFD7B92ED885B89BC26	487	source/locale/fa-IR/content/normal-modal-logic/syntax-and-semantics/syntax-and-semantics.tex
4C242CB9E1A44CE7F7ADE7CD7D233FE39B7C002D32D2DA17E03DD0372A41072F	7455	source/locale/fa-IR/content/normal-modal-logic/syntax-and-semantics/tautological-instances.tex
FCD1E4F44EE767B0B73FE5FFDB368960A4CD3A544D303EEC4D36A603A8FE76A2	7049	source/locale/fa-IR/content/normal-modal-logic/syntax-and-semantics/truth-at-w.tex
F0659EE87F2084A139DD15359EF9A253412C44A1069DAFC0FAA9093F97EDF718	4037	source/locale/fa-IR/content/normal-modal-logic/syntax-and-semantics/truth-in-model.tex
EE5AD9A2C2AD23D5A3AA228685BA79CFBCE8AF32D09649E5BF440AD73ECFBFCF	12624	source/locale/fa-IR/content/normal-modal-logic/tableaux/completeness.tex
22F14C02E9E66900899A6FB0449A77941CF0455F49CE9BB470342F7CAB64088B	14439	source/locale/fa-IR/content/normal-modal-logic/tableaux/countermodels.tex
971E4786376B94C27516FE9B4148687F852BAF6411FF6AC69B208144914DDC4E	3620	source/locale/fa-IR/content/normal-modal-logic/tableaux/introduction.tex
10CE6AFC3FBACA38DEAB6D3DBC6CC4F644826E5B49102A7914F63D79E74A735D	6480	source/locale/fa-IR/content/normal-modal-logic/tableaux/more-rules.tex
2790C26F76CD206F2CF44D80B4A81CB6D57E0F8A7D89F15BF9CE016E2C865E72	11415	source/locale/fa-IR/content/normal-modal-logic/tableaux/more-soundness.tex
B4989722CACDE58DA2AAB45DDE5AE927C7BB3E10FFE64D84365ECAFD267ED058	3380	source/locale/fa-IR/content/normal-modal-logic/tableaux/proofs-in-K.tex
0220F63D2B85A7766D33215153C1F488ACC6272E94EA3135F7CB7DC8BC2BD36A	11110	source/locale/fa-IR/content/normal-modal-logic/tableaux/rules-for-K.tex
0E0D0C21FD99F5A661FE2193A6F24194619F821D8FDE634A37D164384BEB253B	3677	source/locale/fa-IR/content/normal-modal-logic/tableaux/simple-S5.tex
968C20F050D2B3ACCB39EC2D2F811C415CF83273F32745C5ADA629752310E29C	16126	source/locale/fa-IR/content/normal-modal-logic/tableaux/soundness.tex
BCEA60B55EBB1CAD195C1FD867502018B85E0975970C186F3038AFD0635E136D	828	source/locale/fa-IR/content/normal-modal-logic/tableaux/tableaux.tex
2E400AC320BDBCCFAD6EF2A3520E0ABA53BA92D1ABCFB04F202A30CD67908DCD	2421	source/locale/fa-IR/content/open-logic-about.tex
4FFC76C92BA4032E3B5B2AE2B97B7B548133D54078A78A59FC21FFB726A259CB	19038	source/locale/fa-IR/content/proof-theory/cut-elimination/ce-largest.tex
8352A8618B56F5F5A4DDDBDB94044A3917A2CE6F36B667896E91848ED93037CF	27706	source/locale/fa-IR/content/proof-theory/cut-elimination/ce-topmost.tex
365320ECCF23156AC7B9EFEC74CD9F9BBE2161325A602448A4CFE406C2914DAE	316	source/locale/fa-IR/content/proof-theory/cut-elimination/cut-elimination.tex
90A31A0A97D83239B9EC4A4365C41DD28A15E6B3D3CB2DD2D8E7ED21EC77ADD6	28997	source/locale/fa-IR/content/proof-theory/cut-elimination/interpolation.tex
A5D803512E518054F33E3995E1F7C93D26E5EEA9C7D9392E55151D8D14AAD0BB	7827	source/locale/fa-IR/content/proof-theory/cut-elimination/introduction.tex
10B69CC2FF0D13FA9F7DCEFEEF062C270B8126259D659F7A5F59733B43691815	2455	source/locale/fa-IR/content/proof-theory/cut-elimination/intuitionistic.tex
8D7ED3C8803D5CB6A24EBFE956F89926B82D655BBD65870C3235DE19B6BA2999	15303	source/locale/fa-IR/content/proof-theory/cut-elimination/midsequent.tex
1B6BB8DE2CC1A3C61174C624024C5E9FE61DD7FE17D1952452C8BF71857A6CEA	4074	source/locale/fa-IR/content/proof-theory/natural-deduction/grafting.tex
13EB50E26B550FA8D64D97A85428C6EF081ADBA1245E540069A95D31EA078BC9	7765	source/locale/fa-IR/content/proof-theory/natural-deduction/introduction.tex
DFB9B8B54ABAA84D674CC3BC599202594D67BA31F9D08DD4653379EE1DCDBC6F	380	source/locale/fa-IR/content/proof-theory/natural-deduction/natural-deduction.tex
EE5D3443FCE9927E723CCC24360FC39889FD0CD3DBDD8AD123492D7D3D0262AE	9638	source/locale/fa-IR/content/proof-theory/natural-deduction/quantifiers.tex
B100F16423AD2AA936CF2BCEED4DC26BDB28039A757B65262E3C796075047E15	2771	source/locale/fa-IR/content/proof-theory/natural-deduction/rules-N1.tex
480D7EF51F30B42476467E70A74610BC1D644EEB273DCBABB5B1D5CD688F0F04	2808	source/locale/fa-IR/content/proof-theory/natural-deduction/rules-N2.tex
016E8BBAE64CFAD2A881AA557ACEB4C1265C59726F16DC35514AB37D2EA17A1B	13729	source/locale/fa-IR/content/proof-theory/natural-deduction/rules-proofs.tex
CF97537E40D2B2C15B31808A2F66C6404AD22AF704CADAD896A70758DE9C978F	7224	source/locale/fa-IR/content/proof-theory/natural-deduction/sequents.tex
5E9302B0FBD4E0C231113C151021FD6173DE9F1DDF21637A285F066159EF9B41	11687	source/locale/fa-IR/content/proof-theory/natural-deduction/translation-G2i.tex
3C99A8D0638F2C8BD351DC27D6BFE23DFDC281E37A251CA6D4CC05486612A1A8	6040	source/locale/fa-IR/content/proof-theory/natural-deduction/translation-N2i.tex
EADF05A13DEC26E3EBA03D5CC0DEB778ACA37EF2EE46D908969702E2C064920F	3517	source/locale/fa-IR/content/proof-theory/normalization/introduction.tex
CFB14EA55D3F8C73FF763EC4AC63778F25DC82BE8832CD2EFDC94F75057793D8	3318	source/locale/fa-IR/content/proof-theory/normalization/normalization-thm.tex
0EB93DD22EC28E04AC820DCB5D058A0C2B85D94B728594A61DF2E753F5DA0968	350	source/locale/fa-IR/content/proof-theory/normalization/normalization.tex
110EA7B4D8F5B2F1F7F24E8B50971021E60CBDF37C86BA9466F50D73A1C273BF	13430	source/locale/fa-IR/content/proof-theory/normalization/permutations.tex
CCFEB283C0FB7043C105D72DA0B65B2A8AF2F3AD49D9BCCBCA8C52449147A449	12092	source/locale/fa-IR/content/proof-theory/normalization/reductions.tex
28B4F9DEA5372C14B73A79552C7D182424A24A6DEEFAD31A9281B90987F8D632	5092	source/locale/fa-IR/content/proof-theory/normalization/segments.tex
2F03753B1D6EAC2DF8B91E679468B5337D5300E219FAD8536C5E929329B954D1	17118	source/locale/fa-IR/content/proof-theory/normalization/translations.tex
BFA36802FB819D78C63DA0FA092DD9B186EB3DF6EC7ECCFA6B0479FFABD0CDCC	12264	source/locale/fa-IR/content/proof-theory/proof-search/completeness.tex
B84922871D92220751E4758710D997C9E75E47DC7EA390FAF8FE87FD242EDCEE	9800	source/locale/fa-IR/content/proof-theory/proof-search/introduction.tex
D970F4EC562B6698BBAE8E8C2FC4A9747313710337E8A058DF7462D32EBE4B94	308	source/locale/fa-IR/content/proof-theory/proof-search/proof-search.tex
AEBE0128259BD73221F88D602334322FCF8A43E5F2AC5D78483C2BC0010B797C	2199	source/locale/fa-IR/content/proof-theory/proof-search/rules-Tc.tex
6891A77BBEF313D5D10233CFE35811DD00E77C5D9B19782F3B22CC8CD2F0D362	9534	source/locale/fa-IR/content/proof-theory/proof-search/search-algorithm.tex
89C2B1A64441FE08788E56CE18B0886ED1EEA29F2364BFF8CD129D3A4C343C53	11831	source/locale/fa-IR/content/proof-theory/proof-search/tableaux.tex
DCEE020ADE7894E26EEAF169C513F128DDE2921D7AEEB77C9654ABE88CBB2E51	588	source/locale/fa-IR/content/proof-theory/proof-theory.tex
4A4663CB1D4506E017380D621729C10F97826B7014653A5A3B879283BE868FB5	7519	source/locale/fa-IR/content/proof-theory/propositions-as-types/introduction.tex
26AB987D30C63ABE3D0B0C4F3A1B7BAFB7E6C8E175BE9A05AD881DF1012F7207	14738	source/locale/fa-IR/content/proof-theory/propositions-as-types/normalization.tex
37C178827623943295C9D37686FA1B17637037E1D0A3BE610DC6272023675608	7907	source/locale/fa-IR/content/proof-theory/propositions-as-types/proof-terms.tex
3D617E567AFCDF0D6D821E1CE2620DFF42370D0936AF4802808DC19DD072283A	4193	source/locale/fa-IR/content/proof-theory/propositions-as-types/proofs-to-terms.tex
BC832B9804CBAF7F918681A58B48BA3533E756F436B18DE65AEC7657036C10C9	1326	source/locale/fa-IR/content/proof-theory/propositions-as-types/propositions-as-types.tex
D60762E9BA55F1DA3D6A664303F9228B5C069F130A436203338EB7225E98C49E	7781	source/locale/fa-IR/content/proof-theory/propositions-as-types/reduction.tex
82E6B8569E7149B6923C88992D084616DEF3D4A8B8BBB88008302A367C3F7114	2105	source/locale/fa-IR/content/proof-theory/propositions-as-types/rules-tN2.tex
6B563C5C6089477340243AB48A1232CC76AF9F9209C9820C16B401B957364C97	2127	source/locale/fa-IR/content/proof-theory/propositions-as-types/rules-tN3.tex
0B13375A9F73476B2350DF4C06030AF815D4D27FEB5856D52B2466D60596AB61	5016	source/locale/fa-IR/content/proof-theory/propositions-as-types/sequent-natural-deduction.tex
CBA57837634166A36F60A5DB519E29B211231A63B3F18FE9E77D157C89DD4CC5	4689	source/locale/fa-IR/content/proof-theory/propositions-as-types/terms-to-proofs.tex
6A8856DD1E8F020DAE38E54B064FCCEFA63E278FA423E26B68973CDAAFAB5B7A	5959	source/locale/fa-IR/content/proof-theory/propositions-as-types/type-preservation.tex
F84FB0146599ADF0F97CC40475D5B356A8B7D7F48936E013DDAAFFF421CA16DD	7021	source/locale/fa-IR/content/proof-theory/propositions-as-types/types.tex
2662DF972C77F5777DD7E18E778E2CFCAF7A5FBB19F58F491C893E4391A4261E	13289	source/locale/fa-IR/content/proof-theory/sequent-calculus/admissible-derivable.tex
1ED534F483BE9B9E327F9B92F0BDC473EB7F0291DDDEF45AAE1834421D60A09A	9335	source/locale/fa-IR/content/proof-theory/sequent-calculus/interpretation-rules.tex
0BBBED93A0BC6FD4DC9D432D25EE435B0A6D0C8A182B0438EF972B4D9A8040A4	9138	source/locale/fa-IR/content/proof-theory/sequent-calculus/introduction.tex
781D0460B5C0406D939D7E87A099EFD8FDEC19C391440373AE26E33EF7B97661	18417	source/locale/fa-IR/content/proof-theory/sequent-calculus/invertibility.tex
941DACEF3C31273832914B21EE6C4FFF38D3B002D6B1D61F168FB8B8FB8DA50F	15701	source/locale/fa-IR/content/proof-theory/sequent-calculus/proof-examples.tex
0FD478FC8C21A06D49F37182BC8ABCC762EE8A8C529A93739160169DEB7E625E	8839	source/locale/fa-IR/content/proof-theory/sequent-calculus/quantifiers.tex
C80F9812FD1E1E1CAFF7C2E27F8CC4720666CF43F3CB1306E846D75EE9F28B69	3290	source/locale/fa-IR/content/proof-theory/sequent-calculus/rules-G1c.tex
7F6C533299140B3F9C2EEF8EB2C39FEC87713B4968A095F464151EAF99A31DFF	3291	source/locale/fa-IR/content/proof-theory/sequent-calculus/rules-G1i.tex
C8BCDBF7A7DD29A0F2D58676797D0F0043CA1113F99173FE37A165BC08FB8EC2	3396	source/locale/fa-IR/content/proof-theory/sequent-calculus/rules-G2c.tex
EA28A9FB259EEED15D459EC874C326E966296DDDF739499DA737461A2B4C40DE	2493	source/locale/fa-IR/content/proof-theory/sequent-calculus/rules-G3c.tex
B961FCE3F5E914CDDEFD39953BEA9328D8224DC82B881E11A21080670513FD1B	2666	source/locale/fa-IR/content/proof-theory/sequent-calculus/rules-G3i.tex
23BDB65151A0BD0C919E921EB753232768CB8C81E6F7E00DADD2888CF46A1BD2	3596	source/locale/fa-IR/content/proof-theory/sequent-calculus/rules-LK.tex
3992D1F9BE96920E00692B5CD6AF91D4B3C5B16E468803E9B8FCBABF02229C89	2657	source/locale/fa-IR/content/proof-theory/sequent-calculus/rules-mG3i.tex
8FA9AEB661F645299B856DDA7C08BA10E22CFDD250D9DD73C9EEE35FD41A10DE	10099	source/locale/fa-IR/content/proof-theory/sequent-calculus/rules-proofs.tex
0AD909275EB0FCC13D6B5B1908317F8B4C8534FC137491AAEDDAEAD1A302EC48	427	source/locale/fa-IR/content/proof-theory/sequent-calculus/sequent-calculus.tex
4ECEA82A2D5469944D5412DD21D6D155631CB4EDABD9A1A6DF239CCB1DF68772	5598	source/locale/fa-IR/content/proof-theory/sequent-calculus/translations.tex
52790B04DE5093ABBA480D162B5EA381CB2840549870B6F7BCE50A8FF7E11766	1948	source/locale/fa-IR/content/propositional-logic/propositional-logic.tex
0888E8FDAED2CB379E93322280306EA502D6707B0CCF6742DF0CFBE3BF7A1800	5166	source/locale/fa-IR/content/propositional-logic/syntax-and-semantics/completeness.tex
B8ED1E839B0CD544DB7ABEADE7BFEF9050F80D5E675DD896F4E3438FFC85A336	6857	source/locale/fa-IR/content/propositional-logic/syntax-and-semantics/formation-sequences.tex
607A2D834C4B2D5BCC946EA93D69569C5515F5874D0A60C1684AFFFFF26F1A59	9179	source/locale/fa-IR/content/propositional-logic/syntax-and-semantics/formulas.tex
9AC268944CC3FF28894FB82109D0EA947B19130649EC495487ABDF7362F88E4E	6326	source/locale/fa-IR/content/propositional-logic/syntax-and-semantics/introduction.tex
2F452B99BB46D35B5B788B32681E6360AC32A1C9990151013B2676E1AEFAF78F	5372	source/locale/fa-IR/content/propositional-logic/syntax-and-semantics/preliminaries.tex
D8CD9C368F3F7B91D71C5993FF01AE04EA2C4E5E765C1C8512C67ACE50D47A07	3898	source/locale/fa-IR/content/propositional-logic/syntax-and-semantics/semantic-notions.tex
1EE42C70804926B5F35D1D4B413DEA0EDCFCAC72D52F5EFBBC6A89E963D1420D	1180	source/locale/fa-IR/content/propositional-logic/syntax-and-semantics/soundness.tex
5E555A056121F9DDF5E9F748101D4028B542488D44E7C95E17A79B1E6D8198B6	720	source/locale/fa-IR/content/propositional-logic/syntax-and-semantics/syntax-and-semantics.tex
7EA783081E3CA38E065F93CBE1742380628A6B7D9929F4E3634AB9EF187BC952	6850	source/locale/fa-IR/content/propositional-logic/syntax-and-semantics/valuations-sat.tex
8F9558D51731AF1B15A6DFC307B0915EDCC1798590F8D905A5923459EFDDA963	1490	source/locale/fa-IR/content/reference/fraktur-alphabet/fraktur-alphabet.tex
3D43A0E12A77833655CDFA4ECC268FF28482A781F430EFFEAAE68BB2A89A6504	1067	source/locale/fa-IR/content/reference/greek-alphabet/greek-alphabet.tex
EE4706086237254F6E79C5AEC44AA40602EA9F798AF8E5F6D219F071773670F3	542	source/locale/fa-IR/content/reference/reference.tex
8B33043ABAA37C1C56EF3F59935013D522F1284A3B853164CAAFC06CF991FA3C	3509	source/locale/fa-IR/content/second-order-logic/metatheory/compactness.tex
3D3C8BF12C15EB69F9FE42C18FD3D605305BFCD654F9D108C8449068BFB85532	2919	source/locale/fa-IR/content/second-order-logic/metatheory/introduction.tex
0B2FE4DD77909A9B8ED58DAE148F556B28B7E2335ABE955AC122A782AF3184B9	2441	source/locale/fa-IR/content/second-order-logic/metatheory/loewenheim-skolem.tex
7E11B28FA04B65C3BCFA4485DE20A95FDBF7A1DC90ADE227A78E6EE97EB15027	399	source/locale/fa-IR/content/second-order-logic/metatheory/metatheory.tex
AAE2E07E8EB0A15BBAAEA23FA06F2250BF514BD625E0AB70B822679E3E4A3AD0	6573	source/locale/fa-IR/content/second-order-logic/metatheory/second-order-arithmetic.tex
491E505F6B24B197B2F7686648174D14CD71F840BD29ED0106898C7681DC3630	2562	source/locale/fa-IR/content/second-order-logic/metatheory/undecidability-and-axiomatizability.tex
338E2C9F68D8C7EDE919E460A89D6673E44065B4E08D4853D6E4FBDF78C902A0	431	source/locale/fa-IR/content/second-order-logic/second-order-logic.tex
D010AC617F4384FA27E3ACFEC4207C70371073D05BFB7F94533C8F632266C3C8	3700	source/locale/fa-IR/content/second-order-logic/sol-and-set-theory/cardinalities.tex
24F73027FC464B9FC59BBA265F405C0BE1DB74035DCFD39CA82BDA9173983E69	3542	source/locale/fa-IR/content/second-order-logic/sol-and-set-theory/comparing-sets.tex
471050D0075705A8EB71163BC4D36CECAB27966E50EB1B9AB0C08F95ED7E85E3	1322	source/locale/fa-IR/content/second-order-logic/sol-and-set-theory/introduction.tex
685692D9ED30E0FB4C3F50FEB37557A914D049DE06D052FFF0EC7FA713FAF584	9427	source/locale/fa-IR/content/second-order-logic/sol-and-set-theory/power-of-continuum.tex
B09A3E5B8EF17878E32EBF133153B24CEAAD8B516ABC88270B40627B13FBBBB4	913	source/locale/fa-IR/content/second-order-logic/sol-and-set-theory/sol-and-set-theory.tex
492A5F1369B76DDAA0213EFBEE1846705541F0B913A5E94543A50ED9C8F943C9	6072	source/locale/fa-IR/content/second-order-logic/syntax-and-semantics/expressive-power.tex
2D37D22F987DBFEC2684F770DBC1192C45DAEC4C626E9DA5695A19CC5EBA9A0A	7633	source/locale/fa-IR/content/second-order-logic/syntax-and-semantics/inf-count.tex
5042E261178D748CC87924AA6DC4B7CC53CFAAAE2457FA3B22ADF5D17EB1C5F4	4151	source/locale/fa-IR/content/second-order-logic/syntax-and-semantics/introduction.tex
687A7B76D5FA768E4507D5615B87F95C0A1367D7122065C602065181478D180D	2398	source/locale/fa-IR/content/second-order-logic/syntax-and-semantics/language-of-sol.tex
BA9BF5CCDC41C2D22085C6C8E5AD3DF64FBE5904668A8622F80F3AFD4730EB4C	10946	source/locale/fa-IR/content/second-order-logic/syntax-and-semantics/satisfaction.tex
B306080B91A104E6FBFCA22FDAC0AD1C008835034027A17C603D047D6D0A26C9	1735	source/locale/fa-IR/content/second-order-logic/syntax-and-semantics/semantic-notions.tex
203EBAB20BE0C37A66C7778E2891C5CCBE99C6968B4B44B012B57F189C7CA8A3	898	source/locale/fa-IR/content/second-order-logic/syntax-and-semantics/syntax-and-semantics.tex
AEFE7B3E909A1F6425E7533AB776C72B8B48B7EC3C7D4D902B2BDECB8D731AFE	4859	source/locale/fa-IR/content/second-order-logic/syntax-and-semantics/terms-formulas.tex
02448278579D02EBD065CF17DFB6BC96866DD523B911C3FBCCEDBB7A52F06BFE	308	source/locale/fa-IR/content/set-theory/card-arithmetic/card-arithmetic.tex
B2425692685B5375690C237F7128FFE270F758A526425B3909A7278AE9A856DB	9787	source/locale/fa-IR/content/set-theory/card-arithmetic/ch.tex
0C70A98E294BD86EE8D4F4B94BFB6F442E1E28EE8576D635F3622B2237ABCCE2	5238	source/locale/fa-IR/content/set-theory/card-arithmetic/expotough.tex
45E7DB735A7B2DF75DBF507A46D5505246352CF75F0F46AB07147596404CAC92	9554	source/locale/fa-IR/content/set-theory/card-arithmetic/fix.tex
53C4FAD2CDA38BFEDA7310F91D5C546B4C5FEAB393A5580D417BB7260FCC9642	7376	source/locale/fa-IR/content/set-theory/card-arithmetic/opps.tex
261EF38E88D91EF719CE34E0F4D99D1AF6888B71A250BC63FC06C47EC2650D1F	7527	source/locale/fa-IR/content/set-theory/card-arithmetic/simp.tex
544F200E930678084F099FD61B148CC2DD2684C91977617B450B729010463715	339	source/locale/fa-IR/content/set-theory/cardinals/cardinals.tex
54EEBD6188A475A9EF20803CCD6870C08B20DBA371EF6A2BB8F948FB81E70D77	8502	source/locale/fa-IR/content/set-theory/cardinals/cardsasords.tex
1992F358902040C283879CB838A45D91F3083D1A5E1E2E5016176E5409A3F3F4	9254	source/locale/fa-IR/content/set-theory/cardinals/classing.tex
F15997E8B7ACAA1E013A88E800CF3EA9852D567C0B48E3923318762EA0BD86BC	2815	source/locale/fa-IR/content/set-theory/cardinals/cp.tex
BBAFD14958D4394ED4A7022561990B2BE77AC8E591DC250AFF7C0EFEBDE5D8F3	6856	source/locale/fa-IR/content/set-theory/cardinals/hp.tex
01E91F92C855FA222252C5C0B37DA1BEAE7D28AADFCF23E3122B5B8F7E76B4D8	1561	source/locale/fa-IR/content/set-theory/cardinals/milestone.tex
73D279E7D0AC690B685D232AA5817AA5BAE2934C70F8D7DC83A6A488298DC421	6178	source/locale/fa-IR/content/set-theory/choice/banach.tex
A599C0649D5825756CB0ACD3A4C60D02B673A2EDA04A85FCE7D04CB5F31691DD	408	source/locale/fa-IR/content/set-theory/choice/choice.tex
0881E5EDEF9EE93C1D1DAE0E65B4721C20C3BBE268865F6CA537760F28DFD76F	10189	source/locale/fa-IR/content/set-theory/choice/countablechoice.tex
31AFF6ED2202E7C6AD45406270A710CB076F9DEE0E79D1F8ACF265F3F319A347	4867	source/locale/fa-IR/content/set-theory/choice/hartogs.tex
335BC8D26AAC0AE049D5143325259706CEB04EFC66EBB0E13CF23EB68539C5C2	889	source/locale/fa-IR/content/set-theory/choice/introduction.tex
EA38C7B42F6F4BD48ED4C4D5EAAE23BB3650B5F018B9DFA9D7AA460271184330	4092	source/locale/fa-IR/content/set-theory/choice/justifications.tex
095539F43F90C2C7800ED42EE3E628B9BF78145B7E13DF743617EBCD1788C2E1	5168	source/locale/fa-IR/content/set-theory/choice/tarskiscott.tex
DA7B7FFB4A2A5CD735A6924FE66A411C305CC612BE8F5C16954CA092FC5C4D68	18751	source/locale/fa-IR/content/set-theory/choice/vitali.tex
8EEB2EB689E7F59DF28FB5CC821CE1260C01311DFA69DC9BF8AA22DF89DA7B39	5342	source/locale/fa-IR/content/set-theory/choice/wellorderingproblem.tex
09E10E1FE527ECF156FE44F5080DCFCFFC1295344CC59773A84E164F134ECA1E	11908	source/locale/fa-IR/content/set-theory/ord-arithmetic/addition.tex
0E620CBC5A5509014CE8D2019B2D83D1441074EAF48625E5E730505A1851737F	3653	source/locale/fa-IR/content/set-theory/ord-arithmetic/exponentiation.tex
CB7D85B456DF1D1DDCE7671324DFC7A8B3D18BA5593C4BE1F4F612E86C2F9E59	1230	source/locale/fa-IR/content/set-theory/ord-arithmetic/introduction.tex
717D4073254AA82DA0DDA37F9D3FC7B0058B8C91950748C571D80F595D691E3A	5032	source/locale/fa-IR/content/set-theory/ord-arithmetic/multiplication.tex
704941411EC01958782DD2F1BE7A4F93030F446B719C586A8D7E508E861DE53B	372	source/locale/fa-IR/content/set-theory/ord-arithmetic/ord-arithmetic.tex
5A28648A7B4DCBA3AAFCD53E75F61750D71BF29433E46A52FD89A2136734A08D	5793	source/locale/fa-IR/content/set-theory/ord-arithmetic/using-addition.tex
30AA958B1945070342FEFC2A9E59A3669D12EE6EA05D76BD0871A0179D2B5D33	11806	source/locale/fa-IR/content/set-theory/ordinals/basic.tex
D79D2073617892D705F9FB589965813ABAF6316A4D4AB5FFBC8C1F0FEBCD9761	2979	source/locale/fa-IR/content/set-theory/ordinals/idea.tex
5CB19B8E24621FF9A2B22C51092626A9C2AF53F996830E4BD7864A00AFF3E300	1602	source/locale/fa-IR/content/set-theory/ordinals/introduction.tex
FE112C0F5A57C82ED232C2C0286B47AA17424F8586A5A58906DEEAD6EDFCEC13	8718	source/locale/fa-IR/content/set-theory/ordinals/iso.tex
C3C4EAD25A00A0E74627393A897A4C4EAFE5166FCA12B3B9BFBADA6F273C15A5	1483	source/locale/fa-IR/content/set-theory/ordinals/milestone.tex
2F5A85DF9D6A9C15CF1E9C9781E116B860842EA7D5EDCE4EE72766ED45EF2780	6067	source/locale/fa-IR/content/set-theory/ordinals/opps.tex
00E2226DAA49F7E2CF1A7A405E01995BD17FC2A5C00B30C78A3A902694A0DD0A	368	source/locale/fa-IR/content/set-theory/ordinals/ordinals.tex
650C113FC75D4CBA854E169EBFA417B0A84C4FFAC72B2C57EDFBB83B0116608E	4471	source/locale/fa-IR/content/set-theory/ordinals/ordtype.tex
E896E1D8649E30E8C726445697892CAF49FFA02F5726F3936E5DA3E56913CD25	4739	source/locale/fa-IR/content/set-theory/ordinals/replacement.tex
F428B3B1D55B5AEE9C24156CC348DBA088EB95DD4784B027367D515E15E25C06	4094	source/locale/fa-IR/content/set-theory/ordinals/vn.tex
18263829D95BECA6C86A65182366D3BA7BE28FF755E5204546A7D51917185B8D	3355	source/locale/fa-IR/content/set-theory/ordinals/wo.tex
AD0F7D5272B418C04A6BE416DF53AAB0A10DF5922C5C041BC77C3500DD63FCFF	8716	source/locale/fa-IR/content/set-theory/replacement/absinf.tex
517FB35D1FFB3CB6F0F4164FA7298186235E8F95D99364390640D11C021D7C01	9167	source/locale/fa-IR/content/set-theory/replacement/extrinsic.tex
0886C2EF074BBB5506C5530E88EC927A025A44597026445989ED42550AF475BC	6942	source/locale/fa-IR/content/set-theory/replacement/finiteaxiomatizability.tex
F9B8E486599BEDC6BB545BB731F33FA977553D639ED9E8075F78AF12E313E414	1648	source/locale/fa-IR/content/set-theory/replacement/introduction.tex
6F6ADECA73424069E15EF08D01FD6C53152859C5B50DF348A3196C434888CAB2	4911	source/locale/fa-IR/content/set-theory/replacement/limofsize.tex
2DCA5BBDB2547BD40A0C34CB6C4CF456569E38F0FA062606D16ABD6E0339AA51	3137	source/locale/fa-IR/content/set-theory/replacement/ref.tex
7C120B19CD5AC51686353EC1CD0F1B4B13A3D9D172BBE17897ED1251F4668634	10343	source/locale/fa-IR/content/set-theory/replacement/refproofs.tex
00979EEC5E8C44319ECB14906557F9B7E1225B933EFF5CFB7C7BDA8C5B01B84C	381	source/locale/fa-IR/content/set-theory/replacement/replacement.tex
823FA19EB6DC1F87F71C41932D5BCD063C949C7D0643ABC92E64A1B4D15D4D40	3663	source/locale/fa-IR/content/set-theory/replacement/strength.tex
8F70F0D05308866B97A416EB793857377FD181065E7BEAECA0B874247A8FEFEA	433	source/locale/fa-IR/content/set-theory/set-theory.tex
A2F9BB5DFA80169A4F6045A1496F6F0ABA5742F7D2026A9266CC498B326678DC	5777	source/locale/fa-IR/content/set-theory/spine/foundation.tex
C2A70E5F602E100150106F78809FF9173F5C74F6FC68EF5602A418E49C2D3012	2441	source/locale/fa-IR/content/set-theory/spine/idea.tex
F952D48907460F37A32F40AC56CD29177F7F21E8645E396C1A0608AE4A198A75	6544	source/locale/fa-IR/content/set-theory/spine/rank.tex
F8316C7ECE2D11E2DAE68651B116F67000300347AFD5AFE623E9EA9B9868DF1B	7960	source/locale/fa-IR/content/set-theory/spine/recursion.tex
98612D27708DB22B891B055A6693DC027231C79B00765FF460A54F71AA33FC3B	321	source/locale/fa-IR/content/set-theory/spine/spine.tex
579287B6AE85B5F0BE9FFD056FB9E5C829AAE0D684CA5B0374A644EBE1AE9384	5973	source/locale/fa-IR/content/set-theory/spine/stagesbasics.tex
62977337725C00BB84A4EE00DC56A5F35AFA95FB42E2A99DD7D4CC9DC9FC4036	2884	source/locale/fa-IR/content/set-theory/spine/zf.tex
658065A3C296CF3215884257BF560E53BAE03159F43C0AAFEC7929FFE81F19CD	7476	source/locale/fa-IR/content/set-theory/story/cumulative-approach.tex
8BA5D7A225EA24DDF313A67EE8D4CADE9F3A3AAC1090FFED9110A0DDC6EA0B23	1849	source/locale/fa-IR/content/set-theory/story/extensionality.tex
CE4B89AB5653E3BDCED86A1CEEFF9D0A9E2C1B633A34ECDB5378EF47BF262CBD	3875	source/locale/fa-IR/content/set-theory/story/grundgesetze.tex
6786EE60F64518B6C01CC452C12625102C55D0EB3438E4A17B352EA77EB23456	8494	source/locale/fa-IR/content/set-theory/story/predicativity.tex
515B1CE74430387557937D558A447405019B8353EADE14298DAB5672B4570395	4830	source/locale/fa-IR/content/set-theory/story/russells-paradox-again.tex
03B02A97940AEED017105FC6AC6F0E3651DA56DB4898136F815BFB425F7217E4	343	source/locale/fa-IR/content/set-theory/story/story.tex
0CFA93008F601DF7720F87365C60C0441D5E1903241C70E5DAED32EF257E0AEC	5676	source/locale/fa-IR/content/set-theory/story/urelements.tex
9318687C8743C0BEC6CFF881F280E50E204DBB20A273D64ABF1D0F115406AFCB	4128	source/locale/fa-IR/content/set-theory/z/arbintersections.tex
124C3C2BE00362594507D4AE3DC1D4EA73BCE2BEDEB1490E60365CFB6D7564AF	9130	source/locale/fa-IR/content/set-theory/z/infinity-again.tex
4C5BB0779677368A629AADB4B68A5182AB75C2381FF13DF17FE9609F6F29AA50	2027	source/locale/fa-IR/content/set-theory/z/milestone.tex
5814118CF757E71FBF8D8E70361E97876D4E709F6FA5192F5DAC1331878A57CF	4020	source/locale/fa-IR/content/set-theory/z/nat.tex
7A3EEC9912AB28B725E2585EF4894764061CC5A04B316A6DC85720F40B9ABA56	3734	source/locale/fa-IR/content/set-theory/z/pairs.tex
3558714A82F428D87CD735FC9A4C01530304C29814B4637C58708063A11FFD85	3234	source/locale/fa-IR/content/set-theory/z/powerset.tex
D5BE60D6A24939A91EF78BAFB7674C01DB530C6F645CF35E04B6042B1235ACD9	6386	source/locale/fa-IR/content/set-theory/z/separation.tex
976BE741185C7A2801D73A4D05180B43C030951C994A863F268A7E4692C97BE4	2556	source/locale/fa-IR/content/set-theory/z/story.tex
6124B69EB26E5C643ABE47E1097A7B8B6E4F4E40A9C65AA759AA836CC8CE73EF	1323	source/locale/fa-IR/content/set-theory/z/union.tex
1055A4DE67D868A13680D331BEF18676A8BCA68A21B7350915235A2A3D7E702C	388	source/locale/fa-IR/content/set-theory/z/z.tex
5D01A52D73C4D56F069BBDCF62BD4C27AA0E2C17C73E3895F1E6DEACBE0BDACA	676	source/locale/fa-IR/content/sets-functions-relations/arithmetization/arithmetization.tex
FF1C17E65B2810DDDD843001479626CD4C548A2418CE8BD69DD6B2C046138AEB	15336	source/locale/fa-IR/content/sets-functions-relations/arithmetization/cauchy.tex
A9683F67A392E0E9017331F4E521CB8EB62BD52D62BA7B0C5472CD9ACD7807CE	11277	source/locale/fa-IR/content/sets-functions-relations/arithmetization/checking-details.tex
0528C21234E594794FDFDF47D09D787D4B3B0AF3C1E33A93E2711F2367E101F6	7761	source/locale/fa-IR/content/sets-functions-relations/arithmetization/cuts.tex
3582C62D5A962058C3EFB05D60A8C2854F34F671EAE28C4A45E77867CE037E09	7382	source/locale/fa-IR/content/sets-functions-relations/arithmetization/integers.tex
BB9AB1574F6BFA5DF5E77ADC057013FD5D14365BE66A77D7F376C5787D4C425C	4543	source/locale/fa-IR/content/sets-functions-relations/arithmetization/rationals.tex
9C2548F0D3F8A1E11EBCE9A0A7CD570A1B0AF542FC7DC0C22B70C016D15896B1	6471	source/locale/fa-IR/content/sets-functions-relations/arithmetization/reals.tex
7A0D0F0002F142A31BB4F428CADD3DE55E873FC95F1F28D511A2CF8A6839E12D	7843	source/locale/fa-IR/content/sets-functions-relations/arithmetization/reflections.tex
8E6BF05BFF3DF56824BCD878602CA4E397A6820A715B69AFC9353D9932DAAEEA	3259	source/locale/fa-IR/content/sets-functions-relations/functions/composition.tex
D66599BDC39E09D80BCD3D02C257AEF308A2589E8B6F23C7791CB938E1F0EC83	7916	source/locale/fa-IR/content/sets-functions-relations/functions/function-basics.tex
335907D98A138C5062689AEAEC381AADE7BC3E1EE9CBD5371FB3A9C96F002180	5296	source/locale/fa-IR/content/sets-functions-relations/functions/function-kinds.tex
6E173BD7F87658E80B293AC6D7F95A36F68CD80B5BDDF3D0F628C701E6685BBA	5640	source/locale/fa-IR/content/sets-functions-relations/functions/functions-relations.tex
D788EBF360B902A4EE9B4EE92E6EA1B59499EDB8AEB6DE00E88B0FDAD0144964	400	source/locale/fa-IR/content/sets-functions-relations/functions/functions.tex
6F81EED36763FBF88C1C6A2D67603C436567E46D02C45FCB5CB27C85D332556B	9605	source/locale/fa-IR/content/sets-functions-relations/functions/inverses.tex
46B75C43D2180830F690F21CB54E16C6A9E5B5EA9B8AB24DA656E820653CDB3A	2087	source/locale/fa-IR/content/sets-functions-relations/functions/isomorphic-functions.tex
D32ED3E6F2057FA04076350CEB1E1F94E070C4B6DC239C18256D3FDD9B9FA626	3647	source/locale/fa-IR/content/sets-functions-relations/functions/partial-functions.tex
D9BA7F8CF9194378FDEC699BFD42691516611ED5B41B2F9160DD89C10F2FC97C	6647	source/locale/fa-IR/content/sets-functions-relations/inductive-defs-proofs/introduction.tex
2A25EE22A830D48D4D585D1476D01B788745A955954B27074CA1ED30D503253A	5722	source/locale/fa-IR/content/sets-functions-relations/infinite/card-sb.tex
B42EDDE20CC0E087759C6B2B9A44AAEFDE464B6411919EA16382D4A851CC188E	6942	source/locale/fa-IR/content/sets-functions-relations/infinite/dedekind-algebra.tex
76F4108A694FD7532ACAD2F38F05ED759FA1238315DCBBEB4F3D3ACF79D43C9F	4588	source/locale/fa-IR/content/sets-functions-relations/infinite/dedekind-induction.tex
B7CB1BCE78CEB7A447F39F9557572689716871149BBFDAA62B9906DB47597FFB	8670	source/locale/fa-IR/content/sets-functions-relations/infinite/dedekinds-proof.tex
5555E3447C46F0B211088BF3D94FB46C5190929F4DC4DCCDBE06BDF5FE22669F	3437	source/locale/fa-IR/content/sets-functions-relations/infinite/hilberts-hotel.tex
712BBF5AB26A7E7B89757DBA1A99278B12631A7ECF9CEDAD5922BE06FE8C35B6	567	source/locale/fa-IR/content/sets-functions-relations/infinite/infinite.tex
B1FDAAC070C36B48CCDA7E5DE03FDC338D049A35A7D57791174E74019ECF40AB	4814	source/locale/fa-IR/content/sets-functions-relations/relations/equivalence-relations.tex
ECC7C9249EA6E996E46DE7788780925A8EC7CD0768CE24AB91876D3ACC9E9BF9	4082	source/locale/fa-IR/content/sets-functions-relations/relations/graphs.tex
E856C2A5169B4A7827113178D7A2574436668D2DC570DC99EC0C5DB4FFB95058	3054	source/locale/fa-IR/content/sets-functions-relations/relations/operations.tex
0B3DC4C4959237688268FAEE51B97B33EE9574E1E89E8CE564EA1D6C1E811168	9131	source/locale/fa-IR/content/sets-functions-relations/relations/orders.tex
8E9F418E34A61EC9AA779FA87CAF6243FAA13A8F5421693C677B281369858539	6005	source/locale/fa-IR/content/sets-functions-relations/relations/reflections.tex
481C3BBC5EBD8758EAD1C7570A6436F67F15413207E281A07EC98F344AA95F0E	7387	source/locale/fa-IR/content/sets-functions-relations/relations/relations-as-sets.tex
3FE8611344F06A83F8CDADF3E96B4867F06511E551E9770602A14475FFA291E6	411	source/locale/fa-IR/content/sets-functions-relations/relations/relations-complete.tex
2A5A2930CC940650823F26DA3E160AC2ACD5E10F91093692C762371383CF0313	385	source/locale/fa-IR/content/sets-functions-relations/relations/relations.tex
ABDEC2AE02FFA0668B36EF0CD4BD521BC5357C9C6A7ACB5465589196E7C28D7C	4626	source/locale/fa-IR/content/sets-functions-relations/relations/special-properties.tex
15A3CCAD1E07EE0FCF9508E1B5A806B9140961B048AF5C30717C4D8717B3F111	7435	source/locale/fa-IR/content/sets-functions-relations/relations/trees.tex
9B7FE5D8B6438191BF45FEAEC8D7D3367CEA80A412C6653065846758C326A41D	936	source/locale/fa-IR/content/sets-functions-relations/sets-functions-relations-complete.tex
EBF1F98882990E8DA4407E1924901501EE536BC17B920420E5075D0E49F72296	1329	source/locale/fa-IR/content/sets-functions-relations/sets-functions-relations.tex
129320E9EEA66762B41C28C6970DBAC6A87D84433AEC529A18BDE8AE903F849C	5924	source/locale/fa-IR/content/sets-functions-relations/sets/basics.tex
CDC437750FE229D26DB7E8FD8651350549906375B0AF744B4058AF1B4EAF9F84	3736	source/locale/fa-IR/content/sets-functions-relations/sets/important-sets.tex
9474699C22D159D4F715B48E49B727E9BEAD8AE93F3BEBBD62C1CBD186C92BC5	6374	source/locale/fa-IR/content/sets-functions-relations/sets/pairs-and-products.tex
647A31198B84997B7706EDD4B090563C8F1B1D0489DB013A4FE36063FB3C6BA5	5899	source/locale/fa-IR/content/sets-functions-relations/sets/proofs-about-sets.tex
040B0431DA0D24CE6CFC12BDFCBD1B0970E8FD9397A4A6FB3D8EF36B93287886	6142	source/locale/fa-IR/content/sets-functions-relations/sets/russells-paradox.tex
DF9B514CCED39A35FA88B65A53659B7207D7E899F8B48CF08066E611752850C9	371	source/locale/fa-IR/content/sets-functions-relations/sets/sets.tex
B8755941AFB97FC801C6FF9F03B54522AE64AC4D321DF207D77C1CE85AC1B4F4	5160	source/locale/fa-IR/content/sets-functions-relations/sets/subsets.tex
1015C403DB83903E04890FE7CB9B28ABF3AC2E2A4A32E652BCE62224C0A1EAD5	8242	source/locale/fa-IR/content/sets-functions-relations/sets/unions-and-intersections.tex
D933078B0271A7F13CF0AA98131AE75D6CEDAF83F47952D3697CEEB070BA7759	9945	source/locale/fa-IR/content/sets-functions-relations/size-of-sets/comparing-size.tex
3E05071407324136AEC82E4E8709700DB6D1A0FC9D908A52AAD6942F36D48C69	6883	source/locale/fa-IR/content/sets-functions-relations/size-of-sets/enumerability-alt.tex
56A7E2689B7C7D9062FE17D6DA50C8A8B6FB21B50852192F05DC31E63636C26B	17813	source/locale/fa-IR/content/sets-functions-relations/size-of-sets/enumerability.tex
F85F4365AF77482AF7A5D3891C76CB845C57FE59B6CC0DE3AEE945638DF159F2	5822	source/locale/fa-IR/content/sets-functions-relations/size-of-sets/equinumerous-sets.tex
E3643E82A7AB217D05B703D70B0238FB825C471FE97E149668B1D2793F8EB987	1797	source/locale/fa-IR/content/sets-functions-relations/size-of-sets/introduction.tex
8E118CA1EC17C49E1062B0B7A548D0181DD169EF39DEA021043751F2A3179B41	9532	source/locale/fa-IR/content/sets-functions-relations/size-of-sets/non-enumerability-alt.tex
7D9312AB40E0FDD45B0856FFF528559C0A06FE04A55B67F9A6F04CE85EC17708	13574	source/locale/fa-IR/content/sets-functions-relations/size-of-sets/non-enumerability.tex
A738AB5A1FEDD702373FECDA2D0337F7A7D1E1279B147096C7DD001B066825F2	6213	source/locale/fa-IR/content/sets-functions-relations/size-of-sets/pairing-alt.tex
6821B15121D8DAB526EC888AF8792F54168724FF4FCD2F29DCF8E56E64CDB42E	5894	source/locale/fa-IR/content/sets-functions-relations/size-of-sets/pairing.tex
9C15BF0A9A05128C40C63D42D8323D9CC9F060FAFA7AEA9FCF568154EC02522A	7255	source/locale/fa-IR/content/sets-functions-relations/size-of-sets/reduction-alt.tex
34E56FB7426E63EED603E95537CAAE2BD576600E564FAD2BE0F93B982F3CAADF	7827	source/locale/fa-IR/content/sets-functions-relations/size-of-sets/reduction.tex
FB33E0B261A2C9CD6EFDA10610A3A56101C4C21E492D0D80CD56736952EE43AE	2850	source/locale/fa-IR/content/sets-functions-relations/size-of-sets/schroder-bernstein.tex
E09B13A727322C58873981B974B473B47AE0C648E7D0862EC912B85E546A56AD	1935	source/locale/fa-IR/content/sets-functions-relations/size-of-sets/size-of-sets-complete.tex
B81693974A4133D6B9E909551AF1926A076E940992544710ADD473CD348725ED	1071	source/locale/fa-IR/content/sets-functions-relations/size-of-sets/size-of-sets.tex
1E549B3B98DF52D07B499CA80A4819ECC2EEC95B1D62A5C71109F4D7A4EC7E8E	5503	source/locale/fa-IR/content/sets-functions-relations/size-of-sets/zig-zag.tex
895B12B79FC157EA0CB0A6676E20ABF1E11BF6FC46B36B63880E11F0CDEBAD5D	3090	source/locale/fa-IR/content/turing-machines/machines-computations/church-turing-thesis.tex
8A9669B3CD22E5EB3646DC114DF70FC80618E308CB2F6EE246F1E0D9CE7A9B09	9919	source/locale/fa-IR/content/turing-machines/machines-computations/combining-machines.tex
ED3BDBAE15DE5D9B809FC9D6AD8E27F6C97B380B2745EAB690016A01DD18DBD4	5471	source/locale/fa-IR/content/turing-machines/machines-computations/configuration.tex
BABF82D188928D34EB028FCB4D2336B3356BD732671A5C3F2F4D9FE32442EFEE	5378	source/locale/fa-IR/content/turing-machines/machines-computations/disciplined-machines.tex
245A396DE5DA6BD5CF6D38EB3CAC86500FFC6776A34CB1C30FDDFE68433E631C	3885	source/locale/fa-IR/content/turing-machines/machines-computations/halting-states.tex
781ECBDFED515A50617C61805D440992C056DDFFA2654613DEB4B21D476874D0	9474	source/locale/fa-IR/content/turing-machines/machines-computations/introduction.tex
1E57F5D2393AE32B3BA66B2B609031F0549C7AE60B77F7B1CED32B9D2052ADB6	521	source/locale/fa-IR/content/turing-machines/machines-computations/machines-computations.tex
5F883109E3B202D654F37D093D32B410768E83B778E6C201B7928F1E4B4DEFDD	15947	source/locale/fa-IR/content/turing-machines/machines-computations/representing-tms.tex
0785E482292AABD4294379ADA2FEA46982692C0965FA499AEBA2700F25550A57	3075	source/locale/fa-IR/content/turing-machines/machines-computations/turing-machines.tex
52DDE7436E189751BC6E453CF43B342A4620C5801863AFE409E97CCF50D34244	12760	source/locale/fa-IR/content/turing-machines/machines-computations/unary-numbers.tex
CEFDE3618AF37FD91E34F7F414EDB984A122BA15BC7AED36DF90F81B3569799B	6832	source/locale/fa-IR/content/turing-machines/machines-computations/variants.tex
6863F8C482AB90A21C6CA9CEAC2C048B80E0347230C23F5BA669327839D7217B	279	source/locale/fa-IR/content/turing-machines/turing-machines.tex
1FF4063085A30763DCAC71217414D2C07E39F97F9AA34AE5603D6B6ED3F8F613	3413	source/locale/fa-IR/content/turing-machines/undecidability/decision-problem.tex
548F5F8153BEAC9FD5483D76A31E4177EE48888329A03CF535F96074E46F514D	9580	source/locale/fa-IR/content/turing-machines/undecidability/enumerating-tms.tex
0001093073DFFF6DE776730238123B2B84EA16803D05C24DE1E45F3F87527102	8580	source/locale/fa-IR/content/turing-machines/undecidability/halting-problem.tex
5E06063E5B042FEB65BBBDBFC458AD39D6CB56731869CA64470428E9528F0655	7848	source/locale/fa-IR/content/turing-machines/undecidability/introduction.tex
CA7A53A7A3CFDFCF710164E1F527134511CE168F07BDDFFBC72A72478196BBB1	10625	source/locale/fa-IR/content/turing-machines/undecidability/representing-tms.tex
842BDFB7B060D3B09C37A16DB8580825097D00D76E5C37C3BA56ED14B20EA1AC	14343	source/locale/fa-IR/content/turing-machines/undecidability/trakhtenbrot.tex
BC516AD4927D823C8F8F0B94EB7B92EF732433BA413ACFC75A8CB489CE636538	474	source/locale/fa-IR/content/turing-machines/undecidability/undecidability.tex
7FC0A70AAACCBDF6ECB21CF1F2DC686F65C4593F035922371F3DF5B6847967DF	10275	source/locale/fa-IR/content/turing-machines/undecidability/universal-tm.tex
80B7C8CAB2A434F817EEFBD8611C361D502C94F5DC97892B437C06AA6A5B7C92	6132	source/locale/fa-IR/content/turing-machines/undecidability/unsolvability-decision-problem.tex
900C482DFB497EEF8D03F22F627BA6EE7B574DD9C173B9C2E8BDB246732652FA	17546	source/locale/fa-IR/content/turing-machines/undecidability/verification.tex
290CC3BD44A34121BA2CDD41001364C2779E4D8184D4C29E69FF99E5984B6E71	15846	source/locale/fa-IR/open-logic-closure-supplement-fa-IR.tex
ABB5ACEEF5AD1C0DA7F07F209FEC7FDF35C53BA27A223C624C3C8F83B076F3C5	6210	source/locale/fa-IR/open-logic-complete-fa-IR.tex
C8DF8C39ABBD1AB36DBAC380490B72E9B3C565BBD1EC3D1F1BE88BDC300ABD0B	6879	source/locale/fa-IR/open-logic-config.sty
976A5628C0F01068345626BB9CCB5A2C7C7844DC41C6099D8EC6FBFBB210484E	5842	source/locale/fa-IR/open-logic-locale.sty
AB19BE71B50B415738603290317B504D9FA6B82850FE640D585C62DB1540CED3	52113	source/open-logic-config.sty
031B1D324BDFA2F8434F5FE40F6B7193D35E6A617E149D7AD6E588EFDE29FCB6	4692	source/open-logic-envs.sty
626420F1378BAA6E1947F7E523A9CA3C20BEE9FBFEE651A0174FED32563F81C0	5254	source/open-logic-locale.sty
7DCBC725F91BABECB177F2A7DCF9C2BD83800BD9ED30B1F8B25F4EAA9FA60FCF	9645	source/sty/bussproofs-extra.sty
5FEC681F627AC0B840ED02958A9EDABE90962A4F66C2972B94A7A704DAAD81F6	5083	source/sty/open-logic-defer.sty
6C1FE7695CAB63CDF9E6ACE0327AEEDFCAB824688CD762FC35281A3B25679369	1629	source/sty/open-logic-formulas.sty
6B8DF594D50B522A261D7E8FB36C4BF02B8E5D5433B6F096259FF9A3F076EED4	3350	source/sty/open-logic-referencing.sty
5021F57118408331DF98ADA83DA89E882079EA95A72101D8D66D6018AFC176F2	4225	source/sty/open-logic-selective.sty
8C2A048A6E14E8295D5E5DC08DDDA22149007B03786F7D441343E48DC711E731	4283	source/sty/open-logic-tokenize.sty
556675A5DDFC00999DAE90DA0272CA0E33004866823AEC6EFB33FFE0A410DCBF	11069	source/sty/open-logic.sty
7A2F80AE1BAB40570502FB17516B2AD02610201F4DA203C2304FC5B6343A924E	3019	source/sty/ptolemaicastronomy.sty
