This is LuaHBTeX, Version 1.25.7 (MiKTeX 26.5) (format=lualatex 2026.5.26)  19 AUG 2026 18:18
 restricted system commands enabled.
 file:line:error style messages enabled.
**open-logic-closure-supplement-fa-IR-screen.tex
(./open-logic-closure-supplement-fa-IR-screen.tex
LaTeX2e <2025-11-01>
L3 programming layer <2026-03-20>
Lua module: luaotfload 2024-12-03 v3.29 Lua based OpenType font support
Lua module: lualibs 2023-07-13 v2.76 ConTeXt Lua standard libraries.
Lua module: lualibs-extended 2023-07-13 v2.76 ConTeXt Lua libraries -- extended 
collection.
luaotfload | conf : Root cache directory is "<USER_HOME>/AppData/Local/MiKTe
X/luatex-cache/generic/names".
luaotfload | init : Loading fontloader "fontloader-2023-12-28.lua" from kpse-res
olved path "<USER_HOME>/AppData/Local/Programs/MiKTeX/tex/luatex/luaotfload/
fontloader-2023-12-28.lua".
Lua-only attribute luaotfload@noligature = 1
luaotfload | init : Context OpenType loader version 3.134
Inserting `luaotfload.node_processor' in `pre_linebreak_filter'.
Inserting `luaotfload.node_processor' in `hpack_filter'.
Inserting `luaotfload.glyph_stream' in `glyph_stream_provider'.
Inserting `luaotfload.define_font' in `define_font'.
Lua-only attribute luaotfload_color_attribute = 2
luaotfload | conf : Root cache directory is "<USER_HOME>/AppData/Local/MiKTe
X/luatex-cache/generic/names".
Inserting `luaotfload.harf.strip_prefix' in `find_opentype_file'.
Inserting `luaotfload.harf.strip_prefix' in `find_truetype_file'.
Removing  `luaotfload.glyph_stream' from `glyph_stream_provider'.
Inserting `luaotfload.harf.glyphstream' in `glyph_stream_provider'.
Inserting `luaotfload.harf.finalize_vlist' in `post_linebreak_filter'.
Inserting `luaotfload.harf.finalize_hlist' in `hpack_filter'.
Inserting `luaotfload.cleanup_files' in `wrapup_run'.
Inserting `luaotfload.harf.finalize_unicode' in `finish_pdffile'.
Inserting `luaotfload.glyphinfo' in `glyph_info'.
Lua-only attribute luaotfload.letterspace_done = 3
Inserting `luaotfload.aux.set_sscale_dimens' in `luaotfload.patch_font'.
Inserting `luaotfload.aux.set_font_index' in `luaotfload.patch_font'.
Inserting `luaotfload.aux.patch_cambria_domh' in `luaotfload.patch_font'.
Inserting `luaotfload.aux.fixup_fontdata' in `luaotfload.patch_font_unsafe'.
Inserting `luaotfload.aux.set_capheight' in `luaotfload.patch_font'.
Inserting `luaotfload.aux.set_xheight' in `luaotfload.patch_font'.
Inserting `luaotfload.rewrite_fontname' in `luaotfload.patch_font'.
Inserting `tracingstacklevels' in `input_level_string'.
\OLScreenWideOverhang=\skip49
\OLScreenTabularDepth=\count273
(./open-logic-closure-supplement-fa-IR.tex
(<USER_HOME>/AppData/Local/Programs/MiKTeX/tex/latex/memoir/memoir.cls
Document Class: memoir 2025/11/04 v3.8.4b configurable book, report, article do
cument class
(<USER_HOME>/AppData/Local/Programs/MiKTeX/tex/latex/xpatch/xpatch.sty
(<USER_HOME>/AppData/Local/Programs/MiKTeX/tex/latex/l3kernel/expl3.sty
Package: expl3 2026-03-20 L3 programming layer (loader) 

(<USER_HOME>/AppData/Local/Programs/MiKTeX/tex/latex/l3backend/l3backend-lu
atex.def
File: l3backend-luatex.def 2026-02-18 L3 backend support: PDF output (LuaTeX)
\l__color_backend_stack_int=\count274
Inserting `l3color' in `luaotfload.parse_color'.))
Package: xpatch 2020/03/25 v0.3a Extending etoolbox patching commands

(<USER_HOME>/AppData/Local/Programs/MiKTeX/tex/latex/l3packages/xparse/xpar
se.sty
Package: xparse 2025-10-09 L3 Experimental document command parser
)
(<USER_HOME>/AppData/Local/Programs/MiKTeX/tex/latex/etoolbox/etoolbox.sty
Package: etoolbox 2025/10/02 v2.5m e-TeX tools for LaTeX (JAW)
\etb@tempcnta=\count275
))
\onelineskip=\skip50
\lxvchars=\skip51
\xlvchars=\skip52
\@memcnta=\count276
\c@@memmarkcntra=\count277
 (<USER_HOME>/AppData/Local/Programs/MiKTeX/tex/generic/iftex/iftex.sty
Package: iftex 2024/12/12 v1.0g TeX engine tests
)
\trimtop=\skip53
\trimedge=\skip54

(<USER_HOME>/AppData/Local/Programs/MiKTeX/tex/latex/memoir/mem17.clo
File: mem17.clo 2022/07/29 v0.5 memoir class 17pt size option
luaotfload | db : Font names database loaded from <USER_HOME>/AppData/Local/
MiKTeX/luatex-cache/generic/names/luaotfload-names.luc.gz)
\binding=\skip55
\spinemargin=\skip56
\foremargin=\skip57
\uppermargin=\skip58
\lowermargin=\skip59
\headdrop=\skip60
\normalrulethickness=\skip61
\mem@maxheadheight=\skip62
\mem@maxfootheight=\skip63
\headwidth=\skip64
\c@storedpagenumber=\count278
\memPD=\dimen149
\m@mabparskip=\skip65
\thanksmarkwidth=\skip66
\thanksmarksep=\skip67
\droptitle=\skip68
\c@book=\count279
\c@part=\count280
\c@chapter=\count281
\c@section=\count282
\c@subsection=\count283
\c@subsubsection=\count284
\c@paragraph=\count285
\c@subparagraph=\count286
\beforechapskip=\skip69
\midchapskip=\skip70
\afterchapskip=\skip71
\chapindent=\skip72
\bottomsectionskip=\skip73
\secindent=\skip74
\beforesecskip=\skip75
\aftersecskip=\skip76
\subsecindent=\skip77
\beforesubsecskip=\skip78
\aftersubsecskip=\skip79
\subsubsecindent=\skip80
\beforesubsubsecskip=\skip81
\aftersubsubsecskip=\skip82
\paraindent=\skip83
\beforeparaskip=\skip84
\afterparaskip=\skip85
\subparaindent=\skip86
\beforesubparaskip=\skip87
\aftersubparaskip=\skip88
\pfbreakskip=\skip89
\c@@ppsavesec=\count287
\c@@ppsaveapp=\count288
\ragrparindent=\dimen150
\everylistparindent=\dimen151
\parsepi=\skip90
\topsepi=\skip91
\itemsepi=\skip92
\parsepii=\skip93
\topsepii=\skip94
\topsepiii=\skip95
\itemsepii=\skip96
\itemsepiii=\skip97
\partopsepii=\skip98
\partopsepiii=\skip99
\m@msavetopsep=\skip100
\m@msavepartopsep=\skip101
\@enLab=\toks17
\abstitleskip=\skip102
\absleftindent=\skip103
\abs@leftindent=\dimen152
\absrightindent=\skip104
\absparindent=\skip105
\absparsep=\skip106
\c@vslineno=\count289
\c@poemline=\count290
\c@modulo@vs=\count291
\c@memfvsline=\count292
\vleftskip=\skip107
\vrightskip=\skip108
\stanzaskip=\skip109
\versewidth=\skip110
\vgap=\skip111
\vindent=\skip112
\vleftmargin=\dimen153
\c@verse=\count293
\c@chrsinstr=\count294
\beforepoemtitleskip=\skip113
\afterpoemtitleskip=\skip114
\c@poem=\count295
\beforePoemTitleskip=\skip115
\midPoemTitleskip=\skip116
\afterPoemTitleskip=\skip117

(<USER_HOME>/AppData/Local/Programs/MiKTeX/tex/latex/tools/array.sty
Package: array 2025/09/25 v2.6n Tabular extension package (FMi)
\col@sep=\dimen154
\ar@mcellbox=\box53
\extrarowheight=\dimen155
\NC@list=\toks18
\extratabsurround=\skip118
\backup@length=\skip119
\ar@cellbox=\box54
)
(<USER_HOME>/AppData/Local/Programs/MiKTeX/tex/latex/tools/dcolumn.sty
Package: dcolumn 2025/10/21 v1.06 decimal alignment package (DPC)
)
(<USER_HOME>/AppData/Local/Programs/MiKTeX/tex/latex/tools/delarray.sty
Package: delarray 2014/10/28 v1.01 array delimiter package (DPC)
)
(<USER_HOME>/AppData/Local/Programs/MiKTeX/tex/latex/tools/tabularx.sty
Package: tabularx 2023/12/11 v2.12a `tabularx' package (DPC)
\TX@col@width=\dimen156
\TX@old@table=\dimen157
\TX@old@col=\dimen158
\TX@target=\dimen159
\TX@delta=\dimen160
\TX@cols=\count296
\TX@ftn=\toks19
)
(<USER_HOME>/AppData/Local/Programs/MiKTeX/tex/latex/booktabs/booktabs.sty
Package: booktabs 2020/01/12 v1.61803398 Publication quality tables
\heavyrulewidth=\dimen161
\lightrulewidth=\dimen162
\cmidrulewidth=\dimen163
\belowrulesep=\dimen164
\belowbottomsep=\dimen165
\aboverulesep=\dimen166
\abovetopsep=\dimen167
\cmidrulesep=\dimen168
\cmidrulekern=\dimen169
\defaultaddspace=\dimen170
\@cmidla=\count297
\@cmidlb=\count298
\@aboverulesep=\dimen171
\@belowrulesep=\dimen172
\@thisruleclass=\count299
\@lastruleclass=\count300
\@thisrulewidth=\dimen173
)
\ctableftskip=\skip120
\ctabrightskip=\skip121
\abovecolumnspenalty=\count301
\@linestogo=\count302
\@cellstogo=\count303
\@cellsincolumn=\count304
\crtok=\toks20
\@mincolumnwidth=\dimen174
\c@newflo@tctr=\count305
\mem@margin@floatbox=\box55
\@contcwidth=\skip122
\@contindw=\skip123
\abovecaptionskip=\skip124
\belowcaptionskip=\skip125
\subfloattopskip=\skip126
\subfloatcapskip=\skip127
\subfloatcaptopadj=\skip128
\subfloatbottomskip=\skip129
\subfloatlabelskip=\skip130
\subfloatcapmargin=\dimen175
\c@@contsubnum=\count306
\m@mscap@capbox=\box56
\m@mscap@fbox=\box57
\sidecapsep=\dimen176
\sidecapwidth=\dimen177
\m@m@tempdima=\dimen178
\m@mscapraise=\dimen179
\sidecapraise=\dimen180
\m@mscapmainwidth=\dimen181
\m@mscaplkern=\dimen182
\beforeepigraphskip=\skip131
\afterepigraphskip=\skip132
\epigraphwidth=\skip133
\epigraphrule=\skip134
(<USER_HOME>/AppData/Local/Programs/MiKTeX/tex/latex/hyperref/nameref.sty
Package: nameref 2026-01-29 v2.58 Cross-referencing by name of section

(<USER_HOME>/AppData/Local/Programs/MiKTeX/tex/latex/refcount/refcount.sty
Package: refcount 2019/12/15 v3.6 Data extraction from label references (HO)

(<USER_HOME>/AppData/Local/Programs/MiKTeX/tex/generic/ltxcmds/ltxcmds.sty
Package: ltxcmds 2023-12-04 v1.26 LaTeX kernel commands for general use (HO)
)
(<USER_HOME>/AppData/Local/Programs/MiKTeX/tex/generic/infwarerr/infwarerr.
sty
Package: infwarerr 2019/12/03 v1.5 Providing info/warning/error messages (HO)
))
(<USER_HOME>/AppData/Local/Programs/MiKTeX/tex/generic/gettitlestring/getti
tlestring.sty
Package: gettitlestring 2019/12/15 v1.6 Cleanup title references (HO)

(<USER_HOME>/AppData/Local/Programs/MiKTeX/tex/latex/kvoptions/kvoptions.st
y
Package: kvoptions 2022-06-15 v3.15 Key value format for package options (HO)
 (<USER_HOME>/AppData/Local/Programs/MiKTeX/tex/latex/graphics/keyval.sty
Package: keyval 2022/05/29 v1.15 key=value parser (DPC)
\KV@toks@=\toks21
)
(<USER_HOME>/AppData/Local/Programs/MiKTeX/tex/latex/kvsetkeys/kvsetkeys.st
y
Package: kvsetkeys 2022-10-05 v1.19 Key value parser (HO)
)))
\c@section@level=\count307
)
\tocentryskip=\skip135
\tocbaseline=\skip136
\cftparskip=\skip137
\cftbeforebookskip=\skip138
\cftbookindent=\dimen183
\cftbooknumwidth=\dimen184
\cftbeforepartskip=\skip139
\cftpartindent=\skip140
\cftpartnumwidth=\skip141
\cftbeforechapterskip=\skip142
\cftchapterindent=\skip143
\cftchapternumwidth=\skip144
\cftbeforesectionskip=\skip145
\cftsectionindent=\skip146
\cftsectionnumwidth=\skip147
\cftbeforesubsectionskip=\skip148
\cftsubsectionindent=\skip149
\cftsubsectionnumwidth=\skip150
\cftbeforesubsubsectionskip=\skip151
\cftsubsubsectionindent=\skip152
\cftsubsubsectionnumwidth=\skip153
\cftbeforeparagraphskip=\skip154
\cftparagraphindent=\skip155
\cftparagraphnumwidth=\skip156
\cftbeforesubparagraphskip=\skip157
\cftsubparagraphindent=\skip158
\cftsubparagraphnumwidth=\skip159
\prechapterprecisshift=\dimen185
\c@maxsecnumdepth=\count308
\bibindent=\dimen186
\bibitemsep=\skip160
\indexcolsep=\skip161
\indexrule=\skip162
\indexmarkstyle=\toks22
\@indexbox=\insert252
LaTeX Info: Redefining \raggedbottom on input line 8095.
LaTeX Info: Redefining \flushbottom on input line 8099.
\glossarycolsep=\dimen187
\glossaryrule=\dimen188
\sideparvshift=\skip163
\sideins=\insert251
\sidebartopsep=\skip164
\sidebarhsep=\skip165
\sidebarvsep=\skip166
\sidebarwidth=\skip167
\footmarkwidth=\skip168
\footmarksep=\skip169
\footparindent=\skip170
\footinsdim=\skip171
\footinsv@r=\insert250
\@mpfootinsv@r=\insert249
\m@m@k=\count309
\m@m@h=\dimen189
\m@mipn@skip=\skip172
\sidefootins=\insert248
\sidefootadjust=\skip173
\sidefootheight=\skip174
\sidefoothsep=\skip175
\sidefootvsep=\skip176
\sidefootwidth=\skip177
\m@mdownsf=\skip178
\c@sidefootnote=\count310
\sidefootmarkwidth=\skip179
\sidefootmarksep=\skip180
\sidefootparindent=\skip181
\c@pagenote=\count311
\c@pagenoteshadow=\count312
\mem@pn@lastkern=\skip182

(<USER_HOME>/AppData/Local/Programs/MiKTeX/tex/latex/tools/verbatim.sty
Package: verbatim 2024-01-22 v1.5x LaTeX2e package for verbatim enhancements
\every@verbatim=\toks23
\verbatim@line=\toks24
\verbatim@in@stream=\read2
)
\verbatimindent=\skip183
\verbatim@out=\write3

(<USER_HOME>/AppData/Local/Programs/MiKTeX/tex/latex/base/shortvrb.sty
Package: shortvrb 2024/12/25 v3.0q Standard LaTeX documentation package V3 (FMi
)
)
\bvboxsep=\skip184
\c@memfbvline=\count313
\c@bvlinectr=\count314
\bvnumlength=\skip185
\fb@frw=\dimen190
\fb@frh=\dimen191
\FrameRule=\dimen192
\FrameSep=\dimen193
\c@cp@cntr=\count315
\c@ism@mctr=\count316
\c@xsm@mctr=\count317
\c@csm@mctr=\count318
\c@ksm@mctr=\count319
\c@xksm@mctr=\count320
\c@cksm@mctr=\count321
\c@msm@mctr=\count322
\c@xmsm@mctr=\count323
\c@cmsm@mctr=\count324
\c@bsm@mctr=\count325
\c@workm@mctr=\count326
\c@sheetsequence=\count327
\c@lastsheet=\count328
\c@lastpage=\count329
\c@figure=\count330
\c@lofdepth=\count331
\cftbeforefigureskip=\skip186
\cftfigureindent=\skip187
\cftfigurenumwidth=\skip188
\c@table=\count332
\c@lotdepth=\count333
\cftbeforetableskip=\skip189
\cfttableindent=\skip190
\cfttablenumwidth=\skip191
Package abstract [2008/07/23] emulated by memoir.
Package appendix [2008/07/23] emulated by memoir.
Package ccaption [2008/07/23] emulated by memoir.
Package changepage [2008/07/23] emulated by memoir.
Package chngcntr [2008/07/23] emulated by memoir.
Package chngpage [2008/07/23] emulated by memoir.
Package crop emulated by memoir.
Package enumerate [2008/07/23] emulated by memoir.
Package epigraph [2008/07/23] emulated by memoir.
Package ifmtarg [2008/07/23] emulated by memoir.
Package index [2008/07/23] emulated by memoir.
Package makeidx [2008/07/23] emulated by memoir.
Package moreverb [2008/07/23] emulated by memoir.
Package needspace [2008/07/23] emulated by memoir.
Package newfile [2008/07/23] emulated by memoir.
Package nextpage [2008/07/23] emulated by memoir.
Package pagenote [2008/07/23] emulated by memoir.
Package parskip [2008/07/23] emulated by memoir.
Package patchcmd [2008/07/23] emulated by memoir.
Package setspace [2008/07/23] emulated by memoir.
Package showidx [2008/07/23] emulated by memoir.
Package titleref [2008/07/23] emulated by memoir.
Package titling [2008/07/23] emulated by memoir.
Package tocbibind [2008/07/23] emulated by memoir.
Package tocloft [2008/07/23] emulated by memoir.
Package tocvsec2 [2008/07/23] emulated by memoir.
Package verse [2008/07/23] emulated by memoir.
)
(<USER_HOME>/AppData/Local/Programs/MiKTeX/tex/latex/tools/longtable.sty
Package: longtable 2025-10-13 v4.24 Multi-page Table package (DPC)
\LTleft=\skip192
\LTright=\skip193
\LTpre=\skip194
\LTpost=\skip195
\LTchunksize=\count334
\LTcapwidth=\dimen194
\LT@head=\box58
\LT@firsthead=\box59
\LT@foot=\box60
\LT@lastfoot=\box61
\LT@gbox=\box62
\LT@cols=\count335
\LT@rows=\count336
\c@LT@tables=\count337
\c@LT@chunks=\count338
\LT@p@ftn=\toks25
)

******************************************************
Stock height and width: 542.025pt by 963.59999pt
Top and edge trims: 0pt and 0pt
Page height and width: 542.025pt by 963.59999pt
Text height and width: 469.755pt by 746pt
Spine and edge margins: 108.405pt and 108.405pt
Upper and lower margins: 36.135pt and 36.135pt
Headheight and headsep: 24pt and 6.135pt
Footskip: 24pt
Columnsep and columnseprule: 10pt and 0pt
Marginparsep and marginparwidth: 12.09593pt and 84.21313pt
Sidecapsep and sidecapwidth: 12.09593pt and 2pt
Sidebarhsep and sidebarwidth: 12.09593pt and 2pt
Sidebarvsep and sidebartopsep: 22pt and 0pt
Sidebarheight: 543.39993pt
Sidefoothsep and sidefootwidth: 12.09593pt and 2pt
Sidefootvsep and sidefootheight: 22pt and 543.39993pt
******************************************************

(<USER_HOME>/AppData/Local/Programs/MiKTeX/tex/latex/fontspec/fontspec.sty
Package: fontspec 2025/09/29 v2.9g Font selection for XeLaTeX and LuaLaTeX
Lua module: fontspec 2025/09/29 v2.9g Font selection for XeLaTeX and LuaLaTeX
(<USER_HOME>/AppData/Local/Programs/MiKTeX/tex/latex/fontspec/fontspec-luat
ex.sty
Package: fontspec-luatex 2025/09/29 v2.9g Font selection for XeLaTeX and LuaLaT
eX
\l__fontspec_script_int=\count339
\l__fontspec_language_int=\count340
\l__fontspec_strnum_int=\count341
\l__fontspec_tmp_int=\count342
\l__fontspec_tmpa_int=\count343
\l__fontspec_tmpb_int=\count344
\l__fontspec_tmpc_int=\count345
\l__fontspec_em_int=\count346
\l__fontspec_emdef_int=\count347
\l__fontspec_strong_int=\count348
\l__fontspec_strongdef_int=\count349
\l__fontspec_tmpa_dim=\dimen195
\l__fontspec_tmpb_dim=\dimen196
\l__fontspec_tmpc_dim=\dimen197

(<USER_HOME>/AppData/Local/Programs/MiKTeX/tex/latex/base/fontenc.sty
Package: fontenc 2025/07/18 v2.1d Standard LaTeX package
)
(<USER_HOME>/AppData/Local/Programs/MiKTeX/tex/latex/fontspec/fontspec.cfg))
)
(<USER_HOME>/AppData/Local/Programs/MiKTeX/tex/latex/gitinfo2/gitinfo2.sty
Package: gitinfo2 2015/11/22 v2.0.7 git revision information

(<USER_HOME>/AppData/Local/Programs/MiKTeX/tex/latex/xstring/xstring.sty
(<USER_HOME>/AppData/Local/Programs/MiKTeX/tex/generic/xstring/xstring.tex
\xs_counta=\count350
\xs_countb=\count351
)
Package: xstring 2023/08/22 v1.86 String manipulations (CT)
) (<USER_HOME>/AppData/Local/Programs/MiKTeX/tex/latex/eso-pic/eso-pic.sty
Package: eso-pic 2025/12/10 v3.0d eso-pic (RN)
\ESO@tempdima=\dimen198
\ESO@tempdimb=\dimen199

(<USER_HOME>/AppData/Local/Programs/MiKTeX/tex/latex/xcolor/xcolor.sty
Package: xcolor 2024/09/29 v3.02 LaTeX color extensions (UK)

(<USER_HOME>/AppData/Local/Programs/MiKTeX/tex/latex/graphics-cfg/color.cfg
File: color.cfg 2016/01/02 v1.6 sample color configuration
)
Package xcolor Info: Driver file: luatex.def on input line 274.

(<USER_HOME>/AppData/Local/Programs/MiKTeX/tex/latex/graphics-def/luatex.de
f
File: luatex.def 2025/09/29 v1.2f Graphics/color driver for luatex
)
(<USER_HOME>/AppData/Local/Programs/MiKTeX/tex/latex/graphics/mathcolor.ltx
)
Package xcolor Info: Model `cmy' substituted by `cmy0' on input line 1349.
Package xcolor Info: Model `hsb' substituted by `rgb' on input line 1353.
Package xcolor Info: Model `RGB' extended on input line 1365.
Package xcolor Info: Model `HTML' substituted by `rgb' on input line 1367.
Package xcolor Info: Model `Hsb' substituted by `hsb' on input line 1368.
Package xcolor Info: Model `tHsb' substituted by `hsb' on input line 1369.
Package xcolor Info: Model `HSB' substituted by `hsb' on input line 1370.
Package xcolor Info: Model `Gray' substituted by `gray' on input line 1371.
Package xcolor Info: Model `wave' substituted by `hsb' on input line 1372.
))

Package gitinfo2 Warning: I can't find the file '.git/gitHeadInfo.gin'.
(gitinfo2)                All git metadata has been set to '(None)'.

) (<USER_HOME>/AppData/Local/Programs/MiKTeX/tex/generic/babel/babel.sty
Package: babel 2026/04/15 v26.6 The multilingual framework for LuaLaTeX, pdfLaT
eX and XeLaTeX

(<USER_HOME>/AppData/Local/Programs/MiKTeX/tex/generic/babel/luababel.def
\bbl@readstream=\read3
\l@afrikaans=\language2
Package babel Info: Non-standard hyphenation setup on input line 118.
\l@ancientgreek=\language3
\l@armenian=\language4
\l@assamese=\language5
\l@basque=\language6
\l@belarusian=\language7
\l@bengali=\language8
\l@bokmal=\language9
\l@bulgarian=\language10
\l@catalan=\language11
\l@churchslavonic=\language12
\l@classiclatin=\language13
\l@coptic=\language14
\l@croatian=\language15
\l@czech=\language16
\l@danish=\language17
\l@dutch=\language18
\l@esperanto=\language19
\l@estonian=\language20
\l@ethiopic=\language21
\l@finnish=\language22
\l@french=\language23
\l@friulan=\language24
\l@galician=\language25
\l@georgian=\language26
\l@german=\language27
\l@greek=\language28
\l@gujarati=\language29
\l@hindi=\language30
\l@hungarian=\language31
\l@icelandic=\language32
\l@indonesian=\language33
\l@interlingua=\language34
\l@irish=\language35
\l@italian=\language36
\l@kannada=\language37
\l@kurmanji=\language38
\l@latin=\language39
\l@latvian=\language40
\l@lithuanian=\language41
\l@liturgicallatin=\language42
\l@macedonian=\language43
\l@malayalam=\language44
\l@marathi=\language45
\l@mongolian=\language46
\l@mongolianlmc=\language47
\l@monogreek=\language48
\l@ngerman=\language49
\l@nynorsk=\language50
\l@occitan=\language51
\l@oriya=\language52
\l@pali=\language53
\l@panjabi=\language54
\l@piedmontese=\language55
\l@polish=\language56
\l@portuguese=\language57
\l@romanian=\language58
\l@romansh=\language59
\l@russian=\language60
\l@sanskrit=\language61
\l@serbian=\language62
\l@serbianc=\language63
\l@slovak=\language64
\l@slovenian=\language65
\l@spanish=\language66
\l@swedish=\language67
\l@swissgerman=\language68
\l@tamil=\language69
\l@telugu=\language70
\l@thai=\language71
\l@turkish=\language72
\l@turkmen=\language73
\l@ukenglish=\language74
\l@ukrainian=\language75
\l@uppersorbian=\language76
\l@usenglishmax=\language77
\l@welsh=\language78
\babelcatcodetablenum=\catcodetable14
\bbl@pattcodes=\catcodetable15
)
\babel@savecnt=\count352
LaTeX Encoding Info:    Redeclaring text command \ij (encoding OT1) on input li
ne 2078.
LaTeX Encoding Info:    Redeclaring text command \IJ (encoding OT1) on input li
ne 2080.
LaTeX Encoding Info:    Redeclaring text command \ij (encoding T1) on input lin
e 2082.
LaTeX Encoding Info:    Redeclaring text command \IJ (encoding T1) on input lin
e 2083.
LaTeX Encoding Info:    Ignoring declaration for text command \ij (encoding ?) 
on input line 2084.
LaTeX Encoding Info:    Ignoring declaration for text command \IJ (encoding ?) 
on input line 2086.
LaTeX Encoding Info:    Ignoring declaration for text command \SS (encoding ?) 
on input line 2111.
\U@D=\dimen256
\l@unhyphenated=\language79

(<USER_HOME>/AppData/Local/Programs/MiKTeX/tex/generic/babel/luababel.def
\bbl@attr@locale=\attribute4

(<USER_HOME>/AppData/Local/Programs/MiKTeX/tex/luatex/luatexbase/luatexbase
.sty
Package: luatexbase 2015/10/04 v1.3 luatexbase interface to LuaTeX 

(<USER_HOME>/AppData/Local/Programs/MiKTeX/tex/luatex/ctablestack/ctablesta
ck.sty
Package: ctablestack 2015/10/01 v1.0 Catcode table stable support
\@catcodetablestackcnt=\count353
)
\CatcodeTableOther=\catcodetable16
\CatcodeTableExpl=\catcodetable17
)
Removing  `luaotfload.node_processor' from `pre_linebreak_filter'.
Inserting `Babel.pre_otfload_v' in `pre_linebreak_filter'.
Inserting `luaotfload.node_processor' in `pre_linebreak_filter'.
Removing  `luaotfload.node_processor' from `hpack_filter'.
Removing  `luaotfload.harf.finalize_hlist' from `hpack_filter'.
Inserting `Babel.pre_otfload_h' in `hpack_filter'.
Inserting `luaotfload.node_processor' in `hpack_filter'.
Inserting `luaotfload.harf.finalize_hlist' in `hpack_filter'.
\bbl@attr@dir=\attribute5
\everyvbox=\toks26
)
Package babel Info: Configuration files are deprecated, as
(babel)             they can break document portability.
(babel)             Reported on input line 4206.

*************************************
* Local config file bblopts.cfg used
*
(<USER_HOME>/AppData/Local/Programs/MiKTeX/tex/latex/arabi/bblopts.cfg
File: bblopts.cfg 2005/09/08 v0.1 add Arabic and Farsi to "declared" options of
 babel
)
(<USER_HOME>/AppData/Local/Programs/MiKTeX/tex/generic/babel/locale/en/babe
l-english.tex)
Package babel Info: Importing font and identification data for english
(babel)             from babel-en.ini. Reported on input line 4330.

(<USER_HOME>/AppData/Local/Programs/MiKTeX/tex/latex/babel-english/english.
ldf
Language: english 2017/06/06 v3.3r English support from the babel system
Package babel Info: Hyphen rules for 'canadian' set to \l@english
(babel)             (\language0). Reported on input line 102.
Package babel Info: Hyphen rules for 'australian' set to \l@ukenglish
(babel)             (\language74). Reported on input line 105.
Package babel Info: Hyphen rules for 'newzealand' set to \l@ukenglish
(babel)             (\language74). Reported on input line 108.
))
Package babel Info: Importing data for persian
(babel)             from babel-fa.ini. Reported on input line 21.
Package babel Info: Hyphen rules for 'persian' set to \l@english
(babel)             (\language0). Reported on input line 21.
Inserting `Babel.hyphenate' in `hyphenate'.
(<USER_HOME>/AppData/Local/Programs/MiKTeX/tex/generic/babel/babel-ca-persi
an.tex)
(<USER_HOME>/AppData/Local/Programs/MiKTeX/tex/generic/babel/babel-ca-islam
ic.tex)
luaotfload | cache : Lookup cache loaded from <USER_HOME>/AppData/Local/MiKT
eX/luatex-cache/generic/names/luaotfload-lookup-cache.luc.

Package fontspec Info: 
(fontspec)             Script 'Arabic' not explicitly supported within font
(fontspec)             'TeX Gyre Pagella'. Check the typeset output, and if it
(fontspec)             is okay then ignore this warning. Otherwise a different
(fontspec)             font should be chosen.


Package fontspec Info: 
(fontspec)             Language 'Persian' not explicitly supported within font
(fontspec)             'TeX Gyre Pagella' with script 'Arabic'. Check the
(fontspec)             typeset output, and if it is okay then ignore this
(fontspec)             warning. Otherwise a different font should be chosen.


Package fontspec Info: 
(fontspec)             Font family 'TeXGyrePagella(0)' created for font 'TeX
(fontspec)             Gyre Pagella' with options
(fontspec)             [Renderer=Harfbuzz,Ligatures=TeX,Script=Arabic,Language=
Persian,RawFeature={family=rm},Ligatures=TeX].
(fontspec)              
(fontspec)              This font family consists of the following NFSS
(fontspec)             series/shapes:
(fontspec)              
(fontspec)             - 'normal' (m/n) with NFSS spec.: <->"name:TeX Gyre
(fontspec)             Pagella:mode=harf;script=arab;language=FAR;family=rm;+tl
ig;"
(fontspec)             - 'small caps'  (m/sc) with NFSS spec.: <->"name:TeX
(fontspec)             Gyre
(fontspec)             Pagella:mode=harf;script=arab;language=FAR;family=rm;+tl
ig;+smcp;"
(fontspec)             - 'bold' (b/n) with NFSS spec.: <->"name:TeX Gyre
(fontspec)             Pagella/B:mode=harf;script=arab;language=FAR;family=rm;+
tlig;"
(fontspec)             - 'bold small caps'  (b/sc) with NFSS spec.:
(fontspec)             <->"name:TeX Gyre
(fontspec)             Pagella/B:mode=harf;script=arab;language=FAR;family=rm;+
tlig;+smcp;"
(fontspec)             - 'italic' (m/it) with NFSS spec.: <->"name:TeX Gyre
(fontspec)             Pagella/I:mode=harf;script=arab;language=FAR;family=rm;+
tlig;"
(fontspec)             - 'italic small caps'  (m/scit) with NFSS spec.:
(fontspec)             <->"name:TeX Gyre
(fontspec)             Pagella/I:mode=harf;script=arab;language=FAR;family=rm;+
tlig;+smcp;"
(fontspec)             - 'bold italic' (b/it) with NFSS spec.: <->"name:TeX
(fontspec)             Gyre
(fontspec)             Pagella/BI:mode=harf;script=arab;language=FAR;family=rm;
+tlig;"
(fontspec)             - 'bold italic small caps'  (b/scit) with NFSS spec.:
(fontspec)             <->"name:TeX Gyre
(fontspec)             Pagella/BI:mode=harf;script=arab;language=FAR;family=rm;
+tlig;+smcp;"


Package fontspec Info: 
(fontspec)             Script 'Arabic' not explicitly supported within font
(fontspec)             'TeX Gyre Heros'. Check the typeset output, and if it
(fontspec)             is okay then ignore this warning. Otherwise a different
(fontspec)             font should be chosen.


Package fontspec Info: 
(fontspec)             Language 'Persian' not explicitly supported within font
(fontspec)             'TeX Gyre Heros' with script 'Arabic'. Check the
(fontspec)             typeset output, and if it is okay then ignore this
(fontspec)             warning. Otherwise a different font should be chosen.


Package fontspec Info: 
(fontspec)             Font family 'TeXGyreHeros(0)' created for font 'TeX
(fontspec)             Gyre Heros' with options
(fontspec)             [Renderer=Harfbuzz,Ligatures=TeX,Script=Arabic,Language=
Persian,RawFeature={family=sf},Ligatures=TeX].
(fontspec)              
(fontspec)              This font family consists of the following NFSS
(fontspec)             series/shapes:
(fontspec)              
(fontspec)             - 'normal' (m/n) with NFSS spec.: <->"name:TeX Gyre
(fontspec)             Heros:mode=harf;script=arab;language=FAR;family=sf;+tlig
;"
(fontspec)             - 'small caps'  (m/sc) with NFSS spec.: <->"name:TeX
(fontspec)             Gyre
(fontspec)             Heros:mode=harf;script=arab;language=FAR;family=sf;+tlig
;+smcp;"
(fontspec)             - 'bold' (b/n) with NFSS spec.: <->"name:TeX Gyre
(fontspec)             Heros/B:mode=harf;script=arab;language=FAR;family=sf;+tl
ig;"
(fontspec)             - 'bold small caps'  (b/sc) with NFSS spec.:
(fontspec)             <->"name:TeX Gyre
(fontspec)             Heros/B:mode=harf;script=arab;language=FAR;family=sf;+tl
ig;+smcp;"
(fontspec)             - 'italic' (m/it) with NFSS spec.: <->"name:TeX Gyre
(fontspec)             Heros/I:mode=harf;script=arab;language=FAR;family=sf;+tl
ig;"
(fontspec)             - 'italic small caps'  (m/scit) with NFSS spec.:
(fontspec)             <->"name:TeX Gyre
(fontspec)             Heros/I:mode=harf;script=arab;language=FAR;family=sf;+tl
ig;+smcp;"
(fontspec)             - 'bold italic' (b/it) with NFSS spec.: <->"name:TeX
(fontspec)             Gyre
(fontspec)             Heros/BI:mode=harf;script=arab;language=FAR;family=sf;+t
lig;"
(fontspec)             - 'bold italic small caps'  (b/scit) with NFSS spec.:
(fontspec)             <->"name:TeX Gyre
(fontspec)             Heros/BI:mode=harf;script=arab;language=FAR;family=sf;+t
lig;+smcp;"


Package fontspec Info: 
(fontspec)             Script 'Arabic' not explicitly supported within font
(fontspec)             'Latin Modern Mono'. Check the typeset output, and if
(fontspec)             it is okay then ignore this warning. Otherwise a
(fontspec)             different font should be chosen.


Package fontspec Info: 
(fontspec)             Language 'Persian' not explicitly supported within font
(fontspec)             'Latin Modern Mono' with script 'Arabic'. Check the
(fontspec)             typeset output, and if it is okay then ignore this
(fontspec)             warning. Otherwise a different font should be chosen.


Package fontspec Info: 
(fontspec)             Could not resolve font "Latin Modern Mono/BI" (it
(fontspec)             probably doesn't exist).


Package fontspec Info: 
(fontspec)             Could not resolve font "Latin Modern Mono/B" (it
(fontspec)             probably doesn't exist).


Package fontspec Info: 
(fontspec)             Font family 'LatinModernMono(0)' created for font
(fontspec)             'Latin Modern Mono' with options
(fontspec)             [Renderer=Harfbuzz,WordSpace={1,0,0},HyphenChar=None,Pun
ctuationSpace=WordSpace,Script=Arabic,Language=Persian,RawFeature={family=tt}].

(fontspec)              
(fontspec)              This font family consists of the following NFSS
(fontspec)             series/shapes:
(fontspec)              
(fontspec)             - 'normal' (m/n) with NFSS spec.: <->"name:Latin Modern
(fontspec)             Mono:mode=harf;script=arab;language=FAR;family=tt;"
(fontspec)             - 'italic' (m/it) with NFSS spec.: <->"name:Latin
(fontspec)             Modern
(fontspec)             Mono/I:mode=harf;script=arab;language=FAR;family=tt;"


(<USER_HOME>/AppData/Local/Programs/MiKTeX/tex/latex/hyperref/xr-hyper.sty
Package: xr-hyper 2026-04-24 v7.01q eXternal References (DPC)
)
Package xr Info: IMPORTING LABELS FROM open-logic-complete-fa-IR-screen.aux on 
input line 48.
(../../sty/open-logic.sty
(<USER_HOME>/AppData/Local/Programs/MiKTeX/tex/latex/amsmath/amsmath.sty
Package: amsmath 2025/07/09 v2.17z AMS math features
\@mathmargin=\skip196

For additional information on amsmath, use the `?' option.
(<USER_HOME>/AppData/Local/Programs/MiKTeX/tex/latex/amsmath/amstext.sty
Package: amstext 2024/11/17 v2.01 AMS text

(<USER_HOME>/AppData/Local/Programs/MiKTeX/tex/latex/amsmath/amsgen.sty
File: amsgen.sty 1999/11/30 v2.0 generic functions
\@emptytoks=\toks27
\ex@=\dimen257
))
(<USER_HOME>/AppData/Local/Programs/MiKTeX/tex/latex/amsmath/amsbsy.sty
Package: amsbsy 1999/11/29 v1.2d Bold Symbols
\pmbraise@=\dimen258
)
(<USER_HOME>/AppData/Local/Programs/MiKTeX/tex/latex/amsmath/amsopn.sty
Package: amsopn 2022/04/08 v2.04 operator names
)
\inf@bad=\count354
LaTeX Info: Redefining \frac on input line 235.
\uproot@=\count355
\leftroot@=\count356
LaTeX Info: Redefining \overline on input line 398.
LaTeX Info: Redefining \colon on input line 409.
\classnum@=\count357
\DOTSCASE@=\count358
LaTeX Info: Redefining \ldots on input line 495.
LaTeX Info: Redefining \dots on input line 498.
LaTeX Info: Redefining \cdots on input line 619.
\Mathstrutbox@=\box63
\strutbox@=\box64
LaTeX Info: Redefining \big on input line 721.
LaTeX Info: Redefining \Big on input line 722.
LaTeX Info: Redefining \bigg on input line 723.
LaTeX Info: Redefining \Bigg on input line 724.
\big@size=\dimen259
LaTeX Font Info:    Redeclaring font encoding OML on input line 742.
LaTeX Font Info:    Redeclaring font encoding OMS on input line 743.
\macc@depth=\count359
LaTeX Info: Redefining \bmod on input line 904.
LaTeX Info: Redefining \pmod on input line 909.
LaTeX Info: Redefining \smash on input line 939.
LaTeX Info: Redefining \relbar on input line 969.
LaTeX Info: Redefining \Relbar on input line 970.
\c@MaxMatrixCols=\count360
\dotsspace@=\muskip17
\c@parentequation=\count361
\dspbrk@lvl=\count362
\tag@help=\toks28
\row@=\count363
\column@=\count364
\maxfields@=\count365
\andhelp@=\toks29
\eqnshift@=\dimen260
\alignsep@=\dimen261
\tagshift@=\dimen262
\tagwidth@=\dimen263
\totwidth@=\dimen264
\lineht@=\dimen265
\@envbody=\toks30
\multlinegap=\skip197
\multlinetaggap=\skip198
\mathdisplay@stack=\toks31
LaTeX Info: Redefining \[ on input line 2950.
LaTeX Info: Redefining \] on input line 2951.
)
(<USER_HOME>/AppData/Local/Programs/MiKTeX/tex/latex/amsfonts/amssymb.sty
Package: amssymb 2013/01/14 v3.01 AMS font symbols

(<USER_HOME>/AppData/Local/Programs/MiKTeX/tex/latex/amsfonts/amsfonts.sty
Package: amsfonts 2013/01/14 v3.01 Basic AMSFonts support
\symAMSa=\mathgroup4
\symAMSb=\mathgroup5
LaTeX Font Info:    Redeclaring math symbol \hbar on input line 98.
LaTeX Font Info:    Overwriting math alphabet `\mathfrak' in version `bold'
(Font)                  U/euf/m/n --> U/euf/b/n on input line 106.
))
(<USER_HOME>/AppData/Local/Programs/MiKTeX/tex/latex/extarrows/extarrows.st
y
Package: extarrows 2020/03/12 v1.2.0 Some extensible arrows
)
(<USER_HOME>/AppData/Local/Programs/MiKTeX/tex/generic/mathdots/mathdots.st
y
Package: mathdots 2014/06/11 v0.9 Improve and add various macros for dots in ma
th.
\MDo@unit=\dimen266
\MDo@dotsbox=\box65
\MDoprekern=\muskip18
\MDopostkern=\muskip19
\MDodotkern=\muskip20
) (<USER_HOME>/AppData/Local/Programs/MiKTeX/tex/latex/isomath/isomath.sty
Package: isomath 2012/09/04 v0.6.1 ISO math style
(<USER_HOME>/AppData/Local/Programs/MiKTeX/tex/latex/fixmath/fixmath.sty
Package: fixmath 2022/10/06 v0.9.1 (WaS)
LaTeX Font Info:    Redeclaring math symbol \Gamma on input line 27.
LaTeX Font Info:    Redeclaring math symbol \Delta on input line 28.
LaTeX Font Info:    Redeclaring math symbol \Theta on input line 29.
LaTeX Font Info:    Redeclaring math symbol \Lambda on input line 30.
LaTeX Font Info:    Redeclaring math symbol \Xi on input line 31.
LaTeX Font Info:    Redeclaring math symbol \Pi on input line 32.
LaTeX Font Info:    Redeclaring math symbol \Sigma on input line 33.
LaTeX Font Info:    Redeclaring math symbol \Upsilon on input line 34.
LaTeX Font Info:    Redeclaring math symbol \Phi on input line 35.
LaTeX Font Info:    Redeclaring math symbol \Psi on input line 36.
LaTeX Font Info:    Redeclaring math symbol \Omega on input line 37.
LaTeX Font Info:    Redeclaring math symbol \alpha on input line 38.
LaTeX Font Info:    Redeclaring math symbol \beta on input line 39.
LaTeX Font Info:    Redeclaring math symbol \gamma on input line 40.
LaTeX Font Info:    Redeclaring math symbol \delta on input line 41.
LaTeX Font Info:    Redeclaring math symbol \epsilon on input line 42.
LaTeX Font Info:    Redeclaring math symbol \zeta on input line 43.
LaTeX Font Info:    Redeclaring math symbol \eta on input line 44.
LaTeX Font Info:    Redeclaring math symbol \theta on input line 45.
LaTeX Font Info:    Redeclaring math symbol \iota on input line 46.
LaTeX Font Info:    Redeclaring math symbol \kappa on input line 47.
LaTeX Font Info:    Redeclaring math symbol \lambda on input line 48.
LaTeX Font Info:    Redeclaring math symbol \mu on input line 49.
LaTeX Font Info:    Redeclaring math symbol \nu on input line 50.
LaTeX Font Info:    Redeclaring math symbol \xi on input line 51.
LaTeX Font Info:    Redeclaring math symbol \pi on input line 52.
LaTeX Font Info:    Redeclaring math symbol \rho on input line 53.
LaTeX Font Info:    Redeclaring math symbol \sigma on input line 54.
LaTeX Font Info:    Redeclaring math symbol \tau on input line 55.
LaTeX Font Info:    Redeclaring math symbol \upsilon on input line 56.
LaTeX Font Info:    Redeclaring math symbol \phi on input line 57.
LaTeX Font Info:    Redeclaring math symbol \chi on input line 58.
LaTeX Font Info:    Redeclaring math symbol \psi on input line 59.
LaTeX Font Info:    Redeclaring math symbol \omega on input line 60.
LaTeX Font Info:    Redeclaring math symbol \varepsilon on input line 61.
LaTeX Font Info:    Redeclaring math symbol \vartheta on input line 62.
LaTeX Font Info:    Redeclaring math symbol \varpi on input line 63.
LaTeX Font Info:    Redeclaring math symbol \varphi on input line 64.
LaTeX Font Info:    Redeclaring math symbol \varrho on input line 65.
LaTeX Font Info:    Redeclaring math symbol \varsigma on input line 66.
)
LaTeX Font Info:    Overwriting math alphabet `\mathsfit' in version `bold'
(Font)                  OML/cmbr/m/it --> OML/cmbr/bx/it on input line 201.
)
(<USER_HOME>/AppData/Local/Programs/MiKTeX/tex/latex/mfirstuc/mfirstuc.sty
Package: mfirstuc 2025/04/03 v2.09 (NLCT)
\@glsmfirst=\toks32
\@glsmrest=\toks33
) (<USER_HOME>/AppData/Local/Programs/MiKTeX/tex/latex/subfiles/subfiles.st
y
Package: subfiles 2020/11/14 v2.2 Multi-file projects (package)
(<USER_HOME>/AppData/Local/Programs/MiKTeX/tex/latex/import/import.sty
Package: import 2020/04/01  v 6.2
))
(<USER_HOME>/AppData/Local/Programs/MiKTeX/tex/latex/framed/framed.sty
Package: framed 2011/10/22 v 0.96: framed or shaded text with page breaks
\OuterFrameSep=\skip199
\fb@frw=\dimen267
\fb@frh=\dimen268
)
(<USER_HOME>/AppData/Local/Programs/MiKTeX/tex/latex/graphics/graphicx.sty
Package: graphicx 2024/12/31 v1.2e Enhanced LaTeX Graphics (DPC,SPQR)

(<USER_HOME>/AppData/Local/Programs/MiKTeX/tex/latex/graphics/graphics.sty
Package: graphics 2024/08/06 v1.4g Standard LaTeX Graphics (DPC,SPQR)

(<USER_HOME>/AppData/Local/Programs/MiKTeX/tex/latex/graphics/trig.sty
Package: trig 2023/12/02 v1.11 sin cos tan (DPC)
)
(<USER_HOME>/AppData/Local/Programs/MiKTeX/tex/latex/graphics-cfg/graphics.
cfg
File: graphics.cfg 2016/06/04 v1.11 sample graphics configuration
)
Package graphics Info: Driver file: luatex.def on input line 106.
)
\Gin@req@height=\dimen269
\Gin@req@width=\dimen270
)
(<USER_HOME>/AppData/Local/Programs/MiKTeX/tex/latex/multirow/multirow.sty
Package: multirow 2024/11/12 v2.9 Span multiple rows of a table
\multirow@colwidth=\skip256
\multirow@cntb=\count366
\multirow@dima=\skip257
\bigstrutjot=\dimen271
) (<USER_HOME>/AppData/Local/Programs/MiKTeX/tex/latex/units/nicefrac.sty
Package: nicefrac 1998/08/04 v0.9b Nice fractions
\L@UnitsRaiseDisplaystyle=\skip258
\L@UnitsRaiseTextstyle=\skip259
\L@UnitsRaiseScriptstyle=\skip260

(<USER_HOME>/AppData/Local/Programs/MiKTeX/tex/latex/base/ifthen.sty
Package: ifthen 2024/03/16 v1.1e Standard LaTeX ifthen package (DPC)
))
(<USER_HOME>/AppData/Local/Programs/MiKTeX/tex/latex/graphics/rotating.sty
Package: rotating 2025/01/14 v2.16e rotated objects in LaTeX
\c@r@tfl@t=\count367
\rotFPtop=\skip261
\rotFPbot=\skip262
\rot@float@box=\box66
\rot@mess@toks=\toks34
) (<USER_HOME>/AppData/Local/Programs/MiKTeX/tex/latex/natbib/natbib.sty
Package: natbib 2010/09/13 8.31b (PWD, AO)
\bibhang=\skip263
\bibsep=\skip264
LaTeX Info: Redefining \cite on input line 694.
\c@NAT@ctr=\count368
)
(<USER_HOME>/AppData/Local/Programs/MiKTeX/tex/latex/pgf/frontendlayer/tikz
.sty
(<USER_HOME>/AppData/Local/Programs/MiKTeX/tex/latex/pgf/basiclayer/pgf.sty

(<USER_HOME>/AppData/Local/Programs/MiKTeX/tex/latex/pgf/utilities/pgfrcs.s
ty
(<USER_HOME>/AppData/Local/Programs/MiKTeX/tex/generic/pgf/utilities/pgfuti
l-common.tex
\pgfutil@everybye=\toks35
\pgfutil@tempdima=\dimen272
\pgfutil@tempdimb=\dimen273
)
(<USER_HOME>/AppData/Local/Programs/MiKTeX/tex/generic/pgf/utilities/pgfuti
l-latex.def
\pgfutil@abb=\box67
)
(<USER_HOME>/AppData/Local/Programs/MiKTeX/tex/generic/pgf/utilities/pgfrcs
.code.tex
(<USER_HOME>/AppData/Local/Programs/MiKTeX/tex/generic/pgf/pgf.revision.tex
)
Package: pgfrcs 2025-08-29 v3.1.11a (3.1.11a)
))
Package: pgf 2025-08-29 v3.1.11a (3.1.11a)

(<USER_HOME>/AppData/Local/Programs/MiKTeX/tex/latex/pgf/basiclayer/pgfcore
.sty
(<USER_HOME>/AppData/Local/Programs/MiKTeX/tex/latex/pgf/systemlayer/pgfsys
.sty
(<USER_HOME>/AppData/Local/Programs/MiKTeX/tex/generic/pgf/systemlayer/pgfs
ys.code.tex
Package: pgfsys 2025-08-29 v3.1.11a (3.1.11a)

(<USER_HOME>/AppData/Local/Programs/MiKTeX/tex/generic/pgf/utilities/pgfkey
s.code.tex
\pgfkeys@pathtoks=\toks36
\pgfkeys@temptoks=\toks37

(<USER_HOME>/AppData/Local/Programs/MiKTeX/tex/generic/pgf/utilities/pgfkey
slibraryfiltered.code.tex
\pgfkeys@tmptoks=\toks38
))
\pgf@x=\dimen274
\pgf@y=\dimen275
\pgf@xa=\dimen276
\pgf@ya=\dimen277
\pgf@xb=\dimen278
\pgf@yb=\dimen279
\pgf@xc=\dimen280
\pgf@yc=\dimen281
\pgf@xd=\dimen282
\pgf@yd=\dimen283
\w@pgf@writea=\write4
\r@pgf@reada=\read4
\c@pgf@counta=\count369
\c@pgf@countb=\count370
\c@pgf@countc=\count371
\c@pgf@countd=\count372
\t@pgf@toka=\toks39
\t@pgf@tokb=\toks40
\t@pgf@tokc=\toks41
\pgf@sys@id@count=\count373

(<USER_HOME>/AppData/Local/Programs/MiKTeX/tex/generic/pgf/systemlayer/pgf.
cfg
File: pgf.cfg 2025-08-29 v3.1.11a (3.1.11a)
)
Driver file for pgf: pgfsys-luatex.def

(<USER_HOME>/AppData/Local/Programs/MiKTeX/tex/generic/pgf/systemlayer/pgfs
ys-luatex.def
File: pgfsys-luatex.def 2025-08-29 v3.1.11a (3.1.11a)

(<USER_HOME>/AppData/Local/Programs/MiKTeX/tex/generic/pgf/systemlayer/pgfs
ys-common-pdf.def
File: pgfsys-common-pdf.def 2025-08-29 v3.1.11a (3.1.11a)
)))
(<USER_HOME>/AppData/Local/Programs/MiKTeX/tex/generic/pgf/systemlayer/pgfs
yssoftpath.code.tex
File: pgfsyssoftpath.code.tex 2025-08-29 v3.1.11a (3.1.11a)
\pgfsyssoftpath@smallbuffer@items=\count374
\pgfsyssoftpath@bigbuffer@items=\count375
)
(<USER_HOME>/AppData/Local/Programs/MiKTeX/tex/generic/pgf/systemlayer/pgfs
ysprotocol.code.tex
File: pgfsysprotocol.code.tex 2025-08-29 v3.1.11a (3.1.11a)
))
(<USER_HOME>/AppData/Local/Programs/MiKTeX/tex/generic/pgf/basiclayer/pgfco
re.code.tex
Package: pgfcore 2025-08-29 v3.1.11a (3.1.11a)

(<USER_HOME>/AppData/Local/Programs/MiKTeX/tex/generic/pgf/math/pgfmath.cod
e.tex
(<USER_HOME>/AppData/Local/Programs/MiKTeX/tex/generic/pgf/math/pgfmathutil
.code.tex)
(<USER_HOME>/AppData/Local/Programs/MiKTeX/tex/generic/pgf/math/pgfmathpars
er.code.tex
\pgfmath@dimen=\dimen284
\pgfmath@count=\count376
\pgfmath@box=\box68
\pgfmath@toks=\toks42
\pgfmath@stack@operand=\toks43
\pgfmath@stack@operation=\toks44
)
(<USER_HOME>/AppData/Local/Programs/MiKTeX/tex/generic/pgf/math/pgfmathfunc
tions.code.tex)
(<USER_HOME>/AppData/Local/Programs/MiKTeX/tex/generic/pgf/math/pgfmathfunc
tions.basic.code.tex)
(<USER_HOME>/AppData/Local/Programs/MiKTeX/tex/generic/pgf/math/pgfmathfunc
tions.trigonometric.code.tex)
(<USER_HOME>/AppData/Local/Programs/MiKTeX/tex/generic/pgf/math/pgfmathfunc
tions.random.code.tex)
(<USER_HOME>/AppData/Local/Programs/MiKTeX/tex/generic/pgf/math/pgfmathfunc
tions.comparison.code.tex)
(<USER_HOME>/AppData/Local/Programs/MiKTeX/tex/generic/pgf/math/pgfmathfunc
tions.base.code.tex)
(<USER_HOME>/AppData/Local/Programs/MiKTeX/tex/generic/pgf/math/pgfmathfunc
tions.round.code.tex)
(<USER_HOME>/AppData/Local/Programs/MiKTeX/tex/generic/pgf/math/pgfmathfunc
tions.misc.code.tex)
(<USER_HOME>/AppData/Local/Programs/MiKTeX/tex/generic/pgf/math/pgfmathfunc
tions.integerarithmetics.code.tex)
(<USER_HOME>/AppData/Local/Programs/MiKTeX/tex/generic/pgf/math/pgfmathcalc
.code.tex)
(<USER_HOME>/AppData/Local/Programs/MiKTeX/tex/generic/pgf/math/pgfmathfloa
t.code.tex
\c@pgfmathroundto@lastzeros=\count377
))
(<USER_HOME>/AppData/Local/Programs/MiKTeX/tex/generic/pgf/math/pgfint.code
.tex)
(<USER_HOME>/AppData/Local/Programs/MiKTeX/tex/generic/pgf/basiclayer/pgfco
repoints.code.tex
File: pgfcorepoints.code.tex 2025-08-29 v3.1.11a (3.1.11a)
\pgf@picminx=\dimen285
\pgf@picmaxx=\dimen286
\pgf@picminy=\dimen287
\pgf@picmaxy=\dimen288
\pgf@pathminx=\dimen289
\pgf@pathmaxx=\dimen290
\pgf@pathminy=\dimen291
\pgf@pathmaxy=\dimen292
\pgf@xx=\dimen293
\pgf@xy=\dimen294
\pgf@yx=\dimen295
\pgf@yy=\dimen296
\pgf@zx=\dimen297
\pgf@zy=\dimen298
)
(<USER_HOME>/AppData/Local/Programs/MiKTeX/tex/generic/pgf/basiclayer/pgfco
repathconstruct.code.tex
File: pgfcorepathconstruct.code.tex 2025-08-29 v3.1.11a (3.1.11a)
\pgf@path@lastx=\dimen299
\pgf@path@lasty=\dimen300
)
(<USER_HOME>/AppData/Local/Programs/MiKTeX/tex/generic/pgf/basiclayer/pgfco
repathusage.code.tex
File: pgfcorepathusage.code.tex 2025-08-29 v3.1.11a (3.1.11a)
\pgf@shorten@end@additional=\dimen301
\pgf@shorten@start@additional=\dimen302
)
(<USER_HOME>/AppData/Local/Programs/MiKTeX/tex/generic/pgf/basiclayer/pgfco
rescopes.code.tex
File: pgfcorescopes.code.tex 2025-08-29 v3.1.11a (3.1.11a)
\pgfpic=\box69
\pgf@hbox=\box70
\pgf@layerbox@main=\box71
\pgf@picture@serial@count=\count378
)
(<USER_HOME>/AppData/Local/Programs/MiKTeX/tex/generic/pgf/basiclayer/pgfco
regraphicstate.code.tex
File: pgfcoregraphicstate.code.tex 2025-08-29 v3.1.11a (3.1.11a)
\pgflinewidth=\dimen303
)
(<USER_HOME>/AppData/Local/Programs/MiKTeX/tex/generic/pgf/basiclayer/pgfco
retransformations.code.tex
File: pgfcoretransformations.code.tex 2025-08-29 v3.1.11a (3.1.11a)
\pgf@pt@x=\dimen304
\pgf@pt@y=\dimen305
\pgf@pt@temp=\dimen306
)
(<USER_HOME>/AppData/Local/Programs/MiKTeX/tex/generic/pgf/basiclayer/pgfco
requick.code.tex
File: pgfcorequick.code.tex 2025-08-29 v3.1.11a (3.1.11a)
)
(<USER_HOME>/AppData/Local/Programs/MiKTeX/tex/generic/pgf/basiclayer/pgfco
reobjects.code.tex
File: pgfcoreobjects.code.tex 2025-08-29 v3.1.11a (3.1.11a)
)
(<USER_HOME>/AppData/Local/Programs/MiKTeX/tex/generic/pgf/basiclayer/pgfco
repathprocessing.code.tex
File: pgfcorepathprocessing.code.tex 2025-08-29 v3.1.11a (3.1.11a)
)
(<USER_HOME>/AppData/Local/Programs/MiKTeX/tex/generic/pgf/basiclayer/pgfco
rearrows.code.tex
File: pgfcorearrows.code.tex 2025-08-29 v3.1.11a (3.1.11a)
\pgfarrowsep=\dimen307
)
(<USER_HOME>/AppData/Local/Programs/MiKTeX/tex/generic/pgf/basiclayer/pgfco
reshade.code.tex
File: pgfcoreshade.code.tex 2025-08-29 v3.1.11a (3.1.11a)
\pgf@max=\dimen308
\pgf@sys@shading@range@num=\count379
\pgf@shadingcount=\count380
)
(<USER_HOME>/AppData/Local/Programs/MiKTeX/tex/generic/pgf/basiclayer/pgfco
reimage.code.tex
File: pgfcoreimage.code.tex 2025-08-29 v3.1.11a (3.1.11a)
)
(<USER_HOME>/AppData/Local/Programs/MiKTeX/tex/generic/pgf/basiclayer/pgfco
reexternal.code.tex
File: pgfcoreexternal.code.tex 2025-08-29 v3.1.11a (3.1.11a)
\pgfexternal@startupbox=\box72
)
(<USER_HOME>/AppData/Local/Programs/MiKTeX/tex/generic/pgf/basiclayer/pgfco
relayers.code.tex
File: pgfcorelayers.code.tex 2025-08-29 v3.1.11a (3.1.11a)
)
(<USER_HOME>/AppData/Local/Programs/MiKTeX/tex/generic/pgf/basiclayer/pgfco
retransparency.code.tex
File: pgfcoretransparency.code.tex 2025-08-29 v3.1.11a (3.1.11a)
)
(<USER_HOME>/AppData/Local/Programs/MiKTeX/tex/generic/pgf/basiclayer/pgfco
repatterns.code.tex
File: pgfcorepatterns.code.tex 2025-08-29 v3.1.11a (3.1.11a)
)
(<USER_HOME>/AppData/Local/Programs/MiKTeX/tex/generic/pgf/basiclayer/pgfco
rerdf.code.tex
File: pgfcorerdf.code.tex 2025-08-29 v3.1.11a (3.1.11a)
)))
(<USER_HOME>/AppData/Local/Programs/MiKTeX/tex/generic/pgf/modules/pgfmodul
eshapes.code.tex
File: pgfmoduleshapes.code.tex 2025-08-29 v3.1.11a (3.1.11a)
\pgfnodeparttextbox=\box73
)
(<USER_HOME>/AppData/Local/Programs/MiKTeX/tex/generic/pgf/modules/pgfmodul
eplot.code.tex
File: pgfmoduleplot.code.tex 2025-08-29 v3.1.11a (3.1.11a)
)
(<USER_HOME>/AppData/Local/Programs/MiKTeX/tex/latex/pgf/compatibility/pgfc
omp-version-0-65.sty
Package: pgfcomp-version-0-65 2025-08-29 v3.1.11a (3.1.11a)
\pgf@nodesepstart=\dimen309
\pgf@nodesepend=\dimen310
)
(<USER_HOME>/AppData/Local/Programs/MiKTeX/tex/latex/pgf/compatibility/pgfc
omp-version-1-18.sty
Package: pgfcomp-version-1-18 2025-08-29 v3.1.11a (3.1.11a)
))
(<USER_HOME>/AppData/Local/Programs/MiKTeX/tex/latex/pgf/utilities/pgffor.s
ty
(<USER_HOME>/AppData/Local/Programs/MiKTeX/tex/latex/pgf/utilities/pgfkeys.
sty
(<USER_HOME>/AppData/Local/Programs/MiKTeX/tex/generic/pgf/utilities/pgfkey
s.code.tex))
(<USER_HOME>/AppData/Local/Programs/MiKTeX/tex/latex/pgf/math/pgfmath.sty
(<USER_HOME>/AppData/Local/Programs/MiKTeX/tex/generic/pgf/math/pgfmath.cod
e.tex))
(<USER_HOME>/AppData/Local/Programs/MiKTeX/tex/generic/pgf/utilities/pgffor
.code.tex
Package: pgffor 2025-08-29 v3.1.11a (3.1.11a)
\pgffor@iter=\dimen311
\pgffor@skip=\dimen312
\pgffor@stack=\toks45
\pgffor@toks=\toks46
))
(<USER_HOME>/AppData/Local/Programs/MiKTeX/tex/generic/pgf/frontendlayer/ti
kz/tikz.code.tex
Package: tikz 2025-08-29 v3.1.11a (3.1.11a)

(<USER_HOME>/AppData/Local/Programs/MiKTeX/tex/generic/pgf/libraries/pgflib
raryplothandlers.code.tex
File: pgflibraryplothandlers.code.tex 2025-08-29 v3.1.11a (3.1.11a)
\pgf@plot@mark@count=\count381
\pgfplotmarksize=\dimen313
)
\tikz@lastx=\dimen314
\tikz@lasty=\dimen315
\tikz@lastxsaved=\dimen316
\tikz@lastysaved=\dimen317
\tikz@lastmovetox=\dimen318
\tikz@lastmovetoy=\dimen319
\tikzleveldistance=\dimen320
\tikzsiblingdistance=\dimen321
\tikz@figbox=\box74
\tikz@figbox@bg=\box75
\tikz@tempbox=\box76
\tikz@tempbox@bg=\box77
\tikztreelevel=\count382
\tikznumberofchildren=\count383
\tikznumberofcurrentchild=\count384
\tikz@fig@count=\count385

(<USER_HOME>/AppData/Local/Programs/MiKTeX/tex/generic/pgf/modules/pgfmodul
ematrix.code.tex
File: pgfmodulematrix.code.tex 2025-08-29 v3.1.11a (3.1.11a)
\pgfmatrixcurrentrow=\count386
\pgfmatrixcurrentcolumn=\count387
\pgf@matrix@numberofcolumns=\count388
)
\tikz@expandcount=\count389

(<USER_HOME>/AppData/Local/Programs/MiKTeX/tex/generic/pgf/frontendlayer/ti
kz/libraries/tikzlibrarytopaths.code.tex
File: tikzlibrarytopaths.code.tex 2025-08-29 v3.1.11a (3.1.11a)
)))
(<USER_HOME>/AppData/Local/Programs/MiKTeX/tex/latex/tikzscale/tikzscale.st
y
Package: tikzscale 2013/05/22 v0.2.6 tikzscale LaTeX package

(<USER_HOME>/AppData/Local/Programs/MiKTeX/tex/latex/letltxmacro/letltxmacr
o.sty
Package: letltxmacro 2019/12/03 v1.6 Let assignment for LaTeX macros (HO)
)
\tikzscale@measuredSize=\box78
)
(<USER_HOME>/AppData/Local/Programs/MiKTeX/tex/generic/pgf/frontendlayer/ti
kz/libraries/tikzlibraryarrows.code.tex
File: tikzlibraryarrows.code.tex 2025-08-29 v3.1.11a (3.1.11a)

(<USER_HOME>/AppData/Local/Programs/MiKTeX/tex/generic/pgf/libraries/pgflib
raryarrows.code.tex
File: pgflibraryarrows.code.tex 2025-08-29 v3.1.11a (3.1.11a)
\arrowsize=\dimen322
))
(<USER_HOME>/AppData/Local/Programs/MiKTeX/tex/generic/pgf/frontendlayer/ti
kz/libraries/tikzlibraryautomata.code.tex
File: tikzlibraryautomata.code.tex 2025-08-29 v3.1.11a (3.1.11a)

(<USER_HOME>/AppData/Local/Programs/MiKTeX/tex/generic/pgf/frontendlayer/ti
kz/libraries/tikzlibraryshapes.multipart.code.tex
File: tikzlibraryshapes.multipart.code.tex 2025-08-29 v3.1.11a (3.1.11a)

(<USER_HOME>/AppData/Local/Programs/MiKTeX/tex/generic/pgf/libraries/shapes
/pgflibraryshapes.multipart.code.tex
File: pgflibraryshapes.multipart.code.tex 2025-08-29 v3.1.11a (3.1.11a)
\pgfnodepartlowerbox=\box79
\pgfnodeparttwobox=\box80
\pgfnodepartthreebox=\box81
\pgfnodepartfourbox=\box82
\pgfnodeparttwentybox=\box83
\pgfnodepartnineteenbox=\box84
\pgfnodeparteighteenbox=\box85
\pgfnodepartseventeenbox=\box86
\pgfnodepartsixteenbox=\box87
\pgfnodepartfifteenbox=\box88
\pgfnodepartfourteenbox=\box89
\pgfnodepartthirteenbox=\box90
\pgfnodeparttwelvebox=\box91
\pgfnodepartelevenbox=\box92
\pgfnodeparttenbox=\box93
\pgfnodepartninebox=\box94
\pgfnodeparteightbox=\box95
\pgfnodepartsevenbox=\box96
\pgfnodepartsixbox=\box97
\pgfnodepartfivebox=\box98
)))
(<USER_HOME>/AppData/Local/Programs/MiKTeX/tex/generic/pgf/frontendlayer/ti
kz/libraries/tikzlibraryintersections.code.tex
(<USER_HOME>/AppData/Local/Programs/MiKTeX/tex/generic/pgf/libraries/pgflib
raryintersections.code.tex
(<USER_HOME>/AppData/Local/Programs/MiKTeX/tex/generic/pgf/libraries/pgflib
raryfpu.code.tex)
\pgf@intersect@solutions=\count390
))
(<USER_HOME>/AppData/Local/Programs/MiKTeX/tex/generic/pgf/frontendlayer/ti
kz/libraries/tikzlibrarypositioning.code.tex
File: tikzlibrarypositioning.code.tex 2025-08-29 v3.1.11a (3.1.11a)
)
(<USER_HOME>/AppData/Local/Programs/MiKTeX/tex/latex/bussproofs/bussproofs.
sty
Proof Tree (bussproofs) style macros. Version 1.1.
\theLevel=\count391
\myMaxLevel=\count392
\myBoxA=\box99
\myBoxB=\box100
\myBoxC=\box101
\myBoxD=\box102
\myBoxLL=\box103
\myBoxRL=\box104
\thisAboveSkip=\dimen323
\thisBelowSkip=\dimen324
\newScoreStart=\dimen325
\newScoreEnd=\dimen326
\newCenter=\dimen327
\displace=\dimen328
\leftLowerAmt=\dimen329
\rightLowerAmt=\dimen330
\scoreHeight=\dimen331
\scoreDepth=\dimen332
\htLbox=\dimen333
\htRbox=\dimen334
\htRRbox=\dimen335
\htRRRbox=\dimen336
\htAbox=\dimen337
\htCbox=\dimen338
)
(<USER_HOME>/AppData/Local/Programs/MiKTeX/tex/latex/prooftrees/prooftrees.
sty
(<USER_HOME>/AppData/Local/Programs/MiKTeX/tex/latex/svn-prov/svn-prov.sty
Package: svn-prov 2010/04/24 v3.1862 Package Date/Version from SVN Keywords
)
Package: prooftrees 2026/02/21 v0.9.3 (SVN Rev: 11666)
(<USER_HOME>/AppData/Local/Programs/MiKTeX/tex/latex/forest/forest.sty
Package: forest 2017/07/14 v2.1.5 Drawing (linguistic) trees

(<USER_HOME>/AppData/Local/Programs/MiKTeX/tex/generic/pgf/frontendlayer/ti
kz/libraries/tikzlibraryshapes.code.tex
File: tikzlibraryshapes.code.tex 2025-08-29 v3.1.11a (3.1.11a)

(<USER_HOME>/AppData/Local/Programs/MiKTeX/tex/generic/pgf/frontendlayer/ti
kz/libraries/tikzlibraryshapes.geometric.code.tex
File: tikzlibraryshapes.geometric.code.tex 2025-08-29 v3.1.11a (3.1.11a)

(<USER_HOME>/AppData/Local/Programs/MiKTeX/tex/generic/pgf/libraries/shapes
/pgflibraryshapes.geometric.code.tex
File: pgflibraryshapes.geometric.code.tex 2025-08-29 v3.1.11a (3.1.11a)
))
(<USER_HOME>/AppData/Local/Programs/MiKTeX/tex/generic/pgf/frontendlayer/ti
kz/libraries/tikzlibraryshapes.misc.code.tex
File: tikzlibraryshapes.misc.code.tex 2025-08-29 v3.1.11a (3.1.11a)

(<USER_HOME>/AppData/Local/Programs/MiKTeX/tex/generic/pgf/libraries/shapes
/pgflibraryshapes.misc.code.tex
File: pgflibraryshapes.misc.code.tex 2025-08-29 v3.1.11a (3.1.11a)
))
(<USER_HOME>/AppData/Local/Programs/MiKTeX/tex/generic/pgf/frontendlayer/ti
kz/libraries/tikzlibraryshapes.symbols.code.tex
File: tikzlibraryshapes.symbols.code.tex 2025-08-29 v3.1.11a (3.1.11a)

(<USER_HOME>/AppData/Local/Programs/MiKTeX/tex/generic/pgf/libraries/shapes
/pgflibraryshapes.symbols.code.tex
File: pgflibraryshapes.symbols.code.tex 2025-08-29 v3.1.11a (3.1.11a)
))
(<USER_HOME>/AppData/Local/Programs/MiKTeX/tex/generic/pgf/frontendlayer/ti
kz/libraries/tikzlibraryshapes.arrows.code.tex
File: tikzlibraryshapes.arrows.code.tex 2025-08-29 v3.1.11a (3.1.11a)

(<USER_HOME>/AppData/Local/Programs/MiKTeX/tex/generic/pgf/libraries/shapes
/pgflibraryshapes.arrows.code.tex
File: pgflibraryshapes.arrows.code.tex 2025-08-29 v3.1.11a (3.1.11a)
))
(<USER_HOME>/AppData/Local/Programs/MiKTeX/tex/generic/pgf/frontendlayer/ti
kz/libraries/tikzlibraryshapes.callouts.code.tex
(<USER_HOME>/AppData/Local/Programs/MiKTeX/tex/generic/pgf/libraries/shapes
/pgflibraryshapes.callouts.code.tex)))
(<USER_HOME>/AppData/Local/Programs/MiKTeX/tex/generic/pgf/frontendlayer/ti
kz/libraries/tikzlibraryfit.code.tex
File: tikzlibraryfit.code.tex 2025-08-29 v3.1.11a (3.1.11a)
)
(<USER_HOME>/AppData/Local/Programs/MiKTeX/tex/generic/pgf/frontendlayer/ti
kz/libraries/tikzlibrarycalc.code.tex
File: tikzlibrarycalc.code.tex 2025-08-29 v3.1.11a (3.1.11a)
)
(<USER_HOME>/AppData/Local/Programs/MiKTeX/tex/latex/pgfopts/pgfopts.sty
Package: pgfopts 2014/07/10 v2.1a LaTeX package options with pgfkeys
\pgfopts@list@add@a@toks=\toks47
\pgfopts@list@add@b@toks=\toks48
)
(<USER_HOME>/AppData/Local/Programs/MiKTeX/tex/latex/elocalloc/elocalloc.st
y
Package: elocalloc 2016/12/15 v0.03 local allocation for LaTeX 2015+ (DPC)
) (<USER_HOME>/AppData/Local/Programs/MiKTeX/tex/latex/environ/environ.sty
Package: environ 2014/05/04 v0.3 A new way to define environments

(<USER_HOME>/AppData/Local/Programs/MiKTeX/tex/latex/trimspaces/trimspaces.
sty
Package: trimspaces 2009/09/17 v1.1 Trim spaces around a token list
))
(<USER_HOME>/AppData/Local/Programs/MiKTeX/tex/latex/inlinedef/inlinedef.st
y
Package: inlinedef 2008/07/10 v1.0 Inlined expansions within definitions
\ID@toks=\toks49
\ID@count=\count393
)
\ID@usercommands=\toks50
\safeloop@depth=\count394
\safeRKloop@depth=\count395
\forest@temp@dimen=\dimen339
\forest@temp@count=\count396
\forest@n=\count397
\forest@temp@global@count=\count398
\forest@temp@toks=\toks51
\forest@temparray@M=\count399
\forest@temparray@N=\count400
\forest@global@temparray@M=\count401
\forest@global@temparray@N=\count402
\forest@isnum@count=\count403
\forest@isdim@nonintpart=\count404
\forest@isdim@dimen=\dimen340
\forest@sort@m=\count405
\forest@sort@k=\count406
\forest@sort@p=\count407
\bracket@content=\toks52
\bracket@afterthought=\toks53
\forest@node@maxid=\count408
\forest@process@left@M=\count409
\forest@process@left@N=\count410
\forest@process@right@M=\count411
\forest@process@right@N=\count412
\forest@process@saved@M=\count413
\forest@process@saved@N=\count414
\forest@process@result@M=\count415
\forest@process@result@N=\count416
\forest@process@n=\count417
\forest@nodewalk@branch@toks=\toks54
\forest@nodewalk@shortsteps@resolution=\toks55
\forest@do@dynamics=\toks56
\forest@box=\box105
\forest@xg=\dimen341
\forest@yg=\dimen342
\forest@xs=\dimen343
\forest@ys=\dimen344
\forest@pi@toks=\toks57
\forest@segment@toks=\toks58
\forest@PIi@toks=\toks59
\forest@PIii@toks=\toks60
\forest@copy@in=\read5
\forest@copy@out=\write5
\forest@externalize@max@outer@n=\count418
\forest@externalize@inner@n=\count419
)
(<USER_HOME>/AppData/Local/Programs/MiKTeX/tex/latex/forest-ext/forest-lib-
ext.tagging.sty
Package: forest-lib-ext.tagging v0.1

(<USER_HOME>/AppData/Local/Programs/MiKTeX/tex/latex/forest-ext/forest-lib-
ext.utils.sty
Package: forest-lib-ext.utils 2025-12-05 v0.1
\forestext@toksa=\toks61
)
\tagforest@toks=\toks62
\tagforest@id=\count420

[Forest ext.utils debug]:: Setting processing order for tag nodes to unique=tre
e.
[Forest ext.utils debug]:: Setting processing order for collate tags to unique=
tree.
)
[Forest ext.utils debug]:: Setting processing order for proof tree copy content
 to unique=tree.
) (<USER_HOME>/AppData/Local/Programs/MiKTeX/tex/latex/wrapfig/wrapfig.sty
\wrapoverhang=\dimen345
\WF@size=\dimen346
\c@WF@wrappedlines=\count421
\WF@box=\box106
\WF@everypar=\toks63
Package: wrapfig 2003/01/31  v 3.6
)
(<USER_HOME>/AppData/Local/Programs/MiKTeX/tex/generic/catchfile/catchfile.
sty
Package: catchfile 2019/12/09 v1.8 Catch the contents of a file (HO)

(<USER_HOME>/AppData/Local/Programs/MiKTeX/tex/generic/etexcmds/etexcmds.st
y
Package: etexcmds 2019/12/15 v1.7 Avoid name clashes with e-TeX commands (HO)
))
(<USER_HOME>/AppData/Local/Programs/MiKTeX/tex/latex/hyperref/hyperref.sty
Package: hyperref 2026-04-24 v7.01q Hypertext links for LaTeX

(<USER_HOME>/AppData/Local/Programs/MiKTeX/tex/generic/kvdefinekeys/kvdefin
ekeys.sty
Package: kvdefinekeys 2019-12-19 v1.6 Define keys (HO)
)
(<USER_HOME>/AppData/Local/Programs/MiKTeX/tex/generic/pdfescape/pdfescape.
sty
Package: pdfescape 2019/12/09 v1.15 Implements pdfTeX's escape features (HO)

(<USER_HOME>/AppData/Local/Programs/MiKTeX/tex/generic/pdftexcmds/pdftexcmd
s.sty
Package: pdftexcmds 2020-06-27 v0.33 Utility functions of pdfTeX for LuaTeX (HO
)
Package pdftexcmds Info: \pdf@primitive is available.
Package pdftexcmds Info: \pdf@ifprimitive is available.
Package pdftexcmds Info: \pdfdraftmode found.
\pdftexcmds@toks=\toks64
))
(<USER_HOME>/AppData/Local/Programs/MiKTeX/tex/latex/hycolor/hycolor.sty
Package: hycolor 2020-01-27 v1.10 Color options for hyperref/bookmark (HO)
)
(<USER_HOME>/AppData/Local/Programs/MiKTeX/tex/generic/stringenc/stringenc.
sty
Package: stringenc 2019/11/29 v1.12 Convert strings between diff. encodings (HO
)
)
\@linkdim=\dimen347
\Hy@linkcounter=\count422
\Hy@pagecounter=\count423

(<USER_HOME>/AppData/Local/Programs/MiKTeX/tex/latex/hyperref/pd1enc.def
File: pd1enc.def 2026-04-24 v7.01q Hyperref: PDFDocEncoding definition (HO)
)
(<USER_HOME>/AppData/Local/Programs/MiKTeX/tex/generic/intcalc/intcalc.sty
Package: intcalc 2019/12/15 v1.3 Expandable calculations with integers (HO)
)
\Hy@SavedSpaceFactor=\count424
(<USER_HOME>/AppData/Local/Programs/MiKTeX/tex/latex/hyperref/puenc.def
File: puenc.def 2026-04-24 v7.01q Hyperref: PDF Unicode definition (HO)
)
Package hyperref Info: Hyper figures OFF on input line 4199.
Package hyperref Info: Link nesting OFF on input line 4204.
Package hyperref Info: Hyper index ON on input line 4207.
Package hyperref Info: Plain pages OFF on input line 4214.
Package hyperref Info: Backreferencing OFF on input line 4219.
Package hyperref Info: Implicit mode ON; LaTeX internals redefined.
Package hyperref Info: Bookmarks ON on input line 4466.
\c@Hy@tempcnt=\count425

(<USER_HOME>/AppData/Local/Programs/MiKTeX/tex/latex/url/url.sty
\Urlmuskip=\muskip21
Package: url 2013/09/16  ver 3.4  Verb mode for urls, etc.
)
LaTeX Info: Redefining \url on input line 4805.
\XeTeXLinkMargin=\dimen348

(<USER_HOME>/AppData/Local/Programs/MiKTeX/tex/generic/bitset/bitset.sty
Package: bitset 2019/12/09 v1.3 Handle bit-vector datatype (HO)

(<USER_HOME>/AppData/Local/Programs/MiKTeX/tex/generic/bigintcalc/bigintcal
c.sty
Package: bigintcalc 2019/12/15 v1.5 Expandable calculations on big integers (HO
)
))
\Fld@menulength=\count426
\Field@Width=\dimen349
\Fld@charsize=\dimen350
Package hyperref Info: Hyper figures OFF on input line 6091.
Package hyperref Info: Link nesting OFF on input line 6096.
Package hyperref Info: Hyper index ON on input line 6099.
Package hyperref Info: backreferencing OFF on input line 6106.
Package hyperref Info: Link coloring OFF on input line 6111.
Package hyperref Info: Link coloring with OCG OFF on input line 6116.
Package hyperref Info: PDF/A mode OFF on input line 6121.
\Hy@abspage=\count427
\c@Item=\count428
\c@Hfootnote=\count429
)
Package hyperref Info: Driver (autodetected): hluatex.

(<USER_HOME>/AppData/Local/Programs/MiKTeX/tex/latex/hyperref/hluatex.def
File: hluatex.def 2026-04-24 v7.01q Hyperref driver for luaTeX
\Fld@listcount=\count430
\c@bookmark@seq@number=\count431

(<USER_HOME>/AppData/Local/Programs/MiKTeX/tex/latex/rerunfilecheck/rerunfi
lecheck.sty
Package: rerunfilecheck 2025-06-21 v1.11 Rerun checks for auxiliary files (HO)

(<USER_HOME>/AppData/Local/Programs/MiKTeX/tex/generic/uniquecounter/unique
counter.sty
Package: uniquecounter 2019/12/15 v1.4 Provide unlimited unique counter (HO)
)
Package uniquecounter Info: New unique counter `rerunfilecheck' on input line 2
84.
)
\Hy@SectionHShift=\skip265
)
(<USER_HOME>/AppData/Local/Programs/MiKTeX/tex/latex/memoir/memhfixc.sty
Package: memhfixc 2025/09/16 v1.24 hyperref package fixes for memoir class
\c@memhycontfloat=\count432
\c@mem@Hpagenote=\count433
)
Package hyperref Info: Option `hypertexnames' set `false' on input line 70.
Package hyperref Info: Option `breaklinks' set `true' on input line 70.


Package hyperref Warning: Option `bookmarks' has already been used,
(hyperref)                setting the option has no effect on input line 70.

Package hyperref Info: Option `bookmarksopen' set `true' on input line 70.
Package hyperref Info: Option `colorlinks' set `true' on input line 70.
(<USER_HOME>/AppData/Local/Programs/MiKTeX/tex/latex/ntheorem/ntheorem.sty
Style `ntheorem', Version 1.33 <2011/08/15>
Package: ntheorem 2011/08/15 1.33
\theorem@style=\toks65
\theorem@@style=\toks66
\theorembodyfont=\toks67
\theoremnumbering=\toks68
\theorempreskipamount=\skip266
\theorempostskipamount=\skip267
\theoremframepreskipamount=\skip268
\theoremframepostskipamount=\skip269
\theoreminframepreskipamount=\skip270
\theoreminframepostskipamount=\skip271
\theorem@preskip=\toks69
\theorem@postskip=\toks70
\theorem@framepreskip=\toks71
\theorem@framepostskip=\toks72
\theorem@inframepreskip=\toks73
\theorem@inframepostskip=\toks74
\theoremindent=\dimen351
\theorem@indent=\dimen352
\theoremrightindent=\dimen353
\theorem@rightindent=\dimen354
\theoremheaderfont=\toks75
\theoremseparator=\toks76
\theoremprework=\toks77
\theorempostwork=\toks78
\theoremsymbol=\toks79
\qedsymbol=\toks80
\theoremkeyword=\toks81
\qedsymbol=\toks82
\thm@topsep=\skip272
\thm@topsepadd=\skip273
Package ntheorem Info: Option `thmmarks' loaded on input line 1175.
\c@endNonectr=\count434
\c@currNonectr=\count435
\mysavskip=\skip274
Package ntheorem Info: option `amsmath' handling for `thmmarks' loaded on input
 line 1175.
\thm@amstmpdepth=\dimen355
\tagwidth=\dimen356
Package ntheorem Info: Option `amsthm' loaded on input line 1175.
\c@proof=\count436
\c@currproofctr=\count437
\c@endproofctr=\count438
)
(<USER_HOME>/AppData/Local/Programs/MiKTeX/tex/latex/thmtools/thmtools.sty
Package: thmtools 2023/05/04 v0.76
\thmt@toks=\toks83
\c@thmt@dummyctr=\count439

(<USER_HOME>/AppData/Local/Programs/MiKTeX/tex/latex/thmtools/thm-patch.sty
Package: thm-patch 2023/05/04 v0.76

(<USER_HOME>/AppData/Local/Programs/MiKTeX/tex/latex/thmtools/parseargs.sty
Package: parseargs 2023/05/04 v0.76
\@parsespec=\toks84
)) (<USER_HOME>/AppData/Local/Programs/MiKTeX/tex/latex/thmtools/thm-kv.sty
Package: thm-kv 2023/05/04 v0.76
Package thm-kv Info: Theorem names will be uppercased on input line 42.
Package thm-kv Info: kvsetkeys patch (v1.16 or later) on input line 158.
)
(<USER_HOME>/AppData/Local/Programs/MiKTeX/tex/latex/thmtools/thm-autoref.s
ty
Package: thm-autoref 2023/05/04 v0.76

(<USER_HOME>/AppData/Local/Programs/MiKTeX/tex/latex/thmtools/aliasctr.sty
Package: aliasctr 2023/05/04 v0.76
))
(<USER_HOME>/AppData/Local/Programs/MiKTeX/tex/latex/thmtools/thm-listof.st
y
Package: thm-listof 2023/05/04 v0.76
)
(<USER_HOME>/AppData/Local/Programs/MiKTeX/tex/latex/thmtools/thm-restate.s
ty
Package: thm-restate 2023/05/04 v0.76
)
(<USER_HOME>/AppData/Local/Programs/MiKTeX/tex/latex/thmtools/thm-ntheorem.
sty
Package: thm-ntheorem 2023/05/04 v0.76
))
(<USER_HOME>/AppData/Local/Programs/MiKTeX/tex/latex/cleveref/cleveref.sty
Package: cleveref 2018/03/27 v0.21.4 Intelligent cross-referencing
Package cleveref Info: `hyperref' support loaded on input line 2370.
LaTeX Info: Redefining \cref on input line 2370.
LaTeX Info: Redefining \Cref on input line 2370.
LaTeX Info: Redefining \crefrange on input line 2370.
LaTeX Info: Redefining \Crefrange on input line 2370.
LaTeX Info: Redefining \cpageref on input line 2370.
LaTeX Info: Redefining \Cpageref on input line 2370.
LaTeX Info: Redefining \cpagerefrange on input line 2370.
LaTeX Info: Redefining \Cpagerefrange on input line 2370.
LaTeX Info: Redefining \labelcref on input line 2370.
LaTeX Info: Redefining \labelcpageref on input line 2370.
Package cleveref Info: `ntheorem' support loaded on input line 3055.
Package cleveref Info: always capitalise cross-reference names on input line 78
30.
Package cleveref Info: include cross-reference names in hyperlinks on input lin
e 7836.
Package cleveref Info: always capitalise cross-reference names on input line 78
52.
Package cleveref Info: include cross-reference names in hyperlinks on input lin
e 7852.
)
==> First Aid for cleveref.sty applied!
(../../open-logic-locale.sty) (../../sty/open-logic-referencing.sty
File: open-logic-referencing.sty 
)
(../../sty/open-logic-formulas.sty
File: open-logic-formulas 
) (../../sty/open-logic-tokenize.sty
File: open-logic-tokenize 
Package babel Info: Making ! an active character on input line 116.
)
(../../sty/open-logic-selective.sty
File: open-logic-selective.sty 

(<USER_HOME>/AppData/Local/Programs/MiKTeX/tex/latex/xpunctuate/xpunctuate.
sty
Package: xpunctuate 2023/08/13 v2.0 punctuation after command names (PGR)
 (<USER_HOME>/AppData/Local/Programs/MiKTeX/tex/latex/tools/xspace.sty
Package: xspace 2014/10/28 v1.13 Space after command names (DPC,MH)
)
\xpnct@tok=\toks85
)
\c@tagnum=\count440
) (../../sty/bussproofs-extra.sty

LaTeX Warning: You have requested file `',
               but the file provides `bussproofs-extra'.

Package: bussproofs-extra 2019/05/31 0.4 Extra commands for bussproofs.sty
\CenterCorrection=\dimen357
\DiagCorrection=\dimen358
\myBoxLLL=\box107
\myBoxRLL=\box108
) (../../sty/ptolemaicastronomy.sty

LaTeX Warning: You have requested file `',
               but the file provides `ptolemaicastronomy'.

Package: ptolemaicastronomy 
) (../../open-logic-config.sty
(<USER_HOME>/AppData/Local/Programs/MiKTeX/tex/latex/stmaryrd/stmaryrd.sty
Package: stmaryrd 1994/03/03 St Mary's Road symbol package
\symstmry=\mathgroup6
LaTeX Font Info:    Overwriting symbol font `stmry' in version `bold'
(Font)                  U/stmry/m/n --> U/stmry/b/n on input line 89.
)
Package open-logic-tokenize Info: Setting token height to height / heights on i
nput line 881.
Package open-logic-tokenize Info: Setting token hp to hp / hp on input line 882
.
Package open-logic-tokenize Info: Setting token depth to depth / depths on inpu
t line 888.

(<USER_HOME>/AppData/Local/Programs/MiKTeX/tex/generic/pgf/frontendlayer/ti
kz/libraries/tikzlibrarylindenmayersystems.code.tex
(<USER_HOME>/AppData/Local/Programs/MiKTeX/tex/generic/pgf/libraries/pgflib
rarylindenmayersystems.code.tex
\pgflsystemstep=\dimen359
\c@pgf@lsystem@iteration=\count441
))
Package open-logic-tokenize Info: Setting token language to language / language
s on input line 1357.
Package open-logic-tokenize Info: Setting token formula to formula / formulas o
n input line 1362.
Package open-logic-tokenize Info: Setting token subformula to subformula / subf
ormulas on input line 1367.
Package open-logic-tokenize Info: Setting token sentence to sentence / sentence
s on input line 1372.
Package open-logic-tokenize Info: Setting token variable to variable / variable
s on input line 1377.
Package open-logic-tokenize Info: Setting token propositional variable to propo
sitional variable / propositional variables on input line 1383.
Package open-logic-tokenize Info: Setting token constant to constant symbol / c
onstant symbols on input line 1388.
Package open-logic-tokenize Info: Setting token predicate to predicate symbol /
 predicate symbols on input line 1392.
Package open-logic-tokenize Info: Setting token function to function symbol / f
unction symbols on input line 1396.
Package open-logic-tokenize Info: Setting token operator to logical operator / 
logical operators on input line 1400.
Package open-logic-tokenize Info: Setting token main operator to main operator 
/ main operators on input line 1405.
Package open-logic-tokenize Info: Setting token free for to free for / free for
 on input line 1410.
Package open-logic-tokenize Info: Setting token identity to identity predicate 
/ identity predicates on input line 1415.
Package open-logic-tokenize Info: Setting token conditional to conditional / co
nditionals on input line 1420.
Package open-logic-tokenize Info: Setting token biconditional to biconditional 
/ biconditionals on input line 1425.
Package open-logic-tokenize Info: Setting token falsity to falsity / falsities 
on input line 1430.
Package open-logic-tokenize Info: Setting token truth to truth / truth on input
 line 1435.
Package open-logic-tokenize Info: Setting token structure to structure / struct
ures on input line 1440.
Package open-logic-tokenize Info: Setting token valuation to valuation / valuat
ions on input line 1444.
Package open-logic-tokenize Info: Setting token domain to domain / domains on i
nput line 1448.
Package open-logic-tokenize Info: Setting token value to value / values on inpu
t line 1452.
Package open-logic-tokenize Info: Setting token relational model to relational 
model / relational models on input line 1457.
Package open-logic-tokenize Info: Setting token derivation to derivation / deri
vations on input line 1461.
Package open-logic-tokenize Info: Setting token derive to derive / derives on i
nput line 1465.
Package open-logic-tokenize Info: Setting token derivable to derivable / deriva
ble on input line 1469.
Package open-logic-tokenize Info: Setting token derivability to derivability / 
derivabilities on input line 1473.
Package open-logic-tokenize Info: Setting token nonderivability to non-derivabi
lity / non-derivabilities on input line 1477.
Package open-logic-tokenize Info: Setting token proof to derivation / derivatio
ns on input line 1483.
Package open-logic-tokenize Info: Setting token prove to derive / derives on in
put line 1484.
Package open-logic-tokenize Info: Setting token proving to deriving / deriving 
on input line 1485.
Package open-logic-tokenize Info: Setting token provable to derivable / derivab
le on input line 1486.
Package open-logic-tokenize Info: Setting token provability to derivability / d
erivabilities on input line 1487.
Package open-logic-tokenize Info: Setting token nonprovability to non-derivabil
ity / non-derivabilities on input line 1488.
Package open-logic-tokenize Info: Setting token introduction to introduction / 
introductions on input line 1490.
Package open-logic-tokenize Info: Setting token elimination to elimination / el
imination on input line 1491.
Package open-logic-tokenize Info: Setting token tableau to tableau / tableaux o
n input line 1495.
Package open-logic-tokenize Info: Setting token signed formula to signed formul
a / signed formulas on input line 1499.
Package open-logic-tokenize Info: Setting token complete to complete / complete
 on input line 1503.
Package open-logic-tokenize Info: Setting token axiomatizable to axiomatizable 
/ axiomatizable on input line 1507.
Package open-logic-tokenize Info: Setting token axiomatized to axiomatized / ax
iomatized on input line 1508.
Package open-logic-tokenize Info: Setting token axiomatizability to axiomatizab
ility / axiomatizability on input line 1509.
Package open-logic-tokenize Info: Setting token represents to represents / repr
esent on input line 1513.
Package open-logic-tokenize Info: Setting token representable to representable 
/ representable on input line 1514.
Package open-logic-tokenize Info: Setting token discharge to discharge / discha
rges on input line 1519.
Package open-logic-tokenize Info: Setting token discharged to discharged / disc
harged on input line 1520.
Package open-logic-tokenize Info: Setting token undischarged to undischarged / 
undischarged on input line 1521.
Package open-logic-tokenize Info: Setting token complete to complete / complete
 on input line 1525.
Package open-logic-tokenize Info: Setting token enumerable to enumerable / enum
erable on input line 1530.
Package open-logic-tokenize Info: Setting token nonenumerable to non-enumerable
 / non-enumerable on input line 1535.
Package open-logic-tokenize Info: Setting token denumerable to denumerable / de
numerable on input line 1540.
Package open-logic-tokenize Info: Setting token element to element / elements o
n input line 1544.
Package open-logic-tokenize Info: Setting token injective to injective / inject
ive on input line 1549.
Package open-logic-tokenize Info: Setting token injection to injection / inject
ions on input line 1550.
Package open-logic-tokenize Info: Setting token surjective to surjective / surj
ective on input line 1554.
Package open-logic-tokenize Info: Setting token surjection to surjection / surj
ections on input line 1555.
Package open-logic-tokenize Info: Setting token bijective to bijective / biject
ive on input line 1560.
Package open-logic-tokenize Info: Setting token bijection to bijection / biject
ions on input line 1561.
Package open-logic-tokenize Info: Setting token decidable to decidable / decida
ble on input line 1565.
Package open-logic-tokenize Info: Setting token computably enumerable to comput
ably enumerable / computably enumerable on input line 1567.
Package open-logic-tokenize Info: Setting token c.e. to c.e.\spacefactor \@m {}
 / c.e.\spacefactor \@m {} on input line 1568.
Package open-logic-tokenize Info: Setting token argument to argument / argument
s on input line 1570.
Package open-logic-tokenize Info: Setting token parameter to parameter / parame
ters on input line 1571.
Package open-logic-tokenize Info: Setting token lambda define to $\lambd $-defi
ne / $\lambd $-defines on input line 1575.
Package open-logic-tokenize Info: Setting token lambda defined to $\lambd $-def
ined / $\lambd $-defined on input line 1577.
Package open-logic-tokenize Info: Setting token lambda definable to $\lambd $-d
efinable / $\lambd $-definable on input line 1578.
Package open-logic-tokenize Info: Setting token colorC to red / red on input li
ne 1677.
Package open-logic-tokenize Info: Setting token colorD to blue / blue on input 
line 1678.
)
Package open-logic-tokenize Info: Setting token colorE to green / green on inpu
t line 136.
 (../../locale/fa-IR/open-logic-config.sty
File: open-logic-config.sty 2026/08/13 Persian (Iran) locale configuration
Package open-logic-tokenize Info: Setting token element to عضو / اعضا on
 input line 12.
Package open-logic-tokenize Info: Setting token formula to فرمول / فرم
ول‌ها on input line 13.
Package open-logic-tokenize Info: Setting token sentence to جمله / جمل
ه‌ها on input line 14.
Package open-logic-tokenize Info: Setting token constant to ثابت / ثاب
ت‌ها on input line 15.
Package open-logic-tokenize Info: Setting token variable to متغیر / مت
غیرها on input line 16.
Package open-logic-tokenize Info: Setting token function to تابع / تاب
ع‌ها on input line 17.
Package open-logic-tokenize Info: Setting token predicate to محمول / مح
مول‌ها on input line 18.
Package open-logic-tokenize Info: Setting token domain to دامنه / دام
نه‌ها on input line 19.
Package open-logic-tokenize Info: Setting token language to زبان / زبا
ن‌ها on input line 20.
Package open-logic-tokenize Info: Setting token subformula to زیر‌فرم
ول / زیر‌فرمول‌ها on input line 21.
Package open-logic-tokenize Info: Setting token value to ارزش / ارزش
‌ها on input line 22.
Package open-logic-tokenize Info: Setting token propositional variable to مت
غیر گزاره‌ای / متغیرهای گزاره‌ای on input line 23.

Package open-logic-tokenize Info: Setting token denumerable to شمارای ن
امتناهی / شمارای نامتناهی on input line 24.
Package open-logic-tokenize Info: Setting token falsity to کذب / کذب‌
ها on input line 25.
Package open-logic-tokenize Info: Setting token truth to صدق / صدق‌ه
ا on input line 26.
Package open-logic-tokenize Info: Setting token conditional to شرطی / شر
طی‌ها on input line 27.
Package open-logic-tokenize Info: Setting token biconditional to دوشرطی /
 دوشرطی‌ها on input line 28.
Package open-logic-tokenize Info: Setting token operator to عملگر / عم
لگرها on input line 29.
Package open-logic-tokenize Info: Setting token main operator to عملگر ا
صلی / عملگرهای اصلی on input line 30.
Package open-logic-tokenize Info: Setting token structure to ساختار / س
اختارها on input line 31.
Package open-logic-tokenize Info: Setting token identity to همانی / هم
انی‌ها on input line 32.
Package open-logic-tokenize Info: Setting token valuation to ارزش‌گذا
ری / ارزش‌گذاری‌ها on input line 33.
Package open-logic-tokenize Info: Setting token derivation to اشتقاق / 
اشتقاق‌ها on input line 34.
Package open-logic-tokenize Info: Setting token derive to اشتقاق / اش
تقاق on input line 35.
Package open-logic-tokenize Info: Setting token derivable to اشتقاق‌پ
ذیر / اشتقاق‌پذیر on input line 36.
Package open-logic-tokenize Info: Setting token derivability to اشتقاق
‌پذیری / اشتقاق‌پذیری on input line 37.
Package open-logic-tokenize Info: Setting token nonderivability to اشتقا
ق‌ناپذیری / اشتقاق‌ناپذیری on input line 38.
Package open-logic-tokenize Info: Setting token proof to برهان / برها
ن‌ها on input line 39.
Package open-logic-tokenize Info: Setting token prove to اثبات / اثبا
ت on input line 40.
Package open-logic-tokenize Info: Setting token proving to اثبات / اثب
ات on input line 41.
Package open-logic-tokenize Info: Setting token provable to اثبات‌پذ
یر / اثبات‌پذیر on input line 42.
Package open-logic-tokenize Info: Setting token introduction to معرفی / 
معرفی‌ها on input line 43.
Package open-logic-tokenize Info: Setting token elimination to حذف / حذف
‌ها on input line 44.
Package open-logic-tokenize Info: Setting token height to ارتفاع / ار
تفاع‌ها on input line 45.
Package open-logic-tokenize Info: Setting token depth to عمق / عمق‌ه
ا on input line 46.
Package open-logic-tokenize Info: Setting token hp to hp / hp on input line 47.

Package open-logic-tokenize Info: Setting token free for to آزاد برای 
جانشانی / آزاد برای جانشانی on input line 48.
Package open-logic-tokenize Info: Setting token complete to کامل / کام
ل on input line 49.
Package open-logic-tokenize Info: Setting token decidable to تصمیم‌پذ
یر / تصمیم‌پذیر on input line 50.
Package open-logic-tokenize Info: Setting token axiomatizable to اصل‌مو
ضوعی‌پذیر / اصل‌موضوعی‌پذیر on input line 51.
Package open-logic-tokenize Info: Setting token axiomatized to اصل‌بند
ی‌شده / اصل‌بندی‌شده on input line 52.
Package open-logic-tokenize Info: Setting token axiomatizability to اصل‌
موضوعی‌پذیری / اصل‌موضوعی‌پذیری on input line 53
.
Package open-logic-tokenize Info: Setting token computably enumerable to مح
اسبه‌پذیرِ برشمردنی / محاسبه‌پذیرِ برشمر
دنی on input line 54.
Package open-logic-tokenize Info: Setting token c.e. to م.ب. / م.ب. on inpu
t line 55.
Package open-logic-tokenize Info: Setting token represents to بازنمایی 
می‌کند / بازنمایی می‌کنند on input line 56.
Package open-logic-tokenize Info: Setting token tableau to تابلو / تاب
لوها on input line 57.
Package open-logic-tokenize Info: Setting token signed formula to فرمول 
علامت‌دار / فرمول‌های علامت‌دار on input line 58.

Package open-logic-tokenize Info: Setting token discharge to رفع / رفع on
 input line 59.
Package open-logic-tokenize Info: Setting token discharged to رفع‌شده /
 رفع‌شده on input line 60.
Package open-logic-tokenize Info: Setting token undischarged to رفع‌نش
ده / رفع‌نشده on input line 61.
Package open-logic-tokenize Info: Setting token injective to یک‌به‌ی
ک / یک‌به‌یک on input line 62.
Package open-logic-tokenize Info: Setting token injection to نگاشت یک
‌به‌یک / نگاشت‌های یک‌به‌یک on input line 63.
Package open-logic-tokenize Info: Setting token surjective to پوشا / پو
شا on input line 64.
Package open-logic-tokenize Info: Setting token surjection to نگاشت پو
شا / نگاشت‌های پوشا on input line 65.
Package open-logic-tokenize Info: Setting token bijective to دوسویی / د
وسویی on input line 66.
Package open-logic-tokenize Info: Setting token bijection to تناظر دوس
ویی / تناظرهای دوسویی on input line 67.
Package open-logic-tokenize Info: Setting token enumerable to شمارا / ش
مارا on input line 68.
Package open-logic-tokenize Info: Setting token nonenumerable to ناشمار
ا / ناشمارا on input line 69.
Package open-logic-tokenize Info: Setting token lambda define to با لامب
دا تعریف می‌کند / با لامبدا تعریف می‌کند on i
nput line 70.
Package open-logic-tokenize Info: Setting token lambda defined to تعریف
‌شده با لامبدا / تعریف‌شده با لامبدا on input li
ne 71.
Package open-logic-tokenize Info: Setting token lambda definable to تعریف
‌پذیر با لامبدا / تعریف‌پذیر با لامبدا on inpu
t line 72.
Package open-logic-tokenize Info: Setting token parameter to پارامتر / 
پارامترها on input line 73.
)
(../../open-logic-envs.sty
\c@currthmctr=\count442
\c@endthmctr=\count443
\c@thm=\count444
\c@currexctr=\count445
\c@endexctr=\count446
\c@currlemctr=\count447
\c@endlemctr=\count448
\c@currpropctr=\count449
\c@endpropctr=\count450
\c@currcorctr=\count451
\c@endcorctr=\count452
\c@currdefnctr=\count453
\c@enddefnctr=\count454
\c@currprobctr=\count455
\c@endprobctr=\count456
\c@prob=\count457
\c@currprobdctr=\count458
\c@endprobdctr=\count459
\c@probd=\count460
\c@curraxiomctr=\count461
\c@endaxiomctr=\count462
\c@axiom=\count463
\c@currremctr=\count464
\c@endremctr=\count465
\c@rem=\count466
\c@currnotectr=\count467
\c@endnotectr=\count468
\c@note=\count469
\c@currcasectr=\count470
\c@endcasectr=\count471
\c@case=\count472
\c@currconvctr=\count473
\c@endconvctr=\count474
\c@conv=\count475
)
\gnBoxA=\box109
\gnCornerHgt=\dimen360
LaTeX Font Info:    Trying to load font information for U+msa on input line 215
.

(<USER_HOME>/AppData/Local/Programs/MiKTeX/tex/latex/amsfonts/umsa.fd
File: umsa.fd 2013/01/14 v3.01 AMS symbols A
)
LaTeX Font Info:    Trying to load font information for U+msb on input line 215
.

(<USER_HOME>/AppData/Local/Programs/MiKTeX/tex/latex/amsfonts/umsb.fd
File: umsb.fd 2013/01/14 v3.01 AMS symbols B
)
LaTeX Font Info:    Trying to load font information for U+stmry on input line 2
15.

(<USER_HOME>/AppData/Local/Programs/MiKTeX/tex/latex/stmaryrd/ustmry.fd)
\gnArgHgt=\dimen361
\symsymbolsC=\mathgroup7
\c@pcrdepth=\count476
\olphotowidth=\skip275
)
(../../locale/fa-IR/open-logic-locale.sty) (../../sty/open-logic-defer.sty
File: open-logic-defer.sty 

(<USER_HOME>/AppData/Local/Programs/MiKTeX/tex/latex/answers/answers.sty
Package: answers 2014/08/24 v2.16 Production of solution sheets in LaTeX2e
)
\c@probdeferred=\count477
\c@probdeferredtag=\count478

Output from handle open-logic-closure-supplement-fa-IR-screen going to open-log
ic-closure-supplement-fa-IR-screen.prb
\open-logic-closure-supplement-fa-IR-screen@file=\write6

\openout6 = open-logic-closure-supplement-fa-IR-screen.prb
)
Package hyperref Info: Option `unicode' set `true' on input line 145.

Package fontspec Info: 
(fontspec)             Language 'Persian' not explicitly supported within font
(fontspec)             'Scheherazade-Regular.ttf' with script 'Arabic'. Check
(fontspec)             the typeset output, and if it is okay then ignore this
(fontspec)             warning. Otherwise a different font should be chosen.


Package fontspec Info: 
(fontspec)             Scheherazade-Regular.ttf scale = 1.08.


Package fontspec Info: 
(fontspec)             Scheherazade-Regular scale = 1.08.


Package fontspec Info: 
(fontspec)             Scheherazade-Bold scale = 1.08.


Package fontspec Info: 
(fontspec)             Scheherazade-Regular scale = 1.08.


Package fontspec Info: 
(fontspec)             Font family 'Scheherazade-Regular.ttf(0)' created for
(fontspec)             font 'Scheherazade-Regular.ttf' with options
(fontspec)             [Renderer=Harfbuzz,Ligatures=TeX,Script=Arabic,Language=
Persian,RawFeature={family=rm},Path=../../../00_control/fonts/scheherazade-2.10
0/,UprightFont=Scheherazade-Regular.ttf,BoldFont=Scheherazade-Bold.ttf,AutoFake
Slant=0.15,Renderer=HarfBuzz,Scale=1.08].
(fontspec)              
(fontspec)              This font family consists of the following NFSS
(fontspec)             series/shapes:
(fontspec)              
(fontspec)             - 'normal' (m/n) with NFSS spec.:
(fontspec)             <->s*[1.08]"[../../../00_control/fonts/scheherazade-2.10
0/Scheherazade-Regular.ttf]:mode=harf;script=arab;language=FAR;+tlig;family=rm;
"
(fontspec)             - 'bold' (b/n) with NFSS spec.:
(fontspec)             <->s*[1.08]"[../../../00_control/fonts/scheherazade-2.10
0/Scheherazade-Bold.ttf]:mode=harf;script=arab;language=FAR;+tlig;family=rm;"
(fontspec)             - 'italic' (m/it) with NFSS spec.:
(fontspec)             <->s*[1.08]"[../../../00_control/fonts/scheherazade-2.10
0/Scheherazade-Regular.ttf]:mode=harf;script=arab;language=FAR;slant=0.15;+tlig
;family=rm;"

LaTeX Font Info:    Font shape `TU/Scheherazade-Regular.ttf(0)/m/n' will be
(Font)              scaled to size 18.66243pt on input line 189.

Package fontspec Info: 
(fontspec)             Language 'Persian' not explicitly supported within font
(fontspec)             'Scheherazade-Regular.ttf' with script 'Arabic'. Check
(fontspec)             the typeset output, and if it is okay then ignore this
(fontspec)             warning. Otherwise a different font should be chosen.


Package fontspec Info: 
(fontspec)             Scheherazade-Regular.ttf scale = 1.08.


Package fontspec Info: 
(fontspec)             Scheherazade-Regular scale = 1.08.


Package fontspec Info: 
(fontspec)             Scheherazade-Bold scale = 1.08.


Package fontspec Info: 
(fontspec)             Scheherazade-Regular scale = 1.08.


Package fontspec Info: 
(fontspec)             Font family 'Scheherazade-Regular.ttf(1)' created for
(fontspec)             font 'Scheherazade-Regular.ttf' with options
(fontspec)             [Renderer=Harfbuzz,Ligatures=TeX,Script=Arabic,Language=
Persian,RawFeature={family=sf},Path=../../../00_control/fonts/scheherazade-2.10
0/,UprightFont=Scheherazade-Regular.ttf,BoldFont=Scheherazade-Bold.ttf,AutoFake
Slant=0.15,Renderer=HarfBuzz,Scale=1.08].
(fontspec)              
(fontspec)              This font family consists of the following NFSS
(fontspec)             series/shapes:
(fontspec)              
(fontspec)             - 'normal' (m/n) with NFSS spec.:
(fontspec)             <->s*[1.08]"[../../../00_control/fonts/scheherazade-2.10
0/Scheherazade-Regular.ttf]:mode=harf;script=arab;language=FAR;+tlig;family=sf;
"
(fontspec)             - 'bold' (b/n) with NFSS spec.:
(fontspec)             <->s*[1.08]"[../../../00_control/fonts/scheherazade-2.10
0/Scheherazade-Bold.ttf]:mode=harf;script=arab;language=FAR;+tlig;family=sf;"
(fontspec)             - 'italic' (m/it) with NFSS spec.:
(fontspec)             <->s*[1.08]"[../../../00_control/fonts/scheherazade-2.10
0/Scheherazade-Regular.ttf]:mode=harf;script=arab;language=FAR;slant=0.15;+tlig
;family=sf;"

LaTeX Font Info:    Font shape `TU/Scheherazade-Regular.ttf(1)/m/n' will be
(Font)              scaled to size 18.66243pt on input line 189.
\tikzscale@accuracy=\skip276

(<USER_HOME>/Documents/interlanguage/03_projects/language_management/arabic
_persianate_rtl/03_working_translations/openlogic/fa-IR/locale/fa-IR/output-scr
een-16x9-reflow/open-logic-closure-supplement-fa-IR-screen.aux

Package fontspec Info: 
(fontspec)             Language 'English' not explicitly supported within font
(fontspec)             'TeX Gyre Pagella' with script 'Latin'. Check the
(fontspec)             typeset output, and if it is okay then ignore this
(fontspec)             warning. Otherwise a different font should be chosen.


Package fontspec Info: 
(fontspec)             Font family 'TeXGyrePagella(1)' created for font 'TeX
(fontspec)             Gyre Pagella' with options
(fontspec)             [Ligatures=TeX,Script=Latin,Language=English,RawFeature=
{family=rm},Ligatures=TeX].
(fontspec)              
(fontspec)              This font family consists of the following NFSS
(fontspec)             series/shapes:
(fontspec)              
(fontspec)             - 'normal' (m/n) with NFSS spec.: <->"name:TeX Gyre
(fontspec)             Pagella:mode=node;script=latn;language=ENG;family=rm;+tl
ig;"
(fontspec)             - 'small caps'  (m/sc) with NFSS spec.: <->"name:TeX
(fontspec)             Gyre
(fontspec)             Pagella:mode=node;script=latn;language=ENG;family=rm;+tl
ig;+smcp;"
(fontspec)             - 'bold' (b/n) with NFSS spec.: <->"name:TeX Gyre
(fontspec)             Pagella/B:mode=node;script=latn;language=ENG;family=rm;+
tlig;"
(fontspec)             - 'bold small caps'  (b/sc) with NFSS spec.:
(fontspec)             <->"name:TeX Gyre
(fontspec)             Pagella/B:mode=node;script=latn;language=ENG;family=rm;+
tlig;+smcp;"
(fontspec)             - 'italic' (m/it) with NFSS spec.: <->"name:TeX Gyre
(fontspec)             Pagella/I:mode=node;script=latn;language=ENG;family=rm;+
tlig;"
(fontspec)             - 'italic small caps'  (m/scit) with NFSS spec.:
(fontspec)             <->"name:TeX Gyre
(fontspec)             Pagella/I:mode=node;script=latn;language=ENG;family=rm;+
tlig;+smcp;"
(fontspec)             - 'bold italic' (b/it) with NFSS spec.: <->"name:TeX
(fontspec)             Gyre
(fontspec)             Pagella/BI:mode=node;script=latn;language=ENG;family=rm;
+tlig;"
(fontspec)             - 'bold italic small caps'  (b/scit) with NFSS spec.:
(fontspec)             <->"name:TeX Gyre
(fontspec)             Pagella/BI:mode=node;script=latn;language=ENG;family=rm;
+tlig;+smcp;"


Package fontspec Info: 
(fontspec)             Language 'English' not explicitly supported within font
(fontspec)             'TeX Gyre Heros' with script 'Latin'. Check the typeset
(fontspec)             output, and if it is okay then ignore this warning.
(fontspec)             Otherwise a different font should be chosen.


Package fontspec Info: 
(fontspec)             Font family 'TeXGyreHeros(1)' created for font 'TeX
(fontspec)             Gyre Heros' with options
(fontspec)             [Ligatures=TeX,Script=Latin,Language=English,RawFeature=
{family=sf},Ligatures=TeX].
(fontspec)              
(fontspec)              This font family consists of the following NFSS
(fontspec)             series/shapes:
(fontspec)              
(fontspec)             - 'normal' (m/n) with NFSS spec.: <->"name:TeX Gyre
(fontspec)             Heros:mode=node;script=latn;language=ENG;family=sf;+tlig
;"
(fontspec)             - 'small caps'  (m/sc) with NFSS spec.: <->"name:TeX
(fontspec)             Gyre
(fontspec)             Heros:mode=node;script=latn;language=ENG;family=sf;+tlig
;+smcp;"
(fontspec)             - 'bold' (b/n) with NFSS spec.: <->"name:TeX Gyre
(fontspec)             Heros/B:mode=node;script=latn;language=ENG;family=sf;+tl
ig;"
(fontspec)             - 'bold small caps'  (b/sc) with NFSS spec.:
(fontspec)             <->"name:TeX Gyre
(fontspec)             Heros/B:mode=node;script=latn;language=ENG;family=sf;+tl
ig;+smcp;"
(fontspec)             - 'italic' (m/it) with NFSS spec.: <->"name:TeX Gyre
(fontspec)             Heros/I:mode=node;script=latn;language=ENG;family=sf;+tl
ig;"
(fontspec)             - 'italic small caps'  (m/scit) with NFSS spec.:
(fontspec)             <->"name:TeX Gyre
(fontspec)             Heros/I:mode=node;script=latn;language=ENG;family=sf;+tl
ig;+smcp;"
(fontspec)             - 'bold italic' (b/it) with NFSS spec.: <->"name:TeX
(fontspec)             Gyre
(fontspec)             Heros/BI:mode=node;script=latn;language=ENG;family=sf;+t
lig;"
(fontspec)             - 'bold italic small caps'  (b/scit) with NFSS spec.:
(fontspec)             <->"name:TeX Gyre
(fontspec)             Heros/BI:mode=node;script=latn;language=ENG;family=sf;+t
lig;+smcp;"


Package fontspec Info: 
(fontspec)             Language 'English' not explicitly supported within font
(fontspec)             'Latin Modern Mono' with script 'Latin'. Check the
(fontspec)             typeset output, and if it is okay then ignore this
(fontspec)             warning. Otherwise a different font should be chosen.


Package fontspec Info: 
(fontspec)             Could not resolve font "Latin Modern Mono/BI" (it
(fontspec)             probably doesn't exist).


Package fontspec Info: 
(fontspec)             Could not resolve font "Latin Modern Mono/B" (it
(fontspec)             probably doesn't exist).


Package fontspec Info: 
(fontspec)             Font family 'LatinModernMono(1)' created for font
(fontspec)             'Latin Modern Mono' with options
(fontspec)             [WordSpace={1,0,0},HyphenChar=None,PunctuationSpace=Word
Space,Script=Latin,Language=English,RawFeature={family=tt}].
(fontspec)              
(fontspec)              This font family consists of the following NFSS
(fontspec)             series/shapes:
(fontspec)              
(fontspec)             - 'normal' (m/n) with NFSS spec.: <->"name:Latin Modern
(fontspec)             Mono:mode=node;script=latn;language=ENG;family=tt;"
(fontspec)             - 'italic' (m/it) with NFSS spec.: <->"name:Latin
(fontspec)             Modern
(fontspec)             Mono/I:mode=node;script=latn;language=ENG;family=tt;"

)
\openout1 = open-logic-closure-supplement-fa-IR-screen.aux

LaTeX Font Info:    Checking defaults for OML/cmm/m/it on input line 189.
LaTeX Font Info:    ... okay on input line 189.
LaTeX Font Info:    Checking defaults for OMS/cmsy/m/n on input line 189.
LaTeX Font Info:    ... okay on input line 189.
LaTeX Font Info:    Checking defaults for OT1/cmr/m/n on input line 189.
LaTeX Font Info:    ... okay on input line 189.
LaTeX Font Info:    Checking defaults for T1/cmr/m/n on input line 189.
LaTeX Font Info:    ... okay on input line 189.
LaTeX Font Info:    Checking defaults for TS1/cmr/m/n on input line 189.
LaTeX Font Info:    ... okay on input line 189.
LaTeX Font Info:    Checking defaults for TU/lmr/m/n on input line 189.
LaTeX Font Info:    ... okay on input line 189.
LaTeX Font Info:    Checking defaults for OMX/cmex/m/n on input line 189.
LaTeX Font Info:    ... okay on input line 189.
LaTeX Font Info:    Checking defaults for U/cmr/m/n on input line 189.
LaTeX Font Info:    ... okay on input line 189.
LaTeX Font Info:    Checking defaults for PD1/pdf/m/n on input line 189.
LaTeX Font Info:    ... okay on input line 189.
LaTeX Font Info:    Checking defaults for PU/pdf/m/n on input line 189.
LaTeX Font Info:    ... okay on input line 189.


Class memoir Warning: \addtodef is marked deprecated and will be
(memoir)              removed in 2026, use instead \patchcmd,
(memoir)              \pretocmd or \apptocmd from the etoolbox package
(memoir)              (which is autoloaded by the class) on input line 189.


Package fontspec Info: 
(fontspec)             Adjusting the maths setup (use [no-math] to avoid
(fontspec)             this).

\symlegacymaths=\mathgroup8
LaTeX Font Info:    Overwriting symbol font `legacymaths' in version `bold'
(Font)                  OT1/cmr/m/n --> OT1/cmr/bx/n on input line 189.
LaTeX Font Info:    Redeclaring math accent \acute on input line 189.
LaTeX Font Info:    Redeclaring math accent \grave on input line 189.
LaTeX Font Info:    Redeclaring math accent \ddot on input line 189.
LaTeX Font Info:    Redeclaring math accent \tilde on input line 189.
LaTeX Font Info:    Redeclaring math accent \bar on input line 189.
LaTeX Font Info:    Redeclaring math accent \breve on input line 189.
LaTeX Font Info:    Redeclaring math accent \check on input line 189.
LaTeX Font Info:    Redeclaring math accent \hat on input line 189.
LaTeX Font Info:    Redeclaring math accent \dot on input line 189.
LaTeX Font Info:    Redeclaring math accent \mathring on input line 189.
LaTeX Font Info:    Redeclaring math symbol \Gamma on input line 189.
LaTeX Font Info:    Redeclaring math symbol \Delta on input line 189.
LaTeX Font Info:    Redeclaring math symbol \Theta on input line 189.
LaTeX Font Info:    Redeclaring math symbol \Lambda on input line 189.
LaTeX Font Info:    Redeclaring math symbol \Xi on input line 189.
LaTeX Font Info:    Redeclaring math symbol \Pi on input line 189.
LaTeX Font Info:    Redeclaring math symbol \Sigma on input line 189.
LaTeX Font Info:    Redeclaring math symbol \Upsilon on input line 189.
LaTeX Font Info:    Redeclaring math symbol \Phi on input line 189.
LaTeX Font Info:    Redeclaring math symbol \Psi on input line 189.
LaTeX Font Info:    Redeclaring math symbol \Omega on input line 189.
LaTeX Font Info:    Redeclaring math symbol \mathdollar on input line 189.
LaTeX Font Info:    Redeclaring symbol font `operators' on input line 189.
LaTeX Font Info:    Encoding `OT1' has changed to `TU' for symbol font
(Font)              `operators' in the math version `normal' on input line 189.

LaTeX Font Info:    Overwriting symbol font `operators' in version `normal'
(Font)                  OT1/cmr/m/n --> TU/TeXGyrePagella(0)/m/n on input line 
189.
LaTeX Font Info:    Encoding `OT1' has changed to `TU' for symbol font
(Font)              `operators' in the math version `bold' on input line 189.
LaTeX Font Info:    Overwriting symbol font `operators' in version `bold'
(Font)                  OT1/cmr/bx/n --> TU/TeXGyrePagella(0)/m/n on input line
 189.
LaTeX Font Info:    Overwriting symbol font `operators' in version `normal'
(Font)                  TU/TeXGyrePagella(0)/m/n --> TU/TeXGyrePagella(0)/m/n o
n input line 189.
LaTeX Font Info:    Overwriting math alphabet `\mathit' in version `normal'
(Font)                  OT1/cmr/m/it --> TU/TeXGyrePagella(0)/m/it on input lin
e 189.
LaTeX Font Info:    Overwriting math alphabet `\mathbf' in version `normal'
(Font)                  OT1/cmr/bx/n --> TU/TeXGyrePagella(0)/b/n on input line
 189.
LaTeX Font Info:    Overwriting math alphabet `\mathsf' in version `normal'
(Font)                  OT1/cmss/m/n --> TU/TeXGyreHeros(0)/m/n on input line 1
89.
LaTeX Font Info:    Overwriting math alphabet `\mathtt' in version `normal'
(Font)                  OT1/cmtt/m/n --> TU/LatinModernMono(0)/m/n on input lin
e 189.
LaTeX Font Info:    Overwriting symbol font `operators' in version `bold'
(Font)                  TU/TeXGyrePagella(0)/m/n --> TU/TeXGyrePagella(0)/b/n o
n input line 189.
LaTeX Font Info:    Overwriting math alphabet `\mathit' in version `bold'
(Font)                  OT1/cmr/bx/it --> TU/TeXGyrePagella(0)/b/it on input li
ne 189.
LaTeX Font Info:    Overwriting math alphabet `\mathsf' in version `bold'
(Font)                  OT1/cmss/bx/n --> TU/TeXGyreHeros(0)/b/n on input line 
189.
LaTeX Font Info:    Overwriting math alphabet `\mathtt' in version `bold'
(Font)                  OT1/cmtt/m/n --> TU/LatinModernMono(0)/b/n on input lin
e 189.

(<USER_HOME>/AppData/Local/Programs/MiKTeX/tex/context/base/mkii/supp-pdf.m
kii
[Loading MPS to PDF converter (version 2006.09.02).]
\scratchcounter=\count479
\scratchdimen=\dimen362
\scratchbox=\box110
\nofMPsegments=\count480
\nofMParguments=\count481
\everyMPshowfont=\toks86
\MPscratchCnt=\count482
\MPscratchDim=\dimen363
\MPnumerator=\count483
\makeMPintoPDFobject=\count484
\everyMPtoPDFconversion=\toks87
)
(<USER_HOME>/AppData/Local/Programs/MiKTeX/tex/latex/epstopdf-pkg/epstopdf-
base.sty
Package: epstopdf-base 2020-01-24 v2.11 Base part for package epstopdf
Package epstopdf-base Info: Redefining graphics rule for `.eps' on input line 4
85.

(<USER_HOME>/AppData/Local/Programs/MiKTeX/tex/latex/00miktex/epstopdf-sys.
cfg
File: epstopdf-sys.cfg 2021/03/18 v2.0 Configuration of epstopdf for MiKTeX
))
Removing  `Babel.pre_otfload_h' from `hpack_filter'.
Removing  `luaotfload.node_processor' from `hpack_filter'.
Removing  `luaotfload.harf.finalize_hlist' from `hpack_filter'.
Inserting `Babel.math_box_dir' in `hpack_filter'.
Inserting `Babel.pre_otfload_h' in `hpack_filter'.
Inserting `luaotfload.node_processor' in `hpack_filter'.
Inserting `luaotfload.harf.finalize_hlist' in `hpack_filter'.
Inserting `Babel.unset_atdir' in `pre_linebreak_filter'.
Inserting `Babel.unset_atdir' in `hpack_filter'.
Package hyperref Info: Link coloring ON on input line 189.

(<USER_HOME>/Documents/interlanguage/03_projects/language_management/arabic
_persianate_rtl/03_working_translations/openlogic/fa-IR/locale/fa-IR/output-scr
een-16x9-reflow/open-logic-closure-supplement-fa-IR-screen.out)
(<USER_HOME>/Documents/interlanguage/03_projects/language_management/arabic
_persianate_rtl/03_working_translations/openlogic/fa-IR/locale/fa-IR/output-scr
een-16x9-reflow/open-logic-closure-supplement-fa-IR-screen.out)
\@outlinefile=\write7

\openout7 = open-logic-closure-supplement-fa-IR-screen.out
LaTeX Font Info:    Font shape `TU/Scheherazade-Regular.ttf(0)/m/n' will be
(Font)              scaled to size 26.87044pt on input line 194.
LaTeX Font Info:    Font shape `TU/Scheherazade-Regular.ttf(0)/b/n' will be
(Font)              scaled to size 26.87044pt on input line 194.
LaTeX Font Info:    Font shape `TU/Scheherazade-Regular.ttf(1)/b/n' will be
(Font)              scaled to size 26.87044pt on input line 194.
LaTeX Font Info:    Font shape `TU/Scheherazade-Regular.ttf(0)/m/n' will be
(Font)              scaled to size 16.20003pt on input line 199.
LaTeX Font Info:    Font shape `TU/Scheherazade-Regular.ttf(0)/m/n' will be
(Font)              scaled to size 22.39923pt on input line 201.
LaTeX Font Info:    Font shape `TU/Scheherazade-Regular.ttf(0)/m/n' will be
(Font)              scaled to size 15.55202pt on input line 211.
 [1

{<USER_HOME>/AppData/Local/MiKTeX/fonts/map/pdftex/pdftex.map}]
(./content/first-order-logic/axiomatic-deduction/provability.tex
LaTeX Font Info:    Font shape `TU/Scheherazade-Regular.ttf(0)/m/it' will be
(Font)              scaled to size 18.66243pt on input line 18.
LaTeX Font Info:    Font shape `TU/Scheherazade-Regular.ttf(0)/b/n' will be
(Font)              scaled to size 18.66243pt on input line 18.
Package hyperref Info: bookmark level for unknown prop defaults to 0 on input l
ine 18.
LaTeX Font Info:    Trying to load font information for U+ntxsyc on input line 
18.

(<USER_HOME>/AppData/Local/Programs/MiKTeX/tex/latex/newtx/untxsyc.fd
File: untxsyc.fd 2012/04/12 Fontinst v1.933 font definitions for U/ntxsyc.
)
Package hyperref Info: bookmark level for unknown proof defaults to 0 on input 
line 23.
LaTeX Font Info:    Font shape `TU/Scheherazade-Regular.ttf(0)/m/sl' in size <1
7.28> not available
(Font)              Font shape `TU/Scheherazade-Regular.ttf(0)/m/it' tried inst
ead on input line 81.
LaTeX Font Info:    Font shape `TU/Scheherazade-Regular.ttf(0)/m/it' will be
(Font)              scaled to size 18.66243pt on input line 81.
LaTeX Font Info:    Font shape `TU/Scheherazade-Regular.ttf(0)/m/n' will be
(Font)              scaled to size 10.80002pt on input line 81.
LaTeX Font Info:    Font shape `TU/Scheherazade-Regular.ttf(1)/m/n' will be
(Font)              scaled to size 10.80002pt on input line 81.

[1

]

Package open-logic-screen Warning: Nested wide block kept at current linewidth 
on input line 99.


Package open-logic-screen Warning: Nested wide block kept at current linewidth 
on input line 113.

[2]

Package open-logic-screen Warning: Nested wide block kept at current linewidth 
on input line 128.


Package open-logic-screen Warning: Nested wide block kept at current linewidth 
on input line 157.

[3]

Package open-logic-screen Warning: Nested wide block kept at current linewidth 
on input line 172.


Package open-logic-screen Warning: Nested wide block kept at current linewidth 
on input line 189.

[4]

Package open-logic-screen Warning: Nested wide block kept at current linewidth 
on input line 209.


Package open-logic-screen Warning: Nested wide block kept at current linewidth 
on input line 209.

[5]
Package hyperref Info: bookmark level for unknown thm defaults to 0 on input li
ne 218.
 [6]
Package hyperref Info: bookmark level for unknown lem defaults to 0 on input li
ne 290.
 [7] [8]

Package open-logic-screen Warning: Nested wide block kept at current linewidth 
on input line 401.

) (./content/first-order-logic/completeness/maximally-consistent-sets.tex
[9]
Package hyperref Info: bookmark level for unknown defn defaults to 0 on input l
ine 15.
 [10] [11] [12])
(./content/first-order-logic/syntax-and-semantics/introduction.tex
LaTeX Font Info:    Trying to load font information for U+euf on input line 43.


(<USER_HOME>/AppData/Local/Programs/MiKTeX/tex/latex/amsfonts/ueuf.fd
File: ueuf.fd 2013/01/14 v3.01 Euler Fraktur
)
[13])
(./content/first-order-logic/syntax-and-semantics/syntax-and-semantics.tex
\bbl@ensure@persian {فصل} 1.
Output from handle open-logic-closure-supplement-fa-IR-screen going to open-log
ic-closure-supplement-fa-IR-screen.prb

\openout6 = open-logic-closure-supplement-fa-IR-screen.prb
) (./content/incompleteness/representability-in-q/c-representable.tex

Package hyperref Warning: Token not allowed in a PDF string (Unicode):
(hyperref)                removing `math shift' on input line 10.


Package hyperref Warning: Token not allowed in a PDF string (Unicode):
(hyperref)                removing `math shift' on input line 10.


Package hyperref Warning: Token not allowed in a PDF string (Unicode):
(hyperref)                removing `math shift' on input line 10.


Package hyperref Warning: Token not allowed in a PDF string (Unicode):
(hyperref)                removing `\Th' on input line 10.


Package hyperref Warning: Token not allowed in a PDF string (Unicode):
(hyperref)                removing `math shift' on input line 10.

[14] [15] [16]
LaTeX Font Info:    Font shape `TU/Scheherazade-Regular.ttf(0)/m/n' will be
(Font)              scaled to size 12.96002pt on input line 122.
 [17]) (./content/incompleteness/representability-in-q/c.tex

Package hyperref Warning: Token not allowed in a PDF string (Unicode):
(hyperref)                removing `math shift' on input line 10.


Package hyperref Warning: Token not allowed in a PDF string (Unicode):
(hyperref)                removing `math shift' on input line 10.

[18] [19]) (./content/intuitionistic-logic/semantics/propositions.tex [20])
(./content/lambda-calculus/lambda-definability/lists.tex [21])
(./content/lambda-calculus/syntax/conversion.tex)
(./content/many-valued-logic/sequent-calculus/proof-theoretic-notions.tex
[22]
\myBox1=\box111
\myScoreStart1=\dimen364
\myCenter1=\dimen365
\myScoreEnd1=\dimen366
 [23]
\myBox2=\box112
\myScoreStart2=\dimen367
\myCenter2=\dimen368
\myScoreEnd2=\dimen369
 [24]) (./content/model-theory/basics/nonstandard-arithmetic.tex
LaTeX Font Info:    Trying to load font information for OML+cmbr on input line 
14.

(<USER_HOME>/AppData/Local/Programs/MiKTeX/tex/latex/cmbright/omlcmbr.fd
File: omlcmbr.fd 2005/04/13 v8.1 (WaS)
)
LaTeX Font Info:    Trying to load font information for OML+cmbrm on input line
 14.

(<USER_HOME>/AppData/Local/Programs/MiKTeX/tex/latex/cmbright/omlcmbrm.fd
File: omlcmbrm.fd 2005/04/13 v8.1 (WaS)
)
LaTeX Font Info:    Font shape `OML/cmbr/m/it' in size <17.28> not available
(Font)              Font shape `OML/cmbrm/m/it' tried instead on input line 14.

LaTeX Font Info:    Font shape `OML/cmbr/m/it' in size <12> not available
(Font)              Font shape `OML/cmbrm/m/it' tried instead on input line 14.

LaTeX Font Info:    Font shape `OML/cmbr/m/it' in size <10> not available
(Font)              Font shape `OML/cmbrm/m/it' tried instead on input line 14.


[25] [26] [27] [28] [29])
(./content/normal-modal-logic/syntax-and-semantics/normal-modal-logics.tex
[30]
Package hyperref Info: bookmark level for unknown ex defaults to 0 on input lin
e 31.
) (./content/proof-theory/cut-elimination/ce-largest.tex [31] [32] [33]
[34]
\myBox3=\box113
\myScoreStart3=\dimen370
\myCenter3=\dimen371
\myScoreEnd3=\dimen372
 [35] [36] [37]) (./content/proof-theory/cut-elimination/ce-topmost.tex
[38] [39] [40] [41] [42] [43] [44] [45] [46] [47] [48] [49])
(./content/proof-theory/cut-elimination/cut-elimination.tex [50]
\bbl@ensure@persian {فصل} 2.
Output from handle open-logic-closure-supplement-fa-IR-screen going to open-log
ic-closure-supplement-fa-IR-screen.prb

\openout6 = open-logic-closure-supplement-fa-IR-screen.prb
) (./content/proof-theory/cut-elimination/interpolation.tex [51] [52] [53]
[54] [55] [56] [57] [58] [59] [60] [61] [62] [63])
(./content/proof-theory/cut-elimination/introduction.tex [64] [65] [66])
(./content/proof-theory/cut-elimination/intuitionistic.tex [67])
(./content/proof-theory/cut-elimination/midsequent.tex [68] [69] [70] [71]
[72]) (./content/proof-theory/natural-deduction/grafting.tex
LaTeX Font Info:    Font shape `TU/Scheherazade-Regular.ttf(0)/m/n' will be
(Font)              scaled to size 11.826pt on input line 25.
LaTeX Font Info:    Font shape `OML/cmbr/m/it' in size <10.95> not available
(Font)              Font shape `OML/cmbrm/m/it' tried instead on input line 25.

LaTeX Font Info:    Font shape `OML/cmbr/m/it' in size <8> not available
(Font)              Font shape `OML/cmbrm/m/it' tried instead on input line 25.

LaTeX Font Info:    Font shape `OML/cmbr/m/it' in size <6> not available
(Font)              Font shape `OML/cmbrm/m/it' tried instead on input line 25.

 [73] [74])
(./content/proof-theory/natural-deduction/introduction.tex [75] [76])
(./content/proof-theory/natural-deduction/natural-deduction.tex
\bbl@ensure@persian {فصل} 3.
Output from handle open-logic-closure-supplement-fa-IR-screen going to open-log
ic-closure-supplement-fa-IR-screen.prb

\openout6 = open-logic-closure-supplement-fa-IR-screen.prb
) (./content/proof-theory/natural-deduction/quantifiers.tex [77] [78] [79]
[80] [81]) (./content/proof-theory/natural-deduction/rules-proofs.tex [82]
[83] [84] (./content/proof-theory/natural-deduction/rules-N1.tex [85] [86])
[87] [88]) (./content/proof-theory/natural-deduction/sequents.tex
LaTeX Font Info:    Font shape `OML/cmbr/m/it' in size <24.88> not available
(Font)              Font shape `OML/cmbrm/m/it' tried instead on input line 11.

LaTeX Font Info:    Font shape `OML/cmbr/m/it' in size <20.74> not available
(Font)              Font shape `OML/cmbrm/m/it' tried instead on input line 11.



Package hyperref Warning: Token not allowed in a PDF string (Unicode):
(hyperref)                removing `\Log' on input line 11.


Package hyperref Warning: Token not allowed in a PDF string (Unicode):
(hyperref)                removing `\Log' on input line 11.

(./content/proof-theory/natural-deduction/rules-N2.tex [89] [90]) [91] [92])
(./content/proof-theory/natural-deduction/translation-G2i.tex

Package hyperref Warning: Token not allowed in a PDF string (Unicode):
(hyperref)                removing `\Log' on input line 11.


Package hyperref Warning: Token not allowed in a PDF string (Unicode):
(hyperref)                removing `\Log' on input line 11.

[93] [94] [95] [96] [97])
(./content/proof-theory/natural-deduction/translation-N2i.tex

Package hyperref Warning: Token not allowed in a PDF string (Unicode):
(hyperref)                removing `\Log' on input line 11.


Package hyperref Warning: Token not allowed in a PDF string (Unicode):
(hyperref)                removing `\Log' on input line 11.

[98] [99]) (./content/proof-theory/normalization/introduction.tex [100])
(./content/proof-theory/normalization/normalization-thm.tex [101])
(./content/proof-theory/normalization/normalization.tex [102]
\bbl@ensure@persian {فصل} 4.
Output from handle open-logic-closure-supplement-fa-IR-screen going to open-log
ic-closure-supplement-fa-IR-screen.prb

\openout6 = open-logic-closure-supplement-fa-IR-screen.prb
) (./content/proof-theory/normalization/permutations.tex [103]
LaTeX Font Info:    Font shape `OML/cmbr/m/it' in size <14.4> not available
(Font)              Font shape `OML/cmbrm/m/it' tried instead on input line 217
.
LaTeX Font Info:    Font shape `OML/cmbr/m/it' in size <7> not available
(Font)              Font shape `OML/cmbrm/m/it' tried instead on input line 217
.
\myBox4=\box114
\myScoreStart4=\dimen373
\myCenter4=\dimen374
\myScoreEnd4=\dimen375
 [104] [105]
[106]) (./content/proof-theory/normalization/reductions.tex [107] [108]
[109]
Underfull \hbox (badness 10000) detected at line 247
 []$[]  []  [][]\OMS/cmsy/m/n/17.28 !  []  $ 
 []


Underfull \hbox (badness 10000) detected at line 247
 []$[]    []  [][]\OMS/cmsy/m/n/17.28 !  [] []  [][]!  []  $ 
 []


Underfull \hbox (badness 10000) detected at line 247
 []$[][]  [][]\OMS/cmsy/m/n/17.28 !  []  $    
 []

[110] [111]) (./content/proof-theory/normalization/segments.tex [112] [113])
(./content/proof-theory/normalization/translations.tex

Package hyperref Warning: Token not allowed in a PDF string (Unicode):
(hyperref)                removing `\Log' on input line 11.


Package hyperref Warning: Token not allowed in a PDF string (Unicode):
(hyperref)                removing `\Log' on input line 11.

Package hyperref Info: bookmark level for unknown cor defaults to 0 on input li
ne 25.
[114] [115] [116] [117] [118] [119] [120])
(./content/proof-theory/proof-search/completeness.tex [121] [122] [123]
[124]) (./content/proof-theory/proof-search/introduction.tex [125] [126])
(./content/proof-theory/proof-search/proof-search.tex [127]
\bbl@ensure@persian {فصل} 5.
Output from handle open-logic-closure-supplement-fa-IR-screen going to open-log
ic-closure-supplement-fa-IR-screen.prb

\openout6 = open-logic-closure-supplement-fa-IR-screen.prb
) (./content/proof-theory/proof-search/search-algorithm.tex

Package hyperref Warning: Token not allowed in a PDF string (Unicode):
(hyperref)                removing `\Log' on input line 11.

[128] [129] [130]) (./content/proof-theory/proof-search/tableaux.tex
(./content/proof-theory/proof-search/rules-Tc.tex [131]) [132] [133] [134]

LaTeX Font Warning: Command \small invalid in math mode on input line 173.

[135]) (./content/proof-theory/proof-theory.tex [136])
(./content/proof-theory/propositions-as-types/introduction.tex

Package hyperref Warning: Difference (2) between bookmark levels is greater 
(hyperref)                than one, level fixed on input line 11.

[137

] [138] [139])
(./content/proof-theory/propositions-as-types/normalization.tex [140] [141]
[142] [143] [144] [145])
(./content/proof-theory/propositions-as-types/proof-terms.tex [146] [147]
[148] (./content/proof-theory/propositions-as-types/rules-tN2.tex [149]))
(./content/proof-theory/propositions-as-types/proofs-to-terms.tex [150]
[151]) (./content/proof-theory/propositions-as-types/propositions-as-types.tex
\bbl@ensure@persian {فصل} 6.
Output from handle open-logic-closure-supplement-fa-IR-screen going to open-log
ic-closure-supplement-fa-IR-screen.prb

\openout6 = open-logic-closure-supplement-fa-IR-screen.prb
) (./content/proof-theory/propositions-as-types/reduction.tex [152] [153]
[154])
(./content/proof-theory/propositions-as-types/sequent-natural-deduction.tex
[155] [156]) (./content/proof-theory/propositions-as-types/terms-to-proofs.tex
[157] [158])
(./content/proof-theory/propositions-as-types/type-preservation.tex [159]
[160]) (./content/proof-theory/propositions-as-types/types.tex [161] [162]
(./content/proof-theory/propositions-as-types/rules-tN3.tex [163]) [164])
(./content/proof-theory/sequent-calculus/admissible-derivable.tex [165]
[166] [167] [168] [169])
(./content/proof-theory/sequent-calculus/interpretation-rules.tex [170]
[171] [172] (./content/proof-theory/sequent-calculus/rules-G2c.tex [173]))
(./content/proof-theory/sequent-calculus/introduction.tex [174]
(./content/proof-theory/sequent-calculus/rules-G1c.tex [175] [176])
(./content/proof-theory/sequent-calculus/rules-G3c.tex) [177] [178])
(./content/proof-theory/sequent-calculus/invertibility.tex [179] [180] [181]
[182] [183] [184] [185] [186])
(./content/proof-theory/sequent-calculus/proof-examples.tex [187] [188]
[189] [190] [191] [192] [193])
(./content/proof-theory/sequent-calculus/quantifiers.tex [194] [195] [196]
[197]) (./content/proof-theory/sequent-calculus/rules-G1i.tex [198] [199])
(./content/proof-theory/sequent-calculus/rules-G3i.tex)
(./content/proof-theory/sequent-calculus/rules-LK.tex [200])
(./content/proof-theory/sequent-calculus/rules-mG3i.tex)
(./content/proof-theory/sequent-calculus/rules-proofs.tex [201] [202] [203]
[204] [205] [206])
(./content/proof-theory/sequent-calculus/sequent-calculus.tex
\bbl@ensure@persian {فصل} 7.
Output from handle open-logic-closure-supplement-fa-IR-screen going to open-log
ic-closure-supplement-fa-IR-screen.prb

\openout6 = open-logic-closure-supplement-fa-IR-screen.prb
) (./content/proof-theory/sequent-calculus/translations.tex

Package hyperref Warning: Token not allowed in a PDF string (Unicode):
(hyperref)                removing `\Log' on input line 11.


Package hyperref Warning: Token not allowed in a PDF string (Unicode):
(hyperref)                removing `\Log' on input line 11.

[207] [208])
(./content/propositional-logic/syntax-and-semantics/completeness.tex [209]
[210] [211]) (./content/propositional-logic/syntax-and-semantics/soundness.tex) (./content/second-order-logic/syntax-and-semantics/language-of-sol.tex
[212]) (./content/sets-functions-relations/functions/isomorphic-functions.tex
[213])
(./content/sets-functions-relations/inductive-defs-proofs/introduction.tex
[214]
Underfull \hbox (badness 10000) in paragraph at lines 61--63

 []


Underfull \hbox (badness 10000) in paragraph at lines 64--66

 []

[215]
Underfull \hbox (badness 10000) in paragraph at lines 104--107

 []

[216]
Underfull \hbox (badness 10000) in paragraph at lines 126--127

 []

) (./content/sets-functions-relations/relations/relations.tex [217]
\bbl@ensure@persian {فصل} 8.
Output from handle open-logic-closure-supplement-fa-IR-screen going to open-log
ic-closure-supplement-fa-IR-screen.prb

\openout6 = open-logic-closure-supplement-fa-IR-screen.prb
) (./content/sets-functions-relations/sets-functions-relations.tex)
(./content/sets-functions-relations/sets/proofs-about-sets.tex

Package hyperref Warning: Difference (2) between bookmark levels is greater 
(hyperref)                than one, level fixed on input line 10.

[218

] [219]) (./content/sets-functions-relations/size-of-sets/size-of-sets.tex
[220]
\bbl@ensure@persian {فصل} 9.
Output from handle open-logic-closure-supplement-fa-IR-screen going to open-log
ic-closure-supplement-fa-IR-screen.prb

\openout6 = open-logic-closure-supplement-fa-IR-screen.prb
)
\tf@thm=\write8

\openout8 = open-logic-closure-supplement-fa-IR-screen.thm
 [221]
(<USER_HOME>/Documents/interlanguage/03_projects/language_management/arabic
_persianate_rtl/03_working_translations/openlogic/fa-IR/locale/fa-IR/output-scr
een-16x9-reflow/open-logic-closure-supplement-fa-IR-screen.aux)
 ***********
LaTeX2e <2025-11-01>
L3 programming layer <2020/03/25>
 ***********
Package rerunfilecheck Info: File `open-logic-closure-supplement-fa-IR-screen.o
ut' has not changed.
(rerunfilecheck)             Checksum: 77838F02B4FE799E1A7E3606C3C413CA;12674.
))

Here is how much of LuaTeX's memory you used:
 66053 strings out of 475900
 195346,2373549 words of node,token memory allocated
 37645 words of node memory still in use:
   24 hlist, 4 vlist, 4 rule, 10 dir, 18 math, 41 glue, 4 kern, 48 glyph, 13288 
attribute, 205 glue_spec, 4431 attribute_list, 3 write nodes
   avail lists: 1:24,2:15483,3:1645,4:205,5:964,6:48,7:5637,8:60,9:1693,10:30,11
:34
 85864 multiletter control sequences out of 65536+600000
 251 fonts using 43979735 bytes
 372i,19n,310p,1736b,7724s stack positions out of 10000i,1000n,20000p,200000b,200000s
<<<USER_HOME>\AppData\Local\MiKTeX\fonts/pk/ljfour/public/cmbright/dpi1037\c
mbrmi10.pk>><<USER_HOME>/AppData/Local/Programs/MiKTeX/fonts/opentype/public
/tex-gyre/texgyrepagella-regular.otf><<USER_HOME>/AppData/Local/Programs/MiK
TeX/fonts/opentype/public/tex-gyre/texgyrepagella-bold.otf><<USER_HOME>/AppD
ata/Local/Programs/MiKTeX/fonts/opentype/public/tex-gyre/texgyreheros-regular.ot
f><<USER_HOME>/AppData/Local/Programs/MiKTeX/fonts/opentype/public/lm/lmmono
12-regular.otf><<USER_HOME>/AppData/Local/Programs/MiKTeX/fonts/opentype/pub
lic/tex-gyre/texgyrepagella-regular.otf><../../../00_control/fonts/scheherazade-
2.100/Scheherazade-Regular.ttf><../../../00_control/fonts/scheherazade-2.100/Sch
eherazade-Bold.ttf><<USER_HOME>/AppData/Local/Programs/MiKTeX/fonts/type1/pu
blic/amsfonts/cm/cmex10.pfb><<USER_HOME>/AppData/Local/Programs/MiKTeX/fonts
/type1/public/amsfonts/cm/cmmi10.pfb><<USER_HOME>/AppData/Local/Programs/MiK
TeX/fonts/type1/public/amsfonts/cm/cmmi12.pfb><<USER_HOME>/AppData/Local/Pro
grams/MiKTeX/fonts/type1/public/amsfonts/cm/cmr10.pfb><<USER_HOME>/AppData/L
ocal/Programs/MiKTeX/fonts/type1/public/amsfonts/cm/cmr12.pfb><<USER_HOME>/A
ppData/Local/Programs/MiKTeX/fonts/type1/public/amsfonts/cm/cmr17.pfb><<USERS_ROOT>/
<USER>/AppData/Local/Programs/MiKTeX/fonts/type1/public/amsfonts/cm/cmr8.pfb><C:
/Users/<USER>/AppData/Local/Programs/MiKTeX/fonts/type1/public/amsfonts/cm/cmsy1
0.pfb><<USER_HOME>/AppData/Local/Programs/MiKTeX/fonts/type1/public/amsfonts
/euler/eufm10.pfb><<USER_HOME>/AppData/Local/Programs/MiKTeX/fonts/type1/pub
lic/amsfonts/symbols/msam10.pfb><<USER_HOME>/AppData/Local/Programs/MiKTeX/f
onts/type1/public/amsfonts/symbols/msbm10.pfb>
Output written on open-logic-closure-supplement-fa-IR-screen.pdf (222 pages, 13
12972 bytes).

PDF statistics: 2112 PDF objects out of 2487 (max. 8388607)
 871 named destinations out of 1000 (max. 1048576)
 552 words of extra memory for PDF output out of 10000 (max. 100000000)

